K
0.78467559880444
0.807283944048131
0.859464664793052
0.917782181956889
0.972849013970245
1.00694194925915
1.02833801243619
1.05432481357511
1.08745267176554
1.13034993535383
1.18553480266021
1.25521496889834
1.34109677069589
1.44423711392615
1.56499473779999
1.70315015994231
1.85823911626856
2.03007974548989
2.2193936331367
2.42836579882479
2.660991843274
2.92312212626733
3.22219469600429
3.56671010924659
3.91517172748282
4.27272707901477
4.65260443557562
5.05745237838376
5.52628934550452
6.05586668505396
6.72167573781985
7.49265657770578
8.2987765555083
9.11374999190299
9.90468564460841
10.6334842290518
11.2592078366863
11.7413546309136
12.0438226913654
12.1391561991469
12.0124660610405
11.6642834067895
11.1116304359937
10.3868381047793
9.53409002653393
8.60420982027403
7.64863871429927
6.71366585230299
5.83570794796703
4.54474712167102
3.05197449339608
2.1556007622601
1.60364513521868
1.21202404296948
0.665443940130512
0.665718287470714
0.694066821758565
0.718152408459219
0.730652813753148
0.73915617938376
0.746422166462931
0.759072892575607
0.779453244431795
0.809871952131363
0.852537746456237
0.909499594831298
0.982567432436631
1.07322093659323
1.18254204905896
1.31122947921007
1.45975157379919
1.62865664854404
1.81899670019102
2.03276027342182
2.27318627234916
2.54485614834541
2.85352307601313
3.20571210780873
3.56158356044543
3.91873683334215
4.29532144927012
4.69107094472419
5.14303018775315
5.65056727789785
6.27467436228271
6.99983271792595
7.75337903735096
8.51296603132152
9.25090928906455
9.93518583307328
10.5312547038249
11.0046015655654
11.3238140680852
11.4638762778975
11.4092661062863
11.1563909605193
10.7149205370781
10.1076713114404
9.36886508960023
8.54083283602197
7.66953276249085
6.79945987277342
5.96842953193579
4.68601103342839
3.21499983395309
2.31104085821952
1.73955197655279
1.30706557041134
0.564069645795588
0.537554942507938
0.536948527698529
0.529673194143184
0.512745874582415
0.505146776039265
0.502946264614803
0.505266585718411
0.513707204534881
0.529792347487783
0.554976012780012
0.590649807324809
0.638128993690098
0.69861353233066
0.773139600573726
0.862551166459929
0.967524039080183
1.088658455238
1.22662509514227
1.38231659018887
1.55693943541968
1.75199120778163
1.96910259911391
2.20977517467975
2.44543863594726
2.67336473857271
2.90563802235814
3.14122044991032
3.40065480265342
3.68140671688245
4.0125214196803
4.38138985340318
4.74865586616667
5.10472357962927
5.43908112290964
5.74072308240192
5.99871066500375
6.20278537635412
6.343967265211
6.41509096554885
6.41127072576159
6.33032335693539
6.17319132250135
5.94436026579159
5.65216862493117
5.30880564180712
4.92977716169589
4.53270155181394
4.13536383608095
3.48600704404214
2.67235573382073
2.12343650159654
1.73458284978671
1.37215498791136
0.489480995284881
0.436789868237878
0.410858560852551
0.383328732373556
0.353923835342755
0.34180193496159
0.336437922697662
0.334533483056441
0.337015067980029
0.344752988832911
0.358579900687273
0.379312207192526
0.407754306612708
0.444681784699361
0.490808397508049
0.546747783188135
0.612982339303095
0.689846176585069
0.777518306499257
0.876011471077261
0.985138128344166
1.10444349552092
1.23311437773265
1.36989480122439
1.49821607370911
1.61550110405173
1.72916227527303
1.83813997331182
1.95118044465493
2.06629547937263
2.19191589609178
2.3218791323099
2.44062477761555
2.54617994622019
2.63699980908861
2.71199727602845
2.77055922379075
2.81251753925359
2.83805641594361
2.84756167085789
2.84144908422347
2.82003441763422
2.78351503965836
2.73210920530288
2.66634609285086
2.58743219449858
2.49756653861796
2.40005857455678
2.29910234513876
2.12701343905127
1.90499531167639
1.75122137282652
1.62002031977764
1.40829440746536
0.47338190809475
0.398776077207675
0.357566209103285
0.321793280450042
0.290529264445013
0.278065786405668
0.273188639740709
0.271237586122694
0.272904592004712
0.278818209569574
0.289584272053767
0.305806788945852
0.328089219187652
0.357016855323644
0.393123057002948
0.43684479042945
0.488474132053558
0.548110603834247
0.615615208054021
0.690563714615586
0.772197770606291
0.859379703973387
0.950567810579972
1.04383772383459
1.12792408078651
1.20094140973276
1.26840026714268
1.32956258756023
1.38911145155964
1.44574228660912
1.50172271690948
1.55394536892256
1.59515181034405
1.62542830543513
1.64527079010241
1.65552749235109
1.65734049335306
1.65206829048103
1.64117804642043
1.62611115623727
1.60814382167471
1.58827676651151
1.56718904036315
1.54527834389604
1.52278707201334
1.49998505711107
1.47735509700625
1.45571614234849
1.43621839731405
1.40959933351964
1.40609397694827
1.43692362835397
1.46496094882173
1.38966068299496
0.477450173356855
0.390240723503271
0.341070752477888
0.301719282778162
0.270423282038341
0.25900266204252
0.254892195070166
0.253647501802527
0.255878176488449
0.262146858297866
0.273011190210455
0.289036137237518
0.310788493721918
0.33881351656038
0.373595229346335
0.415504583458494
0.464741306978324
0.521274729120847
0.584786857634449
0.654619677452002
0.729730710560386
0.808667294485852
0.889578181428077
0.970287793760284
1.0410213328913
1.10046330084402
1.15349453921968
1.19964064391186
1.2423792449488
1.28054349759789
1.3148624372026
1.34273611791037
1.35979784436348
1.36673348275065
1.36458769735727
1.35467672228445
1.33851398846132
1.31772974124738
1.29397396031566
1.26880568559668
1.2435857268734
1.21939720698893
1.19701627857119
1.17694464963628
1.15949961849658
1.14493987212812
1.13359005027003
1.12591605651424
1.12249038242689
1.12749908678757
1.17833636456113
1.26596997427347
1.3584260801172
1.36001535451813
0.490898333541643
0.391907259964116
0.335863341758846
0.293637423800117
0.262484990110813
0.252363926903034
0.249191304420852
0.24898420651748
0.252325709906608
0.259771534686097
0.271886945947149
0.289252935685329
0.312453575489093
0.342044484597929
0.378503535033408
0.422167808482042
0.473163141492884
0.531333069878227
0.596173146447195
0.666776232975184
0.741796593977928
0.819445892534889
0.8975396463957
0.973615749628859
1.03848703624741
1.0912716705503
1.13669442878715
1.17448497546507
1.20747341768421
1.23455395522564
1.25549021894535
1.26789381918026
1.26923883826798
1.26065302072215
1.24357938281296
1.21966900951733
1.1906949856361
1.15846833994386
1.12474644361294
1.09113713710753
1.05901317746795
1.02945598492774
1.00324365972459
0.98088824281484
0.962714891563324
0.948963809278223
0.939886104575918
0.935797490866434
0.937033555094932
0.951803087903709
1.02213864689601
1.13462685620864
1.2638371806417
1.32385862718249
0.515086448420586
0.40251454153469
0.33913553679352
0.293953728067032
0.262980221069897
0.254381260696178
0.252463626364958
0.253777206221367
0.258924391992594
0.268502837223053
0.283137231016865
0.303478886890753
0.3301839656997
0.363869542791098
0.405048366499859
0.454046926018455
0.510914968110351
0.575336376486157
0.646551565845855
0.723301624084046
0.803806091920185
0.885789613429362
0.966574762295098
1.04325683952954
1.10660233599278
1.15627228365083
1.19712965224886
1.22914861430232
1.25473463690441
1.27276844436408
1.28217641464794
1.28054689060108
1.26705856638138
1.24334862114349
1.211330028285
1.17305935859372
1.13063380668763
1.08609841137253
1.0413550395322
0.998076831203954
0.957640921372337
0.921094024287689
0.889159899284363
0.862288238282512
0.840734883003419
0.824655531051989
0.814189624259279
0.809505916472072
0.810757791629321
0.826229091607936
0.900130464910727
1.02086704949423
1.17098794662891
1.27910884465394
0.550514779638712
0.422150821993619
0.350704471111257
0.302335223193043
0.27158851021699
0.264894129600526
0.264661120402632
0.268130758261494
0.27597693856506
0.288898959038707
0.307647655395771
0.333017393254322
0.365811835886572
0.406781048420248
0.456530363760863
0.515406963698588
0.583375813016277
0.65990048280411
0.743846080153476
0.833421713409903
0.926179985262526
1.01909087744259
1.10870424594917
1.19140687818353
1.25726515037419
1.30670249046109
1.34505044231035
1.37262044613736
1.39152415764085
1.40055615273282
1.39774709153696
1.38044985867399
1.34980319021164
1.3081571766316
1.25809195843809
1.20224798789573
1.14319592821232
1.08332827795608
1.02476551127606
0.969280561696451
0.91825213743684
0.872656534899989
0.833100776281846
0.799891211761443
0.773124729268178
0.752785560405913
0.738828533392203
0.731226262366246
0.729932892287075
0.741093481789674
0.808976530710482
0.926482578533751
1.08431732362
1.22868753582825
0.59731321921955
0.45071779824588
0.370307961616891
0.318494154149546
0.288174831163452
0.284024671378992
0.286090987402972
0.292589330421727
0.30433280168733
0.322202600216462
0.347169188394075
0.38027529741298
0.422584197661016
0.475087793186477
0.538573937234766
0.613460913307591
0.699616590644953
0.796187563315429
0.90146789466732
1.01283738294361
1.12679610401252
1.23911534402577
1.34511282109788
1.44004101915559
1.51252055955551
1.56413316106002
1.60108993268356
1.62421655604907
1.63538113935888
1.63322569274104
1.61464592061393
1.57656834904366
1.52283314349161
1.45688289563181
1.38231356903183
1.30264490904902
1.22114849409419
1.14071767621468
1.06377288993583
0.992204569540417
0.927359325236955
0.870071563879278
0.820735308276853
0.779404097831268
0.7459032910674
0.719938773621673
0.701187038538337
0.689349788241293
0.68413193675233
0.688389684715588
0.744939694274007
0.851951559692987
1.00739472394675
1.17599577098708
0.655020511852631
0.487807380567453
0.397528609515674
0.342130641825507
0.312743835687144
0.312152946494593
0.317398405987149
0.328132940197539
0.345401117181442
0.370378773342431
0.404391302082496
0.448886228740756
0.505356969525096
0.575207081308891
0.659551845128985
0.758967437006072
0.873214341086884
1.00097684020635
1.13967016498493
1.28536790284896
1.4328933230579
1.57609937607032
1.70833321867315
1.82304348491318
1.90650416267369
1.96213561437672
1.99757454273359
2.01447669908059
2.01442650848333
1.99587150004258
1.95413020346338
1.88556830947883
1.79816397215145
1.69708241013205
1.58748171227273
1.47418981692813
1.36147440901113
1.25289231697293
1.15120959279991
1.05838783378079
0.975631631394243
0.903486652995463
0.841971760948017
0.790725749932266
0.749150860064417
0.716539518768671
0.692174770881358
0.675394247607535
0.66558463260177
0.661804363713482
0.704415828934758
0.79676127679316
0.942650327030642
1.12436622572565
0.722362256644565
0.532559464695215
0.431685905731497
0.37283714319267
0.345355448222075
0.349845808388824
0.35950466925358
0.376128697874322
0.40112110452197
0.43611146400086
0.482975207544311
0.543794749705657
0.620749585322839
0.715915567945007
0.830964440844916
0.966775582263823
1.12300002934469
1.29764577917961
1.48677436929142
1.6844027927991
1.88268631381895
2.07241627221771
2.24380685716952
2.38747390024924
2.48627094137179
2.54660204882965
2.57826804490698
2.58430270051179
2.56584204852199
2.52117169417541
2.44335913191546
2.32823667810693
2.1903907258045
2.03768259318533
1.87761589241184
1.71687902290091
1.56105029113319
1.41445052708313
1.28012265530835
1.15991536790726
1.05464399433734
0.964297600072352
0.888260917852318
0.825524786718878
0.774867875072244
0.735002160551538
0.704681318830501
0.68277091523175
0.668257598120375
0.656327210330938
0.684125123575324
0.759716513316735
0.891330990056953
1.07658657327527
0.797102613597077
0.583542118754128
0.471728191748119
0.409985739641628
0.386008277274532
0.397741497276868
0.413497132797494
0.438229686883857
0.47387460239676
0.522735801244569
0.587513266466916
0.67125260343146
0.777189874003329
0.908456543704966
1.06762391314139
1.25609830943064
1.4734257261528
1.7166182331055
1.97965776679015
2.25334565021572
2.5256330382848
2.78248562464561
3.00921806889549
3.19210200898459
3.30943835345096
3.37250971593712
3.39425967012773
3.3800274757871
3.33015309940215
3.24297700667614
3.10841217300851
2.92217071441765
2.70937871619123
2.48196814389407
2.25077903869364
2.02493958287982
1.8115384278089
1.61555632550302
1.44000229216218
1.28619120358115
1.15409802860603
1.04272936251325
0.950465794533202
0.875346603106889
0.815286867980304
0.76823192488883
0.732262069172465
0.70565881500548
0.68692237533329
0.667674314970428
0.681040150759067
0.739147443999735
0.853605144984612
1.03458931020624
0.876051046140688
0.638708910017745
0.516172977868861
0.452632067961728
0.434500107269584
0.456382543828099
0.480452450419922
0.516190588398048
0.566295416827799
0.634041560998628
0.723325282849152
0.838603131630619
0.984676287822366
1.16626055165699
1.38729998685647
1.65002978796497
1.95387203113269
2.29434391465556
2.66224268782836
3.04340404803668
3.41927602165181
3.76839829039925
4.06865472969935
4.2999263077494
4.43517375299997
4.49361049717208
4.49255164638256
4.44115218349619
4.33835260852111
4.18314619007657
3.96124790581211
3.66941773144294
3.34905185678933
3.01783098328754
2.69092491884935
2.38024949113965
2.09423046634362
1.83798282411693
1.61377449014686
1.42163996126162
1.26002554464579
1.12637756999741
1.01762075459645
0.930508406642741
0.861853443447735
0.808666389293767
0.768232881153851
0.738157759924872
0.716379485211515
0.691683135008259
0.692145568619322
0.732991126709229
0.828722765693744
0.999329400919737
0.955277844901683
0.695479371623533
0.563145182395929
0.499474622032548
0.490280895090992
0.525994161282141
0.561176126610204
0.611564426939063
0.68091594832415
0.773856746672056
0.895957329238248
1.05365989872392
1.25397996370892
1.50388415818186
1.80926706759151
2.17351932440666
2.59580455218028
3.06932747565703
3.58003099820796
4.10623040243312
4.61960532441383
5.08769874289005
5.47766839169877
5.76060760505256
5.90458849613203
5.94144032310084
5.89425093894861
5.77829289696636
5.59018745965327
5.33083061565743
4.98078528858801
4.54021870083519
4.07417091428663
3.60762362971617
3.16058529079066
2.74742566675352
2.37701431672082
2.0534369678529
1.77702524241784
1.545465637683
1.35481532064381
1.20032379516496
1.07702446167122
0.980108741732665
0.905125095700542
0.848058515593785
0.805346833910525
0.773878456113349
0.750988728249273
0.723815707845568
0.714130376135126
0.738772765827478
0.815163590475028
0.970819758494773
1.03053795241341
0.75095557083587
0.610507377206341
0.54886942403274
0.552324389250658
0.606229997533424
0.65586449386551
0.725266124729919
0.819608009567963
0.945328009249346
1.11024396675873
1.32346255854888
1.59496145794751
1.9346924352509
2.35107553833698
2.84885611081849
3.42649222316027
4.07351068080806
4.76853652926862
5.47883079360811
6.16202791140245
6.77029335187226
7.25641717913668
7.58063076446348
7.70930131781192
7.69350233005179
7.56342441995953
7.34360598770812
7.02710144989492
6.61883028812234
6.09368745271423
5.45901205950884
4.81128973854801
4.18336266770063
3.59936886863445
3.07461312344616
2.61654566751762
2.2263904355084
1.90097859075165
1.63445654765892
1.41967499727327
1.24918798893112
1.11587916468373
1.01328233514979
0.935683181302752
0.878089652631178
0.836150132405364
0.806081205606441
0.78463205287323
0.758912639775154
0.74308307943752
0.75350518456597
0.810753198479594
0.948278535565583
1.09779841863767
0.802338458201882
0.655826934178924
0.598766644902312
0.619094570918038
0.695939024605141
0.763743701211317
0.857045892087921
0.982840761492084
1.14988930715047
1.36887990945311
1.65229261723794
2.01379985894699
2.46697397005407
3.02310463099489
3.68807781687094
4.45856701831196
5.31821076690057
6.23487355542607
7.160288927047
8.03313177607352
8.78576987805788
9.35377565060412
9.68612447009866
9.75518175491518
9.63948494310281
9.37708597240978
9.00539678511144
8.5123900542926
7.90988725541871
7.16734175835201
6.30394873530616
5.45328177799791
4.65452842732414
3.93340140203383
3.30325392546223
2.76744489942768
2.32219722581171
1.95934003652304
1.66856964733417
1.43908784405911
1.26063559887789
1.12402787306854
1.02132517898776
0.945772795983622
0.89162015086111
0.853913703018099
0.828338904714533
0.811145927961166
0.791345081705095
0.774192089545964
0.773284152772325
0.812845921302511
0.930332979959235
1.15386030897451
0.847071366826559
0.697408704296695
0.647452947149021
0.688547311013846
0.793067934270506
0.882798371132983
1.00500267039094
1.16889542250292
1.38606943147454
1.67066226766181
2.03912742282865
2.50934803202749
3.09877756839848
3.8213382264129
4.683031152459
5.67665791576459
6.77667881105426
7.93584419330322
9.08548297299219
10.1408615264006
11.0117214958369
11.6162923810474
11.895422447505
11.840732032632
11.5663839037111
11.1176981007594
10.5479312084268
9.83831586136422
9.01046583558623
8.0293656603107
6.93017687205723
5.88372315123792
4.93135399681869
4.0960520745036
3.38552530681181
2.79632892000708
2.3180056163308
1.93658122765376
1.63713520887788
1.40544553300204
1.22886285845292
1.0966217080071
0.999785686851554
0.930986211737158
0.884075954017991
0.85379227568408
0.835507267828338
0.825130780615249
0.815384774580329
0.802700825121202
0.794424718647474
0.818222931635126
0.915332198277466
1.19661285696034
0.88363817829286
0.733579136511385
0.693108920729253
0.7585533188433
0.894740938240751
1.00974921206606
1.16533378424047
1.3733078504582
1.64849500104962
2.00888004128133
2.47518468629684
3.06953580664847
3.81281454959444
4.72036812710274
5.79610360148875
7.02562473957141
8.36993770132428
9.76203234358642
11.1088342173536
12.3001387945634
13.2241138781756
13.7863915603365
13.927728777029
13.6764832235227
13.1873968567394
12.51026230478
11.7148390521227
10.7740009389491
9.72072461161444
8.5168464410941
7.21495918245518
6.01558980332627
4.95610173250467
4.05190024094369
3.30185819463339
2.69410670008444
2.21110920154307
1.83348480301507
1.54250843133773
1.32148473334847
1.15629306814291
1.03539230398166
0.949515004711904
0.891213272909471
0.85436716817032
0.833739297276537
0.824650831148123
0.822831379291309
0.826380953256394
0.823115756819858
0.812204846561844
0.823852017824518
0.901505215383788
1.22537083184862
0.911305801363296
0.763927549970898
0.734943134639335
0.827070078388671
0.997700730372269
1.14035023511797
1.33252844823578
1.5888573666177
1.92757826636397
2.37058165426497
2.94264342320657
3.66943472699286
4.57382481690596
5.67017229861946
6.95680799394359
8.40779356364027
9.96613242767942
11.5414503461796
13.0150712381686
14.2538554039841
15.1312664864011
15.5509266635393
15.4659032783735
14.9583492142652
14.2216951884527
13.3048419776791
12.2909674392512
11.1433024185383
9.90519709804949
8.5364719287007
7.10457520755178
5.82528047766031
4.72590974513781
3.81078002144851
3.06863512774086
2.47947895195892
2.01991693188016
1.66676140041924
1.39909514009214
1.19917543634662
1.05257461921035
0.947878933658041
0.876169912129044
0.83042840626646
0.804947467290415
0.794818749538013
0.795556767796507
0.802925252275239
0.821195959891732
0.831790568620384
0.823169737727484
0.826742264793121
0.887351882827684
1.24068074825733
0.93048721791191
0.788724363553341
0.772744230338522
0.892791612667716
1.09883124209792
1.27004846171578
1.50006134089501
1.80629457137887
2.21026866903677
2.737380562584
3.41561131071256
4.2726429715395
5.33088632000005
6.60024356935479
8.06916401492324
9.69568061123782
11.4013393431
13.0715990870757
14.5655866597133
15.7356180244152
16.4531784673991
16.6346692163149
16.2589648624953
15.4719930463612
14.4952431686353
13.3695490734265
12.1846587038941
10.8936586995692
9.54652954421883
8.10178659068366
6.6355561369922
5.36151129542873
4.29327545522953
3.42330774261226
2.73138596815143
2.19154816527776
1.77698407868367
1.46297669378324
1.22831709751348
1.05568690822493
0.931431920259265
0.845030132928627
0.788442204384481
0.755447673280358
0.741023152101916
0.740806272776218
0.750699506337405
0.766679110346233
0.799283209825767
0.826180408500158
0.8245395196027
0.824739310510401
0.871772327136474
1.2441027870784
0.942446133452767
0.809137365116262
0.807351512559466
0.955334945200693
1.19578651274292
1.39477122699712
1.66142122276337
2.01567649062904
2.48182740491309
3.08789776478376
3.86363289203854
4.83652203255004
6.02542754023545
7.43192781959278
9.03047901211067
10.7598255706631
12.5192417267288
14.1733368210276
15.5675335629008
16.5528754331715
17.0146885104584
16.8968635852669
16.2138223604837
15.1731458843666
14.0067649427354
12.740415109022
11.4616422145413
10.1141238368483
8.7491650344307
7.32447372572359
5.91723892832161
4.72392779456885
3.74431376824634
2.96101597341587
2.34785830961329
1.87605994967268
1.51817825565783
1.25018257473938
1.05220679419454
0.908492731709485
0.806910936243577
0.738307990969978
0.695818013926174
0.674202784061672
0.669249545026188
0.677252599715739
0.694622834185432
0.717687499349362
0.762599908448945
0.806349734929137
0.815334608911415
0.816719547941516
0.854245711958899
1.23783709054283
0.949059623668122
0.826962617604908
0.840395950104794
1.01537260408395
1.28736498486175
1.51155100657037
1.81107525760568
2.2078285539394
2.72803127700506
3.40109154102345
4.25673354363173
5.319824868378
6.60265490404266
8.09521612103646
9.75529861223124
11.5015981370575
13.21382921151
14.7431115510253
15.9331490846307
16.6485298903085
16.8026676389642
16.3766758790183
15.4228277209363
14.1960788850015
12.9192341873969
11.5983172101283
10.310770337093
8.99296245144057
7.69252387030478
6.36698073402887
5.08806223808997
4.02567966522943
3.16851340440428
2.49298169134743
1.97053890443874
1.57260824733572
1.27340660197506
1.05118761413647
0.888462729667659
0.771656147163682
0.690505701834418
0.637392346271744
0.606686901571841
0.594146316051841
0.596368492743105
0.610318910818086
0.632963998228315
0.661066167365345
0.715225466231556
0.774615412166022
0.796410399789687
0.802771375789906
0.834860270591226
1.22435716615413
0.952522846752159
0.844368105502358
0.874076118782653
1.07447692494147
1.37351192182821
1.61870856301298
1.94495637053849
2.37532142695115
2.93691597117874
3.65916575525684
4.5700404522408
5.68973233395792
7.02181537697868
8.54300487265443
10.1941048617179
11.876001267159
13.4546885967661
14.7774610531446
15.698574300298
16.1082902663622
15.9565855395665
15.2637489656478
14.1144362791692
12.7895386091575
11.4868679022295
10.1918779882562
8.96704735323071
7.74450747521163
6.56494628432868
5.38657170943299
4.27174408959873
3.3608856728277
2.63565411628459
2.0700417591326
1.63614813990703
1.30774810581205
1.06209855980178
0.880531958988923
0.748329672287255
0.654238735282976
0.589860836902991
0.549035166267575
0.527264916352744
0.521197450778414
0.528154795765211
0.545719105929179
0.571399440831697
0.602424000109021
0.662449074084825
0.734979802141854
0.770181879523323
0.784089077011353
0.8142408932767
1.20610936154116
0.955088879050205
0.863665787730002
0.910901008120407
1.13474874138588
1.45492349278424
1.71551247733886
2.06027852447927
2.51259548061578
3.09942054300771
3.8489953777139
4.78626748862764
5.92561560423053
7.2612487346487
8.75701236485751
10.3389284655926
11.894767569902
13.2842009388192
14.3600155657405
14.9962594053929
15.1152407290302
14.704514510359
13.8182477108731
12.5630520283633
11.2240716677816
9.96541076812486
8.75465099926802
7.63808723099112
6.54690811356846
5.51371467156595
4.49832404893842
3.55255460348059
2.78930717818615
2.18708791101658
1.72036156968446
1.36377292395201
1.09452295102131
0.893392862664506
0.744905313336021
0.637015968738039
0.56060303099327
0.508910656017105
0.477020622636608
0.461375410180555
0.459349543271166
0.468859344687424
0.488010190119134
0.514799408321472
0.546906086796083
0.609702956103545
0.692232195605035
0.740029442289845
0.762643137765891
0.793389057769152
1.18530769030546
0.958875192135832
0.887128812484786
0.953423829539401
1.19832357915586
1.53239176282139
1.8014697562392
2.15484012520127
2.61536888316756
3.20899569143543
3.9619867888349
4.89575304092922
6.01892467301228
7.31737995139595
8.74452332099357
10.2157503141114
11.6116016456754
12.7924118945506
13.6230999479492
14.0017337130365
13.8825348311665
13.2853016467704
12.2884553468959
11.0091119289193
9.72002603052942
8.55033396626597
7.45466976315457
6.46479923917246
5.51377278447572
4.62663044769512
3.76552969054495
2.97253180488398
2.33764910974456
1.8390847844318
1.45348273146472
1.15884114513841
0.935988132768263
0.769077414007227
0.645502461514
0.555523183796274
0.49179206144382
0.448880549638814
0.422847610986606
0.410857244678339
0.410835179596299
0.421152005742578
0.440328112780498
0.466770958010299
0.498562421659387
0.561679406619831
0.651010803923762
0.709574321455659
0.740734369660994
0.773479766620385
1.1638192119946
0.965728198604694
0.916838877799273
1.00397698423783
1.26685144220181
1.60611490364995
1.87557555955573
2.22626546485181
2.67991819273014
3.26092132523744
3.99330951237469
4.8952631632413
5.97088257573345
7.20017926919403
8.53000100107684
9.87025859348804
11.0999935560549
12.0852888700312
12.70601463492
12.8833150183073
12.5979673354789
11.892991945125
10.8604810050651
9.61860067685189
8.41816431269784
7.35763021955944
6.38426655231717
5.51852762610463
4.69724730480061
3.93933951455749
3.2096772764129
2.54232837180206
2.00985224506651
1.59183556557121
1.2677917847005
1.01910599173889
0.829902561834814
0.687223051585743
0.580823038823258
0.502801324802544
0.447189165071907
0.409562915031807
0.386701564463223
0.376286917779482
0.376633648149546
0.386435440742636
0.404519912322745
0.429616193289949
0.460140386508748
0.521849158418401
0.615117269207834
0.682049744338267
0.720563436155576
0.755663358355506
1.14311497724494
0.977111581117809
0.954506737302525
1.06436680902794
1.34101772789642
1.67519708408534
1.93587428327449
2.27169337450804
2.70292586717406
3.25225653477404
3.94173505632856
4.78726925572499
5.79044762529562
6.9287355588122
8.14697358449681
9.35477969067984
10.4343742915179
11.2602292309546
11.7263652519239
11.7721155226287
11.3964360638393
10.655542994936
9.64600662563194
8.4808602674413
7.38582973060383
6.43596439222676
5.5762630017756
4.81950123244809
4.10729990646551
3.45414090323827
2.82761987801522
2.25580025164538
1.79892289917103
1.43873135063738
1.15764307788673
0.940049827171232
0.772815711785318
0.645287150907132
0.549051189754587
0.477598141945504
0.425977289043347
0.390485980778074
0.368401821765298
0.35775088144983
0.357097893929764
0.365344148020134
0.381523634044191
0.404596071932334
0.433232229264339
0.492399436530139
0.587203415739846
0.659905306100483
0.703913445420428
0.740909645670558
1.12425460632542
0.993982592780115
1.00118380222837
1.13545773404225
1.42014385584646
1.73748382281674
1.97955527446893
2.28820863848898
2.68225746612049
3.1828686510592
3.81068116397755
4.58059407537171
5.49396270511043
6.52917650171289
7.63350952118754
8.72087863831602
9.68003930244306
10.394415800589
10.7689063724934
10.7540319566103
10.3576463994123
9.63992843361445
8.69504095807618
7.62774829275416
6.63990779073342
5.79122108635429
5.02853385662771
4.36028492531136
3.73317002992153
3.15880055446409
2.60722296707723
2.102282265888
1.6962946748033
1.37337725135071
1.11857133255884
0.91876068479235
0.762973597859312
0.642322068606919
0.549763970146441
0.479807988024218
0.428227666254236
0.391812567856768
0.368160133705294
0.355498558107308
0.352525688130638
0.358248861565331
0.371814242237582
0.392320448149514
0.418605034437848
0.474456844996236
0.568776228408436
0.644661033706676
0.691984288863094
0.729913874555291
1.10647484057302
1.02141923117779
1.06731861020509
1.23165995228765
1.51636857011876
1.79761323751387
2.00597636695548
2.2692031478488
2.60481683014825
3.03275221396283
3.57286957763639
4.24038810403195
5.03887353738496
5.95144263452378
6.93272413620431
7.90600560872525
8.77018868959737
9.41809612265162
9.76183184822353
9.75575779005332
9.40741358540186
8.77229660915074
7.93612882127032
6.99296411207106
6.12084101280297
5.37188415730515
4.69815460404219
4.10660558923542
3.54952300257627
3.03673713820807
2.5405099337813
2.08164684399218
1.70768078307682
1.40542913963218
1.16253567688579
0.968187939915456
0.813336562303795
0.69062417608023
0.594174894642331
0.519343535222346
0.462480847558866
0.420738266144369
0.391913277588881
0.374323629946336
0.36669341471502
0.368033943602227
0.377505033477019
0.394245905669576
0.417170720754159
0.467905001484881
0.559375071166417
0.635908308431914
0.684306918230067
0.721783887897784
1.08817730474809
1.08499931771218
1.20597759043211
1.41978556130098
1.67307894620442
1.85132128588687
1.97956806461738
2.14320676340299
2.35923580360167
2.64678655717236
3.02556623137468
3.51303230093505
4.11948498445699
4.84091915990833
5.65103797690593
6.49589661517542
7.29583076942539
7.95775651847668
8.39607820164119
8.55480949853969
8.42147091109737
8.02710349165911
7.43381691424202
6.71666226919476
6.02087150518113
5.40605361892607
4.8376090863714
4.32647837717198
3.83344657078546
3.36760123788666
2.90357526294453
2.45933440961317
2.08297425571986
1.76592064152897
1.49970074345515
1.27668974635279
1.09040967441302
0.935534987044603
0.807737324566864
0.703473801102465
0.619790530508125
0.55417819408347
0.504485005232277
0.468870470645397
0.445773498491609
0.433868682277557
0.431990994345997
0.439020312257696
0.45374467742734
0.490393164705838
0.570613460314487
0.64101412003673
0.684935591487499
0.717974150378825
1.06686738671322
1.16753012317417
1.37027712254639
1.6082449044885
1.75362375966691
1.76645600858825
1.77930493524481
1.81157527432536
1.87945076722591
1.99930695883068
2.18772725995952
2.46136796033667
2.83561866529639
3.32121648373959
3.91865738836711
4.61156860346734
5.3618572387018
6.11031187059057
6.78500032295533
7.31611604888615
7.65197453162668
7.76968872592114
7.67677159591185
7.40454355894968
7.03617277906244
6.65159135869869
6.24697209739263
5.84526062565254
5.42217383450683
4.98560245248756
4.51378099656304
4.01562192082676
3.55267205097711
3.12663909790392
2.73756021474377
2.38483697499888
2.06781622118114
1.78596216260172
1.53874230748189
1.32538597205124
1.14466394076931
0.994785865554771
0.873441302197406
0.777950502097954
0.705460709681635
0.653123171432908
0.618204224517616
0.598111488411235
0.590357338175729
0.595175657664952
0.64095273042155
0.687308439564215
0.715646473970137
0.740317156784432
1.0466028485838
1.20161743095531
1.42097675979108
1.6161531545977
1.64430979612268
1.55223270151672
1.49993302720492
1.46200159679639
1.45202515039565
1.48235654082931
1.56501335267559
1.71283611636233
1.94014385687511
2.2621543477978
2.69257198314895
3.23916035541855
3.89801147560181
4.64843834083018
5.45119324081123
6.25207999234895
6.99078832463747
7.61212705269191
8.07561147542418
8.36044866945422
8.45121091388689
8.42738434228327
8.3108358149879
8.12997729759858
7.87934774260834
7.55699948090274
7.14648839701899
6.62964736913473
6.07717721622891
5.50593353196879
4.93106954950664
4.36638515663269
3.82443246112224
3.31627659106925
2.85100434364261
2.43519003639618
2.07254148725736
1.76387063968068
1.50741109744741
1.29939715669462
1.1347622162152
1.007812499799
0.9127682498144
0.844120446404801
0.796825632301058
0.747382244429796
0.73700608029896
0.748346370965216
0.758435635942106
0.776819257503402
1.01272074335259
1.15474217823575
1.31208803540277
1.41764705743625
1.38284917312653
1.27135794269013
1.21025188365535
1.15849619897702
1.12583163206906
1.12095773486346
1.15205815684604
1.22772001424644
1.35780589708271
1.5538367750329
1.82847122260422
2.19375992821251
2.65813172104918
3.22259606324373
3.87727382437375
4.59969444254411
5.35593321061608
6.10461926408426
6.80267599496417
7.41107776185202
7.83583750476797
8.13643433088767
8.3289870159622
8.43502034620622
8.46464464527853
8.39704797787024
8.23490764903262
7.914312754339
7.48790145244775
6.9776224865993
6.40715686895921
5.80065187229348
5.18150185535419
4.57118118028129
3.98820603346203
3.44733765725648
2.95912247351961
2.52981010826671
2.16162896490191
1.85335429445299
1.60107814887324
1.39907440244308
1.24064350832922
1.11883423653471
1.02698157851521
0.914237056640119
0.839381852954571
0.813831081121258
0.807722721670495
0.82305596902083
0.789699690150829
0.900074488578466
1.05464543254231
1.19587885371082
1.27862404831576
1.2869675080842
1.29629838645837
1.31174893228125
1.33813799030338
1.37939907929764
1.43823008206492
1.51566766013775
1.61064404277039
1.71968511389826
1.83702940200712
1.95543796588832
2.06771981762638
2.16858896069019
2.25617256838371
2.3325776203012
2.40337869612899
2.47639003276798
2.56030428392794
2.6636645526791
2.77595689488788
2.90174712247423
3.04421392260552
3.20560349718418
3.40351921329987
3.64087664456786
3.95880066224197
4.36155354922067
4.8289409732672
5.36407964605334
5.96798613907497
6.63817118244214
7.36679328916653
8.13843760748171
8.9278380451653
9.69819626115663
10.4010624320256
10.978857808674
11.3708311389191
11.522403080845
11.396497925861
10.9839749381806
10.309417680153
9.42906897994034
8.41967124043003
6.65141786325753
4.23006578852384
2.72668001710956
1.85326171409324
1.29651110358178
0.656077966968958
0.761272524513686
0.902267929985884
0.979796083884353
0.949851313151888
0.89134904976707
0.866476464885512
0.852285102935002
0.852628666968116
0.8703226811019
0.907375236658344
0.964943557244526
1.04301207543777
1.13989650653361
1.25184458552493
1.37311004546112
1.49677580351159
1.61624333241081
1.72687246741095
1.8270932674244
1.91858651824424
2.00563243597566
2.09407981973174
2.19041630777642
2.28722877705712
2.3885565802526
2.49992502044774
2.62326151359646
2.77233521206546
2.95042374950943
3.18594500314176
3.48589898888863
3.83297974111683
4.22885300179622
4.67355216378398
5.16504737730895
5.6988140764278
6.26736110214577
6.85965654343535
7.46035348155072
8.04874360266839
8.59757322039581
9.072318684227
9.43210041710473
9.63366778245625
9.63916024299341
9.42634687871618
8.99743522387828
8.380931205141
7.04046507388406
4.7901374461584
3.18498077731862
2.17229836490426
1.47078993312993
0.53807368074758
0.598581404934734
0.682090732407846
0.695153656179192
0.621198209224716
0.554964851416387
0.526314889396904
0.506856993245214
0.498465616993859
0.502393432187385
0.519554624447122
0.550633127933215
0.595963235286746
0.655233424091615
0.727142309553575
0.809204178015037
0.897894605903491
0.989195108373903
1.07938005439613
1.16574194324265
1.24699631555842
1.32330313806061
1.39602626753042
1.46741463928045
1.53167466848302
1.59275422845612
1.65513875073622
1.72047774396621
1.79609704621554
1.88318215855651
1.99471989401921
2.13200624824397
2.28536318711813
2.45373243849842
2.63517948263211
2.82724392681653
3.02749528458074
3.23417868470413
3.44672358737656
3.66579706688616
3.89260768262143
4.1273626095547
4.36711012824164
4.60359998492099
4.82212984370867
5.00243776657028
5.12221737633242
5.16254085597522
5.11238207724685
4.83822506671318
3.96829707503812
3.0930013561848
2.34335561524509
1.6406627248278
0.445561437293591
0.446787211641503
0.467237137154159
0.447665879417506
0.388216276450356
0.34684268918153
0.327948362186154
0.314315464099702
0.306840079462416
0.306122886474573
0.312629008659967
0.326778150849207
0.348935370076899
0.379316759245344
0.417845714930793
0.464013954888251
0.516809467183223
0.574754451111699
0.636051147704911
0.698789335439586
0.761158843373164
0.821635076049952
0.879135337892569
0.933149192770978
0.978500530744583
1.01729497372788
1.05329642943217
1.08750763423357
1.12367678910981
1.16210595119755
1.20738417520425
1.25906628689467
1.31223441832954
1.36562427466863
1.41757439726063
1.46650057234501
1.51149134087624
1.55286553168221
1.59248665360811
1.63366462947554
1.68060265208414
1.737501048333
1.80752384659828
1.89185292886796
1.98904834239458
2.09494171789634
2.20325256676647
2.30689888940871
2.39944136612952
2.53749863610918
2.60358882433661
2.54263288128216
2.30641822991917
1.78954532592414
0.414422344504859
0.374919045533509
0.364268173772789
0.339695152424818
0.300185161227764
0.275076839344521
0.263019511438947
0.253780241467731
0.248099906662027
0.246566619562868
0.249695409362129
0.257977681274098
0.27188882209293
0.291853829099155
0.318177897710656
0.350956308105724
0.389985140785525
0.434696142619731
0.484133342424398
0.536979542547426
0.59163533458069
0.646353403015375
0.699427582168303
0.749418971549889
0.790974512302613
0.824912217030612
0.854838757212177
0.881306047876692
0.907026939722966
0.932064214916396
0.958367429534886
0.985321551196446
1.00947459859697
1.02988802021144
1.04536800052919
1.0549007840297
1.05815921237209
1.05591258438436
1.05016714011173
1.04395018667622
1.04079686684029
1.0441151868346
1.05662149917312
1.079968916621
1.11460940864698
1.15989134094218
1.21438636968181
1.27640910384134
1.34461828781574
1.48327647177933
1.71909320194123
1.94928914577967
2.05102421012671
1.80477199723124
0.411120928613608
0.351457905582861
0.328901933927422
0.304492343554717
0.274320580290257
0.256223936447843
0.247059317609009
0.239799394216394
0.235181321778728
0.233866608501194
0.236476914474766
0.243615457862485
0.255869315737001
0.273786623669988
0.297826232041034
0.328282901577904
0.365198377650857
0.408274722903418
0.456808465220639
0.509663175193531
0.565297148377826
0.621862166934131
0.677382346055953
0.730000635362759
0.773698561113663
0.808924498520069
0.839335871805572
0.865357812726577
0.889517444441729
0.911677417897156
0.933081383331948
0.952734426779955
0.967661223095206
0.977092044006667
0.980051361603212
0.975782003000553
0.96422939202268
0.94640419896951
0.924455343019204
0.901394184020479
0.880566277691623
0.865070510756715
0.857314472782754
0.858799102897211
0.870127528159905
0.891187275824973
0.921453057761861
0.960355896685056
1.00761243277493
1.11542991839044
1.34082114504606
1.61598517316178
1.83752125742035
1.76522341965772
0.418573654697048
0.342597249056832
0.312213565408475
0.288531810881493
0.264604539028567
0.251197177120937
0.244024264380489
0.238278852800524
0.23474113491946
0.234169981745566
0.237306097516876
0.244874406137682
0.257581407526568
0.276097011895222
0.301011999467843
0.332767551358572
0.371561569596397
0.417244988479918
0.469227451839638
0.526415182425029
0.587205895473319
0.649565549130196
0.711203583124356
0.769839903128879
0.818494562942307
0.857401903327594
0.890507954884403
0.918170451737144
0.942949175440659
0.964507645013094
0.983628387871352
0.998867862361528
1.00744129498831
1.00869996747521
1.001835040884
0.986313899978627
0.962368138358162
0.93133126135614
0.895655470807182
0.85856883177242
0.823501959065513
0.793508736183557
0.77087255183269
0.756972462276733
0.752374360873052
0.757065430182372
0.770755475995718
0.793182682151647
0.824346332816292
0.903833029177604
1.09675224433777
1.36487199715389
1.64013054750512
1.70172809359038
0.436764384184413
0.344178741065327
0.307285228491863
0.284505563520753
0.265477101673571
0.255806969698856
0.250397419360295
0.246229173096164
0.244172369200282
0.245114137251883
0.249940064459409
0.259525629721315
0.274731728150723
0.296388475396159
0.325252709074775
0.361930932871707
0.406769474177051
0.459724646174892
0.520235169857219
0.587125899807336
0.658576149053547
0.732186094662028
0.805164743006929
0.874635878877434
0.93209851387702
0.977695630713575
1.01596181891544
1.04723573838016
1.0742827823277
1.09649824875467
1.11421266176402
1.12529027273314
1.12702082855583
1.11888341470556
1.10027085226242
1.07096196100811
1.0316300703846
0.984156403147619
0.931571779147946
0.877613055501554
0.826065798051339
0.780151385962581
0.742157116742258
0.713365152085974
0.694214864068654
0.68458843843056
0.684125601088193
0.692504345463415
0.709629177095316
0.762877779443487
0.916207673939244
1.15443045148506
1.44557887585646
1.61460448802593
0.466356872744229
0.355989381252557
0.313267323028284
0.291461610217119
0.276451428677098
0.270099622314623
0.266521606402035
0.264316542077779
0.264498267528712
0.268124159914261
0.276267608194405
0.290008326174651
0.310429636824826
0.338600512959706
0.375522548225384
0.422030370134596
0.478646585703127
0.545406698187547
0.621682821118134
0.706045379442501
0.796208025497994
0.889099941558372
0.981094970309859
1.06839212385003
1.14011014637843
1.19647208843141
1.24302695528382
1.28016517363939
1.31103999382128
1.33464809053304
1.35072868858699
1.35603684688384
1.34796304206633
1.32620137497177
1.2904973412097
1.24117871074956
1.17968898007549
1.108853428831
1.03269858937379
0.955851830552711
0.882753203310989
0.816982774032167
0.760909381436012
0.715690816493348
0.681521531447568
0.657985993101873
0.644408213084207
0.640137391554786
0.644731777695224
0.674296866420652
0.787623141500932
0.986004025907408
1.26654658238599
1.51164520275178
0.507843379428713
0.377817125088603
0.329554549652478
0.308930100545797
0.297701144884905
0.294920119563344
0.29365541155509
0.29426437876345
0.29797684239876
0.306090977057526
0.319951091291463
0.340946415583153
0.370511880870931
0.410101144317379
0.461106696461506
0.524712962282707
0.601684768478322
0.692113352325366
0.795161799809451
0.908867311345943
1.03006507947539
1.15449300182289
1.27711102888397
1.39261871506903
1.48644049604293
1.55917167368472
1.61800151628513
1.66349381538277
1.69937733061465
1.72402731091702
1.73622196749587
1.73093563886756
1.70600118860102
1.66160148569882
1.59822780504722
1.51727757674573
1.42158539122079
1.31557546246571
1.20487123934929
1.09545942014613
0.992726661940504
0.900724657968129
0.821866277311241
0.757038636881928
0.705975980244749
0.667712848929314
0.640994674008552
0.624593558692988
0.617513008694003
0.625468883512753
0.700976377800592
0.85714672444243
1.11119522184959
1.4018721748899
0.561341222483618
0.409366845213682
0.355715398356547
0.336850792974191
0.330046121520929
0.331975500829732
0.334091234529381
0.339043505757721
0.348385556652994
0.36377998252159
0.386996363104559
0.419926547927852
0.464587442494429
0.523072028327653
0.597416288745767
0.689364425113575
0.800037883664753
0.929543710226431
1.07658911860299
1.23819330907428
1.40959530618894
1.58443964170128
1.75527391282987
1.91431350520986
2.0413160896984
2.1378110572602
2.21355270357351
2.26951412292103
2.31014909338951
2.33286036407225
2.33470663277081
2.30787355301129
2.25171471451531
2.1675896670583
2.05761225950609
1.92527522081978
1.77588202686459
1.61644892657942
1.45497112814459
1.29926822889852
1.15583674144604
1.02910718266642
0.921272820060606
0.832599095598178
0.761984447779208
0.707552234773274
0.66714432880222
0.638681204395174
0.620400041700011
0.608320503575574
0.648725162424226
0.763961443396218
0.983564434079394
1.29378276180099
0.626314325911074
0.450074227268571
0.391281739872355
0.375361673539839
0.374839434268757
0.383834492121309
0.39123951145963
0.40306626442513
0.421357994659774
0.448350910932197
0.486505806506059
0.538546226627824
0.60745803898129
0.696396983805388
0.808459426808349
0.94629157345236
1.11154788006402
1.30425905609227
1.52222373857129
1.7605775503782
2.01169892889937
2.26556865899769
2.5106072895708
2.73488403801499
2.90966095408614
3.03853335139932
3.13515581641436
3.20139719812729
3.24242753717263
3.25418834613579
3.23063263014519
3.15983320096008
3.04536885199079
2.89130695182936
2.70313377000746
2.48825080407522
2.2560899624499
2.01754413300095
1.78374261040482
1.56455502693843
1.36735568427698
1.19643473829032
1.05312357767315
0.936423264213835
0.843822064517346
0.77205070638226
0.717657860436375
0.677405216391101
0.648533079883252
0.618005908329976
0.625803010878978
0.702485164825507
0.884600301971707
1.19408381083685
0.701269561114701
0.498837275888195
0.435397454663399
0.424403583920065
0.433666395967261
0.45375906125188
0.469567976769294
0.492267608075387
0.524649101902725
0.569857893623664
0.631473167847033
0.71357447055166
0.820728557199871
0.957819361031748
1.12965277541879
1.34029643966647
1.59217294264583
1.88501184374275
2.21486211739473
2.57343472855653
2.94804353983915
3.32231701902906
3.67767276444748
3.99532312694606
4.23434743782751
4.40268755789522
4.51972852116028
4.58925006584672
4.61672971000489
4.59613316659687
4.51604444633385
4.35915501313828
4.13918775200048
3.86593154293607
3.55130243626062
3.20935593098413
2.85572798345138
2.50635241585885
2.17570850367503
1.87515560174055
1.61190850649865
1.3889125519435
1.20549794224556
1.05845114608018
0.943120370509422
0.854307910598172
0.786877855737566
0.736138047766653
0.698102299227494
0.651583264708619
0.629132834761796
0.66931414738694
0.813245720366327
1.10712217570948
0.783519097576646
0.553711292761567
0.486337599766271
0.483096408645792
0.507734778446328
0.545193885565581
0.574185574613643
0.613821544347331
0.668029240712808
0.741370820573954
0.839184221855887
0.967682648192658
1.13391243737694
1.34545170558835
1.60973836449926
1.93295828900799
2.31852302809186
2.76532154238807
3.26610519294102
3.80648495851735
4.36500096915398
4.91452367738451
5.42490035174404
5.86637233711911
6.18193235407308
6.38830853303219
6.51291688134278
6.56349818932078
6.54466228316431
6.44827634690963
6.25439259499387
5.94022667769196
5.54094233269349
5.07709091163588
4.57141077686042
4.04779489120241
3.52969672085289
3.03810766466266
2.58959444403003
2.194997758698
1.85917129132957
1.58173303552593
1.35845886572956
1.18283229440144
1.0473661968254
0.944517569662372
0.867211707445741
0.80911777752902
0.764849950633152
0.706633659339728
0.656768412922327
0.661613577003912
0.767271647932371
1.03490965719713
0.869121957149394
0.611678636058335
0.541008165508024
0.548964584558027
0.596888026744638
0.660707927034605
0.709769174001178
0.775079923577043
0.862259436254147
0.978001801894571
1.13028818381188
1.32851695318223
1.58340204377105
1.90645521298029
2.30886791044836
2.79967283660961
3.38323190545361
4.05637025700106
4.80578750096282
5.6065849666655
6.42269051788023
7.2095658448364
7.91893927948753
8.50463961216259
8.89147901758877
9.11301536917244
9.20720624945301
9.18956975632443
9.06154284470777
8.81407946329888
8.41525494848507
7.83996441510365
7.16297667525181
6.42220430168942
5.65567798469668
4.89899684436659
4.18276327506908
3.53041369603535
2.95695553615229
2.46894328794538
2.06564220102726
1.74096659033246
1.48562523887173
1.28898772951832
1.14040302780179
1.02993070595748
0.948614706349442
0.888529012846965
0.842846074567706
0.779778292967037
0.706629249389401
0.67658407545029
0.743727856798926
0.977499576594293
0.953096141376173
0.668683010785127
0.59481780041674
0.617429560895009
0.698397401493822
0.80029113256517
0.878568944856491
0.981260420339819
1.11641089467992
1.29376369281604
1.52503157051496
1.82403389194794
2.20647443671167
2.68907295280779
3.28775801236132
4.01472595862027
4.87444743399191
5.85916574667423
6.94496061939991
8.08978912529819
9.23477412320186
10.3092697808013
11.239097350597
11.9562374776388
12.3710737368826
12.5469076785598
12.534307773808
12.3627327152174
12.0269546208972
11.5207569337384
10.7980197363594
9.83992327169377
8.78377791351457
7.69026870165463
6.61410778747233
5.60029466829384
4.68165351495333
3.8779800612265
3.19685626424579
2.63583264052404
2.1853793712492
1.83191870586209
1.56038678721519
1.35603025780631
1.20539538685308
1.09664224943184
1.01941010987537
0.96452022836689
0.923834626834957
0.865238935654913
0.775124884647495
0.710704355832304
0.739035443899108
0.933482548222264
1.03004013136841
0.719819117958508
0.642983669605396
0.682381418786621
0.806008557570372
0.959302881470353
1.07760140940598
1.23172796835596
1.43302286273234
1.69529527235255
2.03509426972644
2.47178631052229
3.02708844877823
3.72364985704492
4.58224507479242
5.61729707439369
6.83089157890481
8.20618561460556
9.70194548469151
11.250438587335
12.7605783618107
14.1269207203364
15.2432317192743
16.0176373624987
16.3609154706495
16.3831841057081
16.1480762159448
15.7068918366283
15.0436167030919
14.1616868598198
13.0015900515471
11.5646500283356
10.0698251848825
8.59986655370465
7.22071517788437
5.97836547112483
4.89866281001374
3.98962378127088
3.24542961282261
2.65107371767497
2.18674174198162
1.83130494587817
1.56467311219587
1.36904978274392
1.2293002505296
1.13269662758609
1.06830614597053
1.02629133494563
0.997538438148775
0.953707309265312
0.856776931704962
0.760312379820227
0.748592330085425
0.900525797713158
1.09465857254719
0.760913948981189
0.679649694212374
0.736251803674177
0.910121707459052
1.1270126537942
1.2959474991941
1.51569814498453
1.80176506188884
2.17286150397003
2.65111648699858
3.26190949153211
4.03295356705425
4.99206741473602
6.16305392867645
7.55934253272539
9.17573095028128
10.9796605347958
12.9046331571022
14.848956323325
16.6823090927516
18.260505423933
19.4460090490225
20.1294044703674
20.2502432626303
19.9814789637346
19.3970343408702
18.5766403873206
17.4898618340571
16.1577932415847
14.5118401384243
12.5874134640696
10.6871522598875
8.90537474321547
7.3063563464838
5.92462410680947
4.76917131792534
3.82995859332385
3.08497175853258
2.50649867908272
2.06587923556421
1.73654625301343
1.49556002338886
1.32400877948468
1.20665176054761
1.13110628872266
1.08680619023674
1.06397170866728
1.05284274151834
1.03379774228305
0.939233088650348
0.816208826392623
0.767795947601344
0.875575058248182
1.14313633951312
0.788213115102328
0.701823647701341
0.773520057246302
0.999251065468218
1.28715432560714
1.51395793004663
1.80969803856842
2.19444178612867
2.69210649486627
3.33025042464225
4.13940262308101
5.15140857961806
6.39614278228903
7.89590473296929
9.65718796629003
11.6604733325094
13.8501663314046
16.1282293346853
18.3555243086342
20.363559190163
21.9762244775524
23.0373791751558
23.437429538541
23.1804238606024
22.5071818570604
21.4946238844825
20.2511405745039
18.7299341297249
16.9743703473378
14.9127733372609
12.6201071939225
10.4591922324457
8.51814004760372
6.84450730821696
5.45106083838032
4.32490891272223
3.43737573559306
2.75262580072458
2.23402308161636
1.84806982849717
1.56630799342378
1.36576852643148
1.22851828638328
1.14070626542346
1.0913525104285
1.07102751395827
1.07057586617341
1.08026049906353
1.09141483544608
1.01249333534933
0.871604974628025
0.790173550012989
0.855775868595771
1.17323119944438
0.800423406420131
0.708119786597881
0.790757299641521
1.06364788619432
1.42107160789016
1.70635693658286
2.07983054967304
2.56597876352027
3.19323642467647
3.99313292515496
4.99876390578143
6.2421324868131
7.74969700995314
9.53547331310967
11.5915605842152
13.8771912732506
16.3091256116844
18.7576438189065
21.0524133079691
23.0003458370561
24.4135700128112
25.141488442263
25.0984749095941
24.3799054313693
23.2796035016248
21.8663194330124
20.2675653116796
18.4208211872816
16.3888222582937
14.1017888623916
11.6660951177507
9.46167881033635
7.55416265451552
5.96528320050029
4.68372605182472
3.6774524270867
2.90472933110345
2.32234168745963
1.89069118049158
1.57626538096224
1.35225989436229
1.19809741262771
1.09838757652061
1.04164427709701
1.01890065620627
1.02228030311462
1.04363811322451
1.07358872733593
1.11630397714533
1.06091906124346
0.915317793016452
0.810280982653041
0.838324954007644
1.18489915843463
0.798074704642041
0.700085680079289
0.788993420206246
1.09773393514221
1.51342703675654
1.84910527299789
2.29024086446836
2.86464360899152
3.60348955159894
4.53955513695169
5.70459466376627
7.12556291286549
8.81918315846958
10.7844118225826
12.9929977770161
15.3797084426577
17.8355002897532
20.2079745960771
22.3127467935
23.956397946995
24.9673399158006
25.2272195003111
24.6941903776741
23.5563090549114
22.1268010588139
20.4548257492359
18.6701037811892
16.6979897752753
14.6106612918164
12.3430255082628
10.0147189040441
7.97823351514765
6.26997529161937
4.88682409811616
3.79946854048381
2.96514449464571
2.33758772253031
1.87348296509411
1.53577813899995
1.29472606677486
1.12755090091027
1.01743116055018
0.952223629549325
0.923121795711738
0.923292207441988
0.946486601456546
0.985714338238827
1.03228453535871
1.10247231936333
1.07712685057928
0.940363676663745
0.8232344772978
0.821203208226814
1.17995302888355
0.78352426783944
0.681093761252005
0.772019364949465
1.10227678083255
1.55713825604546
1.92738448870741
2.41492754649128
3.04898114429029
3.86090594985603
4.88146473729098
6.13710143379257
7.64520320299372
9.4081651429768
11.4061788393788
13.5893457320722
15.8710091804269
18.1255484043995
20.1942480744696
21.9013456160622
23.0790113191604
23.5961754679323
23.3837613913065
22.4491745634664
21.0462672555695
19.4685556843022
17.7388454734064
15.9722068641204
14.087898198399
12.1556997111528
10.1165378994798
8.08449109180682
6.35520433543237
4.93964940173178
3.81817907300468
2.95339759098723
2.30109699235559
1.81792844053663
1.46575971404427
1.21342993433023
1.03682493115628
0.918067031391901
0.844353361001949
0.806722298660215
0.798837082625173
0.815767283796706
0.852737387056089
0.903919075527944
0.961562258166138
1.05184697052151
1.05885656885878
0.943394617602455
0.82638191687421
0.803258548952341
1.16156624277334
0.760257681063167
0.655461191720712
0.745624101286832
1.08368915414408
1.55546363428001
1.94040265847911
2.44668819938409
3.1026286552705
3.93717368874584
4.97637995485277
6.238862740723
7.73047460965578
9.43843674858618
11.3253090450744
13.3237840395568
15.3342532158386
17.2277985300403
18.856810874859
20.0733680002722
20.7524181942137
20.8142554204656
20.2402246680521
19.0772921897331
17.6038461386967
16.0649348666493
14.4574765676566
12.8718028634428
11.2279041319961
9.58473023687191
7.89005577924455
6.24028838624349
4.86504622035259
3.7590692574436
2.89603482787283
2.23908168175311
1.74903061655444
1.38966700750501
1.13037817991618
0.946889532394191
0.820881356131893
0.739087952567771
0.692244948725804
0.674047972824138
0.680145988542363
0.707122585708439
0.751429818518982
0.808349647130712
0.871252042522599
0.973384361137262
1.01147526592337
0.926157728541804
0.819731454561095
0.784285878252053
1.13364198907715
0.732218077762456
0.627675767111123
0.716260992882358
1.05186853346556
1.52019735703942
1.90054435583337
2.39807459865741
3.0381499301324
3.84546540619816
4.84011601001027
6.03264639900203
7.41855572451028
8.9728856618257
10.6457581100743
12.3601645468072
14.0137625259011
15.4863460732974
16.6534658512363
17.4044648630053
17.6609685660413
17.3909836091182
16.6148725512226
15.4018931149645
14.0179253430117
12.6486333731705
11.2712833618227
9.94979046671415
8.61050336603917
7.29843590180733
5.96870081771516
4.69616580815604
3.65024794616498
2.81843017011418
2.17492270304748
1.68831999330031
1.32723513402328
1.06368174228662
0.874568525979359
0.741914274326877
0.652358485068974
0.596381394019042
0.567466922000004
0.561296585347368
0.574966637390957
0.606178082631322
0.65236992324693
0.709863935819798
0.773245276120347
0.880189779262957
0.945867144859945
0.894710571839349
0.805690264158302
0.764888113324744
1.10024171255257
0.703335349540205
0.601971640891848
0.690159062660121
1.01779265723045
1.46747604235507
1.82793423831886
2.29455689603243
2.88852331686074
3.62963220046595
4.53238530931413
5.60102456472009
6.82412975143838
8.16973973460165
9.58230403825853
10.9830226330499
12.2750126276861
13.353858971558
14.1223707215253
14.5063952753589
14.4675040799453
14.0091016892382
13.1747429678554
12.0398364072458
10.8356092351622
9.69249005852414
8.5764140355084
7.52894614088818
6.4860116636074
5.47966384588419
4.47227067962123
3.51897436733642
2.741564369419
2.12624583301457
1.65133108411686
1.29237858466593
1.025831680516
0.831104301186816
0.691415873371
0.593804739876182
0.528706375886516
0.489364693365725
0.471220721105875
0.471325097803753
0.48775744873303
0.519009518186079
0.563308288015833
0.617930599444305
0.678675929853678
0.785694848735902
0.874619805287451
0.857242188687066
0.788154288550362
0.746196075823546
1.06516485777775
0.677306623548536
0.582294312068714
0.673131389518022
0.991895745686466
1.41352982791252
1.74385134622883
2.16471990532798
2.69292369355959
3.34390042720291
4.12811129822239
5.04629003734611
6.08421780226367
7.2082176729799
8.36303442488658
9.47387504997136
10.4537519385988
11.2157033045501
11.687375199352
11.8239241204165
11.6153648986761
11.0865157264595
10.2904539415949
9.29826009982721
8.29952826577408
7.38128251613375
6.5054097489168
5.69725814093997
4.90315055274574
4.1450061882678
3.39174457385803
2.68297168715922
2.10604274092254
1.64879592726824
1.29451592234834
1.0252049384884
0.823854705186621
0.675722108702729
0.56881428600272
0.493858321189234
0.443999681919501
0.414397659789138
0.401806645491532
0.40416883410962
0.420202334421964
0.44895070266641
0.489271599054507
0.539291842127776
0.595935107960258
0.700683573515171
0.808773089949391
0.82180906674334
0.771387131673315
0.729529836291874
1.03168943905103
0.657574086214257
0.572559786855275
0.670953890910346
0.983533137107384
1.37196876881039
1.66596829573429
2.03258136288803
2.48495061177641
3.03551534911645
3.69273423505353
4.45661113727193
5.31364141131024
6.23246734241515
7.16214176835686
8.03496514002312
8.77487009182005
9.31023975219115
9.58771631024636
9.58246517698537
9.30151845375772
8.7797351099914
8.07079543699021
7.23681892353122
6.42870819455631
5.70323600970451
5.02315663041285
4.40331827233415
3.79962706452585
3.22689040454789
2.6594705357439
2.12577219776618
1.68965439777478
1.34147626023091
1.06898523817752
0.8593354611243
0.70048483206469
0.58198277603259
0.495273117368029
0.433677029885505
0.39220440200967
0.367297435817406
0.35656171164659
0.358499839508312
0.372234951269512
0.397196694028983
0.432744601238944
0.47773012610019
0.530049261331035
0.632080160820757
0.756181578634624
0.79483249726555
0.759086970128134
0.716090539821593
1.00243242953271
0.647397586633856
0.577108845106306
0.690128768358571
1.00125508918608
1.35281759655178
1.60634060767551
1.91413536805578
2.28716769881025
2.73660293469956
3.27078040060691
3.89103380592963
4.58684807139575
5.33156205002527
6.08058876551685
6.77427888853545
7.34642152813645
7.73695776578149
7.90494549046622
7.83697880813896
7.54808484457285
7.0755832276258
6.46922457002611
5.78150244643546
5.13187939964936
4.55801553131802
4.02619252865384
3.54508873117401
3.07862755379386
2.63695676379837
2.19865339691075
1.78442918281354
1.44270592220583
1.16626183624761
0.946358925853677
0.773974562643239
0.640657261417017
0.539018141056898
0.462929630588878
0.407527451898428
0.369105179517084
0.344965725298595
0.333264266472555
0.332850960391181
0.343102107804033
0.363715116283065
0.394436935175573
0.434704264555504
0.483203709718911
0.583278201831062
0.721354038726057
0.780480238372778
0.753806383300895
0.706740790358373
0.97927634106192
0.649894037397627
0.601258292607079
0.738795270293437
1.05324451199432
1.36255746934558
1.57136593544911
1.81731975607203
2.11108701195993
2.46417491343099
2.88607067222704
3.38047472840849
3.94083672839191
4.54613856519783
5.15881055172803
5.72703115532889
6.19261957316029
6.50318068761132
6.62440534781942
6.5475779164809
6.289447635504
5.88538798516595
5.37957507957004
4.81614525457603
4.29094791729637
3.83075047554356
3.4064918789921
3.02361312161965
2.65237168239644
2.29999180843853
1.94811681788051
1.61224849916909
1.33094393060947
1.09895850455669
0.910153833022494
0.758263012244252
0.637417754436362
0.542450324134067
0.469014829574264
0.413588055029362
0.37340863305679
0.346398054407301
0.331085353181188
0.326536866180145
0.332276626775464
0.348170685837909
0.374238547257808
0.410351780034485
0.455794281957274
0.555211284106626
0.706049096995473
0.780604253865667
0.75668438688683
0.701893443416824
0.962278329205204
0.672389265526016
0.662934991677681
0.846520148828617
1.16769048920557
1.41440238175608
1.56361340016593
1.73375964059827
1.93752250739626
2.18809966814368
2.49674614446477
2.86989446691587
3.30547447447126
3.78895599365697
4.29076047310685
4.76738034865451
5.16785250009914
5.44478683271202
5.56613964524994
5.52269531490943
5.32817823604202
5.01281053767145
4.61407435344799
4.16864600967013
3.75286636504851
3.3881931877595
3.05111747618026
2.74567334991357
2.44767247213733
2.16231043129726
1.87354227041358
1.59282658914995
1.35176197154825
1.14679679215046
0.973909227657749
0.829107792770844
0.708749447231188
0.609690920477083
0.529308828080977
0.465441690009844
0.416312200954916
0.380474224984482
0.356801478166169
0.344507168378806
0.343165447311934
0.352695390150143
0.373259294585421
0.405018142546248
0.447695421820766
0.547601621951207
0.71196561920742
0.798192227539286
0.769629766815347
0.701550455080143
0.958754448795373
0.769290479196885
0.873289590206875
1.1981445117419
1.51664423990878
1.58860479336095
1.61026025024218
1.64205689753047
1.70293476602985
1.80784161217791
1.9683612207996
2.19259756118643
2.48351527135084
2.83580832004146
3.23244998807671
3.64314096867872
4.02706525043047
4.34075069036704
4.5487488725681
4.63246806582172
4.5930977600582
4.44797250457075
4.22320434447676
3.94645179057464
3.67123500344385
3.42155524613421
3.18306124522267
2.96079026053379
2.73745896963795
2.51619975470978
2.28292825362516
2.04364510188225
1.8238386632015
1.62146264500758
1.43452889084813
1.26172664514626
1.10275728740551
0.958309994396168
0.829700635749955
0.718322714498617
0.625139613440505
0.550413486867723
0.493735118235288
0.454280159913855
0.431147264013233
0.42363937643667
0.431385277147261
0.454224873977508
0.491818333462656
0.591168087527263
0.769492426163809
0.857685256678537
0.806281483109501
0.711257970169248
0.977777646466599
0.983062881285392
1.32697965535943
1.87873479313524
2.0263334589616
1.77494967621483
1.61831615258769
1.49244807677351
1.41507253251837
1.39426083358448
1.43466777810834
1.54072035314405
1.71718103850632
1.96748807924632
2.29038296730428
2.67595071669517
3.10309069651931
3.54065759689409
3.95310042773496
4.30873975173566
4.58687149556579
4.78051196745831
4.89435769945898
4.94009489085447
4.93019702457084
4.896249548169
4.84210558770518
4.77556836743668
4.69218041870068
4.58902815126911
4.45540382060292
4.27673755292303
4.06346775459645
3.81042022309901
3.51535562071665
3.18162386157839
2.81966330776314
2.44629977332377
2.08168781431695
1.7449679376454
1.45044356728271
1.20571564801552
1.01205909781801
0.866279027726761
0.762948511444837
0.696218520773872
0.660863473146817
0.652558613293561
0.667562360508576
0.740388389766178
0.884543031290261
0.934846935295481
0.852200236529633
0.740947891138197
0.995476652271814
1.15242924218228
1.58916804092688
2.07708367889937
2.01663189859096
1.63626211589515
1.42982747546295
1.2619625579672
1.14544488248661
1.08408297490331
1.07905338887812
1.13282732849714
1.25087534249795
1.44159808634896
1.71462871248488
2.07761667684501
2.53215176850065
3.0703937928894
3.67439650246032
4.31917849638978
4.97849568967631
5.63054215305369
6.26092427388853
6.86207247627687
7.36611181338224
7.79677910142564
8.18126223154519
8.52250957452081
8.84318403325196
9.11986799478705
9.35274975810973
9.45906062551253
9.37992341953653
9.08618155564226
8.56717459842227
7.83973696335583
6.95133053613142
5.97374191459917
4.98816439634498
4.06736088810742
3.26222309308656
2.59711589149071
2.07345179392062
1.67762274385726
1.38916816674486
1.18676014994119
1.05145284949759
0.967725881229882
0.923129585414721
0.909456041382526
0.948830425639581
0.941934948149999
0.860493548985722
0.773241408829266
0.987910315341905
1.15589722655592
1.41968425748004
1.61366775566969
1.49284137234644
1.25063478894691
1.11482916837786
0.998624413967868
0.912337307134435
0.861685753756623
0.850310307188442
0.88217549307668
0.963303116666844
1.10267211142802
1.31216104243382
1.60536545938317
1.99527821783136
2.49130769442604
3.09670901429874
3.80767073185254
4.61461052438928
5.50495022216876
6.4656614099318
7.48395929198081
8.41881802633454
9.28272577233768
10.10583487271
10.8835437821441
11.6646440423572
12.3962894982739
13.1070798878959
13.6146664275318
13.7832585637819
13.5585083761988
12.9272233834027
11.9275205867358
10.6466738785368
9.20514699716019
7.73154813975485
6.33753419492692
5.10109680232707
4.06183608354299
3.22631275879006
2.57855947004352
2.09097854790221
1.73277493245134
1.47510426819816
1.29339694132769
1.16779674402474
1.03449966231764
0.949953146541064
0.898992081329857
0.845280358738695
0.809810628180674
0.763249700450568
0.953726840964249
1.21341691805263
1.41811335309193
1.46519828856257
1.39471868803668
1.36843335224236
1.35321885689303
1.35556144574696
1.37984052625711
1.42807522027706
1.49923708435712
1.58826367531398
1.68528464904787
1.77600468290275
1.84411120298623
1.87556146412498
1.86306088802964
1.80835514836
1.72110295230319
1.61522231957442
1.5048424823794
1.40157495928018
1.31357620613057
1.25175108483992
1.21244390141181
1.18968284744496
1.18223786989574
1.19013780224538
1.21629967465414
1.26891601894943
1.35794274938312
1.48178007758693
1.64362325279218
1.84749272250294
2.09861947728163
2.40376618284524
2.77117430259002
3.20973947989983
3.72700689285957
4.32566182991849
4.9984424006253
5.7220033306726
6.4514155477657
7.11855658802143
7.63856586204429
7.92684700051859
7.92358949505214
7.61535711949308
6.57113387955735
4.28627845101929
2.68084414026853
1.77285655950253
1.2473533657475
0.63149423007983
0.871836949444148
1.20719410574791
1.31615107933963
1.08243021286271
0.867760990627529
0.784070398736619
0.725969060331544
0.694357840741794
0.689436111802963
0.711575290918112
0.761071302944484
0.836894634536516
0.934647151093406
1.04454187739465
1.15105597333472
1.23581368144913
1.28327094894644
1.28616688464305
1.24740378393226
1.17768908905667
1.09108848922398
1.00110574647288
0.918531803677492
0.856665428023464
0.814935022919711
0.787953564235492
0.774914112232562
0.775051872933502
0.790346158939742
0.826131978146533
0.888555596568182
0.973932033823763
1.08072619466429
1.20712902479848
1.35173021380407
1.51452140019066
1.69803673387855
1.90837719635658
2.15584650570677
2.45484032339195
2.82241484850845
3.27470093669305
3.82034247040621
4.45101171087904
5.13140204085345
5.79444979430058
6.34877992024151
6.69916659975899
6.70743332194907
5.01173902630848
3.23992722214715
2.13441891492697
1.44860785498654
0.512141613934215
0.707737922721229
0.988959137459281
0.997790515896868
0.709280050918297
0.522961155160895
0.455913666863332
0.410797950234618
0.385445281101468
0.378175242825119
0.388295869632099
0.415812158180556
0.460609971040856
0.521150207088364
0.592985030365716
0.667954973285909
0.735115662830844
0.783569471112106
0.805878791716925
0.80015744342004
0.769962617367533
0.7225847154826
0.666896451253302
0.611546553659638
0.567814953875921
0.537423044686557
0.517324769969315
0.507324485505424
0.506854828262719
0.517130577638114
0.541263847822558
0.582121423597348
0.634948743049396
0.695730592994222
0.759699775945154
0.822223572324451
0.880116954488619
0.9330527205658
0.984597075764475
1.04250420903624
1.11824108771084
1.22603286710361
1.38167269499264
1.60082335109118
1.89597859218652
2.27139783620226
2.7168068103934
3.20315710576577
3.68534114280972
4.47421945104243
4.51815515040386
3.58735979339376
2.5635908639329
1.72071464685438
0.412945227197386
0.496095173171238
0.621622537946979
0.608376327240387
0.461751598619092
0.368906250342775
0.332403368988896
0.306587200800204
0.290644842611917
0.283796849023005
0.285571973853822
0.295725038464818
0.313971299465147
0.339602914893514
0.371078938986557
0.405764399554244
0.440018425019781
0.46971122466301
0.491034942563362
0.50133016851806
0.499678335036769
0.487140957145145
0.466618917033626
0.442334052564779
0.421029679045653
0.405452192751874
0.395106874649449
0.390533378775027
0.391927617249089
0.400271139536898
0.417726483556792
0.445713095839369
0.479951434529883
0.516322244823383
0.549879715864984
0.575820528531457
0.590902655001713
0.594832627693057
0.590907341835371
0.585481405514792
0.586569920594471
0.602451515069183
0.640944743731386
0.709302679709281
0.814101067362326
0.960492166754239
1.15074158906541
1.38284309312325
1.65069450051511
2.22745223463881
3.002055989747
3.34168527108053
2.91374141221839
2.05252098040461
0.374256208970829
0.383037135089275
0.431358252706208
0.435599755881818
0.387548977727706
0.348149106651291
0.32798964084826
0.310408103319008
0.295873037722484
0.284804884423539
0.27769486451953
0.275074074045285
0.277401043998798
0.284915243287417
0.297482591657914
0.314458821895391
0.334609025107461
0.356132365544586
0.376832638631491
0.39444371517845
0.407072401362539
0.413671178167684
0.414405417546135
0.410757932179493
0.405791362427721
0.40194132983248
0.400199682430605
0.401412332603013
0.406496430351782
0.416439153010981
0.433311369347969
0.458197281404971
0.487175985860796
0.516447095135776
0.541225836109543
0.556727543230784
0.559665060001175
0.549709454932782
0.53006675791355
0.506685324594206
0.486518567019406
0.475888715584731
0.479716577162544
0.50159023561067
0.544140157010533
0.609243767198765
0.697951042441225
0.810401334454329
0.946121800510689
1.25495386147479
1.84652774509596
2.46424644642089
2.66783802826538
2.19454136985875
0.366886366320614
0.344972107360254
0.371045241501874
0.387213873078546
0.378053266524467
0.35986332486267
0.345638747281075
0.329855231821917
0.313647986217999
0.298374875899922
0.285491584343074
0.276356683489529
0.272059798430793
0.273311703569351
0.280384227817405
0.293068792579599
0.31063932729778
0.331839472341502
0.354940234256122
0.377914433571432
0.398745332047077
0.415835789492711
0.428421904566455
0.43684531889447
0.44203763770509
0.446089543965841
0.450702500949808
0.456804341165265
0.465814447554168
0.478716654571627
0.497755772407275
0.523898399364844
0.553116592061052
0.581631025673862
0.604474648382832
0.61653845515198
0.614212157905238
0.597014552017964
0.568251908883628
0.534134766775207
0.501811312649527
0.477490209890509
0.465533437032381
0.468535964574835
0.487855813400865
0.524100610333503
0.577411269693117
0.647667074077168
0.734827898735742
0.940521685111371
1.37980542216372
1.94437723535329
2.37105388811015
2.19518148848135
0.370777688457995
0.3282878485339
0.344577982243539
0.371117753381659
0.386511917666762
0.380785446788495
0.369255213568055
0.353227715958822
0.334534981319869
0.315477035712498
0.298396516050554
0.285307685708899
0.277694825261016
0.276476554227325
0.282057224974937
0.294379438209373
0.312933677355564
0.33673631367991
0.364327473766148
0.393851706518577
0.423265779955153
0.450674265933723
0.474732576748577
0.494997037845144
0.510484591840351
0.52294394895005
0.534736116301072
0.546811291200293
0.561147776372278
0.578704239591984
0.60203302795842
0.631940027853757
0.663884074575829
0.693845234802755
0.716358117694958
0.725688064197007
0.717714865356095
0.691824879893377
0.651693021289368
0.604278672003694
0.557543784251743
0.518241876713625
0.490819978591951
0.477499110533874
0.478950474225177
0.494999778071507
0.525131345638146
0.568846166694474
0.626008257318581
0.767455580903075
1.09629866645674
1.57420306022726
2.07014322276628
2.13718997269482
0.385095608023809
0.325271903879821
0.337733406086216
0.375322001391672
0.409287248962464
0.41087478785357
0.399885183783235
0.382318968351794
0.360870096033377
0.338763694365917
0.319061963951736
0.304204239792397
0.29586358954248
0.295029295523497
0.30216440357596
0.317320603261974
0.340163658363137
0.369928054317359
0.405360711447098
0.444726803929901
0.485937687735168
0.5268245172335
0.565525131389734
0.600888169323813
0.629720061029389
0.653419157743752
0.675194471673686
0.695990072576057
0.718562075644003
0.743804007214069
0.774764078485007
0.811896437487628
0.84950450215399
0.882931704297594
0.905736847202897
0.91112204432373
0.894228598287448
0.854431774890836
0.796274885966859
0.728231509768337
0.659911291852555
0.599337327637415
0.551572533332345
0.518810872765925
0.501251001155714
0.498051319059957
0.508042539090443
0.530196383831634
0.563958293297613
0.656182934709709
0.893356611282779
1.27416407764294
1.76398477729438
2.02724604413305
0.410417057082919
0.334779096908102
0.347775090285743
0.397789320382985
0.446001819773512
0.450508067050325
0.438400288244706
0.418730252936204
0.395131359654358
0.371567151293628
0.351522113843295
0.337604330757017
0.331537337632593
0.334358932218315
0.3466396517244
0.368607629849186
0.400149971746915
0.440722424237747
0.489234817503538
0.543992349822721
0.602763674539496
0.663015649322308
0.722302017874708
0.778726668426994
0.826260480446209
0.865970293804508
0.902283077698602
0.936123829532264
0.971382666675355
1.00880586732928
1.0521611316731
1.10113582223298
1.14787564667767
1.18646969822159
1.20882322802329
1.20653457662878
1.17384501584725
1.11050170175112
1.02281994830846
0.921986898591372
0.820442021891299
0.728396107970904
0.652088638230147
0.593932195946097
0.553684009407619
0.529737301099605
0.52008191122947
0.522892243836759
0.536865231479664
0.58923149534215
0.75039755123796
1.03828601047919
1.48019116807595
1.87887473205925
0.447184740735905
0.355810909868103
0.372911109019208
0.437615005116235
0.497305878888098
0.501739431112673
0.487830833449956
0.466550384587532
0.442401258420459
0.419808744044385
0.402405644309781
0.392822902220047
0.392835142525738
0.403631125652403
0.426033308049277
0.460581888173254
0.507475309579302
0.566410770089057
0.636399804556202
0.715648099895497
0.801582833186107
0.89108114001327
0.980898369266794
1.06822062658905
1.14309621814725
1.20632056689636
1.26415324106013
1.31750108817515
1.37191151450767
1.42781186672777
1.48989084884206
1.55623750890109
1.61534378338447
1.6591257175182
1.6769546578438
1.65829624772445
1.59663038767937
1.49302113361082
1.3571451284359
1.20472461096252
1.05262548958112
0.914323438776596
0.797735925171661
0.705538258891497
0.636809491770771
0.588806216872983
0.558257622432306
0.542117704712471
0.537952352519292
0.555994856961618
0.653211001909284
0.858711418112095
1.23482583095764
1.70994279608495
0.495515209998607
0.387325679074648
0.41182299272718
0.494599173868981
0.564934702204467
0.568566120861
0.553641695822804
0.532648895185837
0.510780407120358
0.492685392922569
0.482021374899307
0.481478396587588
0.493040634252406
0.518266837262781
0.558455675329588
0.614644439168046
0.687450815025768
0.776812221083487
0.881710716232562
0.999990312513789
1.12836869240088
1.26270935568004
1.39855230319923
1.53181109856675
1.64691876341908
1.74456502236642
1.83376815139312
1.91543367799507
1.99743774044883
2.07952941835859
2.16731147556892
2.25569717163378
2.3275267053533
2.37134395258893
2.37310065522602
2.32000521924977
2.20573405375114
2.03467093469703
1.82244293169204
1.59180497102961
1.36589112450323
1.16239636402257
0.991076891649649
0.854501105738425
0.750441687181592
0.674324844990083
0.62096252915559
0.585514168762199
0.563953623181005
0.551054770306169
0.592964474913461
0.727718088024073
1.03478500566402
1.53794572657001
0.554900947097989
0.427867784291679
0.462850068026888
0.568399271860815
0.651397156847985
0.65690290006129
0.643854731842374
0.627055448853318
0.612186892719793
0.604023796052334
0.606330837709432
0.62208877822184
0.653805377495049
0.703744563814051
0.773986456746755
0.866291496561406
0.981791825465417
1.12058096214979
1.28131678791573
1.46097867101125
1.65490908579714
1.85721307583702
2.06149076781968
2.26176053417295
2.43445557321703
2.58059067115274
2.71320002086682
2.83324028781768
2.9515746816817
3.06656690773473
3.18409181029355
3.29312912799734
3.36884406542571
3.39530722465472
3.35484122462514
3.23356723418163
3.02799363017716
2.74941659204607
2.42302391313547
2.08132542286089
1.75510921871532
1.46643429393945
1.22621692948219
1.03587250836114
0.890780313865321
0.783573281744429
0.706352255342566
0.651841943857019
0.613917144636869
0.572987526249145
0.565247590019982
0.638774824868122
0.880732827427912
1.37669452474113
0.623848703721366
0.475128281219812
0.522902870735245
0.657088711876152
0.759010384390061
0.774122523494192
0.768997019498414
0.76348171371596
0.763606825774551
0.77434766360534
0.799850204256129
0.843783422080388
0.909627361397637
1.00079174996214
1.12051062545456
1.27150026459299
1.45541926259666
1.67223502866863
1.91966513023031
2.19289355595302
2.48473019713627
2.78627719365833
3.08801187223247
3.38104093996619
3.63088406179847
3.83990101526082
4.02659370270648
4.19212519516549
4.35055561740749
4.49763091338056
4.63750574863245
4.7490438097785
4.79929745668329
4.76800018406073
4.63574608721143
4.3913964906297
4.03941636670212
3.60311566748083
3.12092345298292
2.63661688755667
2.18816321667744
1.80031400286205
1.48313061505958
1.23507712905464
1.04777359780885
0.910111798700334
0.81083326397752
0.739739899078599
0.68817215863568
0.623612896779806
0.56963128815192
0.587309204519019
0.769839136255895
1.23494859872986
0.699551460303401
0.525585690114927
0.586308250199295
0.755019060067792
0.888033776627346
0.927818614473843
0.941462176827454
0.95949269135044
0.988233521545698
1.03305431098679
1.09884732438728
1.19042419271515
1.31272158316634
1.47074977276198
1.66924029542616
1.91198823861011
2.20095821383501
2.53532483597187
2.91071250310481
3.31892766708758
3.74839242839817
4.18529284135293
4.61521350478145
5.02483728751323
5.366105837565
5.64487904499389
5.88632556020327
6.09224930430099
6.27888601479509
6.43762526233114
6.56682062808903
6.63034780344015
6.59161259319961
6.429432193018
6.12850885213782
5.68784232146302
5.12697722000712
4.48601331146158
3.81784103327998
3.17544604158405
2.6000608823167
2.11499421747218
1.7261733980472
1.42702437628026
1.20434653215654
1.04290318649998
0.928019681971225
0.846565584437522
0.787177961882958
0.707205810834691
0.609559073936012
0.571252558364646
0.69785052302684
1.11663158450752
0.777768365095214
0.574421928680765
0.644262950374279
0.850595337275295
1.03398707685856
1.12319614260976
1.17327741565171
1.23494367847125
1.31477936524008
1.41866998024866
1.55243143447809
1.72221579836651
1.93462264974847
2.19643805327324
2.51393893630028
2.89176987263355
3.33152681152496
3.83034398178587
4.37990773634883
4.96632030309026
5.57104600516295
6.17282794661325
6.75010554504114
7.28325752584786
7.71006041740469
8.04382252845683
8.31648224759641
8.53153719386376
8.70425963948298
8.8200787461581
8.86547067646824
8.78652065506261
8.55652417873885
8.16191401059698
7.60162367169492
6.8941007818555
6.07969694339319
5.21572664536109
4.36499392191538
3.58231571837923
2.90465953001067
2.34811890370641
1.91111897606071
1.58075641624517
1.33907325951326
1.16743681424639
1.04866748697298
0.967451992316693
0.910011787976542
0.828784271348717
0.691661085028443
0.591016461041393
0.66022471052605
1.02191600110829
0.853131215862964
0.615950771460791
0.68601333524572
0.926351753372591
1.18506759052815
1.35861410747502
1.4708989676057
1.60630377410823
1.77154410422619
1.97264172442097
2.21571841382675
2.50750351424841
2.85549024335106
3.26753370014071
3.75075244988239
4.30976703638622
4.9445520632419
5.64842509627978
6.40683683039022
7.1975383315671
7.99232883283636
8.76003778177532
9.46992218806408
10.0945056389216
10.5617063544081
10.8982133553208
11.1407266375474
11.2964808381048
11.3743194666998
11.3537776890462
11.2034020586644
10.8552963691095
10.316227485696
9.59251941943971
8.70785137502922
7.70566526215401
6.64576063429776
5.59493637151441
4.61463627390258
3.75029885373196
3.02615774195694
2.4463212509083
2.00017749130634
1.66909420311336
1.43201273868089
1.26885904236965
1.16178568700822
1.0947689712435
1.05248904725714
0.990601163945593
0.821883481120334
0.64750635953174
0.652312885495956
0.948522927865016
0.919731453389611
0.645188533524062
0.701732586503365
0.965573029486052
1.32122887612985
1.62009597401317
1.82633566860882
2.07450746566915
2.37077795923935
2.71981050394401
3.12564396710434
3.59273599311358
4.12668470000422
4.73406298442431
5.42099846912142
6.19059542751034
7.03978560594587
7.95653708528382
8.91842109587406
9.89324658278957
10.8418352766743
11.7222408242781
12.4941883033566
13.1225061475904
13.5366787691091
13.7832610381633
13.899109807836
13.8980835242904
13.7762345711101
13.510588218501
13.0494847484421
12.3242365459811
11.4008475676791
10.3148186696053
9.11763495492925
7.87296731057934
6.64858519384825
5.50610018945584
4.49193423489819
3.63244920169022
2.93424735276651
2.38851540330912
1.9771271795732
1.6783426353122
1.47082536269446
1.33563428275263
1.25640347629886
1.21817904236903
1.20506775375579
1.18778323927192
0.994514478535523
0.734540051909981
0.669362854226613
0.892653899902894
0.972707288769577
0.658216711384285
0.68919732773243
0.95788138034359
1.42068359245499
1.87673849830068
2.20713545486301
2.60740445133767
3.08230229960255
3.63194852738912
4.25331372552388
4.94274317554646
5.69847690086227
6.52164335266587
7.41481171040834
8.37836248233288
9.40592126793227
10.4804908912165
11.5727065028958
12.6419632718869
13.640211891295
14.5173032283471
15.2263121087596
15.7275097753319
15.9688624195112
16.0200480907262
15.9117763756352
15.6668979552378
15.2644211532392
14.6852523576125
13.861801170071
12.7430162957014
11.4660051904865
10.0935042373299
8.69526460827924
7.33997638353291
6.08658944064532
4.97754580012025
4.03577339003226
3.26582195924751
2.65807996781926
2.19429483857005
1.8527553004032
1.6121324063376
1.45365205675608
1.36169574250268
1.32306441994026
1.32502810497293
1.35279184213808
1.39685306489241
1.20179485670568
0.849126830312138
0.702470444604751
0.850566139660664
1.00821058463963
0.654829407388198
0.655015644560686
0.911437563437734
1.46355931889897
2.08424355111369
2.55251573838489
3.12650367279289
3.80791082906922
4.58782620092518
5.44919120436875
6.37237411830007
7.34143620099388
8.34766596230349
9.38845574903128
10.4621937144372
11.5616520183025
12.6686050954852
13.7515542468257
14.7671579321842
15.664723623218
16.3922352766228
16.9021775860629
17.1559302976537
17.1349587449147
16.9277972677332
16.5533898431113
16.0432348646292
15.3598945428642
14.494173723953
13.3721135785065
11.9734175283531
10.4923456168277
9.00472562615951
7.58096044232926
6.27787990764786
5.13349741411403
4.16579437132689
3.37521786326847
2.74950755850808
2.26916379397736
1.91223535245856
1.65775158126354
1.48768252951194
1.38760636351651
1.3462988537909
1.35432266268596
1.40158764803891
1.47356175038319
1.58859797893329
1.39325559104259
0.964251581970523
0.744052050356002
0.817483127635985
1.02492984339236
0.637011037942307
0.607210328195363
0.839232240285576
1.44217213470572
2.19660438789752
2.78546970984756
3.5160853298226
4.38509729621018
5.37059032768176
6.43587558507563
7.53966674169664
8.64780973544091
9.74035488105321
10.8107483192031
11.8586720670538
12.8808373406563
13.863804381963
14.7810157515135
15.5942396560248
16.2582325027222
16.7268018011697
16.9585939071575
16.9216555277864
16.6349472789937
16.193633043901
15.602564557729
14.8978488763177
14.0312734256412
13.0052187344878
11.7495583455632
10.2746036835731
8.79722767817917
7.38879218352466
6.10564310835485
4.98405626607503
4.03963109285114
3.2705034157876
2.66270090377543
2.19582378380595
1.84777031275494
1.59796937270031
1.42915490920872
1.32798062312025
1.28476850996727
1.29251642757502
1.34507309598668
1.4342163484733
1.54547255261588
1.71790132392727
1.53781938513954
1.06108416169183
0.782405503175656
0.789913485957291
1.02361740511342
0.608081851047756
0.553912180691511
0.755018399272034
1.36168221488386
2.1841875521512
2.84249312035659
3.66608208537397
4.6451734132817
5.74417119908715
6.90729843114892
8.07354791286536
9.19365270740627
10.2400937856399
11.2060571828619
12.0960959045364
12.9146358724696
13.6574315462497
14.3081161218502
14.8394646353689
15.2176911161379
15.4078767904562
15.3791278575475
15.10887709191
14.6438816832996
14.0711532340913
13.3833587359051
12.615237364288
11.7159461734347
10.6961216322966
9.49624668862118
8.14590442319004
6.84808060459715
5.6586474675843
4.6149793286333
3.73442342819415
3.01689458141791
2.44997059896815
2.01455044597781
1.68964314970616
1.45565797451698
1.29621638495225
1.19882380801338
1.15476262158284
1.15841332612264
1.20598495824778
1.29342956310573
1.41326200434858
1.55037925034902
1.7550858250471
1.59410461205375
1.11693917560427
0.80876302854488
0.764871038588339
1.00681296648359
0.571547411831832
0.499554538225061
0.668269390753625
1.23658031224747
2.04817985738743
2.70596638935673
3.53017281385556
4.504706389193
5.58458653206163
6.70342389530752
7.79116433955878
8.7933017695886
9.68150526270007
10.4517933752757
11.1140557169031
11.6798983418913
12.1540254220911
12.5308665288203
12.7955685360155
12.9274707578209
12.9043436514584
12.7064017118645
12.3198747228628
11.8024743699489
11.2227907145609
10.5660291536281
9.8607490970704
9.06062718613134
8.17916632190491
7.16981497805673
6.06758410414464
5.03871950581259
4.12175504768978
3.33834123728413
2.69388382076021
2.18121033589535
1.78551234770215
1.48897637964608
1.27421081722965
1.1262849461948
1.0336257994111
0.988135871640045
0.984801780465797
1.02087267800225
1.09448161610225
1.20245556150458
1.33718069770818
1.48304690240594
1.69216662990149
1.55668343915663
1.1241001044226
0.818341649301465
0.740663633556875
0.978212738890739
0.53053040672789
0.446465063688273
0.5843344607243
1.08649518670333
1.82098089853784
2.4150507506126
3.15424358282135
4.0182041405424
4.96025843676221
5.91587073627822
6.81972853140269
7.62299512167767
8.30201926153029
8.85585671399559
9.29659625222195
9.63875680803081
9.89204978890642
10.0586009062953
10.1335746065797
10.1075109494729
9.96906835847463
9.70763085049283
9.31586537081479
8.84782760386998
8.35096356930057
7.80803936439357
7.23955207527607
6.60773592191595
5.9247422490516
5.15616934422111
4.33292362072404
3.5784109033648
2.91745007051192
2.36191872638203
1.91204749039285
1.55971392738516
1.29231470636993
1.09609814038812
0.958443706344676
0.86909010333985
0.820568059775418
0.808112812457057
0.829212181976749
0.882777050533209
0.967773245254935
1.08112953714006
1.2150124285434
1.35431052778507
1.54786973312901
1.44807607553499
1.09018052826714
0.811867997452725
0.716883935048518
0.942010754778148
0.487828469268391
0.396244943867106
0.506805781422255
0.931895763031015
1.55224558696995
2.04538110656811
2.64912049345088
3.34205954079518
4.0831598655427
4.81971116791907
5.50075096390345
6.08947119826964
6.56880095172494
6.93897012345641
7.21029070320529
7.39560538576343
7.50524537234995
7.54504726544137
7.51652956468281
7.41801325779553
7.24589436728897
6.9959184815204
6.6647348520678
6.29522007619523
5.91667525749347
5.51295966943943
5.09717965967489
4.64097782444822
4.15329832581032
3.60960574700994
3.03291848868094
2.5087330118836
2.05281340540475
1.67209372504649
1.36574871876021
1.12756167140037
0.9486033956108
0.819478337367218
0.731821384614529
0.679074013671676
0.656722543432987
0.6621714369666
0.694324759421521
0.752826189051433
0.836827547539051
0.943214887271853
1.06455116031385
1.18762906517208
1.35758399516436
1.30286765772329
1.03192123409632
0.794544399527192
0.694196576773894
0.902401326590038
0.446082882014362
0.350504211853805
0.438852074737916
0.790361790336265
1.28970930149144
1.673772398508
2.13195293457462
2.64482815847956
3.18117276148017
3.70412835036235
4.17972997618628
4.58396759479395
4.9055182823664
5.14397153443283
5.30558527782308
5.39902490653774
5.43253115421481
5.41267950305968
5.34413457887941
5.22972664972164
5.07054247824113
4.86617246872886
4.61547889669576
4.34900861084131
4.0831161440919
3.8044162454011
3.52049086120333
3.2112227542211
2.88230160926322
2.51652994835512
2.1291271504004
1.77665088079707
1.46932312383013
1.21186596272435
1.00407726372718
0.842265839337109
0.720941335743788
0.634272222800966
0.57708384707966
0.545391777812576
0.53657003708454
0.549249134637687
0.582974311467811
0.637581542967357
0.712221814500786
0.804053002097647
0.906888549352133
1.01049277816908
1.15840728421874
1.15385552723862
0.968012813846782
0.773781372142741
0.673900696667654
0.863267701344321
0.407874662874097
0.311042310817592
0.383459635848389
0.674331922488157
1.06620360530078
1.35275357982456
1.68223939089013
2.03922576524316
2.40313363072256
2.75197630419764
3.06644392799731
3.33279527694067
3.54371530866521
3.69739699623664
3.79581149171947
3.84310005213352
3.84450807153331
3.80575379937826
3.73249429820589
3.62966391662187
3.50076176592767
3.34742911677105
3.16969994109753
2.98798084728761
2.81054172457523
2.62706312985596
2.44154293119917
2.24020310853693
2.0262405581386
1.78763962990996
1.5335035927363
1.30008436253811
1.09414865079174
0.919363191963583
0.776431595871704
0.663797275484126
0.578601012467372
0.517586218789077
0.477769129670871
0.456829274536975
0.453254942821094
0.466289484455338
0.495694900666646
0.541315608804032
0.602423660456954
0.676892327478302
0.760396044715529
0.846022203401811
0.978429522933127
1.02487109040115
0.914437359624916
0.757053944997632
0.657437573108302
0.828004539521839
0.375766543636174
0.279810399457567
0.343463816575538
0.591201656900262
0.897373433806013
1.10539205180893
1.33273524481742
1.56899110051065
1.80308845185619
2.02461628235409
2.22476082556506
2.39670337413749
2.53557029389353
2.63823429750081
2.70325493734804
2.73102706982299
2.72394302216004
2.68625249389067
2.62341131731905
2.54098649838008
2.44346672157199
2.33345479807716
2.2116162719619
2.0912027233468
1.97594338977725
1.85822915692243
1.73997606300558
1.61194067517057
1.47570337967767
1.32283879192358
1.15820222463809
1.00437178536659
0.865739624138014
0.745231855658451
0.644174737916132
0.562495436031207
0.499160935807309
0.452685746475886
0.421563915103049
0.40455598786119
0.400824389740703
0.40993567823604
0.431744165012133
0.466159652930669
0.512801069383123
0.570558473939213
0.637130098392016
0.708658039308916
0.833370633865312
0.929876226644435
0.882954246673563
0.750554120956928
0.64598415457866
0.799402325819862
0.352396964076971
0.259009784375464
0.322143884974591
0.545683310499494
0.786889644909636
0.933883276161184
1.08352190907934
1.23094527521834
1.37280741502631
1.50667262546804
1.63025675976703
1.74078336427933
1.83469844470196
1.90793368272323
1.9567293107951
1.9787574991593
1.97406267273104
1.94532977651085
1.89726738939741
1.83531357487882
1.76419126654568
1.68689143163392
1.60445363829649
1.52549488372534
1.45143355856657
1.37683079720894
1.30251962286308
1.22240933903125
1.13717620696928
1.04093233443058
0.935788194978062
0.835141971267058
0.741499282752438
0.65697326672795
0.583063685741167
0.520563421153371
0.469644911910499
0.430070094599828
0.401424184487569
0.383300540385839
0.375412093953707
0.377636157499247
0.390006401564135
0.412658761528658
0.445726993494118
0.489170037042098
0.54249560702269
0.604334453501969
0.72869026868441
0.875505562006936
0.881549563026685
0.758556518295113
0.640192288884962
0.779529081005843
0.340738694908779
0.251665506175831
0.325044923813224
0.543733844990889
0.733584841362547
0.830971007911696
0.920057588969827
1.00187073276597
1.07895288883682
1.15371779689284
1.22729365679735
1.29883403229719
1.3653562628326
1.42221321458678
1.46422020064825
1.48719177217993
1.48933560204829
1.4718742289098
1.43857736254322
1.39442804702151
1.34405156991942
1.29057370309868
1.23529606213418
1.18392788171897
1.1368436855286
1.09030078512129
1.04464658179409
0.996038018611861
0.944746241296424
0.88682933001909
0.82271809233683
0.759386599784802
0.697573671944803
0.638280335743897
0.582644624575566
0.531756119109075
0.486545012004352
0.447772800450737
0.416071787845293
0.391980000181824
0.375961317904153
0.368432604972892
0.369817969885657
0.380627599448073
0.401533532102662
0.433388819598909
0.477097630169794
0.533191242998367
0.66368988248092
0.864044861884582
0.915045201365666
0.783019098797283
0.640071084044178
0.769455373268217
0.346585887065392
0.267010991783111
0.375262550224692
0.613071120420252
0.743143866895311
0.786065576792807
0.814999775037702
0.837779620924198
0.861276617292746
0.890225518530566
0.926822949519288
0.970648038535827
1.01876085538292
1.06614233468457
1.10670693968853
1.13486732009492
1.147182436951
1.14334542955282
1.12599564712905
1.09947230367303
1.0681784358681
1.03531907768622
1.00246806404995
0.973154517195667
0.947365101955422
0.922914683103462
0.900012603396266
0.876837347876146
0.853621857862978
0.828464070926724
0.800760688852171
0.771746068800489
0.739840737281892
0.704005065548224
0.663991094106533
0.620382715596264
0.57453741633234
0.528456855442573
0.484543396510252
0.44524773721455
0.4127209923752
0.388622756051116
0.374160293947305
0.370318584566244
0.378174176839369
0.399174582989017
0.435248355987784
0.488537670011919
0.633305614756568
0.904203526101608
0.999545386704103
0.830890518341738
0.646007324023392
0.787592967642378
0.421067832818358
0.425934017153267
0.755296891819985
1.03911449274494
0.952292686216845
0.868547279019415
0.788890931923954
0.725684988050865
0.68387499921498
0.664275852434235
0.665629571769474
0.685418935191934
0.719875260998821
0.763767419997594
0.810585590759991
0.85352480578842
0.887121120915427
0.908766518711374
0.919203129762659
0.921700667588466
0.92044486703202
0.919025807410496
0.919693550780848
0.922827549288947
0.928542399370689
0.937009773949343
0.94873700774028
0.965594653680351
0.988554769518783
1.02080814931035
1.06143793802887
1.10156148244098
1.13290570710149
1.14629463551632
1.13367387786642
1.09040924967397
1.01723506789342
0.920844401637062
0.812376605378836
0.704232304870806
0.606815652608265
0.526766016072018
0.467077473756859
0.428415083669842
0.410701642810925
0.414420503960429
0.441449631165878
0.495225754679515
0.676402337916936
1.08001588705113
1.2206249950614
0.936146308965776
0.665861053800643
0.846772386228552
0.712654346799682
1.18261317148622
2.58673993617299
2.4676917167639
1.51942357429889
1.16387584493095
0.910705984901931
0.740727727967352
0.633936579206353
0.574506415423542
0.551504142136127
0.557777107152795
0.588314749585344
0.638627204004829
0.703543114792535
0.77690209878365
0.852429145032346
0.925442577345012
0.99439851121542
1.06130969612322
1.13085798299579
1.20883505183882
1.30080508783387
1.39877411624865
1.50222283251648
1.61756660306446
1.74599495904609
1.90225724939449
2.09110389946414
2.33784599954023
2.6439965660339
2.96414300180442
3.25845683745428
3.47214067656618
3.54777472683401
3.44600924916653
3.16604057450363
2.75198564374167
2.27740921571897
1.8164978323773
1.42046546260761
1.11078275593522
0.886417987042657
0.735456014170771
0.64419160449452
0.601980412126522
0.602907788656082
0.645389008066845
0.838029212984838
1.2660075175378
1.35940794166415
1.00075850245401
0.698282353227633
0.910364298713532
1.02474111505817
1.77410871054508
3.10897528322777
2.70550557891842
1.6978824893249
1.27283624173601
0.967635120972698
0.762879675958181
0.633867201862358
0.560710863176492
0.530086069527949
0.534205270761995
0.56910691480783
0.632872880651212
0.723983067843553
0.840139127750569
0.978080247170105
1.13471998615576
1.309255898841
1.50526122969161
1.73179953335465
2.00327283233615
2.33838842694111
2.70972865853953
3.11327135613515
3.57359146542716
4.09230614838628
4.72482996128934
5.48422740858077
6.46297806674704
7.65008383068546
8.85534853860432
9.91582566463143
10.6184729407465
10.7590143362129
10.2310644459403
9.09601121981666
7.57560849364728
5.95986052522308
4.49207867848622
3.30410322655403
2.42109502152988
1.8041903150325
1.39304488773635
1.1312874450909
0.975978082957321
0.897943953094598
0.878412495068652
0.957620886663246
1.15569312627869
1.15601353867271
0.924567550660278
0.72142829636736
0.939726164233235
1.10061546386021
1.47446816706456
1.80603841506526
1.6349406033826
1.24825910762185
1.03583057962625
0.855969881177939
0.718268023597799
0.622919233657218
0.566272903088054
0.544550395962176
0.555662209335047
0.599728653427158
0.678796296715227
0.796058084972149
0.954910475826065
1.15838637310469
1.40960133871814
1.71352961715627
2.07974250908174
2.5251827978705
3.07600757243556
3.76783998431105
4.53906986046696
5.38234917431574
6.34234911216837
7.41782932447031
8.71190345330356
10.2233559569553
12.101856653313
14.2175133401071
16.1574384678138
17.6134465511674
18.2749868106638
17.9350068378092
16.5884696273804
14.4592620903134
11.9253882119605
9.38194996265588
7.12206044500738
5.29005351117582
3.90336520444592
2.90482937988076
2.21075606142688
1.74047544427537
1.42861820748098
1.22682497557976
1.1007862908098
0.993811021570927
0.950035021400268
0.902644700545465
0.816157175537086
0.749224957632637
0.693670239377993
0.885214113376671
1.14610337842536
1.31354555204966
1.28653288468617
1.17807665643455
1.13420989307807
1.1062155849804
1.10011616244523
1.12026880746522
1.16927550369359
1.24714966494055
1.34962084255664
1.46609470394188
1.57873952064888
1.66473616163105
1.70251417260062
1.67960921377931
1.59741978712179
1.46981430343319
1.31701735814226
1.158887643705
1.01067487679112
0.881824605932371
0.787154863501856
0.719172777056588
0.669316742077178
0.634833595464179
0.612269854009893
0.603674030067627
0.610727393878698
0.641179178730224
0.693958795600147
0.768410625633964
0.863836296824156
0.980179087147899
1.11913465465618
1.28532720833482
1.48705115386771
1.7361717975412
2.04692569564941
2.43328109911738
2.90419716968221
3.45610971840302
4.06328035154311
4.66987759723014
5.19131633936424
5.53191927067069
5.61693009180595
5.16542712106014
3.48732582974288
2.17530919159711
1.46761358019932
1.10730707335455
0.562832382362994
0.830967427334696
1.24844794449855
1.25648834260692
0.825446941192088
0.573344092709577
0.485365889938813
0.425706920159262
0.390968694176836
0.379689945457911
0.392754604476447
0.433219236776253
0.505236140123141
0.610983789063188
0.745071284941521
0.888958426333795
1.0117753609702
1.08157606833959
1.08066005820175
1.01288454003437
0.898760641594573
0.76461091220651
0.633473721833955
0.520733271636169
0.441655564225835
0.389576974243644
0.355609958127944
0.336469127944448
0.329326519439847
0.335182853822487
0.356259422221314
0.397428990294386
0.454009317717648
0.521278308586199
0.59238610583684
0.659659485482986
0.717215935592326
0.763782719244418
0.804278377315768
0.84956710835129
0.915141197200251
1.02001026990887
1.18623751634063
1.43791291588096
1.79685201180384
2.27221921925214
2.84450966631942
3.45172547962258
3.99217742545289
4.52636585329471
3.42981746911737
2.25143362226342
1.61986417749846
1.26220862795288
0.450485484786519
0.693235828237701
1.17235686785074
1.04655171993272
0.520023297835445
0.324459653202962
0.265545692156203
0.2279287364576
0.206798236607359
0.200262291572528
0.208696498945827
0.234454539073254
0.281209460148692
0.351878107683498
0.444425930572421
0.547309011411764
0.639453196331062
0.69776697771839
0.707636092113549
0.66854139101939
0.592241561238623
0.49679734036722
0.400403083934334
0.317000103328045
0.259775695678518
0.224143174719378
0.20332893004024
0.194624513405626
0.196349404884111
0.209427764579527
0.236738721560267
0.28237425115905
0.340266730564927
0.403308725959012
0.460621558083517
0.499983995895743
0.512631325186053
0.497961571957405
0.464696916044855
0.427314099591111
0.400587079130493
0.39650065643514
0.425088821484868
0.497399669462761
0.627693582133729
0.832316566418545
1.12333542835659
1.49720268467884
1.92287109956979
2.63697855972909
3.18617393303898
2.558609997482
1.93881193915103
1.54355900045232
0.359270941880962
0.465165722457195
0.679556345169089
0.638243389506446
0.405470113057309
0.306928259786528
0.275231543559414
0.255033767978169
0.244431252334595
0.2428183248482
0.250365046067161
0.267465531512629
0.294014449511603
0.328538410301289
0.367536506871868
0.405548667229772
0.436080193176987
0.452981723897266
0.451843308083491
0.431142560575532
0.392903611526316
0.342578064117625
0.287942285777285
0.237134562923172
0.200119428386213
0.17624736968854
0.162179526266889
0.156770720138442
0.159383265417612
0.171090603846823
0.194789708870663
0.233955833335387
0.283552756025488
0.337063731239762
0.383959603442517
0.411902585837005
0.411851120963173
0.383536818862656
0.336751616808873
0.286460063127676
0.245663802109103
0.221858012842317
0.218416248471637
0.237938244407782
0.284722960128171
0.365336602915947
0.4870650996363
0.654466161239773
0.865400718534197
1.33325630428565
2.2752417962058
2.94368390020675
2.43016280741203
1.99950609728883
0.325752195664987
0.346014176736945
0.432664685132442
0.468173384337976
0.44086835125227
0.418062097405304
0.406760303015298
0.395099425386549
0.38234224813417
0.368663842529089
0.355074972166416
0.343006960508612
0.333820940064718
0.328401941794131
0.326918657479187
0.328716228003279
0.332267163754068
0.335226490751609
0.334755841231114
0.328197051696234
0.313960557291705
0.292304747830566
0.265608389698641
0.237866913551456
0.215743168834272
0.200648068235897
0.191655067975457
0.188820122704405
0.192382841968173
0.203588681083069
0.225416071733131
0.260843534636483
0.305666445084899
0.354469873290594
0.39817166553909
0.425494931628184
0.427205863668881
0.401417931747187
0.355790711783311
0.303895464882854
0.258481477765347
0.22721798810619
0.213020492772699
0.216689937316138
0.239142029420741
0.282240433247835
0.348390319216288
0.4393968070322
0.555424893340299
0.830020235629976
1.37593923173865
2.07139416614949
2.57115462903592
2.2804572286539
0.32102909846658
0.311596987579293
0.372889881927687
0.444352787997962
0.505759724762762
0.526332124208091
0.524978888344919
0.511774319444313
0.486789994832113
0.452818939806559
0.414619691181251
0.377425964891308
0.34551572140678
0.321430186973689
0.305926670534596
0.298340764067939
0.29698463368953
0.299442189519358
0.302853963151348
0.304339124043337
0.301598298697966
0.293571855311685
0.280884677262447
0.265797167581656
0.252896462275965
0.244041348373063
0.239420073753648
0.239591868014837
0.245421404027391
0.25836791757852
0.28177378954
0.318729052558811
0.365154640428042
0.415920823041926
0.462147254253049
0.492386821864582
0.4965743509702
0.471446692767539
0.423455617216284
0.365962491455745
0.312623910991377
0.272383359732723
0.248888002790377
0.242698700874674
0.25357529209678
0.28160912885611
0.327287401922976
0.39101851078868
0.472737242285653
0.669321464829166
1.09778603711079
1.73205199594451
2.39704123660894
2.37840053964717
0.32686757285689
0.300729331252754
0.357608633267464
0.46025392038091
0.585859382763322
0.635406293590483
0.635946884245623
0.613373072081138
0.570313772881639
0.51407534401473
0.454014610486679
0.398504121427614
0.353029569512777
0.319908083541531
0.299071717304475
0.28906243772681
0.28771922588622
0.292496085183381
0.30060742484041
0.309226802442637
0.315860093546494
0.318857590251383
0.317881613548191
0.314082864380688
0.310219058565609
0.30821806802665
0.309127881087626
0.31381335632551
0.32381739859966
0.340843630822931
0.368888085462737
0.411380206237724
0.463915550644929
0.521210087336541
0.573799219209869
0.609126316762593
0.61558717483538
0.58843416013888
0.533472528369525
0.464797437403194
0.397908804247118
0.343731822888621
0.307119649237261
0.288754037836437
0.287638953291883
0.302628033900233
0.332897805404084
0.377864781837708
0.437098218406692
0.583456568213588
0.922111093072401
1.46560671067979
2.15745123919178
2.38758145388289
0.34277742745851
0.305271169507455
0.368697234716508
0.506546203675331
0.686523934220064
0.749400965187711
0.742176372934016
0.702702979908417
0.638333118140541
0.561520792817251
0.485065942930797
0.418423883253106
0.366485269017814
0.330375969902548
0.308988833626975
0.300249865226226
0.301785695888328
0.311116951210018
0.325652359997594
0.342725175789973
0.359807436217581
0.374906992455626
0.387023882118753
0.396463525890187
0.403992670063306
0.411426520679877
0.420729568125463
0.432986568898829
0.450681686004807
0.475818548474064
0.513524321197067
0.567743063347732
0.633034311121476
0.703388519289679
0.767739707769539
0.811132051990906
0.819305191094478
0.785615940483851
0.715784523708558
0.625955362946042
0.535000254999081
0.457076370710383
0.399005977762886
0.36193072177396
0.344208531741066
0.343513443223735
0.357778635158157
0.385427404545197
0.425413931641344
0.530132428562897
0.786935328038645
1.22390923941023
1.87315733628895
2.31905058581486
0.369354729481254
0.323851547262012
0.40281549396341
0.582337780300728
0.805190125097218
0.861193386353781
0.836894980417002
0.776523354288299
0.692899552219223
0.601946715823647
0.517203931196052
0.447045489961084
0.394803886633013
0.360416361914783
0.342171061331327
0.337848796878944
0.345200510088117
0.361992597475109
0.385893303631571
0.414413752427791
0.445029044630771
0.475503784915388
0.504340467791125
0.531188427433281
0.554450990097468
0.575709355559372
0.598094550281343
0.622858411104655
0.653884498025732
0.693555192387823
0.748815818441565
0.824234743984446
0.912080699583694
1.00467689058737
1.08784423193808
1.14240806357527
1.1499471488504
1.10146604599546
1.00355091700848
0.876432633053041
0.74468380278504
0.627572813121599
0.534991020873901
0.468939104911925
0.427101628407969
0.405777252661208
0.401419946617358
0.411171521554859
0.4329600630648
0.500576761171495
0.683028328464105
1.01314649529411
1.58155346608027
2.18369824610165
0.40702309990885
0.355341520005363
0.458689003434217
0.688254887097084
0.940038149416577
0.970098898405521
0.923455585609762
0.843265602996074
0.746381811845448
0.649301712581715
0.563899083119722
0.496409726350939
0.448648120979084
0.419886296247086
0.408368327030331
0.412145235674623
0.429336862972413
0.458059541459275
0.496248209374631
0.541549940231461
0.591402374353177
0.643332895373695
0.69542439954257
0.746813383572984
0.792876283417866
0.834878333078316
0.877603722094601
0.922444606078505
0.97540674321666
1.03934187847761
1.12395850538758
1.23435678340953
1.35838129100138
1.48509850143297
1.59496131513327
1.6621261840237
1.66226181874277
1.58389422532765
1.43629048964779
1.24692745196456
1.04943353613586
0.87074717128734
0.725196905169424
0.61597588484548
0.53979612699074
0.491019328060604
0.46400751014211
0.454021742121744
0.457388321946143
0.49018461879242
0.605307370281506
0.837470371622842
1.3107491948454
2.0030425243848
0.455777539599509
0.398248675936147
0.535263516086758
0.824826979644055
1.09062664347936
1.08251085688846
1.01418024712289
0.919832814589565
0.817559307701818
0.721948240506479
0.642124893119102
0.582278767808734
0.543300431948456
0.524409781672607
0.524257427391936
0.541440401284311
0.574582554826491
0.622176436700748
0.682368248566665
0.752836753050312
0.830873472756591
0.913706537259573
0.999026253857062
1.08558783765578
1.16474658801761
1.23741304333467
1.31077087507286
1.38633759545205
1.47323645675588
1.57482569025493
1.70467200574731
1.86777638000349
2.04419890304999
2.21722853200704
2.35886832376738
2.43380931896085
2.41050276534621
2.27608610487298
2.04590526400072
1.75923096022986
1.46292724939999
1.19438309112091
0.973526751216422
0.804659344332997
0.682747701250846
0.599213451941866
0.545348631034999
0.513671379423854
0.498181998065378
0.497687867258364
0.551591001646282
0.698194279298478
1.0780674314511
1.80187651812541
0.51482040216852
0.449825635590528
0.629255497831008
0.989659622906178
1.25647216142244
1.20953349942475
1.12680944754516
1.02803192410815
0.929683444445392
0.843185432234903
0.775070924624998
0.728242487347678
0.703433170022369
0.700365259174908
0.718434598794999
0.756958480777094
0.815113409571528
0.891712228269162
0.98497169636732
1.0924107667327
1.2109858750433
1.33750366861412
1.46926111909129
1.60477393617751
1.73010118394823
1.84583809535621
1.96250756373012
2.08171185431132
2.21679504005527
2.37142215063921
2.56380221768889
2.79703594119867
3.03878662533855
3.26314565115729
3.43034490900411
3.49370767038325
3.4152361951355
3.18438828186577
2.82808996846529
2.40276772830585
1.97222424186638
1.58590635447338
1.26928453798365
1.02676876952678
0.850253600032167
0.726936415583395
0.64394568235055
0.590156438207688
0.556492175022242
0.525021438325009
0.522178975557763
0.594433237152959
0.891215143970517
1.60199414381992
0.582155058614945
0.50515418319531
0.731721937427397
1.17237732056084
1.43312795809651
1.36352531273121
1.28179651868604
1.19380100273681
1.11230632509898
1.04542721963945
0.997924052291218
0.972370621091763
0.970102490975343
0.991858243197009
1.03808876086899
1.10897642766402
1.20424945006596
1.32290791218021
1.46300118398936
1.62159757010804
1.79504880584346
1.97956965379757
2.17204528253605
2.37088444315085
2.55552769300196
2.72643179337373
2.89831822040167
3.07273733362084
3.26796365521616
3.48720803486124
3.75280497558813
4.06221204211659
4.36587525041069
4.62539165674594
4.78762621326423
4.79612968412468
4.61166045749197
4.23334871631581
3.70641566725136
3.10821633442283
2.51989070510851
2.00115806153197
1.58059881573366
1.26061731042681
1.02853558851567
0.866370664599317
0.756487277832859
0.683657669010907
0.635216076150944
0.577833741874927
0.520331358224495
0.524491771416496
0.751108300967191
1.41869542820653
0.654264492518384
0.55674056973192
0.824159362972599
1.34725190969895
1.60681959653268
1.55483116518974
1.50109378174429
1.44879250360593
1.40569857648304
1.37689828793211
1.36606911324216
1.37614156379293
1.40966152184023
1.46890862834867
1.55580589430894
1.67166789951575
1.81685807436962
1.99046190145067
2.19011483892061
2.4121218318443
2.65194612985727
2.90503305522836
3.16780681966099
3.43859059778871
3.68936317009545
3.92080720647463
4.15203328458975
4.38422611655798
4.64001287938567
4.92050831372999
5.24905895776865
5.61168462831522
5.93961702376695
6.18144947008647
6.2741871692813
6.15967438584412
5.80819808204898
5.2380271262602
4.5169511003006
3.74123667935386
3.00324547392097
2.36622994737552
1.85694656407287
1.47327271859684
1.19727587861212
1.00610728402109
0.878040115675103
0.794348084589658
0.738905802470541
0.666424254038493
0.553867080732529
0.487645035029502
0.655020330162537
1.26011136163635
0.726064885058061
0.595496426593294
0.877400320631049
1.46707067261202
1.75166973819444
1.78895901702473
1.8065972048733
1.83119565933943
1.86450558291098
1.90777919196539
1.96278835632625
2.03235669021668
2.12037115693981
2.23130720543676
2.36947660681168
2.53821140644305
2.73916049313717
2.97183864110407
3.23354754057959
3.51975100982934
3.82489639514971
4.14353796470921
4.47149005716806
4.80668735568496
5.11409432751418
5.39512924246581
5.67199309835251
5.9450164440506
6.23837485977813
6.54870479323476
6.89411202743432
7.24328695671249
7.51384006590221
7.6471637413545
7.58155362405897
7.27161069814178
6.71007944947229
5.94030400954007
5.04905650351483
4.14061759509297
3.30560569189862
2.60053631883338
2.0447985579759
1.63039031424443
1.3353073173376
1.13402277663777
1.0030047006763
0.922005676996483
0.872734574918212
0.806024177741978
0.638190291077321
0.486371930210967
0.598936052938823
1.12846132767862
0.791427808505831
0.613650994899427
0.860653626946666
1.4685212837407
1.83810862719334
2.06393332200092
2.21450457001641
2.38010304065683
2.55341287017315
2.72713546055826
2.89612313370922
3.05973806557727
3.22234233360471
3.39197371865799
3.57796465705953
3.78852011274738
4.02896194153854
4.30090157856091
4.60231039692079
4.92832834565351
5.2725711157413
5.62860574567803
5.99120114622721
6.35699662135053
6.68642141211552
6.98203135342256
7.26578169842895
7.53669135186311
7.81538281681002
8.09199594759595
8.3717360610377
8.60440996897269
8.71024066370519
8.63640885621636
8.33866051084635
7.79874265237132
7.03858861974369
6.12236671771437
5.14227811846504
4.19342304690496
3.34987103861541
2.65235218864562
2.10975885310237
1.70924678366812
1.42783528282882
1.2409228681944
1.12645061470866
1.06551359019023
1.03991844698366
1.01247705998479
0.799888593688225
0.529077984091881
0.578212424101526
1.02228228080959
0.844958100398515
0.607689498675284
0.766560935321836
1.30681318010804
1.85786981779453
2.36428913537169
2.72191175252681
3.11520364901696
3.52137283253973
3.91157317317566
4.26083179312191
4.55644410479513
4.80135805886614
5.01114604882571
5.20715800598348
5.40965263126668
5.63333260339606
5.88571848459032
6.16765295715735
6.47500508399076
6.80080828951856
7.13724330104595
7.47700919958408
7.81379956723708
8.10791143379923
8.36286042610819
8.5955488425615
8.80362413630875
8.99844347277078
9.1637448865991
9.28687584680024
9.30549341452738
9.16502899476871
8.83316052691397
8.29521962031625
7.56449943217596
6.68602539366543
5.73004891649214
4.77641521330069
3.89608467214994
3.13755090108742
2.52258723697755
2.05049227652915
1.70659526378321
1.47063929918376
1.32251296793533
1.24475102913501
1.22201397138368
1.2393417125849
1.28665132285757
1.07130481900713
0.630286805613124
0.586068962658565
0.938957913909483
0.882477608459587
0.580919793965946
0.642701399496368
1.07346054828195
1.80623099621346
2.65943165719094
3.2852059967823
3.99714275444531
4.740118881387
5.44200613061975
6.03519143602119
6.48085778949331
6.77978793471022
6.9650241753876
7.08405390224462
7.18189380569949
7.29141504816038
7.4309573551002
7.60636754298412
7.81469290319077
8.04784335987737
8.29541329816453
8.54633776717766
8.7893653884326
8.98944540018234
9.14995564282179
9.27852802175223
9.37197396328167
9.42904922134922
9.43010000093687
9.34598287836846
9.11565945326772
8.72649454476222
8.17379854876015
7.47215709769012
6.65707046362548
5.78082194699947
4.90308431964399
4.07935882826102
3.35141453920026
2.74273925610549
2.25948657653496
1.89517857347062
1.63660213753183
1.46883655006044
1.37836772815005
1.35397134377616
1.38546045011096
1.45849473589068
1.62362644114036
1.40000860330057
0.76727550658939
0.619837390200246
0.872376096713912
0.902713747712437
0.542525815530454
0.526577011736216
0.847997180106401
1.71344663908255
2.88820874333493
3.80443200741585
4.88076190191271
6.01963888684449
7.08100263212292
7.92982550138849
8.48902096339038
8.76251529017248
8.81751141429782
8.74570306893481
8.62977239151979
8.52722454131582
8.46898639853219
8.46521895699093
8.51253867127302
8.59993716883661
8.71269467515214
8.83443793742694
8.94781005003241
9.02531375997966
9.06855359050137
9.07473409371311
9.04068909869208
8.95371833341248
8.7952390782985
8.52688759909454
8.10152930089752
7.54855222201422
6.886127378299
6.14631611590025
5.37083732550194
4.60428340288733
3.88682646371634
3.24865070049394
2.70748782825519
2.26931847813699
1.93126539113358
1.68533338617064
1.52186330173459
1.43201875095589
1.40897647683934
1.44759270167117
1.541954546181
1.68124078199467
1.9555800297067
1.7480722245601
0.928528149779155
0.665008888449731
0.819412853912117
0.905917949822425
0.500149728637129
0.445071438879125
0.692504185098439
1.58817604049775
2.98231466196632
4.12962464822155
5.51045606166836
6.98147505746765
8.32692898131631
9.33934481700279
9.90824996741522
10.0539220584015
9.89115828254984
9.562956399121
9.18958671009998
8.84888313241199
8.57909262335667
8.39035269030779
8.27599432274046
8.22056726199319
8.20452177636963
8.20645340781792
8.20394079999595
8.17695404938525
8.12423593565551
8.03525135657488
7.9074978121741
7.72174713571598
7.46375222658411
7.09483409448984
6.58660726219778
5.99500154981552
5.34923795436463
4.68474497862251
4.03722363500402
3.43713190605065
2.90612701018413
2.45609438468168
2.09039219441367
1.8063710392085
1.59819878065972
1.45931980841216
1.38422191291342
1.36937986175509
1.41322702644137
1.51478666523806
1.67046235611603
1.86842811088154
2.22180852709335
1.95085521029886
1.05558831389341
0.710623418889957
0.774526484788749
0.893824266180583
0.459225403322377
0.38671974887768
0.587002467848257
1.43754079142793
2.88648019750858
4.11989582621261
5.61947122174065
7.20838690196154
8.62164028778005
9.61327009692633
10.0678359638373
10.032955892093
9.66272323404052
9.13175079823648
8.57691934296592
8.08036127316452
7.67807341365355
7.37589188397957
7.16305407811464
7.02085561046006
6.92719406874098
6.85854049989045
6.79073015473325
6.7091182210686
6.60980484260899
6.47928318503298
6.3158446114408
6.09954499504038
5.82116773452966
5.44801192682103
4.96726304848014
4.44133090919085
3.89974868735452
3.37250063903363
2.88504086938221
2.45516441096409
2.09227698041322
1.79865777832865
1.57178727871104
1.4068352774675
1.2987390338837
1.24365149295614
1.23972863679411
1.28720791808892
1.38753934638408
1.54108484858813
1.74282038969203
1.97564981858432
2.33809453079324
1.98226872280261
1.12172130272217
0.741809248609214
0.734606605837225
0.86977605841005
0.420204304412842
0.340633042690867
0.506022066087965
1.25997465081205
2.59170370681954
3.73226626264762
5.10884069429477
6.53897896153519
7.76315698367486
8.55620947406049
8.83121347310489
8.65743732980969
8.19488768893864
7.61044271205055
7.02740202114973
6.51517279089717
6.10094680691625
5.78592801422798
5.55789835149921
5.39866911317554
5.28766203890352
5.20329491614461
5.12356174505627
5.03699921179702
4.93825652699092
4.81498314337623
4.66602137586351
4.47474862177486
4.23580530850357
3.92479271784863
3.53795414836335
3.12966524751817
2.72414231912936
2.34346113753861
2.00419727070592
1.71607405915454
1.48254341007699
1.30257984119842
1.17282793900847
1.08949086473548
1.04969201363551
1.05226799511493
1.09798663431981
1.18904967186269
1.32751391378049
1.51211869294799
1.73324836331696
1.96668111226684
2.27368416245472
1.87220904371189
1.12117975047448
0.751111388314249
0.697447799673164
0.837522952062711
0.38218308002105
0.299695959988369
0.434069103452931
1.0594607171356
2.15195554161632
3.06666418635707
4.14317047421717
5.22435482816086
6.10611663917382
6.62785417400422
6.74432710510386
6.52665487369913
6.10555040005736
5.60861020777065
5.12630949986648
4.70758666209794
4.3702157855797
4.11337408443371
3.92691496826597
3.7966382852254
3.70665363252204
3.64017849915464
3.57988796322209
3.51625697498916
3.44375989407078
3.35320943340408
3.24370023111339
3.10339210303831
2.92919639706192
2.70446236798967
2.42897861742428
2.1430843526189
1.86441015313975
1.60816647320872
1.38505260483545
1.20075088473705
1.05676229444087
0.951947343971549
0.884141346587983
0.851457805541013
0.853141177999149
0.889941626172617
0.963936879461523
1.0775688598597
1.2315128885061
1.42109689472638
1.63170717973672
1.83520496276671
2.05663619305217
1.67164635640164
1.06703145532327
0.73918847829845
0.662367241422737
0.800714716727898
0.34469549444301
0.260567161105764
0.365398149727842
0.852495929360206
1.66410402897372
2.31164942159791
3.04263280502312
3.74302910043256
4.28167765567053
4.56819231028355
4.58970543252344
4.40252255757487
4.09377115287109
3.74428211097541
3.41014011181603
3.12139347907521
2.8888710104077
2.71194177837638
2.5841609463234
2.49642970745018
2.43833554097412
2.39852479737508
2.36487627164149
2.32945631002646
2.28738421925002
2.23277495180967
2.16482507708413
2.07609813541854
1.96466503349408
1.81988560824516
1.64208194352375
1.45771469751771
1.27863545057714
1.1150466592369
0.974179770279016
0.860020564761847
0.773921566760227
0.715672706158815
0.684601444808727
0.680434224284817
0.703802546802489
0.756323308868064
0.840122028812554
0.956568617190383
1.10400685447681
1.2746247527265
1.45156244834566
1.60865927581089
1.74986478322887
1.43361110944931
0.982376125428125
0.712752281323447
0.629963119833574
0.762762055518086
0.308253695385945
0.222885168961792
0.300886596907118
0.661871030707413
1.2206552967575
1.63613734488837
2.07902176181296
2.47811065597235
2.76326411900031
2.89477170219924
2.87620935742982
2.74470325207375
2.54977315626432
2.33541770571633
2.131956178449
1.95594018313692
1.81373833418514
1.70549729605962
1.62804355931736
1.57650651395573
1.54496009566345
1.52653448715511
1.51347729708182
1.49945279477066
1.48056234393631
1.45348244512163
1.41752559224618
1.36855258806345
1.30528332034994
1.22132144534602
1.11652260443671
1.00633907473021
0.898127448236522
0.798560803617291
0.712762028976031
0.644004114545041
0.593977345786847
0.563402770081856
0.552711036787955
0.562573433322459
0.594155213263676
0.648988580791463
0.728341230327997
0.831961669092689
0.956241537838556
1.09227472802603
1.22497748485287
1.33487221654394
1.42113343954831
1.20174342804447
0.891170947346506
0.68118959779222
0.601517236519758
0.726819216117346
0.274236765724452
0.188079499172575
0.244286502810925
0.505703757657193
0.873666215692572
1.12281443701637
1.3688574910497
1.57290895713242
1.70412490599377
1.75084203078236
1.72184764407383
1.63895311295039
1.52712405817016
1.40745129755654
1.29441580076644
1.1962213102244
1.11641693031457
1.0555973820892
1.01264631799043
0.985415255800205
0.970939449959356
0.965402993214762
0.964141993501766
0.962374621225576
0.957217018487935
0.947061797935432
0.931429284618494
0.908390096627284
0.877178534271078
0.834309292396869
0.779220798355917
0.719629998389136
0.659522919300455
0.602960510526042
0.55354263887673
0.514049474076575
0.486401457562507
0.471891763310444
0.471525812194108
0.486293235567859
0.517239266621487
0.565240664550773
0.630428886698483
0.711289068680327
0.803647097564685
0.900022057044152
0.990015349493899
1.06223525566375
1.12170924352174
1.00470806606859
0.812772589268465
0.653681067262311
0.578392650469979
0.6957631567658
0.244521877572145
0.1581353105315
0.199178298544575
0.39175890751293
0.632041704761599
0.775342747498349
0.902224488686869
0.994687893185416
1.04335358740668
1.04921694225646
1.02104481130667
0.970836444070373
0.909989017243776
0.84733095735253
0.788767293449794
0.737767509669413
0.696072546854144
0.664300682641072
0.642338664377063
0.629502248647202
0.62450592001598
0.625347431190656
0.629293962378945
0.632914722408821
0.634232326006237
0.632727525646816
0.628223568965484
0.620206707836522
0.608445818989686
0.591514500611921
0.568851234729841
0.543133393611077
0.515823085691675
0.488868672169043
0.464478773781631
0.444777760225981
0.431564003879925
0.426259118426984
0.429986437637265
0.443652207152358
0.467917855698576
0.503005776810771
0.548354306673072
0.60222789467174
0.661477610476798
0.721677332951259
0.77775800574061
0.82501340069025
0.878895557804373
0.856831496917698
0.760899103184175
0.637709453538894
0.561595587382704
0.672117685787683
0.221179404024529
0.134754184149636
0.167724145402657
0.319546509857418
0.480349260351943
0.559576599983209
0.617812340044452
0.649883137916978
0.657004754526822
0.644707547375619
0.619994596653665
0.589147913730305
0.55674591633933
0.525665119357184
0.49754853923295
0.473322656679015
0.453563090873382
0.438671212435026
0.428891471074987
0.424209817746425
0.424178924294604
0.427752538395898
0.433280223516433
0.438383525290417
0.441845847850469
0.443865813269384
0.444635868402632
0.444578671578834
0.444050400870825
0.443216463056649
0.441994893448314
0.43996117705685
0.436675938453099
0.43220241330802
0.427194166246715
0.42268471472482
0.419805136277463
0.41960365395624
0.422992326254669
0.430738313304244
0.443408499536106
0.461243069400812
0.484016272885796
0.510987429245847
0.541026627734467
0.572918923063563
0.605727133854486
0.638969501610185
0.699670004494095
0.762990079581022
0.745708362231401
0.638729412897934
0.551533030800291
0.657876834356941
0.206515899341068
0.11918004492148
0.151372681334019
0.286541393035846
0.398218508561409
0.436889962238325
0.454027604419308
0.45260846837246
0.438634936122022
0.418391217862503
0.396756257475278
0.376683935042778
0.359451901796159
0.345232941236624
0.333686679811578
0.324418827880035
0.317247956911448
0.31227235089613
0.30976515781202
0.309951168653534
0.312737697465756
0.317505147215083
0.323123647304609
0.327957927732847
0.331431462148008
0.334284584780809
0.337137120957771
0.341105406651999
0.347200675973367
0.356998688689603
0.371383896340289
0.388159821507765
0.40547392041469
0.421535902759047
0.434978719689574
0.444923999729046
0.450925786344209
0.452981381664532
0.451632176211464
0.448005432281148
0.44365205213435
0.440213057572412
0.439108588870891
0.441430349676068
0.448072910288464
0.46000479439818
0.478515227033031
0.505217742063818
0.57898218319725
0.724588081111777
0.777018645309831
0.6600985199393
0.547933957870567
0.654892439347819
0.204408178027648
0.112442296385195
0.155655078697169
0.301529641288434
0.371450596265381
0.373817241504912
0.357595068879941
0.331768872565051
0.303981215330008
0.279146042640817
0.259627524658607
0.245969012733035
0.237611804929391
0.233434505935521
0.232148055117579
0.232611876856589
0.234072317467706
0.236261912987065
0.239304792849217
0.243444060874363
0.248687556586231
0.254536273723543
0.260025990726355
0.264070546160952
0.266670821473289
0.269204863743805
0.272847158811788
0.27946019160252
0.290945139848715
0.310637278742909
0.341309651072859
0.379892173229979
0.42346020305182
0.467853941719855
0.508127004657528
0.539115442719888
0.556307666077614
0.557070396569303
0.541783125248958
0.514052350124997
0.479601884191203
0.444443211117637
0.413428262941722
0.389799113228025
0.375571778066363
0.372267715946262
0.381629359493735
0.406095113789094
0.499448379350374
0.752481948660351
0.886503378773949
0.71126670365035
0.550389634766119
0.681249190703649
0.2668747052532
0.14970540433842
0.323331625748882
0.579980364670171
0.492415893437094
0.409834738349116
0.332031625845987
0.268624143136306
0.221630698587538
0.189481357692201
0.169549182154841
0.1592998885445
0.156587195478354
0.159558980783029
0.166495586489156
0.175784929245207
0.186092320732139
0.196596303008257
0.207058253589353
0.217582358873052
0.228137113911625
0.238117070856725
0.246381208442763
0.252040820488818
0.255535966445515
0.259654874042155
0.266654245242863
0.280241034604895
0.304636343933191
0.348279555489129
0.420925870352907
0.520828204318939
0.645166662512335
0.783718631417639
0.917295655779353
1.01955974659074
1.06439071261698
1.03758447167984
0.945745469760682
0.814066604403878
0.673562212370174
0.548003061060668
0.449000209897735
0.378651928414004
0.334591134443185
0.313945110744785
0.315632689056452
0.341823983929204
0.477725182410894
0.978577600227478
1.25360150360157
0.838579359601895
0.564758521824431
0.771836078905619
0.529459582559143
0.994391812203208
5.45778555991291
2.18452983158538
1.07777263947366
0.716857841487787
0.484204606988616
0.339354568114715
0.251096668360802
0.198739969016206
0.16953950766755
0.155978578433308
0.153696990121357
0.160037576636582
0.173065185077727
0.191018432682517
0.212226005084105
0.23539980930314
0.25998760231757
0.286209197879243
0.314639199285789
0.345570634190884
0.37874430542439
0.411110374380074
0.442191019282469
0.477973512917899
0.522801451860048
0.588603057339128
0.688648253016405
0.855964817323024
1.1328626560647
1.52745661812373
2.04235873245884
2.6367264985096
3.20617945829353
3.59255555856107
3.64792802637286
3.33003926161433
2.74476453354862
2.07978829532202
1.49172831930835
1.04917141761884
0.749688211251299
0.56133273981144
0.451039874630227
0.395227299322766
0.38104794571486
0.405435281060104
0.577111422484308
1.20687112375623
1.45999996954975
0.90776447697492
0.59177089905803
0.854782690751142
0.915313966445098
1.83289380477725
3.7462014545657
3.13918450344768
1.5632710211197
1.0359429857625
0.693770397339983
0.480547613007742
0.350899670128807
0.274072379596701
0.231021524062892
0.210618010999672
0.206648983592373
0.215739801682426
0.235951840985841
0.265892506443874
0.304349065499706
0.350496310946488
0.404546683779403
0.468494444556987
0.546632802452431
0.645805719102064
0.775642900867998
0.930006173470869
1.10662783855011
1.32297022798084
1.58709664486235
1.9434448520381
2.43156417462201
3.17222020848906
4.29206360434332
5.76882326029429
7.55077752271052
9.41052965929745
10.9138815318309
11.5367468677329
10.953344685822
9.29934716926878
7.12166551748795
5.02699729623846
3.37353429774053
2.22912384177262
1.5003051453125
1.05867354801995
0.80038650566463
0.657301202287652
0.589807081431633
0.577094303258242
0.670100063267521
0.957505218346795
1.0351211793019
0.793048260558683
0.612596382779805
0.905663826391178
1.04097157605413
1.43851380002689
1.8685137353975
1.68954033013846
1.22729989938432
0.968947311670823
0.751184583913005
0.584579846945558
0.466092647135631
0.387528121155204
0.34052381715081
0.318638356825427
0.317780301858209
0.335882598848903
0.372316698614646
0.427334653448488
0.501812733164899
0.597584141473539
0.71851863494386
0.872244687343196
1.0722342354845
1.34001502314688
1.70737301563762
2.1587483355945
2.69050242732221
3.3470453130826
4.14107393281303
5.17768148035175
6.51186337850517
8.35830887241664
10.7871407916242
13.4829974885965
16.1244940920948
18.211067288049
19.1819377246992
18.65900961989
16.682960252401
13.7409739320334
10.5283800680278
7.62774917943324
5.33512802602647
3.68501185657959
2.56954491693735
1.84435756977978
1.38374459966937
1.09611916127679
0.920536232258079
0.818033402409014
0.743924138685185
0.745476935686176
0.739639219202033
0.68469276323868
0.648508965745541
0.624700309351717
0.776059174514687
0.983885211608147
1.09744509345489
1.0494096989291
0.960504969555791
0.924244299868139
0.903702736250506
0.904579809633697
0.931744319729752
0.989274826938995
1.07968213668389
1.20215602223645
1.34979467694061
1.50675804897201
1.64797092876723
1.74424571360631
1.77234810526234
1.72439676637449
1.61014044795173
1.45130808083741
1.27288538864887
1.09628976105071
0.936216594853865
0.81348052753956
0.722593615364192
0.652652647437945
0.601154161580902
0.563098150084347
0.54040935383956
0.534333182085599
0.551915581914287
0.592603505234438
0.65328813009442
0.729665388983804
0.817068583046844
0.912300007168076
1.01580467027758
1.13303012167933
1.27427290298438
1.45330132820994
1.68536862099589
1.98436795955903
2.35779947088181
2.79844174671469
3.27426924753786
3.72306644940873
4.06138467494938
4.21226673202794
3.96744211985512
2.70381587027175
1.70790383753304
1.19967511194928
0.974459296210015
0.492726951321789
0.688771120669566
0.989572660648492
0.89786738161764
0.53234163578565
0.356298650659275
0.29380827261001
0.250127212431051
0.222845275641276
0.211519718916002
0.217889573727742
0.246665151698626
0.306349924913792
0.408389598802309
0.561102278504001
0.756489431820357
0.958930029474185
1.11369436737452
1.17590960742672
1.13439382483816
1.01157172348875
0.846700723113905
0.678227508904982
0.533251005839003
0.434027299317211
0.370974931619835
0.331326363809317
0.31003651969804
0.303533890094654
0.313262120653409
0.343165665090756
0.400262808563897
0.478752148749961
0.570243241393924
0.659573178129711
0.727207782261987
0.756848125672077
0.744438323923008
0.701606104943756
0.650364349181128
0.613878168684191
0.610988897230245
0.657080339834612
0.767798069831838
0.960393896594836
1.24847731742686
1.62844358637605
2.06235078180946
2.47171423369786
2.85556925211592
2.19156686921892
1.47052055295727
1.15857828845477
1.071829411474
0.388638962721255
0.552003280388169
1.0165900911108
0.724740607172008
0.28781891063173
0.181590835911086
0.146806625193471
0.122847876951909
0.108042019144459
0.102063550195947
0.106318946778088
0.124790599834373
0.165302113687144
0.23948741922965
0.356948397263844
0.511435027722503
0.671230577759775
0.79079157781377
0.835815183776665
0.798498959552396
0.695731837378793
0.558122283497185
0.417941247890205
0.299864261132943
0.223499044297306
0.18003904862835
0.158539702079477
0.154072568920547
0.164812091679722
0.1927898080944
0.245059354991896
0.331504517442183
0.445249498598744
0.573836366352281
0.689600792396968
0.754447620916842
0.738441650177924
0.642491089550747
0.502962565342155
0.368406111032178
0.270286663432626
0.215643484360981
0.199686469046208
0.219119076072634
0.277731786727734
0.385881367023141
0.554901881134404
0.785790690570889
1.05568074690243
1.48941179081288
1.32985350606653
1.08504421198496
1.30727278888958
1.30032003521214
0.309111172398896
0.360411911525106
0.529527993631344
0.45007974241691
0.272440180062573
0.225735186784168
0.211047297349993
0.202583191201848
0.200876028891936
0.207696294956797
0.226025664036177
0.259312273173617
0.309332649241014
0.372683525195522
0.439380266543791
0.497256655604555
0.537242084722072
0.553677070747533
0.542892884160981
0.503878939499801
0.440164432310241
0.360650620248707
0.278074754170183
0.205271905436692
0.155705250459603
0.12619658096099
0.110715673447621
0.106704866458394
0.113352272072764
0.132694236187143
0.170942455908473
0.237155329847102
0.328135315205347
0.435317532722023
0.536054971196087
0.595766070968556
0.584129653321275
0.498981846706145
0.374111486509381
0.255877107503653
0.171889186120839
0.124519338387911
0.105180512870372
0.106894527251425
0.128155394669414
0.172272379551043
0.244942182011275
0.349998453575216
0.483989428610436
0.760357066172866
0.930068439964397
1.25158450272272
1.70407665946545
1.74744923581136
0.284052059738357
0.278138059962696
0.340490821811431
0.381029559972584
0.410934101544311
0.439732050167062
0.455873575920535
0.467768323618622
0.473004485922124
0.471191369348977
0.463662561451512
0.452512406898601
0.439425772200915
0.425259528210659
0.410797021120176
0.39733452722166
0.385622399404969
0.374410777204808
0.360476475324569
0.340091045321577
0.310937059807411
0.273592700988236
0.231877534461634
0.191693756282806
0.161704915648143
0.142343956292861
0.131336507082118
0.128068373717671
0.132556445307103
0.146495296580232
0.174562154987588
0.223094008136551
0.289898383465934
0.369653869317522
0.447847580614428
0.501009598915094
0.505765428122077
0.454868820015595
0.366219340515021
0.271865379343367
0.196625463617372
0.148418729994526
0.1241920181127
0.118894509426675
0.129840759721437
0.157198769440722
0.202775992540024
0.268012141218836
0.351792856757299
0.535333206151558
0.856485551147827
1.346283418031
1.97829158161631
2.11549637929779
0.283817995531942
0.261694250827901
0.317701213537634
0.416431097975819
0.567563628149517
0.667757431939633
0.706784378177849
0.72111545598304
0.704783024044517
0.659670385693298
0.595098733900624
0.523948276417533
0.457651872166505
0.403085316774712
0.362489382982082
0.335006400017802
0.318013501539524
0.307813804143748
0.300144093680226
0.290869355934104
0.276910457358399
0.257173605112674
0.23303137503331
0.207923453293904
0.188046445212999
0.174772316944576
0.167338895961307
0.165899797137097
0.171094145157923
0.184772564004776
0.211529216754196
0.257140287572379
0.319476161489699
0.394061327913508
0.468758885217527
0.523483658779134
0.536827446192661
0.499153181805758
0.421947801335172
0.331757434137337
0.253105401111161
0.197523667402212
0.16544076425348
0.153169358789329
0.15757382134649
0.177388247749139
0.212690125539351
0.263665874008158
0.329379689584025
0.481179411982057
0.788926107882367
1.28953944066873
2.0013415031358
2.29151990351597
0.29328754630138
0.26431810875719
0.331944778392886
0.487370087091753
0.75011333276277
0.908210086473243
0.952704376225284
0.945929973766777
0.885131545762396
0.783380468332902
0.663699442808569
0.548791373249158
0.453266811256085
0.382152977748248
0.333951030597407
0.304369156519016
0.288554069847727
0.281841452194167
0.279861150702065
0.278656216911291
0.275078180765419
0.267383350031088
0.255709022001219
0.242042513580892
0.230665573942236
0.223291334037236
0.220198108668536
0.222022952499439
0.23007056286917
0.246460148602033
0.276278472693287
0.325488022803711
0.391752174445072
0.470800853098442
0.550963502991171
0.612611360842514
0.633831866702722
0.60257153672938
0.526697006806503
0.430677708846489
0.340480463415583
0.271297343500776
0.226634744345666
0.203959147241587
0.199707071528075
0.211400646636485
0.237756753314762
0.277982619095598
0.331083504728749
0.458458827451594
0.735826183929273
1.20206889256698
1.91904287252575
2.37813133106045
0.31256129710285
0.281737016059091
0.372681000362434
0.597017152211367
0.96972096154575
1.15374361270184
1.17662729695695
1.12446962773241
1.00708220421724
0.852777046978879
0.694470610224041
0.556575925972445
0.450068956506886
0.375256953566981
0.327178035831868
0.299665258423837
0.287137854775359
0.284891083964308
0.288850747540871
0.295393929798471
0.301473843870545
0.305019422632287
0.305383382751254
0.303527468000853
0.301863297003587
0.302179742766395
0.305723868650537
0.313506541482186
0.327747367278172
0.350979387473563
0.389455839069299
0.449910460921891
0.529323236826936
0.623093897488993
0.718509671562884
0.79399607580741
0.824735257509517
0.795287089260629
0.711099739012473
0.597095276256704
0.483008265172419
0.389083607625755
0.322512721517047
0.282047385111324
0.263589556745583
0.263301037792702
0.278448015506371
0.307151107360966
0.347934193660997
0.450812989160919
0.685365827031884
1.0863751386007
1.75897934217625
2.38468502481708
0.342324611189942
0.313573241688533
0.440267190183182
0.748939776179977
1.21193478598539
1.36960135393509
1.34411580838408
1.23520960930374
1.06871190274452
0.882263221388831
0.708733774038445
0.566977305963548
0.462107949974233
0.390825857439493
0.346742155879496
0.323487236779293
0.315768840501658
0.319317154979169
0.330497448074129
0.346030999343728
0.363005515852144
0.379170607641452
0.393365634250853
0.405842348235484
0.416985530248702
0.428476413556359
0.442654224221913
0.460830286959496
0.486591462813016
0.523079066848575
0.578654807970146
0.661434792705473
0.766767949067338
0.888904282038813
1.01220103963338
1.11028154287913
1.15251094140409
1.11859918718402
1.01255511879856
0.862663388580863
0.705719766401261
0.569484079868881
0.46613904146683
0.39609287256306
0.354536790894354
0.335900831629623
0.335624802359354
0.35034877189297
0.377562094949351
0.454219661787615
0.63766841406675
0.95602285369296
1.55082365293784
2.31089953749308
0.383015884209137
0.35945186790029
0.536369496067648
0.945904406290384
1.4609960585799
1.54038385518197
1.45398139242533
1.29470790995219
1.09864398387401
0.902547523663702
0.731880763931878
0.597894573063269
0.5011930443726
0.437013015829816
0.399188152816757
0.38211589011082
0.381269634124672
0.392993526134545
0.414109975918925
0.44164287505182
0.472798333024613
0.505219594267431
0.537418308057102
0.569202435958808
0.598540361073679
0.626865287059266
0.657955692985142
0.693389922087178
0.738840038508138
0.798313533938685
0.883563730028997
1.00467110303865
1.15359732825281
1.32201325948463
1.4886783738117
1.6187904833298
1.67247532140027
1.62305600633845
1.47451492874295
1.26232345790215
1.03482164677994
0.830818387347869
0.669428017862797
0.553241733858347
0.476390000781284
0.430864305149344
0.409523016420953
0.406803949935484
0.418437196690998
0.466648794649797
0.59451371485718
0.824949261736882
1.32610732936265
2.17158622648755
0.43449066152815
0.417923317782161
0.661099051843793
1.18671302245422
1.70378786860138
1.67364201262532
1.53215513508572
1.34085158919108
1.13613543938476
0.946694683981937
0.788818651752393
0.66780410745944
0.582045612402772
0.526945428707977
0.497421117953279
0.489021632626006
0.498129408866999
0.521723302661002
0.557038729343862
0.601337987754693
0.651911614581056
0.706344092994167
0.762982247369525
0.821463781797222
0.8767399679005
0.92987996916656
0.986663227032664
1.0489250782724
1.12541514875779
1.22127843807745
1.35320441557199
1.53350528836909
1.74779179328186
1.98273166316522
2.20780029037268
2.37553699014342
2.43361097077311
2.34846928262803
2.12693080550298
1.81677573778472
1.48322086629795
1.18003479045867
0.935205346266713
0.753791708008285
0.628152676987591
0.546746032231583
0.498741307413107
0.475386287313569
0.469785823962496
0.488204607463402
0.559154096197558
0.704507293813335
1.11115402492536
1.99026499885656
0.495575917706209
0.485014882589328
0.808784524544636
1.46053178371669
1.92795029191232
1.79005680287924
1.61486149343454
1.4153152045335
1.22008911304761
1.04782086942909
0.907647243824057
0.801749616751559
0.728328988036947
0.683975905646713
0.665093976066499
0.668501120358073
0.691491328503596
0.731627116619835
0.786476766845407
0.853459195148843
0.929908055102755
1.01339800846367
1.10228824451636
1.19635575747537
1.28681603332687
1.37426936817035
1.46716663737681
1.56756338691099
1.68837172099716
1.83598872855742
2.03336560123936
2.29433975700715
2.59382596517325
2.90991912425804
3.19857297849075
3.39617000683152
3.43697132363652
3.28312985382409
2.9495932841451
2.50227411557227
2.02766173457092
1.59676123158879
1.24693347438894
0.985095724250837
0.800711232430536
0.677483175566598
0.599791953074514
0.554760922208162
0.532057257188598
0.521705029456399
0.536189130590222
0.602134734303039
0.92357023455441
1.79165638111587
0.563640043155869
0.552816329861561
0.961934849566427
1.7374485536281
2.1149212840355
1.91189411017181
1.7378037645378
1.55858420837707
1.3913507136689
1.24629730332014
1.12866364392971
1.04021670166344
0.980617912557937
0.948509318784121
0.942197246943225
0.959957309795067
1.00005738685007
1.06062428342709
1.13949054543276
1.23415475460801
1.34196004848117
1.46053215289699
1.58842853358986
1.72586560487642
1.85967569815103
1.98986274641252
2.12804005846371
2.2763185177141
2.45245677053797
2.66371173723628
2.93934610854236
3.2920918610099
3.6811492518432
4.07210016728716
4.40455444061085
4.59902790166801
4.58091487498214
4.31565703196979
3.83359562628512
3.2226081568034
2.59028207128685
2.022419341488
1.56309808404579
1.21921341761544
0.976263110540625
0.812648505212192
0.707671813933777
0.644086391682118
0.607728636636303
0.573679095336407
0.531968323366769
0.521539131762747
0.772321290042887
1.59598157572862
0.634380072185496
0.609131733211866
1.08528839933776
1.95777103580735
2.233747861251
2.05686395178496
1.93468694106383
1.8149952304843
1.70287969468425
1.60245952387868
1.51753800004158
1.45147504745926
1.40705676022
1.38636653971397
1.39071976952864
1.42064558428399
1.4758785714227
1.55535070388413
1.65722762670189
1.77907374074164
1.91822566607302
2.07239559244581
2.24043516339821
2.42310903811421
2.60257057617094
2.77799304572859
2.96396124640855
3.16221996863147
3.39486417635705
3.66872101664596
4.01679282880593
4.44566895359796
4.89556977935854
5.31769460551254
5.63746834492206
5.76725650767854
5.63560814850996
5.22288302942505
4.58043242945428
3.81537283716182
3.04796617957433
2.36972669514264
1.82530966250426
1.41909597906122
1.13264193817233
0.94019478712015
0.817379145898671
0.743757222854118
0.701855620372767
0.655775986891389
0.556106208600643
0.463949063728931
0.66006256428033
1.41633218521321
0.702052232798928
0.639902818032716
1.12708534326172
2.03190956597482
2.24563024151628
2.23835291014993
2.24037034904134
2.24045786500509
2.23181651989259
2.21152873977939
2.18085502917233
2.14536847988795
2.11335789338115
2.09367727758935
2.09394362856832
2.11953876001826
2.17336310994867
2.25606292245344
2.36649517350942
2.50233256245223
2.66079795255998
2.83950980418313
3.03735047446396
3.25520161810451
3.47087216491867
3.68223077654142
3.90541380326346
4.14107787799777
4.41325446275479
4.7261507405469
5.1107887306361
5.56153692801966
6.00214049127777
6.3731148932987
6.59573287535686
6.58973266231942
6.30300613735771
5.74048926138269
4.97273436002059
4.11394653757942
3.28085557413009
2.55723016588831
1.98101996303323
1.5525672776369
1.25140656047554
1.05077802937862
0.925708454570792
0.855412899172266
0.82128092504226
0.786053827379091
0.624857040999723
0.430207063577052
0.586018349570521
1.2588292495901
0.760243835862305
0.635755774101312
1.03977246496813
1.87350911065503
2.12968500272616
2.47060410266507
2.69121039829595
2.9035146637193
3.08480202575057
3.21161953033412
3.2732866019361
3.27542963818382
3.23678507549535
3.18173029391806
3.13302346382682
3.10756530497477
3.11538974132861
3.16064049143042
3.24326187771708
3.36069870761787
3.5093803295563
3.68596050124548
3.88828228760706
4.11598050181114
4.34356588589567
4.56680095285182
4.80059752800325
5.04370314296398
5.31796394799916
5.62272295977992
5.97980454458127
6.36792724670399
6.70548628904875
6.93292850981302
6.9831959942382
6.80027589799484
6.36259908602834
5.69964304851158
4.88955525863439
4.03568064648856
3.23403016829353
2.54908201394126
2.00734365319387
1.60564024576172
1.32480734418047
1.1411589581656
1.03284393513451
0.981355602117237
0.971349242321322
0.986653310420308
0.766327017990981
0.424998619391641
0.547670772323669
1.12472923814466
0.802786887167259
0.600909760731197
0.822305094730864
1.47308340553558
1.92477099062293
2.77079615584566
3.30617834560252
3.8668819923971
4.37566399848702
4.75647002886692
4.9617675979963
4.99139558345848
4.88700882922069
4.70961634860553
4.51663728782079
4.34930802056145
4.2307938088368
4.17008004025751
4.16714313502583
4.21723252670791
4.31381718220688
4.45042759258296
4.62168016484217
4.82364189226849
5.02900774497049
5.23046746823977
5.43838497086759
5.64914050682655
5.87807777115476
6.11883693826253
6.37898815975654
6.62440584286834
6.78518062371974
6.81502519336178
6.67193876338555
6.33223384096703
5.8033391442917
5.12817251905354
4.37660853638912
3.62661983306714
2.9439859580913
2.3697074135009
1.91857293875943
1.58591239120262
1.35692686211126
1.2142717192599
1.14209912850865
1.12677197514662
1.15228358735051
1.2648752003504
1.02063482884774
0.468131942433586
0.539352061425986
1.01341310148995
0.829577330963329
0.54936839524529
0.531427121893763
0.874429664406938
1.8132064796337
3.09126801500076
4.06306399833484
5.13115488270975
6.13822251427944
6.89812923642616
7.28356151799695
7.28307030704704
6.99006610888082
6.5423306684472
6.06307226881061
5.6333793435763
5.29284220377211
5.05226991607614
4.90668609217997
4.84432640132841
4.85169404332303
4.91595564723246
5.02578185904108
5.17128373026165
5.32477497169018
5.47530523100354
5.62646984519126
5.77260302265006
5.92023941892922
6.05873820841925
6.18154674240403
6.25022820154017
6.22083302561161
6.06861576117291
5.77958831522156
5.35721356367912
4.82552291036496
4.22625406522805
3.61018634522557
3.02585644582583
2.51016578112768
2.08407641798393
1.75373931028163
1.51505192281671
1.35897946796789
1.27567173383302
1.25649393796148
1.29332281215827
1.37749005007995
1.53508620400917
1.43306478272081
0.580963019038827
0.545902848659366
0.93047411372395
0.842505467329817
0.482270826879505
0.398652039736642
0.613538769401202
1.66658217740816
3.41327691147986
4.85957624515037
6.53629954891678
8.1538123689611
9.3518880597101
9.88017380849871
9.7255907308083
9.08110276394303
8.20958770830597
7.32582674953448
6.55441589511826
5.94353497468137
5.49549540483483
5.19179645550216
5.00775618734244
4.91920671179355
4.90470767821654
4.94563819479562
5.02541928688435
5.11711864183046
5.20668320811961
5.29120667920016
5.36403285028915
5.42378902772171
5.45847635997907
5.45237609119906
5.37195371010016
5.20274204148386
4.94049499600025
4.5916912240547
4.17405380520382
3.71436100436199
3.24391273757572
2.79303662140175
2.38639843172186
2.04043049325574
1.76322541368384
1.5563301189668
1.41741626076777
1.34282356483682
1.32922882792171
1.37382269767842
1.47249185162148
1.61198873847897
1.88008014215563
1.70085268561834
0.703835737219039
0.58352039476569
0.855913072104674
0.838571952583674
0.427266602392082
0.329378445819494
0.502300251020145
1.5496401710288
3.62748217003923
5.47363264444759
7.67614298174102
9.80623412514768
11.313204064998
11.8330553246661
11.3893538576708
10.3119837442245
8.99941809671342
7.74342655415922
6.68898415592604
5.87374320802116
5.28014165258655
4.87116304646823
4.60808885811526
4.45688434444817
4.38911199795854
4.38077648124638
4.41071216825418
4.4537284416943
4.49445100161272
4.52606077033409
4.54215767831568
4.53673291973613
4.49910106248169
4.4108527673994
4.2482685896566
4.01899903899034
3.73176160637155
3.40235216553355
3.05111697922099
2.69957053156736
2.36716439185335
2.06907380468776
1.81538298721962
1.61153271297024
1.45958030809578
1.35975830180177
1.31189911125357
1.31637238393923
1.3741436967651
1.48541200049167
1.64591569256288
1.84207101717188
2.17219944279275
1.79765689284525
0.824402366193381
0.625216356161501
0.792234426945517
0.821597820934376
0.384474547719065
0.290024331657339
0.448421554751998
1.45001080473513
3.61860714225547
5.61658908520106
8.00893911145331
10.2708059656706
11.7519768503108
12.0706614704726
11.3288826769602
9.96133992195197
8.43001804868765
7.03733584375915
5.90958528352214
5.05987452496737
4.45131006376308
4.03473274519577
3.76485639622128
3.60450577410487
3.5238599597877
3.49824230774514
3.50599026485981
3.52465063077563
3.53975773846173
3.54382408249945
3.53155044758107
3.49588030264499
3.42870561654038
3.31371354495455
3.13675420363214
2.91588476528974
2.66459414378257
2.3996354214467
2.13800566019021
1.89435440575511
1.67949064032595
1.50015345363286
1.3597606981818
1.25965640922774
1.20042303031463
1.18296415265631
1.20915265415376
1.28179450143372
1.403484175999
1.57375932572484
1.78440028467614
2.01356743655344
2.31716454628765
1.77333906968289
0.901522432574986
0.65546865407276
0.736072761188058
0.795574190698941
0.349423034048024
0.262761400016194
0.411360387567993
1.32338265166765
3.30864573416862
5.12125883643711
7.23927446149219
9.14632379475057
10.2601967715908
10.3016937145496
9.44136467368794
8.10897607627049
6.71078014900703
5.48738779504945
4.5228879722121
3.81032355227917
3.30753391279311
2.96743701341889
2.74950369226183
2.62172011112626
2.55892979500138
2.54037873071729
2.54764670060375
2.56184962393574
2.5710211719809
2.56921316111234
2.55247133557419
2.51502157311618
2.45129611007177
2.34912354457611
2.20098473437257
2.02579421251953
1.83647944823161
1.64689225274813
1.46942852847662
1.31351047154331
1.18519474683592
1.0877228759031
1.02258801113208
0.990700018868359
0.993363257386772
1.03288586284073
1.11262307826476
1.23610885363867
1.40475147054285
1.61368464993803
1.84624245160606
2.06922948011846
2.27700398024545
1.65377556019777
0.918527197601958
0.664581989771634
0.684779317481708
0.76404848319188
0.317877262455427
0.237874168439166
0.371503723067315
1.14266330986144
2.7289940925892
4.10485960092484
5.63105860221109
6.90615274774232
7.53747004935114
7.39116133893407
6.64473290395685
5.62078580966239
4.59580449234193
3.72130070686363
3.04247710137278
2.54649860907167
2.20003742044328
1.96862399956932
1.82347968185083
1.74221874527369
1.7072884125607
1.70398228629123
1.71884053407119
1.7369283317447
1.7492781293177
1.75214975914925
1.7427781198032
1.71745197507232
1.67254744474454
1.60005907827882
1.49610354148327
1.375497424248
1.24834680534759
1.12480150374753
1.01347861135401
0.920658113758095
0.85032569774998
0.804829709616523
0.785796381206244
0.794996417175314
0.83495078980165
0.909087870988871
1.02117432659101
1.1735943995613
1.36406077488236
1.58092685706114
1.79885800906782
1.97887229191339
2.06826274298844
1.46401187610017
0.880866178004633
0.651101094107073
0.637383884549834
0.730040610773533
0.287349417056836
0.210937935702964
0.322011171952671
0.91870536566699
2.02988110402511
2.91438662455831
3.82327671774548
4.50838693578434
4.76903887970702
4.5740640044263
4.05677404598279
3.40864147603977
2.78120036811757
2.25321857014764
1.84569533256351
1.54897021211298
1.34289367838016
1.2071422875499
1.12483908909178
1.08282750356679
1.07064415108953
1.07921046753809
1.09977320459821
1.12118559748919
1.13718177328706
1.1458917811247
1.14548247531054
1.13410075948028
1.10949705353732
1.06699425884125
1.0044566724438
0.931392124445099
0.854692838941787
0.78124999872109
0.717010864815624
0.666521296028191
0.633016123165315
0.618909888658744
0.626439039789902
0.658214822185025
0.717473437556868
0.807780382965628
0.931865931677573
1.08926827285238
1.27281828710421
1.46504269280748
1.63721987428279
1.75481205111505
1.74710953479313
1.23740873096457
0.806839547260405
0.620571403710063
0.594267127380865
0.696235885486768
0.257266971184633
0.181556696036161
0.26576401891621
0.690286614173869
1.3865871751519
1.8811613906314
2.34052400021001
2.63998791746205
2.70265860598227
2.54054581759025
2.2338639462637
1.87754415634199
1.54151070974605
1.26075598242564
1.04397583208872
0.885990690440805
0.776788391800993
0.70624917302756
0.665881415069415
0.648963770692308
0.649983992280112
0.663869309415817
0.68534490800904
0.706481416925019
0.723122853581304
0.734647966725455
0.739960245010801
0.738538154418756
0.729155512349546
0.70954582761193
0.678507707011037
0.640990153520786
0.601066563078467
0.563039989903817
0.530958716619222
0.508307782412639
0.497994020899832
0.502590858834647
0.524685800284453
0.567121469186984
0.632897897664963
0.724478102036598
0.842266868280278
0.982272290863055
1.13358663963907
1.27728249072645
1.38897017160319
1.44630179949503
1.38532742781477
1.00920816351835
0.718330733297592
0.582023293323333
0.55648073322914
0.665163734481627
0.228558062663507
0.151911517201713
0.210616619485303
0.49567469846007
0.900141425400354
1.14902738656627
1.35035247094204
1.45268720845629
1.43759526731005
1.32559939875334
1.15895117814032
0.97913409884618
0.814187132982172
0.677422272786151
0.571794421241388
0.49485868957918
0.442246935777144
0.409525031995828
0.392912223606328
0.389333558109256
0.396118413832414
0.410555968804096
0.429524798449936
0.447554457547943
0.462030825294927
0.473081667108978
0.480239297464896
0.483838642553955
0.483504776521702
0.478686927038716
0.468945663377045
0.456037311527562
0.441835854274017
0.428622933582819
0.418951931698933
0.415427656641575
0.4205627964845
0.436772422896537
0.466428347044788
0.511801122008625
0.574682195849065
0.655514838422352
0.752034874489255
0.857801095119985
0.961502688920051
1.04819891555544
1.10312873675341
1.11720813957983
1.04533347424433
0.8070678160433
0.634234641542534
0.544574938048129
0.525117642626973
0.639251126810276
0.202991484928837
0.124975283818016
0.16393408267189
0.353119216414612
0.581002187755528
0.696725716553618
0.771270952442944
0.788940513692745
0.752829108093054
0.680094544174779
0.591577723321597
0.503831767536221
0.426547941316599
0.363678893534326
0.315644010823508
0.281169983449677
0.258437693659482
0.245668065491654
0.241334760229965
0.244131585350504
0.252773701392795
0.265717221076804
0.28095842688882
0.29474049062632
0.30556683732277
0.314037089353682
0.320263786832947
0.325133048810315
0.32903344781672
0.332681202931818
0.336494332410673
0.340354918207294
0.344584546390364
0.349890441146153
0.357489602284394
0.368974669221799
0.386077475659351
0.410456253244755
0.443516915183635
0.486176039705063
0.538445044162128
0.598801911461078
0.663533567385343
0.726496728484038
0.779834568674335
0.815864256262999
0.829636420881548
0.820990024709121
0.764917105193133
0.646282467723192
0.567792290160109
0.515524326828521
0.500894894704392
0.620744883394088
0.182612153696507
0.103124597936424
0.129678160321877
0.261798920365148
0.392139573347998
0.440863658157856
0.457868520144581
0.443222546186174
0.405952503481219
0.358050536643089
0.309441049627869
0.266067211605765
0.230411162088724
0.202847840134471
0.182796786167249
0.169397570361337
0.161817050474579
0.159350502816712
0.161408187813603
0.167412731486613
0.176613892540128
0.187871863729176
0.19957553348278
0.209068956843981
0.215733483303002
0.220568363233479
0.224285206303231
0.228158871404867
0.233287611303017
0.241375489667653
0.253858659987825
0.269813605117639
0.288669244809242
0.309971187964639
0.333618422838243
0.359785099749632
0.38864376969098
0.420080579938527
0.453546982412607
0.48805531820106
0.522199063877112
0.554099527888138
0.581372003237997
0.601364502581887
0.611818841127636
0.611782460438253
0.602331178419024
0.586625776249512
0.555967753261136
0.531201492260708
0.527520921049165
0.499940625336517
0.483959965883041
0.611509089123422
0.169588471756869
0.08771031493698933
0.108907527288001
0.213170214066835
0.290971453208289
0.305027590797951
0.295231472248444
0.268639315544709
0.234702276217061
0.201101869024841
0.172208847669424
0.149561696919266
0.133040404271166
0.121867266616789
0.115186149159556
0.112299597550181
0.112712531363508
0.116086444561758
0.122141522061115
0.130498097329856
0.140449952159442
0.150742885850087
0.159604005313286
0.165025489590232
0.167248750827707
0.167807888316507
0.168128709061285
0.169826635095
0.174648976946575
0.185100555689268
0.203791871407512
0.229845092325854
0.262546600871449
0.300783340129306
0.343084443519362
0.387417859588785
0.430896741862241
0.469793177320618
0.500229983800482
0.519404240259751
0.52655989437664
0.522982845740656
0.511145111835921
0.493778860042243
0.473442041089184
0.45254936768776
0.433584590341464
0.419213000801737
0.412789034484778
0.460192566634773
0.520480060125842
0.500952472564857
0.473848668215331
0.614091356003262
0.167247727156379
0.0788854408385331
0.102632205753783
0.202867364047482
0.244915780737099
0.233232673303244
0.205623065926613
0.172476876804166
0.141483467754806
0.116443946381389
0.09823736141907047
0.08625195602541065
0.07942069408926054
0.07673825884120627
0.07743071026099432
0.08096127758245507
0.08697944282670242
0.09524502244362054
0.105503755690028
0.117262927284258
0.129448104797953
0.140089069656613
0.146515552275403
0.147094318017027
0.143348622890892
0.137962420836192
0.133527062618468
0.132074830422372
0.136002825069627
0.148554907574825
0.173988852140022
0.212476925652795
0.264412256314177
0.328895827778183
0.402756013501639
0.479455477995495
0.548643881496472
0.597801957779108
0.616745523452127
0.602856257531791
0.562689330935201
0.508238879013923
0.451208823308865
0.399552493101668
0.357228194822942
0.325596208467367
0.304925489217865
0.295530618923541
0.310974350894169
0.431554609876172
0.570359713164066
0.523632571048187
0.469197635204972
0.648433444646748
0.223743962762776
0.09234464931475476
0.159594447493831
0.36872769890731
0.301009340546728
0.234496438342342
0.172925215026956
0.124901899285807
0.09131163776803125
0.06962698640055384
0.05677115798279025
0.05031369607212002
0.04870714254687028
0.0511361174455555
0.05726335642401158
0.06698528938449431
0.08024349059445558
0.09689015357847333
0.116515916827407
0.138054857443144
0.159035393454667
0.174820206368184
0.179261781033481
0.170819839565918
0.154662763268085
0.137435688686582
0.12454569314763
0.11869235684874
0.123186822849263
0.143033579829856
0.187807290909343
0.263271417880728
0.377434642801087
0.534698599398446
0.728109427940578
0.930360234753766
1.09154050253308
1.15589936442669
1.09671443613477
0.939308383755863
0.743268932891674
0.56220202156633
0.421652247388992
0.323744070101323
0.260555690815286
0.223200648808992
0.20529436585557
0.203444432484202
0.243765790827143
0.529637258535659
0.856352538266299
0.598452183943617
0.472787923273366
0.747549970862194
0.477990099024331
0.70977698662278
3.06879700027967
1.60033281299994
0.74196427492565
0.460735513537083
0.283746490131475
0.178200122860728
0.117298253610863
0.08306616661826874
0.06470769198567758
0.05625251614325
0.05472076028614525
0.05892920470083456
0.0687297217161069
0.08445967769147256
0.10649518936178
0.13490296732195
0.169150970897978
0.207650402240236
0.246819154381597
0.279892518333442
0.297342554686647
0.294656470645134
0.278169970444303
0.25919936274751
0.24751684125179
0.250858568863871
0.279223858727184
0.352174982154217
0.50725489444701
0.777521779235515
1.20907737749462
1.83084084665304
2.60288109776938
3.35631058893095
3.80238999054696
3.69829420822002
3.07261248817175
2.22398097121562
1.46321457756626
0.924206878394441
0.591306892592618
0.4000621164611
0.294576368228401
0.239763428194555
0.216931860517508
0.21779423645781
0.285313902788376
0.715620100459404
1.06257117520057
0.653014193622328
0.49160964300573
0.839480074246251
0.857621404516914
1.61004152843974
3.23239868926556
2.72869965662028
1.30811159070801
0.823187658823197
0.514370816696702
0.327625129776321
0.21800580351066
0.154955598322252
0.11980873055032
0.101954444110349
0.09578400784514243
0.0986878081284156
0.109804617861685
0.129179907514831
0.157130965747196
0.193805975152923
0.23902862989994
0.292432620197128
0.3537110901073
0.422838311027735
0.500544989272299
0.581101372075338
0.663646817069688
0.760150605434324
0.877937989281947
1.04404385345827
1.29100840465241
1.70833509960898
2.43153262990743
3.54000274149841
5.11980553120888
7.12278099854592
9.2174630167033
10.732550158714
10.9284233346353
9.57560654293287
7.2469372661358
4.86227876450802
3.02009727548037
1.82639333711951
1.12751306206642
0.737687095184269
0.524457599685737
0.410564988139065
0.355217355115794
0.338649309899562
0.384152703488089
0.581161212705824
0.699036511935153
0.590349836848705
0.513133430657278
0.894781676931487
1.00273944273925
1.36409110139461
1.77908807358933
1.63061521687461
1.17120038820328
0.905936474628061
0.679378899887558
0.504869276596538
0.379980031409953
0.29564920510744
0.242084647215231
0.211413014364729
0.19834822141621
0.199974024944042
0.21524556063792
0.244457727280945
0.288797366476502
0.350139204971531
0.431317959542972
0.537055571169496
0.675534007600153
0.860419013739074
1.11301325903658
1.4241599249359
1.79092209010473
2.2471701849824
2.80429013749502
3.54235072879951
4.51568176164484
5.90666932858627
7.84624730191742
10.175467574544
12.7134805756467
15.0582263231151
16.6155850429092
16.8115103487693
15.4329423830427
12.8305187931735
9.74531011162667
6.88952038206955
4.65040407851477
3.08309779841993
2.06309167948557
1.42632644971849
1.03688957847595
0.801357107342064
0.661144505789588
0.580817901286117
0.523206207880567
0.537989373584168
0.561182186215632
0.551005624128558
0.561083536116458
0.568457109653647
0.679733529450135
0.846439225165736
0.937058216755044
0.899852314275388
0.844114562380373
0.82194832106061
0.814054635752433
0.826243941785321
0.864362366037347
0.933935473954772
1.03951930584992
1.18354741178263
1.36372423230017
1.56877054832536
1.77528454671153
1.94934364779757
2.05563373874071
2.07137613176354
1.99506472877073
1.84435319236161
1.64701386885333
1.43157806450091
1.22108142014297
1.04837707785332
0.914150837171802
0.806443624450217
0.724884633260922
0.661999364367895
0.619479483506151
0.598203708907642
0.606678382390802
0.645291972895089
0.708392195203966
0.787859526314996
0.87389578948168
0.957852788410273
1.03615206520299
1.11273658292885
1.19824788698576
1.30696925397975
1.45408098323898
1.65344381511624
1.91406175076111
2.23409208936462
2.5921811435975
2.94089615851463
3.21198149438641
3.33917401369001
3.15918944258857
2.16290768847414
1.3869351634687
1.00274096601448
0.867563287068712
0.435682697576423
0.548533101857601
0.689589820913629
0.591998687611487
0.365143395139346
0.251537564670493
0.207415330776387
0.174137671463407
0.151544371505067
0.140259668646906
0.142356628677721
0.162672936773398
0.211148585990296
0.305558311734107
0.46985312483825
0.717650373916009
1.02237347017688
1.30882332855593
1.49137054506263
1.52384085580203
1.41613056017497
1.21720370738049
0.987847519874826
0.779104891551233
0.634836280224596
0.544167297869384
0.485430355201275
0.44906241882414
0.431711267075699
0.439691379833842
0.48181495457642
0.570763779067236
0.700162159658349
0.857725305976348
1.01421440943605
1.12461795777576
1.14605633947563
1.06541649659977
0.912791133284752
0.743852245501861
0.606673144452113
0.524623594963586
0.503591750662944
0.54620124161244
0.658630028994481
0.847945068245758
1.11092708402555
1.41853986489485
1.70843125836044
1.95541862625497
1.46344891747014
0.998584875259776
0.874235071077416
0.915324551778478
0.339953135447716
0.394792059341642
0.692237342558841
0.37213028592818
0.16243860418835
0.114832763597829
0.0934204522424459
0.07683260608058133
0.06497139495525209
0.05826869788350565
0.05808257350636313
0.06810360793066415
0.09768266166385939
0.167281807030053
0.307622468074796
0.532986684406389
0.804770059978409
1.04333771716354
1.17793456456061
1.17889020741557
1.05966575807712
0.863165871294306
0.643321304983794
0.447228680487042
0.315807242550956
0.241073051074584
0.208448514723121
0.209948319640459
0.242152873993454
0.306695602795417
0.417103396446261
0.598134952694698
0.85145280856439
1.1653298967128
1.47879857259927
1.67640439118829
1.63894613669427
1.3428146628215
0.911875880379759
0.528713790730862
0.28846870838763
0.173153515041314
0.131425837953632
0.131225574610492
0.163110195256662
0.230682453369735
0.341397806399661
0.495412057913838
0.673534315349399
0.918695827438945
0.771455674978504
0.665908027036497
0.884904183430589
1.09543916821805
0.270036106531161
0.254386630204599
0.311404690198981
0.234742551539857
0.17566642670275
0.17096282550425
0.168207042172465
0.167827801263485
0.171781098115657
0.184333574369165
0.213140844900173
0.270170758152402
0.367384247500834
0.498051637858082
0.623219479572929
0.709557633221008
0.756766280155696
0.772405851984278
0.755617171440268
0.702015668335297
0.61207885723215
0.495696744386893
0.371242285931819
0.259444728291744
0.182589559005614
0.137114902510678
0.114139918326934
0.109517514639068
0.121860178752786
0.154486990496119
0.218936154606581
0.335630519086943
0.510489075614921
0.740360061202484
0.985919051980453
1.16000104589108
1.15992544036417
0.95232810185504
0.631320994459342
0.347412895642743
0.175773364088643
0.09672888745624414
0.06752496340875527
0.06299608256350316
0.07480711702164622
0.10339783722812
0.152658689592879
0.225046027697983
0.315924169779655
0.473657863039403
0.530399759320038
0.700197927490463
1.15772595175811
1.48400674874416
0.251166534627276
0.214641949847854
0.23208452149699
0.26569159006003
0.351168387156631
0.432380221990652
0.479308340021326
0.520276563248823
0.551284424411715
0.571133294857078
0.581811209532999
0.586514197507441
0.585331843379279
0.57304391817187
0.546320919098926
0.512034286061576
0.480338512944111
0.454319912346386
0.429775176211669
0.39999770016512
0.360081451903478
0.30963449709981
0.253469536722328
0.199823129291711
0.16053141232759
0.135789424703423
0.121936167862551
0.117523443944615
0.122286842297801
0.138688255735495
0.17370609834326
0.238593403809561
0.33560947517981
0.462920646656985
0.601745496127225
0.709999590270879
0.734668197009569
0.649433293548651
0.487076259652159
0.318745372427109
0.195791913850022
0.125435517250787
0.09241687175788695
0.0822660413804157
0.08775072869495538
0.107157286305284
0.141429748712603
0.191336424965459
0.254682565800281
0.383337140295431
0.561779722583408
0.876016691404934
1.45183799868609
1.86696874800658
0.255015390986927
0.214415655697055
0.250440743661535
0.350833503322481
0.567325483227724
0.753770142309353
0.846258901432506
0.905475101692656
0.914475889310908
0.869604772373479
0.783454379474056
0.679290363137363
0.579218178995369
0.495503210555278
0.431308300192011
0.385673659350702
0.355752969362738
0.336900045571506
0.323216634017737
0.308789936182971
0.289146701258302
0.262593379112733
0.230885852788867
0.198598417722257
0.173595932067144
0.157124042818029
0.147632368487265
0.144814672532457
0.149123279196424
0.162918430970316
0.19218165414541
0.245783419722561
0.324741601591725
0.427228123761179
0.539584782046515
0.631794995955498
0.664852586235652
0.615173960528412
0.498556030140905
0.362411690037387
0.249480969452277
0.175027059990411
0.134129517599382
0.11720761639821
0.117622593306887
0.132524565033042
0.161366468469336
0.203944752363601
0.258617856252393
0.378015413587243
0.589965917035445
0.947957826250577
1.57411600128007
2.08372712672369
0.267633669332097
0.229152819006677
0.290638603499466
0.466267149675062
0.836738359781865
1.11714741949481
1.22664614468664
1.25841246067728
1.19567017179877
1.05309586511683
0.870639572388655
0.692233162168353
0.546008502836109
0.439760500796948
0.368780364965495
0.324691057511304
0.299608487642115
0.286817180746708
0.280448370850655
0.275382482797312
0.267642553873858
0.255108864386617
0.238088310447682
0.21917320077181
0.203712892125005
0.193369930289096
0.187953594062899
0.187905927133276
0.194358753951967
0.209765182985046
0.240079342558567
0.293617943356819
0.37075957665225
0.469649204312607
0.578294097281295
0.670745995213021
0.712531350467539
0.679919675785845
0.580728697542549
0.452271440156107
0.334586548582471
0.248294206486997
0.194888332535285
0.167918290047349
0.160984795122759
0.170193579515342
0.193726963310974
0.230529375329482
0.279060484959173
0.390581265359906
0.608465468783243
0.970066158509083
1.60666161781802
2.22761990403562
0.289988332201239
0.257920071082129
0.357256073192608
0.631701232604456
1.16928613344879
1.49324439385449
1.56853741700666
1.52347363565696
1.36302798313047
1.1314706965318
0.887923437131088
0.677629183182177
0.519421795614249
0.411466886021254
0.343142913989356
0.303212236964748
0.282702605197428
0.274865733156287
0.274376969079792
0.276791385862902
0.278524570826688
0.277253061435921
0.272396369755558
0.265244268262059
0.259078914208029
0.255714714070654
0.256038689469915
0.261000664627883
0.272617202722572
0.293701523246493
0.331126092430241
0.393703973850062
0.481139381857996
0.591360948005135
0.712116925756787
0.817306928769213
0.871789268371705
0.849111947762214
0.751995313197034
0.613803783955061
0.47618907023646
0.36602835520347
0.290714282934367
0.24643308319003
0.226688079288325
0.226277915119108
0.241927220762717
0.271536747562846
0.313222516929378
0.414091278199232
0.620065125015802
0.953422447571584
1.56335322290641
2.30538052280831
0.322836450143991
0.301629082159774
0.454975139027151
0.854252928628239
1.53065221729732
1.80551729040297
1.79631497585643
1.65330501432128
1.41168608922772
1.13273494239764
0.872918593431487
0.664185705138102
0.513431693046003
0.412919473507567
0.350587208728808
0.315555116082616
0.299590973016036
0.296675421668752
0.302149287638754
0.312113353357178
0.323279250676664
0.333220584857854
0.340801515753658
0.346467127187791
0.351534802498591
0.357765857846653
0.367099137470087
0.380860196096562
0.402338945513738
0.435002388127866
0.487743734976936
0.570893619015917
0.68297392902712
0.8212135114676
0.971121113385996
1.10262563381754
1.17527485544282
1.15706417095063
1.0469202894717
0.87887316988665
0.700795112780437
0.54842272766569
0.43599727490516
0.362445110610914
0.320847635634278
0.304215090467369
0.307350820818978
0.326659040051709
0.359310766017687
0.445000380972136
0.623260441631174
0.902350882446207
1.45493879544736
2.3056237009146
0.366624250470256
0.360717972330162
0.587916142186693
1.13489588156862
1.87868664344927
2.0142545289261
1.90180287335722
1.67754800957918
1.39433690712788
1.10953167273753
0.86344934870013
0.672959381155597
0.537255889405432
0.447138085197408
0.391865681423123
0.362322661438544
0.351652702858187
0.354777143200481
0.367685862998687
0.386924636026558
0.409436451961716
0.432754409926514
0.455413017317173
0.477354081104456
0.49774306715948
0.518128153818683
0.541721749222794
0.570174455815811
0.608697646803171
0.661729025066813
0.741560462125181
0.861019275798966
1.01623031238488
1.20270240670423
1.40114612565361
1.57336221761824
1.66895351632035
1.64755961842944
1.50530808027607
1.28127958670092
1.03479885882843
0.81436503594263
0.643113369356395
0.523276946856955
0.44716398206042
0.40524777939506
0.389605625313753
0.394382614137892
0.415022026061748
0.480510661422935
0.618473056952489
0.826613359776913
1.30310568375717
2.23200889751929
0.421054859746866
0.433638928076351
0.755461733366728
1.46244249318024
2.17639822640353
2.12824289393284
1.93062778405205
1.6627561190504
1.37563889443038
1.11051499086306
0.89064359377095
0.722694874753128
0.602901444477687
0.523211769392396
0.475234462913356
0.451938333304439
0.447921023094533
0.459029789221795
0.481838774915701
0.513260376354837
0.550429554878958
0.590896224426014
0.633055231154387
0.67665239707747
0.718317468576727
0.759246650195436
0.804341691045608
0.855561302387709
0.920910573209305
1.00613816171454
1.12851680103732
1.3040698750749
1.52424959986983
1.78092345735581
2.04657118200873
2.27035158456939
2.38782150985663
2.34864885285015
2.14823877365569
1.83564266625682
1.48711375580305
1.16806750565096
0.912765346977846
0.72731551868931
0.602736768899198
0.525962832636796
0.485269945010879
0.471562888629572
0.477663401874934
0.519257305038378
0.608704190609387
0.738338842955095
1.13295592862814
2.10027635545788
0.484571120058737
0.514882269234174
0.945802039571629
1.8049215227727
2.39494577422942
2.18399155169547
1.94394098778361
1.67372611785092
1.40972369511187
1.17605080693434
0.984471735321317
0.837244481748439
0.731012173520471
0.660144952371425
0.618847715205204
0.60211062626773
0.605882531196453
0.626845149494815
0.662071711239672
0.708768860703937
0.764235189111329
0.826097775367484
0.892795018958689
0.964180598998557
1.03388695719147
1.10261036845101
1.17741802726604
1.26053587179527
1.36367255227423
1.49407569791689
1.67530406000317
1.92635688770592
2.2305026373425
2.57293859907083
2.91399698102558
3.18661207259124
3.31084325878058
3.22823532847924
2.93799722142112
2.50425050243337
2.02396129812435
1.58143301116705
1.22266821612112
0.957425409396589
0.774715742402775
0.657005962888262
0.587851411848474
0.554095544099468
0.545196775653416
0.562512633877866
0.599534466316897
0.648730879655402
0.966445680499871
1.93210658703944
0.553931989028605
0.593308055431624
1.12818675871426
2.09966818460927
2.50889075342534
2.22209258044988
1.99596906442528
1.76398188686749
1.54453297074449
1.34948007350676
1.1855596204574
1.05529141696939
0.958214378341897
0.892183491460579
0.854385677544104
0.841951082848564
0.85219166356988
0.882579524191884
0.93061057929
0.993706150590168
1.06928605177729
1.15509168843035
1.24974775905213
1.35345384207302
1.45645762347964
1.55874653499197
1.6698214683773
1.79201186373693
1.94121628825706
2.12589144811174
2.37590335791072
2.71114671404123
3.10251128180169
3.52498679264742
3.92412065452895
4.21690124115277
4.31238552612382
4.15154535471933
3.74436135476749
3.17296255402514
2.55351173052568
1.9856289861677
1.52399708591386
1.18041031118934
0.941348347071501
0.784775631415597
0.689608502274416
0.638644850146877
0.617810890683425
0.615442422816412
0.598930922455968
0.56580397292677
0.818933915776624
1.7487855788995
0.624167712512194
0.652438952488108
1.24937830188061
2.25098213730587
2.49497849482816
2.27704550665806
2.13298771433258
1.98635743848956
1.83917415798002
1.69565838110052
1.56184241488741
1.44401499497539
1.34746863524167
1.2757916622974
1.23077069081988
1.21268782779633
1.22072874863165
1.25331229850252
1.30830477694841
1.38320094651502
1.47539808095413
1.58265593010809
1.70374637974777
1.83919444098849
1.97570658197343
2.11220415574126
2.26029103609389
2.42200038048171
2.61684215516131
2.8533684628273
3.16534335430544
3.56913373917488
4.0203215691027
4.48170763984297
4.8858265099265
5.14113032483187
5.15792360043526
4.88900218437729
4.36133502619288
3.67193260403162
2.94628460147153
2.28859742229056
1.75513539661735
1.3571705250001
1.07914097391871
0.896226140864456
0.784564254480885
0.724412499954765
0.698985172633041
0.687993438226853
0.617751061661043
0.493603705958843
0.699016165373458
1.56695232197043
0.689206652113612
0.674841587231165
1.24582584221824
2.15432543060268
2.34503157022414
2.37966845019498
2.40280316151826
2.40988753592729
2.38559864777063
2.32421661900903
2.2301547598404
2.1162441302084
1.99903970075523
1.89399103847049
1.81248030588667
1.76111161844699
1.74245298302868
1.75624327344498
1.80047784725424
1.87223536708844
1.96835345271993
2.08609724632972
2.22387864930357
2.38196596647955
2.54369148934833
2.70631913469208
2.88229755887041
3.07270746365089
3.29858731879984
3.56667293290235
3.90953331604041
4.33443618996106
4.78315624832545
5.20883950714148
5.53956307099766
5.6897575379278
5.58739796175271
5.20827336124152
4.59638249782527
3.85243917928814
3.09464849678246
2.41709748389761
1.86919323837833
1.45962539029138
1.17272987538464
0.984302623128978
0.871016909525448
0.813593493568514
0.794798313175975
0.794700134401181
0.672292778325732
0.432708752935883
0.610350653023772
1.39722368932226
0.743278889353578
0.651175925557287
1.08093491623262
1.76213357460165
2.09365065725637
2.56523578939136
2.86263439526996
3.13271237226718
3.32820185890307
3.41180156712963
3.37489694836281
3.23990333385306
3.0482794194513
2.84350778797184
2.65911329855997
2.5149998857803
2.41952769555941
2.37347698613409
2.37354336415211
2.4147014801914
2.49165403963617
2.59977052715412
2.73578601857899
2.89833175433555
3.06781958470951
3.23906454164896
3.42325480777216
3.61980357749637
3.84801721484598
4.11083594059741
4.43348278654369
4.8105266078292
5.17799937824527
5.48756974202171
5.67622267721547
5.67986877831942
5.45586951465357
5.00529121090691
4.38067712876675
3.67111756875985
2.97158235170862
2.35430008526461
1.85611184004971
1.48263704122627
1.22074484826441
1.05053947483409
0.952675346408558
0.910656250619694
0.910805455783362
0.950468579491186
0.790645837675095
0.381679277861772
0.55385761411687
1.24520373833771
0.783053101433616
0.589140255114389
0.789432800651061
1.16472291962667
1.84652915390229
2.86827597376367
3.56866006684174
4.27756033456253
4.85985214471893
5.19353840630253
5.22684866497596
4.99980460131033
4.61307074659171
4.17533024129822
3.76696522345059
3.43127899284232
3.18279010294898
3.01939791336231
2.93170348003058
2.90837169251801
2.93867119027002
3.01351169398012
3.12582028128017
3.27061896969631
3.42601198358251
3.5836720183633
3.75131144558997
3.92629537383571
4.12303457180471
4.3397872209861
4.59023951672928
4.85753870545397
5.08450897120257
5.2318455833728
5.25676542793139
5.12434447577727
4.82131687757502
4.36585852316185
3.80666383864663
3.20982803660454
2.63961924624592
2.14279051188266
1.7426811558995
1.44263584736004
1.23391214783686
1.10322208983198
1.03733612287454
1.0242620560634
1.04975796695011
1.15136547401076
1.02218441650843
0.340453155996985
0.527247405790052
1.11493096994476
0.80392796379143
0.52136445413161
0.46734608974555
0.617604387975147
1.73214151235614
3.27999105275264
4.55581373678944
5.93755383020567
7.13479050814023
7.84195696714278
7.91336243594509
7.43474146834832
6.63921611867328
5.76582095030619
4.97379245817711
4.33386387204785
3.85749992051297
3.52797424547806
3.32010256993936
3.20946860757773
3.17548808681174
3.20171878264776
3.27524451391161
3.38587486687021
3.51013633135124
3.63650180715305
3.76801136065352
3.90025584754032
4.04121451820426
4.18531294363833
4.33465358957702
4.46679695130836
4.54206928529197
4.53704370392619
4.4321500255442
4.21798895644643
3.90066143105849
3.50327657400374
3.06201110905923
2.61776527563313
2.20687332116859
1.85465930474587
1.57371366051876
1.36619683287595
1.22798132324456
1.15247152410048
1.13275169519047
1.16130859261256
1.22833912216374
1.34515864252431
1.34703102151128
0.376101643350335
0.519157630438422
1.00994864360929
0.80863326946499
0.449693262443733
0.337817920418253
0.460215430650648
1.59302728129094
3.81614606867735
5.7700820039712
8.0219448420331
10.0130617871351
11.1329244459267
11.1022986747427
10.1248354546184
8.67398213051627
7.18463981191129
5.9048869668999
4.9137038089369
4.19592699432032
3.70271491569106
3.38274723413334
3.19324602901091
3.10141806898598
3.08259203269846
3.11780615980861
3.19176558347957
3.28041370039092
3.37000864053571
3.45944206461683
3.54339385236672
3.62412829828816
3.69428483579999
3.74798829724508
3.7639718630751
3.72338840197712
3.61862736934775
3.44797513610964
3.21722886115892
2.93985884242424
2.63530711725043
2.32574932429527
2.03232558533007
1.77206337542785
1.55634864123316
1.39109423558737
1.27810766273107
1.21683442917563
1.20563415775519
1.24182582851504
1.31984854996638
1.42495102529166
1.6011752435449
1.36525332892112
0.491024493132598
0.538017005912524
0.914106981280576
0.800328936530213
0.393052313539977
0.279842720043771
0.407689011191948
1.55822443503553
4.32080942718854
6.93981904647156
10.0211968168234
12.7050613985869
14.0406341043634
13.6681627637331
12.0123671809276
9.8452914676323
7.78215783898756
6.11067387179066
4.87576977411277
4.01286699947053
3.43334366927738
3.05986586563981
2.83427472885014
2.71505442989789
2.67246285112599
2.68417888255787
2.73213591615909
2.79306405525645
2.85281917721311
2.9080029432204
2.95339418014518
2.98776553168803
3.00398338211803
2.99294412283702
2.93864429714551
2.83881920967836
2.69660574079598
2.51966147009786
2.31915154041975
2.10813440259115
1.89975551124051
1.7057139377944
1.53533146578375
1.39532099896208
1.29013881690905
1.22267576838678
1.19498130772779
1.20866091660422
1.26448868038668
1.36067750512274
1.48924508735232
1.63243636518207
1.81827888149669
1.35474473421498
0.599436413564241
0.567318591612064
0.831689472213996
0.781709894986373
0.352103634427003
0.252635327526622
0.395841468270147
1.5702936755715
4.60241495961427
7.5600384288423
11.0028660634048
13.8393973543131
14.9647157864143
14.1086725536909
11.9369075633956
9.39781067420517
7.14052683279539
5.40379039767713
4.17194276089731
3.33820242540347
2.7915284771401
2.44500740066806
2.23756317647479
2.12768887673578
2.08663458498817
2.09311016645874
2.12971231178915
2.17545583607121
2.21761375852468
2.25251758579579
2.27574136191365
2.28490705577624
2.2742400649485
2.23500795468388
2.15707607759081
2.04719828624988
1.9133082888527
1.76566694098777
1.61513442724893
1.47164341286848
1.34323326969499
1.23577295973021
1.15326585954134
1.09849788667236
1.07376989254111
1.08148187414382
1.12432825585086
1.20477040815079
1.32331649606544
1.4751919759308
1.64594279636161
1.80811702253076
1.93650115743175
1.31765808571329
0.674557328323914
0.590800143347128
0.758998289382809
0.756357776842785
0.321020261715755
0.236910319132395
0.393001805951204
1.54237370734142
4.43713465854055
7.17810233448201
10.2181313674371
12.4878971771566
13.0657284503993
11.9052550199098
9.7468911990314
7.44460031528007
5.50450590300069
4.06673575157742
3.07536426872144
2.41921952033531
1.99703527108256
1.73428132174535
1.58064173181233
1.50291794765972
1.47852668167231
1.49070840525409
1.52538640119626
1.56498701832826
1.59926598063879
1.62550355511731
1.64030292617258
1.64163872046939
1.6253302828034
1.58472046482747
1.51411941527793
1.42273674622891
1.31911131173051
1.21255716681387
1.11169455113134
1.02351189889256
0.953096681561982
0.903938284387918
0.878566245986114
0.879267176547541
0.908661025211012
0.96992389021254
1.06636300109326
1.19990086375404
1.36799378580387
1.55906549158155
1.74816563271547
1.89677914050597
1.92233490048491
1.23943215123081
0.703515609871659
0.596911272365636
0.693282859206162
0.727334522309292
0.294341933326946
0.221909658374949
0.378474456279845
1.40637525353708
3.75966449140532
5.81251080989366
7.90277399801298
9.24655449591512
9.31191185929327
8.22628377972221
6.57822605169845
4.9380840149674
3.60461522967064
2.63714531851814
1.97942853416443
1.54908347531364
1.27562584512286
1.10862054214576
1.0146302811622
0.971892264554311
0.965663847197766
0.984783656845941
1.01939130758329
1.05575090589023
1.08627036790789
1.10944948087845
1.12284763375418
1.12533487325581
1.11410485353907
1.08485832049729
1.03461466761154
0.971276872658311
0.901938585830602
0.833798884717858
0.773198377925909
0.725157545020581
0.693437154709593
0.680980116445117
0.69051651584333
0.725111453914082
0.78843871822154
0.884504324035978
1.0164169957914
1.18373390481486
1.37825040218758
1.579376501347
1.75253700452627
1.8557633165436
1.77128019557693
1.11368238745981
0.686252539628123
0.581879435269617
0.633422978485586
0.697113490264205
0.268713112400222
0.202262041896509
0.342361799111906
1.15922406733116
2.77869720891199
4.02648304022398
5.15273912568102
5.72818836079827
5.55108044865104
4.78280272808443
3.77426591305903
2.82019744307276
2.06016505610762
1.51264078395831
1.14119837307288
0.898790444028439
0.746040127638476
0.654904865359805
0.606837629115774
0.589798098957206
0.595567880240713
0.617660982531749
0.649869261472079
0.682049894045032
0.708886172863091
0.72983981687791
0.743269626742577
0.748900253949236
0.745015893197483
0.72931470249067
0.700341325111835
0.663405967347494
0.623549209903639
0.585821050066532
0.554767214759353
0.534229185578741
0.527473946488177
0.537564002378755
0.567801084159093
0.622031884234407
0.704543840207158
0.819178354118628
0.967228132826585
1.14391919732661
1.33420251448056
1.51035632144361
1.63557392882292
1.67659031591867
1.51150494527332
0.950415813342333
0.632909452186573
0.549156413293466
0.579579675426778
0.667871679275298
0.243084684460541
0.177293732297937
0.287980128429309
0.864524969259373
1.82469942466004
2.45531688269065
2.93856222852888
3.09668703612116
2.89340201233946
2.4450276692846
1.91997609830986
1.44262103723796
1.06652067879516
0.795125471787081
0.610049079643358
0.489063345286331
0.41359268938274
0.370296620401252
0.350298340567078
0.347814101844307
0.358809836504773
0.379845400082258
0.407207825978433
0.433679974712308
0.45569147475561
0.473319816003461
0.485608765139465
0.492909451729496
0.494408740033003
0.489329026099969
0.477195451880204
0.460876912141065
0.443468568570343
0.428196581577683
0.418248968117975
0.416697888041508
0.426572185837681
0.451060710126855
0.493720977198251
0.5584670459484
0.64901000129516
0.76736852058369
0.91123387807871
1.07064342154106
1.22567518780575
1.34807056110818
1.40917324257173
1.39279677917633
1.19640831384525
0.771999222126445
0.559451220772902
0.506407652745909
0.532526869867026
0.641734198682581
0.218251262159747
0.14978106182513
0.227694552563529
0.598950070821613
1.10857281176206
1.38208743105074
1.54445439205347
1.54216573334101
1.39080253333919
1.15598599995307
0.907683964197675
0.690598070439323
0.521370186827666
0.398946312544404
0.315040353493926
0.260341948568407
0.227102240902356
0.209712595845216
0.20442050161996
0.208756200651305
0.220888275206024
0.238987129284281
0.260718477559415
0.280974928051802
0.297469385551306
0.310673163287477
0.32026184629446
0.327021110709958
0.330941537889605
0.332394280684564
0.331748542084175
0.330152751114271
0.32915742423054
0.330555276157142
0.336463778108895
0.349304514374614
0.371765797682911
0.40677739020301
0.457406027379748
0.526459953258111
0.615521853374476
0.723225427797533
0.843035608795661
0.961628880785538
1.05971765961159
1.11678481080461
1.11898954841765
1.06644249964713
0.88479592769927
0.602784809153992
0.482121292710149
0.462064113317162
0.493044223935139
0.620836345455922
0.196066087556084
0.123715829928187
0.174050317938439
0.403390589547139
0.657859322420078
0.760428454613208
0.792811611134845
0.748785173518613
0.650556930330248
0.531338861877086
0.417693990053933
0.323219007119176
0.251200763939122
0.199575397883791
0.164543548578453
0.142387707943365
0.130142307676371
0.125698851510826
0.127655677854441
0.135042926309278
0.146967044959719
0.162215936810175
0.178969214619237
0.193462865688038
0.204388139044989
0.212561520285195
0.218318003736712
0.222768641962165
0.22666171245624
0.231249620093525
0.237768897452558
0.246448673810766
0.257819921957958
0.272665208493058
0.29223956557881
0.318248708876772
0.352649287010766
0.397324378222854
0.453627052349149
0.521729621496927
0.599725205759975
0.682602405196289
0.761621597890605
0.82501843669204
0.86072826884773
0.860637409631868
0.824403058544352
0.760498952897891
0.620071625663442
0.460012323792513
0.413307884818092
0.422983835548574
0.461540006857195
0.607219642597384
0.178740733371568
0.102334800928302
0.13398141000753
0.279559908089894
0.404864089552948
0.433871693393762
0.420843166081302
0.374167163237528
0.311443502879626
0.248801014920901
0.195472178425279
0.154285377818772
0.124487780370584
0.104122627178432
0.0912492716841107
0.0843509698410935
0.0823772736493289
0.08465791167722017
0.09075575243414336
0.100252753680209
0.112454555018398
0.126066243040492
0.139067337213405
0.148412676592341
0.153723214126995
0.156334546553301
0.157393211860194
0.158330070870984
0.160606084736814
0.166125162927181
0.176994619232339
0.193203036865625
0.214887563465402
0.242363362622381
0.276279979464237
0.317440357116653
0.366280732012613
0.422143324211182
0.482655411917964
0.543593149065068
0.599362426977363
0.643845220299407
0.671342401035277
0.677654992198566
0.661311636006262
0.624490997813893
0.573037305490925
0.515272646249638
0.420788283782393
0.350651974639488
0.360358432768625
0.393661446990393
0.437908949723394
0.602592312353073
0.168617902650104
0.087461830269283
0.109063843502761
0.212074116525865
0.273966200334308
0.27128038742744
0.243378799821085
0.20216985613007
0.15990077163167
0.124049815726673
0.09703735120722597
0.07827662625382437
0.06616611136794348
0.05918847802631374
0.05627845787122691
0.05682846391694591
0.06057359733444677
0.06744356739327358
0.07737290999310098
0.09001858483737477
0.104354783361725
0.118270680416259
0.12865207507069
0.132654580552059
0.131285854245762
0.126999814838236
0.122205585856414
0.11869144680897
0.118526708548413
0.123933267078213
0.137756054616755
0.160269312175331
0.192011774222766
0.233650418890524
0.285711875654071
0.347816195448592
0.417361150692146
0.488226348835773
0.550900487836192
0.595204346331145
0.614511460417267
0.608239624862279
0.580842988462909
0.538943048002489
0.489063494142589
0.43673765207627
0.386449479717216
0.34193436930028
0.284655414552973
0.27363152661207
0.32704819512099
0.3764458381266
0.421554226414259
0.609887404509403
0.16980634118842
0.07943920458160061
0.09842161972270315
0.186547296935439
0.208892217312975
0.186821834557936
0.151555063863466
0.1151479452111
0.08492344074596148
0.06307068890115265
0.04879684939344511
0.04040009805806648
0.03638147598884081
0.03579692641994348
0.03825262534592046
0.04379009852470578
0.05274107502948066
0.06553525010297681
0.08238601511171445
0.102736085212433
0.124394014249922
0.142693876200328
0.150994966400876
0.145916908598362
0.132003479589812
0.115198422290209
0.100829929051931
0.0910673383641249
0.08803169208450319
0.09339067210948736
0.110514772179106
0.140678277490707
0.186327953239385
0.250247031487426
0.33407500058166
0.435555679410943
0.544635204688506
0.641183891140911
0.699872495480787
0.703729872991792
0.655870384760747
0.576451423518634
0.488576941450444
0.407725823273679
0.340356285727798
0.287262787982318
0.246951843538849
0.217474244636344
0.18887456028793
0.216326567610331
0.314929944137167
0.372850360638291
0.409864832862054
0.65542851869479
0.2234411122094
0.110474569993509
0.162782902547922
0.285177718230652
0.228768689420338
0.167531298933899
0.113180439580581
0.07343671098311538
0.04778711875611899
0.0326484439524441
0.02449255121283407
0.02092666320358664
0.02075824489907123
0.02380541965087245
0.03075929608975974
0.04311580090111544
0.06305156463919541
0.09304407456981006
0.134941460493261
0.187992181720014
0.245321493119692
0.289879117336548
0.29616349756326
0.255830582541675
0.193079073324237
0.133844660257647
0.09449563071781064
0.07373819823860733
0.06850071808561188
0.07684657344323897
0.104013241414223
0.156258264085368
0.245475925980401
0.38645679636559
0.58988901471356
0.846679921100785
1.10649072034205
1.27513042939196
1.26670975270992
1.08369562715248
0.820492180006339
0.577129258833624
0.397883237657686
0.28084213827704
0.208592223015183
0.165146378732955
0.139883443948978
0.126819385471988
0.120946561632111
0.197512491404476
0.435431292771065
0.388080277946683
0.405023139776303
0.75443441178909
0.482354626898767
0.608945973154717
1.53730566811825
1.19316397941078
0.559343906400914
0.335002685531704
0.193324905675943
0.111107031845044
0.06603689284139845
0.04231814552327047
0.03051179701898034
0.02566636737214726
0.02568563340004608
0.03040750866399985
0.04129331329726506
0.06142801190103827
0.09538600433221668
0.14840889634326
0.224367682051553
0.322015365248586
0.429076862297038
0.51558373803632
0.535812759813256
0.470805211523991
0.360964498456353
0.255154458653904
0.185523246355715
0.151939650786124
0.15081868404863
0.183795303716993
0.2730940065233
0.448915664043364
0.76592502505543
1.2918506671241
2.06512789470183
2.99751039826388
3.77103027352329
3.93613528027468
3.32899770939912
2.31583044100861
1.40220582639925
0.800157922954006
0.46433138207216
0.289399636793809
0.199458096518112
0.153402947355087
0.131278951600363
0.124150113715495
0.135356867470793
0.306847535956302
0.580649308257733
0.42318972478345
0.416772087555153
0.847310671087747
0.840518193171577
1.38566018594733
2.57924099257938
2.18931413464682
1.09755930488773
0.6822659601966
0.411369670989741
0.247903870587514
0.153965413315769
0.101679637922182
0.07356089027918779
0.05974185389975915
0.05526069628246079
0.05824992551623732
0.0689309256457753
0.0890322225622312
0.121176448963097
0.167858270622124
0.229983040626696
0.305434897763901
0.388333310072343
0.469465456146743
0.53868321864265
0.587514775218347
0.621754988125183
0.656247602771295
0.699289455789031
0.766963483835131
0.885797525670916
1.11972575114406
1.5757317544632
2.34313668090399
3.54526057440332
5.24940926659768
7.30551967332336
9.15725876584179
9.91655798601441
8.99684506042504
6.79789624480399
4.39518766381083
2.5685854528541
1.44981592530057
0.839714920723021
0.521581131609822
0.356300376788853
0.270152279131388
0.226959968744783
0.209468815269079
0.223252489710937
0.318642734455773
0.416675912216644
0.426490922702968
0.437354535020277
0.897408709636211
0.982777176245692
1.29206213030926
1.64900503139668
1.54282019627349
1.11449812885015
0.85818871181316
0.633840396137537
0.458340959786865
0.331794896371169
0.245993448520126
0.190932325665368
0.158166457093894
0.141896950251266
0.138946368083065
0.148372828774702
0.171016524724451
0.208994208717871
0.265131445239518
0.34252481307413
0.444659452099283
0.576463387774391
0.746264639155718
0.968050005842172
1.22984970884008
1.52755233248619
1.88671439677537
2.31474666445018
2.87123874024419
3.59395156208217
4.61714636017495
6.05282406060386
7.8206000253613
9.83559506409139
11.8337745844984
13.3462039052189
13.8253195518248
12.9486118887743
10.8956380507594
8.28956470467682
5.81152585415319
3.8609392890857
2.50934545107929
1.64503831040491
1.11604285206648
0.798317226050752
0.608741209058406
0.496632856579894
0.432327278291803
0.382677314195891
0.398857632618537
0.432385458605442
0.449074855283425
0.494292729687584
0.532468878728304
0.619661637212789
0.754611913176437
0.842215433897272
0.844457046300258
0.816275403131757
0.808182871891489
0.812681999889303
0.836307899083788
0.885792961954277
0.967452336368079
1.0868537177555
1.24975817685472
1.45894314987934
1.70626159029214
1.97167251943045
2.22176297165655
2.41245847253477
2.50553661891183
2.48432410515898
2.35679429183627
2.14846175558424
1.89226948698981
1.61991737239353
1.38142328816237
1.18575813184237
1.02343626508064
0.901694179831285
0.807939279121845
0.740188196651736
0.699091166252808
0.696166807039674
0.732849883690678
0.801220249419262
0.889971347957657
0.984596209854681
1.07083826354114
1.14058731452914
1.19613012846159
1.24896796389623
1.3147486441171
1.4099686171824
1.54931538726236
1.74067435993004
1.9825759854018
2.25820300938187
2.52873921225876
2.73760657436897
2.83022737851019
2.65675646303872
1.82774611653578
1.18907052081673
0.881231556745274
0.794745474913314
0.400533032675329
0.450932564293551
0.542092883346177
0.462163463794341
0.294764648394153
0.216900547020323
0.180959094599565
0.151969625380081
0.130924650524695
0.119322134727689
0.119712432004619
0.137058033596794
0.181182587983869
0.272213053129877
0.446561667707747
0.74220838235713
1.15169378364655
1.59070470086634
1.9351834204976
2.09320103490992
2.04477242368288
1.83467227095535
1.54196557944592
1.2478194550871
1.03246821886625
0.898521362651261
0.805979776464524
0.725810394421799
0.666348968190765
0.653926016864966
0.698478843755065
0.815761674844459
1.00318108364235
1.24899076357947
1.51149391790507
1.71185144225065
1.76007278227312
1.6135931853501
1.32090728774708
0.994646473432178
0.731447630581105
0.564842694434413
0.48749825736494
0.487435554933866
0.558357659974225
0.698055767039763
0.899016792549421
1.13445604820848
1.35210877784496
1.51663977097044
1.13138482484047
0.790646477399987
0.721157839646646
0.810245612026893
0.305307809849843
0.312923315849094
0.322357505560136
0.175770566233408
0.122710332864673
0.09106951573749253
0.07567831660101129
0.06184984371062541
0.05070848459276532
0.04308663222798403
0.04005875687949685
0.04434417768896001
0.0645457853459532
0.126259296211768
0.284288531350614
0.585893121408205
0.992968254819635
1.392465646838
1.67185205469953
1.76726661669406
1.67348077375502
1.43423736985998
1.12286989996871
0.816232292929835
0.591936682149681
0.449487103494651
0.385443986306143
0.401468160825573
0.476104490035012
0.584982120389025
0.75639784661263
1.05134420668611
1.50418933532556
2.13012060228217
2.84810339351245
3.42218515901885
3.51529345916067
2.93825513803835
1.91431064592258
0.961830712294231
0.407337889858153
0.184706523856426
0.115799625378587
0.105991175074091
0.127784163432393
0.179241396870097
0.264791280977577
0.383059836299486
0.516412969946227
0.683008423926381
0.581908035498495
0.516806262539556
0.685994215528866
0.947703076224881
0.243094253960163
0.19778611229299
0.15683094716849
0.115623100179691
0.136248406250378
0.145642635411829
0.149743901729214
0.153267344825233
0.159152974963531
0.173169808210835
0.207229697746355
0.286793746862962
0.455640560064365
0.716607097133504
0.927998733286733
1.01443834365491
1.04205410685697
1.0503044310617
1.03429096976487
0.977667047546349
0.871025312379436
0.720433892451159
0.548133423804428
0.384607042308179
0.266462793078319
0.192846057632048
0.153663758218844
0.145420018851604
0.164619306948248
0.212764645590207
0.30675018187317
0.482593326061932
0.764753405299797
1.17227301969487
1.66557036513746
2.09393449132207
2.21385366264761
1.86540856370851
1.19447370848399
0.575414993630298
0.229798071309268
0.0975926795569264
0.05734458725675468
0.04981562936185745
0.05819093222071102
0.080754676096317
0.120200834212213
0.177923582002484
0.248607621476092
0.361884214251332
0.401109162836527
0.510800180553947
0.865631546258574
1.27586024729754
0.230720766949863
0.172368028983115
0.169513960633937
0.198959506149885
0.303511143299335
0.419014091829826
0.48583208653421
0.546724345684237
0.59569632411859
0.630981458136682
0.656449513435489
0.680138074104357
0.705248665943507
0.714638788064262
0.685555132399823
0.63053167899381
0.578903999849786
0.541358870941458
0.511583890563052
0.478365905964337
0.432969886089668
0.373026821355796
0.303775293755057
0.235943707632041
0.185591671378529
0.154095081080632
0.136579953843368
0.130001392363984
0.133514213808569
0.151077805946711
0.191971701207319
0.271799354996353
0.398536417986628
0.577339465752868
0.790575559269444
0.979730402010842
1.05259698404213
0.943624126571741
0.690839633451189
0.420346064698532
0.230150546515375
0.129689804475994
0.08590199496880388
0.07159273337151954
0.0741690965191415
0.08997864948045445
0.119139418485171
0.161853982751472
0.215380809042688
0.318203168616765
0.44026601426012
0.655155657881933
1.12221534809418
1.63545432603626
0.236728466884141
0.18225725693002
0.203365291360796
0.296778127197617
0.539557793890234
0.781217451008123
0.912230301586219
1.0069227195771
1.03891727965611
0.997995378210688
0.898164116306741
0.772483411603202
0.653815063511927
0.557159573023719
0.482478538349843
0.427649781092379
0.39120552860458
0.369020040532829
0.354182515408448
0.339140535003392
0.317891868376848
0.287842290008433
0.25083111641107
0.212469281641549
0.182528276578454
0.162716823238571
0.150914878094563
0.146413823597635
0.149462926130356
0.162912404325889
0.193880480901796
0.253728297995545
0.346597763417491
0.474392207922334
0.624554943197373
0.759867087961417
0.82286181452289
0.769809145955514
0.615041707183058
0.428468863444136
0.276416085452785
0.18008695270631
0.128953884009355
0.107287299217229
0.104864122613344
0.117172785568959
0.142959445674096
0.181614887925878
0.230971849834004
0.333982332466804
0.492586985550489
0.752655983080111
1.26697706867367
1.86094806275824
0.251388640757031
0.203968444683804
0.256336282409485
0.431345136353313
0.848557114235076
1.20865127994883
1.36730324259093
1.43482535449692
1.38032809869319
1.21565896069264
0.992576052936095
0.773013286535536
0.596483691228107
0.471729803959578
0.390147482617089
0.339967890615521
0.311585619489152
0.297368162101049
0.290647116703357
0.285470960578
0.277094097897364
0.262890846611877
0.243124163618632
0.220833823165279
0.202338283213665
0.189596642329478
0.18217951614499
0.180503812216934
0.185602524111153
0.200089306012477
0.230517455794617
0.286836110349025
0.371719303505775
0.485947577295473
0.618711568917146
0.740282741485019
0.805275065810361
0.776870211519232
0.659414682900226
0.501183017881956
0.356717035816086
0.252989739797919
0.190201778234315
0.158563665539157
0.149179414387385
0.15683484582721
0.179146427777976
0.214758339417375
0.26164117775526
0.365290648397686
0.542999697316869
0.819338641044
1.35013700002132
2.03120765627175
0.275792887098787
0.239663473986197
0.337361523208708
0.626130233888333
1.24088243047084
1.65655308854145
1.7746781744613
1.74715295830416
1.57006903190311
1.29488958202325
0.99911451251689
0.744455572858171
0.556070737446217
0.430273111355166
0.352113440135731
0.306869207387904
0.283524758251587
0.27424030367834
0.273023685084944
0.274904969276787
0.275842715314213
0.273180261919771
0.266230521840081
0.256440201406192
0.247677287027608
0.242002247117334
0.240179745285334
0.243185450560993
0.252899981654213
0.272296367160982
0.308568661791588
0.371745850315172
0.463543607081626
0.584175256279583
0.722800731795955
0.851259533934062
0.926971002421596
0.913501718101008
0.809011761548344
0.652326875728127
0.495079122747742
0.370433749284375
0.286625879420168
0.238134084789809
0.216694059820731
0.21605920799023
0.232517202893946
0.26376581537784
0.30750671797082
0.409535735223
0.591758103586362
0.857857592667068
1.3763577172349
2.15369402780932
0.310760645520551
0.291113816452386
0.453719315300238
0.889677369601004
1.66662227012377
2.01787767957174
2.02922897193998
1.87890217702535
1.60249434195342
1.27359204088956
0.964401983636602
0.71698944061046
0.54038058841772
0.424203706500525
0.35277039174906
0.312402771849831
0.293154170997555
0.288052105373328
0.291888539775666
0.300385756644761
0.309943098373947
0.317884206342933
0.322935789797194
0.325554784389143
0.32753463196615
0.330845477170779
0.337279654418577
0.348220218829085
0.366760727941127
0.396488105692731
0.446443699667937
0.528049592529264
0.641960922479376
0.787778282350825
0.952854409864706
1.10613242380708
1.20138021481426
1.19774641718419
1.08849750236644
0.909951719791306
0.717483355761669
0.5530974616171
0.433219710615684
0.356224734613905
0.313989561286044
0.298690899327421
0.30479744356136
0.328605927899794
0.366976384312786
0.462721833493313
0.633184916530553
0.862575633540784
1.34188157574002
2.2112686595772
0.356718167451141
0.359216313955486
0.610125894677111
1.21748316987636
2.05891727719771
2.2330441734069
2.11712666193194
1.86928821955137
1.54720704306229
1.21839108957491
0.932658476300128
0.71174949898829
0.555123833062374
0.45145181064998
0.387472104843867
0.352091666097081
0.337170874599019
0.336876654845507
0.346761234108609
0.363084590131136
0.382559195747006
0.402513705742905
0.421325239776134
0.438858751668912
0.454802625045869
0.470885695989938
0.490075911446716
0.514090771401219
0.547792205750123
0.595728480092096
0.670124530613169
0.784939687336737
0.938956256238035
1.13052458526203
1.34294568944102
1.53801878133684
1.66047993225141
1.66120696165045
1.52916415527669
1.30313449510049
1.04812328893219
0.818910758932713
0.641916055258078
0.519860234217652
0.444419937909085
0.405478674786493
0.394903628015989
0.406850622799931
0.436574740947231
0.520089735546862
0.663080859537475
0.834465973375224
1.25579221356493
2.19859495495927
0.413217935823575
0.441996302488814
0.802728604303454
1.58256771648264
2.35786445624966
2.31133225040934
2.09809260567487
1.80457186102063
1.48531213998024
1.18712028455953
0.937979930256329
0.746830716545706
0.609893708210851
0.517873336349631
0.460860369011937
0.430542725723546
0.420617773475336
0.426369228400779
0.444038174563918
0.470325302296886
0.502191093930295
0.537005336924592
0.57297846134611
0.609695373294196
0.64448013116173
0.678685420049775
0.716779370834926
0.760784467137146
0.818086235948497
0.894511015614146
1.0069211898165
1.17261628394251
1.38671759869639
1.64483430729675
1.92325785183177
2.17242602030876
2.32382056105187
2.31790777447736
2.14085174250837
1.83845239433436
1.4905290189837
1.16849333439534
0.910863338949359
0.725376229745359
0.603189674639895
0.531062833363219
0.49730343772801
0.493024981273962
0.511033581380743
0.577196326155873
0.68042181990984
0.780297021459601
1.13554068750535
2.12236797649111
0.478374990624746
0.532243978709688
1.01060484751173
1.92678717400616
2.52411507658517
2.30332388041407
2.0513662767486
1.76440940690935
1.47956667643945
1.22344193410864
1.01042235380987
0.84442889504234
0.722584507200635
0.638899245243347
0.586847228668538
0.560664222153574
0.555695938515779
0.568216825416865
0.595055381694565
0.633264725208248
0.680003334749631
0.732715428688536
0.789597313975653
0.850221672352733
0.909207252143802
0.967377045525184
1.03106036266608
1.102531431694
1.19243186698999
1.30802497242864
1.47188687507398
1.70452784440243
1.99453128290841
2.33225308884273
2.68368171768677
2.98486648993062
3.15284468437444
3.11934164633038
2.87165656682622
2.46682996937512
2.00230794092937
1.56735369775474
1.21293169298708
0.951742884976832
0.774058071185889
0.662905915691485
0.602344090741716
0.579783922078497
0.584967242013732
0.631977780523169
0.688325323611664
0.709819307630107
1.00087107890981
1.99775472943638
0.548479389435031
0.616012703587853
1.18906768171997
2.16035650842348
2.54109494798644
2.26733827656548
2.04436947659164
1.80944767155422
1.58036191736398
1.37043593595354
1.18878368802698
1.04013490541143
0.925462084196334
0.843198069670609
0.790490401326719
0.764125490642544
0.761014000339746
0.77830466504269
0.813280085286056
0.8632160318672
0.925375638101297
0.997258097793741
1.07712367968358
1.16469738034686
1.25161173984524
1.33794024634927
1.43202493685808
1.53622400560752
1.66473459316266
1.8259547802668
2.04797082315467
2.35261004368215
2.71846952832717
3.12765809976608
3.53379447672343
3.85927089185842
4.01138871709216
3.92059830848659
3.5818847392287
3.06567520224242
2.48445946909179
1.9408097491718
1.49459342993701
1.16191641662412
0.931983108771938
0.784423983189555
0.699405953392609
0.660860447566413
0.655508788409391
0.686682950236069
0.693868641178825
0.632447688191596
0.86884116496591
1.84315962055136
0.618116628698919
0.674226360920465
1.27442700110206
2.18271201106871
2.41582775065062
2.25425601430122
2.13168642991859
1.995923008107
1.84773744207512
1.69226183767394
1.53844165140779
1.39627822521971
1.27426241023813
1.177993101605
1.11006829961474
1.0707563755834
1.05884635196562
1.0722978650851
1.10860088366862
1.16495544105251
1.23845902647117
1.32646264690681
1.427155745875
1.54030944005802
1.65446401594567
1.76858999627404
1.8926766990052
2.02879642396839
2.19405230118775
2.396949889038
2.66870080768455
3.02846963080072
3.44252344749879
3.88303512903552
4.29302275749826
4.58828138689818
4.67813116414625
4.50386244454614
4.07445468637709
3.47077847488347
2.8103393843406
2.19775100311427
1.69414227215778
1.31622924577146
1.05270023061296
0.881686708569769
0.781456989755608
0.734046671897343
0.724153509252413
0.748392651492247
0.707286987956495
0.554997092473553
0.751510103349807
1.67569198688988
0.681063102089082
0.689324102372367
1.21082280284408
1.93432327694547
2.18420802321364
2.30910432168512
2.36903064973503
2.39937713120597
2.37958065402777
2.30219870514459
2.17554040088314
2.01965219411943
1.85839776910595
1.71223016624041
1.59463805547312
1.51217510873077
1.46631442354574
1.45550126515483
1.47664569492474
1.52600866968499
1.59974900587413
1.69441701523486
1.80755175968049
1.93837054917501
2.07243467671739
2.20708294826977
2.35286776633211
2.51101011695318
2.69966445273669
2.92577868900746
3.2191466020296
3.59138802889699
3.99774809784037
4.40250959964717
4.74542874209931
4.94851600590088
4.93808221519782
4.67710147190298
4.1896999728797
3.55790152633895
2.8891286090432
2.27580063129069
1.77150710436617
1.39091183910725
1.12366949332929
0.949553033280914
0.848119752168376
0.802148355738666
0.796263348588008
0.827232470093546
0.741387696965305
0.481437402230456
0.656148686537618
1.50871854151563
0.731869555574109
0.655661190360954
0.994653826453045
1.46319263967131
1.91586853782768
2.47910879675338
2.82887183004134
3.13917539386037
3.3432013628102
3.39535359728905
3.29281038949433
3.07469529319041
2.80052459709016
2.52546140323075
2.28661852639228
2.10198145363098
1.97587355310981
1.90515159516258
1.88356773524549
1.90413970838606
1.96025238042241
2.04621148507949
2.15767923990467
2.29212178596019
2.43241456105558
2.57364157977973
2.7252673853906
2.88708716758012
3.07564636894191
3.29469012316049
3.56747529347155
3.8949613040789
4.22783278003876
4.5290239483132
4.74597581999343
4.81990836562465
4.7043355723174
4.38659436950801
3.89979462106136
3.31503222752913
2.71641975304782
2.17371355699823
1.72712891502541
1.38794520425988
1.1484900323127
0.993151345459524
0.905682244825945
0.87198134506402
0.878598943482996
0.930935811560338
0.810337120533004
0.41604796133064
0.58630476680973
1.35180434934352
0.766882103201534
0.587591207466372
0.699346246174005
0.943471981914959
1.70061564085365
2.81549656610518
3.60765912607947
4.39257452972837
4.99367067013613
5.26078426099069
5.15357496998678
4.75540809394471
4.21235723014857
3.65797637241252
3.17510547994316
2.7971762905913
2.52633742499566
2.35057010305903
2.25406211402685
2.22186112137401
2.24132317869815
2.3022507466832
2.39671732464171
2.51893612307545
2.64951657134481
2.78085158470078
2.91971009584173
3.06419219075776
3.22682960057105
3.40745729703572
3.61956315796688
3.8543354575257
4.06762998007572
4.22927658894014
4.30333933312463
4.25629076196998
4.06868617347833
3.74557865234599
3.31937107587898
2.84186392472656
2.36878742914901
1.94481663461508
1.59584405287975
1.32978223175958
1.14247398812142
1.02427760342148
0.964534051466427
0.952920838749783
0.978377763782305
1.05676505050099
0.912903777603654
0.374170414762466
0.543021446011372
1.21083359402693
0.785243983113084
0.508280324959652
0.462267930679887
0.597021314026136
1.583551215599
3.36614789329233
4.80912926672891
6.3592358601723
7.60993762369211
8.18094458904164
7.95683320503828
7.13570472643941
6.05660909885744
5.00253401589202
4.12250954820916
3.45570273293085
2.98396122469129
2.67070350133838
2.47989489239225
2.38217764820727
2.35520269776169
2.38216083732807
2.45021470273391
2.54934014698267
2.6584815220624
2.76748807822467
2.87965781839064
2.99164850385563
3.11092546785503
3.23407908538111
3.36499623024558
3.48957313803319
3.57697766675657
3.60924710864914
3.56926266138924
3.44549796887808
3.23696537855942
2.95608389347604
2.6275154148135
2.28280862805316
1.95296372641798
1.66211270086225
1.42459402705614
1.24562815318439
1.12413259243955
1.05577477746706
1.03482415520406
1.05403615787012
1.10151448041573
1.19423125352136
1.00861319691344
0.379369747234392
0.525625101844982
1.08641041755909
0.788140873318128
0.437478595487099
0.332374581891452
0.444376639477704
1.57774423688403
4.13618025932027
6.46273063337189
9.08124142547795
11.203490300764
12.0564961532925
11.4502145777278
9.84808720215949
7.93200959050445
6.19183376658172
4.82691368613074
3.84401750794558
3.17328342352638
2.73490619231475
2.46352487135739
2.31167163851817
2.24618734285601
2.24364127632476
2.2866587119407
2.36144958489041
2.4462338374314
2.529256223018
2.61079288787857
2.68674398279826
2.76013346148493
2.82588426122472
2.88123425886396
2.91201610402198
2.90324867651905
2.84919314214643
2.74728060750921
2.59946785610326
2.41297354259689
2.19988817444068
1.97553976819771
1.75603098088756
1.55574501171566
1.38561242266279
1.25254495181918
1.15990675474645
1.10847549030036
1.09716347776043
1.12278535047009
1.1782427711557
1.24951727353635
1.33803953503213
1.0252457434966
0.427233099748014
0.530465376896294
0.976583546807753
0.778841900057772
0.383217174682859
0.275801235831742
0.406139395069858
1.67147322264246
5.03427809108708
8.31700248726307
12.0604217467975
14.9609303275599
15.807088570948
14.4652835963247
11.8439785384662
9.03067455184353
6.67049801858045
4.93619077972195
3.75197341922503
2.97621915570619
2.48294013950358
2.18097576587551
2.00953323402651
1.92886331060558
1.91223680011251
1.94032522118307
1.99766972595533
2.06307941657266
2.12465644088821
2.18096849443188
2.22792579459528
2.26577693646622
2.28934003993621
2.29294035028307
2.26564131277959
2.20524411650575
2.11444833409811
1.99858085954057
1.86499072802221
1.72221679845344
1.57906622970204
1.44378612671568
1.32348465367192
1.22387670779823
1.14933064206497
1.10310227218704
1.08755788703077
1.10409004161792
1.15232523445909
1.22821421583054
1.32110048846822
1.41133676924918
1.46592587138634
0.999714423492282
0.491563939727811
0.547122301677532
0.879178602534282
0.760949912271364
0.344820095779993
0.252764711959867
0.414261803003459
1.82467585916126
5.77362753076926
9.68107909235738
14.0109178749058
17.041426530434
17.3951588308236
15.229849614812
11.8771101220132
8.62347549370727
6.08156706952751
4.31555509119804
3.16253942605523
2.43341246663224
1.98209838691071
1.71122493580747
1.55959870421943
1.48905468763875
1.4748101143816
1.49917213768783
1.54773119877803
1.60128416880362
1.64914679464543
1.68953958822991
1.71890435023581
1.73641787137167
1.73771996125
1.71704527688502
1.66741708009572
1.59384771814229
1.50295475127299
1.40258788070958
1.30065977984808
1.20425051053738
1.11912098766284
1.04964821567461
0.999087153750397
0.970003877375195
0.964707172089306
0.985493563515706
1.03447089878706
1.11262808244932
1.21776733139325
1.34122999616023
1.46453715252503
1.55891365527803
1.54238534156093
0.96894903341773
0.542707265858056
0.561289456656265
0.792529269083764
0.737726669270577
0.316633141290422
0.242496351449248
0.433935010625794
1.92589164264651
5.92251840886074
9.6830286606133
13.5495758404206
15.8225864184367
15.4537700579536
12.952545500664
9.70117365987062
6.79451266302263
4.64309098375473
3.20628582971765
2.2962967605522
1.73473148549176
1.39439800638752
1.19454528273171
1.08624476992652
1.0398957215004
1.03667790783651
1.06311179385456
1.10778230588211
1.15450725084817
1.19457016370098
1.22664644828642
1.24789705826633
1.25752373571023
1.25225607122361
1.22762510925258
1.1797855350537
1.11601292147803
1.04356741771517
0.9698896404759
0.901607896383068
0.844031762029385
0.801123580097795
0.775822630428998
0.770542291557109
0.787657857998969
0.829806866500849
0.899783588258249
0.999704544261647
1.12902144430798
1.28112390551621
1.43921633026269
1.57419283785614
1.64920514258254
1.53931116035173
0.921075849424734
0.566322131350727
0.561838922211266
0.714422347043295
0.711844239539951
0.293024011295716
0.23271794650848
0.438038833567202
1.85358837362672
5.21989691245529
8.06237307375013
10.6502119745336
11.784668961474
10.9906424152404
8.88216482873229
6.47521776022526
4.44739078133519
2.99574472126293
2.04610476512534
1.45329624167972
1.09201410375404
0.876242841104185
0.752551939037372
0.68913756419972
0.667094719936241
0.674524991506361
0.702719089799634
0.743780283967115
0.784940912617049
0.819562408936668
0.846964182236035
0.865004417886163
0.8733394366706
0.869707672146723
0.851251104428082
0.816105339819701
0.770846535721252
0.721690709389497
0.674596097261527
0.634648813284795
0.605896302197359
0.591550413797074
0.594415047520135
0.617367281846229
0.663710925027613
0.737181273872799
0.841279326733409
0.977495981499069
1.14205598275626
1.32150681583139
1.48926236265587
1.60759371067222
1.63974426081041
1.44003060903825
0.842323469898911
0.556773308425429
0.543801188486331
0.643811707572411
0.685419928798635
0.270369474665442
0.216696606416569
0.409838774168851
1.57333374320162
3.90113681937752
5.58165978232493
6.86910327917079
7.16883674137966
6.40775455540867
5.04412447194805
3.6302483780029
2.48440369445717
1.67632290027819
1.14989672611034
0.821565569325093
0.62206480525561
0.504248644757493
0.438887494821027
0.408669471823177
0.403414530937206
0.416733577201757
0.443724432491423
0.479428423442379
0.514274131152498
0.543434681778698
0.566743061318641
0.58268765223368
0.591407917901122
0.591507873124942
0.581558164728706
0.560865347914691
0.534179126370108
0.506102902011432
0.480974452548695
0.462597050394947
0.45425881007878
0.458980379903002
0.479892133996036
0.520595919492095
0.585302026231876
0.678423088511277
0.803175435940389
0.958748256032694
1.13611749226626
1.31401686561154
1.45871594922256
1.53216225499186
1.50924589094881
1.25018563423852
0.730924965508614
0.516803893119914
0.508790154891975
0.580737884516448
0.660349174859917
0.247480590101934
0.193212676063404
0.351085917667105
1.17731861886367
2.51997201963302
3.31264462640589
3.78257745176021
3.72655066563423
3.20969742467906
2.48307502701506
1.78418328412308
1.23212337642286
0.843976238488442
0.589443840067802
0.429484312093118
0.332177175999794
0.275612267292967
0.246082125216332
0.23547299769604
0.239069680549044
0.253892714112086
0.277413767993469
0.306601301235882
0.334461807280772
0.357606479306641
0.376218440360516
0.389383656527392
0.397632548390869
0.400347725739685
0.39724533362334
0.38843828387307
0.376851977566267
0.365500919925922
0.357304097031359
0.355081849856754
0.361650327127274
0.380008181649831
0.413570359228078
0.46631393310571
0.54257586985437
0.646098294301847
0.7778695203525
0.932661087324851
1.09527128068757
1.23920693890625
1.33147313100017
1.34490823107536
1.27328680148481
1.00170534449871
0.598776804058111
0.456131961842802
0.46300682300068
0.525764752113271
0.638552988795971
0.225208631602846
0.16554646223678
0.279000057720118
0.800694898057299
1.47312548569659
1.77811751709695
1.88499431147465
1.75632021304142
1.46226081297303
1.11692551311212
0.806548240148799
0.567012782716748
0.398684697296044
0.287293453812835
0.216736665561862
0.174050817030171
0.150262527615243
0.139723544947954
0.139123756695525
0.146575969198969
0.160814448296567
0.180464124958959
0.203448514571351
0.224573888697053
0.241561917873486
0.25487842523688
0.264240474320808
0.270491432594002
0.27377544902918
0.274720302196121
0.274173508682743
0.273730505481452
0.27511260993304
0.280128314595425
0.290857367229537
0.309755787101103
0.339711927018643
0.384032120215789
0.446220886456248
0.529291783257264
0.634276671306064
0.757792963709304
0.889270856077801
1.00968349315047
1.094349458108
1.12095584920461
1.08006800206046
0.981751885613985
0.741694052271334
0.464905730651364
0.387556373800541
0.414154554493812
0.47942703578911
0.622017751062161
0.205598337587615
0.13873257512027
0.212678171973444
0.521624845216785
0.828994836787671
0.920653221660652
0.90659191744123
0.798132677356278
0.641314795303034
0.483307546262025
0.351398600051327
0.252980392497587
0.184567250847774
0.139378276590905
0.111020977452981
0.09462534320839756
0.08689984242155267
0.08583575848431388
0.09031856858406113
0.0997103203517587
0.113391102856432
0.130265754228836
0.148393764146917
0.163612718493507
0.17458054320129
0.18214580546867
0.186772777382851
0.189627103187434
0.191620503487726
0.194110421336146
0.198699057549276
0.206239299977733
0.217592595729122
0.233854161356711
0.256617185218718
0.288010271165193
0.330508002619449
0.386477146379787
0.457396760161196
0.542733197200623
0.638574686013154
0.736399012954138
0.822852969723373
0.881788134860782
0.899044348126005
0.868396261030332
0.795354182903765
0.69605844809749
0.512391600459805
0.34623926461129
0.322376154024173
0.368851432616786
0.44189233273593
0.612656018317529
0.191099995706423
0.116957982681635
0.163008133994964
0.347057270946735
0.480122355688089
0.49094742690301
0.447949355176143
0.370616464973043
0.285434546920488
0.210967812614668
0.15411720504437
0.11412753227614
0.08748082362648624
0.07065775553844734
0.06101990188338229
0.05684349635799658
0.0571376116219275
0.06143784389400481
0.0695720441514417
0.08134629223172186
0.09611283171957492
0.112292016535919
0.127195126604614
0.136989843544777
0.141461069915552
0.142264714412132
0.140984793108841
0.139161259410298
0.138479921387648
0.140799281697309
0.148402473565518
0.161872410256108
0.181760651854343
0.209027590762676
0.245199524448761
0.292147631146604
0.351345367395651
0.422564437132292
0.502407115604166
0.583640881049508
0.656184815247367
0.709443136221006
0.734821000763956
0.727713791881223
0.68879868202557
0.624248752821417
0.544489217147016
0.461763454199216
0.336530512624492
0.251866874897232
0.267753651206549
0.331408838635081
0.412861586025869
0.612048964493889
0.184290894225821
0.10275660540415
0.132645006417606
0.252070669802849
0.304950735922899
0.286410511197537
0.240709965337819
0.185488934993541
0.135457105143998
0.09722204573463265
0.07099334618737582
0.05427037239674114
0.04435299273971226
0.03929547054468419
0.03799753374598782
0.04002844888937118
0.0454340908735807
0.05454442560658442
0.06769603641576812
0.08475446143238403
0.104381566272279
0.123290515681556
0.136387570881825
0.139397691203373
0.134459935187946
0.125417477224463
0.115910988053175
0.107854471672219
0.103565906530581
0.104921119437727
0.114501947662319
0.132908928217728
0.161116244152574
0.200870407882355
0.254450851655057
0.323750357714278
0.408173163178036
0.501548306711644
0.59027329246608
0.65641410285741
0.686049905407015
0.676212288959679
0.634177455874196
0.571528180998527
0.499141203030183
0.425354924087547
0.356112652334293
0.29550417531711
0.216237564319347
0.182721181884684
0.226592356561468
0.303910573015955
0.391599098762143
0.623788066565711
0.189939584522464
0.0985012812205531
0.121775722584329
0.209808370393545
0.21621756216296
0.182680281117963
0.138275206944907
0.09695507818578392
0.06563190608333719
0.04490003483196328
0.03248454671869364
0.02582657254536384
0.02313176553579697
0.02352166638356446
0.02691274047090478
0.03389633782271689
0.04563599781817994
0.06365304181719612
0.08926480858676941
0.122361707126683
0.159353133894992
0.191068144478653
0.203725680487435
0.190413779747128
0.161489129468278
0.129232837552336
0.103205496889217
0.08512051216874238
0.07651950861736953
0.07724544859355774
0.08919180395457323
0.1134053407002
0.152748717579419
0.211780481136054
0.295687987209926
0.407383121575204
0.541251558154793
0.675220996619439
0.77089226424733
0.793231680275773
0.738090453515964
0.634543611994732
0.519344201011591
0.415748470896478
0.331550276267757
0.266044446947076
0.215890341013238
0.177930346769184
0.132045441538492
0.129270998388735
0.197268754928924
0.284363961409491
0.375170716719836
0.675188542082503
0.252789613408853
0.146987922770742
0.198613148789401
0.283034827392246
0.212332579820102
0.148227355124977
0.09360698395156365
0.05579999867856215
0.03300348530332756
0.02054836487470426
0.01438132164120575
0.01202248137514453
0.01245349243683721
0.01593109998923522
0.02413299776083808
0.04068847138031651
0.07183649202353419
0.126489312385247
0.214304868297721
0.339585680218069
0.488815082890399
0.614751075017108
0.638337889012807
0.525918991749715
0.352583239099123
0.193383595742444
0.102609161392475
0.06538094646202425
0.05491974242667849
0.05833328730735363
0.07745741386222398
0.117333718708288
0.189614314379501
0.312334145526496
0.506572655740451
0.782386360289475
1.10631695922493
1.3683431192873
1.42105432433375
1.22097716338612
0.8926224992542
0.592113185364595
0.383252090504202
0.255711607527797
0.180917921511965
0.136687452929991
0.109797966201126
0.09284491815244227
0.07878373894288326
0.0741123640593754
0.174504508439671
0.284577846784439
0.360358779101549
0.776979541370831
0.515068452646005
0.598315266506996
1.1221680967885
0.981513689963999
0.48508298303638
0.286282887843699
0.158813359759986
0.08580316154376501
0.04718162748711407
0.02788236727261162
0.01886521528537583
0.01554960145336741
0.01625831490652838
0.02153301222830623
0.03450542869959582
0.06228598267012849
0.117780614293206
0.220047322379975
0.389771962913051
0.635942639808437
0.931547231069189
1.1848475746159
1.24205547538611
1.02945014422426
0.688047124311908
0.372045075463551
0.196877493523362
0.130267225968314
0.117139420124596
0.135121389545528
0.196566717644057
0.324899324028868
0.568658606807122
1.00145224919492
1.6994231358849
2.65384407045282
3.60648535709569
4.00722751200216
3.47363811514745
2.3553826526682
1.33660886288442
0.706059228616306
0.383509278186
0.228175067383101
0.152435608653233
0.114211502097133
0.09469516879104665
0.08526013357722638
0.08571282709023
0.113834850649155
0.228722423442763
0.310895115908915
0.366641924819399
0.865383603287218
0.850662449866577
1.26869452104279
2.10985442255537
1.84314749215208
0.978201922881942
0.613073739616073
0.365359947575857
0.213701187833823
0.127045114948706
0.07980520600667748
0.05515368947276463
0.04349597883059573
0.04014860155857717
0.04369844793246674
0.05526179100927597
0.07835252971975679
0.118688843356218
0.182852247208427
0.274887208240735
0.391472261611095
0.518423626087909
0.631797505002044
0.705607850008353
0.727659277153844
0.719743128706651
0.712562725100627
0.715333784106272
0.724545793264095
0.772038857023883
0.914394435317995
1.23204851474556
1.79622329704256
2.71555607957115
4.0830646826285
5.84963424889085
7.61885584442708
8.58238064308757
8.01297678681049
6.09778211275635
3.87471373410168
2.18776026286328
1.18788710630978
0.665973943869225
0.404575752711782
0.272553917921361
0.204416319195536
0.169408528995744
0.153304483851129
0.151138487165999
0.210131921190678
0.289387025156592
0.326639009618999
0.391982922306007
0.907679047418749
0.981482034350699
1.24741346809561
1.55813960318729
1.47052261003148
1.0772829683913
0.832528900996258
0.612941083610743
0.43793093391707
0.31038006250631
0.223536609673233
0.167696331986128
0.13418241831856
0.11688846994365
0.112475525129192
0.120122360866179
0.141221648029471
0.178976341006973
0.237672452951444
0.32162056589624
0.434321254986251
0.578773770334407
0.759370476833597
0.984651166810009
1.23746143419497
1.51260371770891
1.82928705496814
2.19227225126669
2.65167355147169
3.22909583646521
4.01869315932668
5.10234095022012
6.42709328481123
7.94863812138759
9.49177279383184
10.7152364248438
11.182627270917
10.5878876528342
9.00804644158011
6.91316131583837
4.87172069347278
3.24274995242825
2.10692799406007
1.37941554681775
0.934405741792254
0.667301118525255
0.507708822316031
0.412766971576875
0.357368119246439
0.313309084957398
0.321043915956835
0.354779149521501
0.38935161945822
0.453168920720258
0.512175843826549
0.586388430876316
0.712476917417157
0.808264735902703
0.83792158766189
0.833271990344476
0.836346979596817
0.851283854262941
0.884888557682224
0.944538247226926
1.03659735531146
1.16604423797541
1.34252822401815
1.5759297033879
1.85477286412744
2.16173147982433
2.46846769063543
2.72605838763356
2.884980270764
2.91576129655463
2.81587461757216
2.60530535357082
2.3175497792173
1.99066173172828
1.69152955296282
1.44144242930573
1.22225960798999
1.06284888780918
0.939115723261032
0.84350315183766
0.782168549776672
0.767258937779203
0.800536047074185
0.872167499281007
0.968723014393101
1.07244703110707
1.16477826226498
1.23368471767036
1.27976421942205
1.31505185297402
1.35580031424144
1.42041163165775
1.52678287823136
1.68003798692775
1.87752667012766
2.10487044625401
2.32779733343623
2.49652642240778
2.56369731898384
2.39033893639048
1.64711993754016
1.08167199276972
0.813324056262994
0.750663862509377
0.38038243517355
0.402747484158232
0.458910198420951
0.398329209495947
0.276304214940076
0.211935196112337
0.17961404738848
0.151860314323091
0.130773453538584
0.118577592737945
0.118555204152623
0.136511930455199
0.181741951349679
0.273127497730397
0.457138648908143
0.792259744130556
1.28714403215443
1.85617414461369
2.35174385490147
2.64520993457336
2.68352895947623
2.49495134549634
2.16316160256013
1.79055861074325
1.49405960861092
1.29121706491931
1.1667164937422
1.00849759856893
0.889541785136782
0.853093971293274
0.887091226508341
1.01526682884193
1.24137762680458
1.55801791890327
1.91900852017865
2.22037806031793
2.32512204845569
2.14765890344925
1.73815564690718
1.26492638875527
0.884693108478498
0.642691916407991
0.515851914850133
0.484871354464146
0.532593697809181
0.647388641800122
0.817207738756617
1.01541187486129
1.19515048052291
1.31939588133677
0.984763850544546
0.697196832143455
0.643944826505322
0.747998460867293
0.287811561611291
0.262495833769317
0.224136781629183
0.132780356770527
0.10592055263693
0.0857636122651125
0.07202163760724609
0.0588512263174888
0.0474390238413628
0.03890420199256226
0.03416892374679426
0.03516395590149293
0.04942594348760954
0.105131840713791
0.278009597186339
0.644015093984371
1.16634735011747
1.71306678480269
2.14304712251301
2.36188158933185
2.33859733804784
2.1046374830735
1.74004841946744
1.34561252214631
1.03704198635201
0.835405070943239
0.698329060159437
0.755735130315047
0.849683434765855
0.932964431149988
1.11120755261109
1.47265820559704
2.08811078050709
3.01504368413477
4.19371768930811
5.3097108316702
5.77739235250733
5.08694345553012
3.40332761058112
1.63891797837637
0.590115600492311
0.213964820909151
0.117411913124792
0.101900328632602
0.119484060760792
0.164511291751638
0.239532329573116
0.341974237455305
0.455028187844545
0.589922789457485
0.507166589257156
0.453152450627867
0.59267814895079
0.858882409090426
0.229008080548992
0.16501169900018
0.113036569777136
0.08658532726980943
0.11710055033544
0.137984298261813
0.144812235069443
0.150032051278489
0.156189913439709
0.169605961570899
0.2042542520421
0.296248227399284
0.537338223511399
0.983442961422321
1.25935809508512
1.28376659876185
1.27257315697505
1.27660644368337
1.27218943714869
1.22732723331278
1.12077205774382
0.951954721127475
0.743649336967412
0.533953478820611
0.374322382806366
0.270334913966243
0.207743557015975
0.193285868231618
0.217745006408012
0.274613072717445
0.387782397677711
0.605528315399974
0.971139703360045
1.53295542587091
2.27396288651458
3.0132993172944
3.37078870404195
2.98650206639826
1.95889731543078
0.904379853098909
0.3107563714343
0.108134589865236
0.05665253017350515
0.04727057323345225
0.05430116063311277
0.07464797882603555
0.110304776170419
0.16198302588222
0.224130863226079
0.319853008750419
0.350809297363916
0.433009455201749
0.725235675513928
1.1452606475565
0.218893938728248
0.150393772590996
0.137509746265339
0.165199993965611
0.279795993046215
0.410228406740483
0.487562128982361
0.55834830893424
0.615274587648614
0.655864438891567
0.684985149906159
0.714461397699929
0.756241178093514
0.790694897502562
0.769672943452788
0.704360149357523
0.642826506265513
0.60221440574812
0.573909561146957
0.542978582027212
0.497494187402677
0.433135759440457
0.355084340788493
0.275975450439701
0.215804753226914
0.177441368158844
0.156697357751765
0.147777977927727
0.148364739189221
0.166070854306118
0.210130984376669
0.299149787434689
0.445563432446235
0.661464665525167
0.934368552529383
1.19865205869155
1.33156733810059
1.22383178452141
0.900822682703125
0.534252200455262
0.276172904450203
0.14452125328431
0.08927197640497489
0.07095554845385953
0.07168201470377301
0.0859180565536864
0.113071511958443
0.152918784411041
0.202355682632988
0.293913543183611
0.391121135486929
0.556125218213846
0.947381406641859
1.47853949114176
0.226283356795464
0.163982082687326
0.177498440839949
0.265468768065988
0.515884438511487
0.782396538128111
0.932203485028477
1.04488728872002
1.08852227033205
1.04860712589227
0.939558820261554
0.801105460573925
0.674866339742649
0.577519581075413
0.503757271286365
0.448630521066386
0.412040768736482
0.391020693876249
0.378340162293319
0.365431657778236
0.345165089640697
0.314134895762636
0.274072163691619
0.231307772916158
0.197255579850347
0.17436307670374
0.160061170883348
0.153766044147594
0.155844187205333
0.168707333781392
0.200400287183132
0.263745113300261
0.365028083186429
0.509290047498141
0.686324111663908
0.856039974258777
0.948332501197548
0.901108986753368
0.721742025151681
0.495642234294961
0.310584004509758
0.194806978483657
0.134011892607611
0.107925527459971
0.10338239882073
0.114384663894467
0.139032505619339
0.17636035155636
0.223797869682218
0.319558517339008
0.4510082805387
0.655083330630426
1.08998694782107
1.699604002163
0.242013356575247
0.188787066279134
0.234642034912099
0.404366844806787
0.834453451455976
1.22808410307941
1.4105597881789
1.4976336027583
1.45039991456402
1.27755555279784
1.0362799295585
0.798758450226254
0.610801753132196
0.480785874015434
0.397395825958917
0.346884007046495
0.31899510347949
0.305953469103112
0.300834122607657
0.297230391657654
0.289850835936058
0.275618410604291
0.254650689589519
0.230250457546689
0.209532072811093
0.194844084400682
0.1857785843306
0.182761023998772
0.186677536676819
0.200391444743431
0.230623628215775
0.288272084749598
0.377417919978805
0.500785462804708
0.649126517275632
0.791434758903647
0.875640556019621
0.854685127233117
0.727737763537638
0.549240179347225
0.384719708242036
0.266993323713623
0.196181823030983
0.160407754756969
0.149027798924587
0.155819285485443
0.177917319636969
0.213691174128803
0.260703877557284
0.361548629534022
0.515557961559468
0.736756295103573
1.18933669837241
1.87828125397046
0.267548126073202
0.227746755904812
0.321624119717649
0.609581068172799
1.24521369173452
1.69696809350227
1.83664508766775
1.82267600165063
1.64486508916913
1.35544886536376
1.03970707482496
0.767665208501904
0.567954696247641
0.436092259356833
0.355138835470246
0.308852833729428
0.285425521798087
0.276649161055908
0.276283272290441
0.279081565777923
0.280679249971116
0.278117982538811
0.270544664469068
0.259455089908717
0.249134420904828
0.241926849468284
0.23861689824709
0.240251509969194
0.24865919504338
0.266862802756737
0.302192599230608
0.365304471888255
0.459060188405881
0.585176685843246
0.734175589615404
0.87747635291719
0.968473818380254
0.963913630389362
0.85740981918951
0.689953154599385
0.519591225824161
0.384362132471247
0.293806793065849
0.241680227945612
0.218693062669868
0.217928974920187
0.235371154174933
0.26854853701232
0.314797548046141
0.41956015220412
0.58515401929129
0.801083803421536
1.24713608453193
2.02247232245005
0.303721034413456
0.283152478254741
0.446753824519547
0.889805213338555
1.69078576416799
2.06925246789317
2.09393634393117
1.94898760328022
1.66691132382442
1.32374980950758
0.997807958413848
0.736295008367097
0.550077405632518
0.428192904160448
0.353639947909375
0.311675642309544
0.29171044561092
0.286425877266474
0.290400147316212
0.29916028264283
0.308882525103017
0.316657835110363
0.321034965924378
0.322411479834189
0.322846036361595
0.324521245833104
0.329237868689461
0.338450734301712
0.355138386356034
0.382957640391052
0.430930864994908
0.510979181175671
0.624905986350181
0.773744475355586
0.946334660654888
1.11185251251564
1.22143775195164
1.2289331963466
1.12306307086089
0.940135964451895
0.739512522420414
0.567362307650767
0.44209064235158
0.362237028287727
0.319208821496842
0.304798046879025
0.313336058100501
0.341076995244647
0.384602057280173
0.48935819105564
0.651735603705475
0.83745999279545
1.25343082618273
2.11337848239702
0.350943003884733
0.356059282142854
0.614520740291798
1.23555037487277
2.08986172828952
2.27584984695621
2.16608371440734
1.9197212719881
1.59253754514413
1.25361150651466
0.956307048766707
0.725300934688107
0.561225928238099
0.452575342223163
0.385411247661383
0.347995145074062
0.331745232718627
0.330565521686052
0.339843971069459
0.355697684703857
0.374669881368355
0.393889241426985
0.411540107660015
0.427356529279407
0.441248357177089
0.455118226770334
0.47188099491893
0.493322603932301
0.524104528673765
0.568793508779783
0.639425097969623
0.750357569748263
0.901758658246001
1.09359493304613
1.31107710559605
1.5170043511805
1.65452653584032
1.66997957597877
1.54735413079486
1.32363520882833
1.06593990546508
0.83252953494974
0.652229618544791
0.528645075115477
0.453530414919131
0.416709837247531
0.410118217830496
0.42803276958366
0.465560606612343
0.56434368467596
0.707299801773092
0.840742706102812
1.20945928843067
2.14093434194976
0.408658325403846
0.444011636938811
0.81763059648473
1.60678544910769
2.36905309076422
2.32591954441395
2.11845325144234
1.82865727313172
1.50875795693542
1.2059499229725
0.950210778016237
0.752420774501705
0.609860743662828
0.513470162799483
0.453139646320085
0.420250099106794
0.408243477222618
0.412235324322857
0.428357472618384
0.45320972805116
0.483615356146147
0.51675399293737
0.550614784030728
0.584578113254949
0.616216406276246
0.647032661675363
0.681336945016073
0.721207981494512
0.773650604312884
0.844443559280477
0.949945775460586
1.10773856778713
1.31483368433027
1.56890069460171
1.84893856341604
2.10752104607265
2.27573149377087
2.29006424388152
2.13091979195608
1.84021655619783
1.49772713809862
1.17732785843151
0.920135168741359
0.735484461845309
0.615279994452649
0.546685131131342
0.518386232047087
0.521860440411309
0.549963800223214
0.636811452824154
0.746400127543328
0.812321390359576
1.12595922747144
2.10570222983166
0.474764718371849
0.538456491253708
1.02761239461783
1.92729623454984
2.4861584631986
2.27767673415277
2.03811678615011
1.76104097619786
1.48118511613996
1.22527890878166
1.00926714377932
0.838807494879424
0.712239692997759
0.624159339575524
0.56818575263981
0.538491871364409
0.530311883252102
0.539830364669827
0.563811832436191
0.599237106448374
0.643139508180639
0.692757968576514
0.746012031065993
0.802167943236973
0.856177130462239
0.908998178654227
0.966635660787515
1.03139845747204
1.11325164714389
1.2192932361075
1.37108898683773
1.58926817214679
1.86518027120475
2.19200939671849
2.53972627318417
2.84817840916707
3.03556655299906
3.03025059613495
2.81264972544065
2.4332550471863
1.9865972495107
1.56275177851218
1.21514441806033
0.958794529659265
0.785583692441537
0.679624621328804
0.625829890652999
0.612335885932635
0.629239670731477
0.700938924586816
0.768446363469584
0.758808931945077
1.01870549536267
2.0172507930789
0.545264334633107
0.623632343062904
1.19116526486592
2.09734394020025
2.43778532674305
2.19981857514378
1.99847045326456
1.7799056692417
1.56036810999452
1.35363606487347
1.17048470521211
1.0175913705963
0.89749729558042
0.809590177971738
0.751442087082308
0.719938621412109
0.711950493025636
0.724558668415832
0.754983563494661
0.800420733562681
0.857985249946879
0.924918792193223
0.999108448530209
1.07982528063467
1.15916547512963
1.23733324983658
1.3221204373724
1.41589579707608
1.53176157370843
1.67780350830481
1.8804122125374
2.16141157144335
2.50351871817594
2.89282065638431
3.2886396969375
3.61920235436273
3.794690424896
3.74268679399142
3.44988470460309
2.97707692436808
2.43043108982062
1.91111639738968
1.48094507719835
1.15897862249499
0.937021229914327
0.796648790289902
0.719505278899363
0.690717527473939
0.697792872829961
0.755819270163129
0.778225531636456
0.68903509563606
0.903663282810826
1.89029589524627
0.61449971419508
0.679466650487033
1.24383194495805
2.03380399920828
2.25672241113867
2.15257886379911
2.0578249033216
1.94220148629234
1.80544526458767
1.65306660641798
1.49587969488952
1.34646627278487
1.21564565139952
1.11054391706939
1.03444939984405
0.98774568825209
0.969068900563494
0.976168030782608
1.00634795429619
1.05663344449509
1.12388980914392
1.20511133371169
1.29797736256009
1.4016205712374
1.50520022744553
1.60784166537464
1.71874940425984
1.84000526517539
1.98715843534669
2.16829868858428
2.41227982032851
2.73841108871043
3.11887669074742
3.53125533396697
3.92604321028454
4.22658986680426
4.34619626210562
4.22322286222222
3.85683839785086
3.31554938205746
2.70752548870387
2.13382413388862
1.65677973826329
1.29645012414349
1.04498059826251
0.883274775497796
0.791682807014488
0.75387118038589
0.755797485352768
0.806279924015148
0.784373738758378
0.611221079208051
0.793844380847154
1.74060962634632
0.676199053626066
0.689672395930544
1.14572320283242
1.72773330684495
2.0039755733894
2.18809711714275
2.27572254448352
2.3259742714389
2.31533680332955
2.23548362666946
2.09715219752308
1.92485923182945
1.74675423248961
1.58591250019265
1.45661265723434
1.36501315715672
1.31175558377829
1.29449286462516
1.30954753010864
1.3527587437614
1.41990127014597
1.50705033241795
1.61110640064433
1.73049160349226
1.85153408348943
1.9718225048212
2.10099509373873
2.24034592561212
2.40615960505633
2.60502925791208
2.86411830353463
3.19585853355181
3.56324122808492
3.93720411169754
4.26598333371533
4.47951194531854
4.50770735512102
4.3097488552278
3.89888746177042
3.34355861309457
2.74047483903376
2.17727663873422
1.70808678960319
1.35088618068985
1.09916709678018
0.935942536975894
0.843193456680687
0.805485417735189
0.808863848090318
0.86042489552842
0.796541616660363
0.532275288890855
0.698404981990072
1.58225155235498
0.725065401781207
0.652023060812312
0.919468816863433
1.27707449052363
1.75637184807323
2.35999505110203
2.73445484814911
3.06221554522295
3.26746806143975
3.30085325715095
3.164586551378
2.90832434148458
2.60114179384206
2.30274399133468
2.0499913703257
1.85818840687329
1.72866300104874
1.65598102393216
1.63246909299579
1.65034474413326
1.70248606260904
1.78271070873189
1.8860545740557
2.00919399133283
2.13588893536993
2.26168909427549
2.39525779536207
2.53661997537302
2.70048737116657
2.89054860076794
3.12784983536939
3.41530556484787
3.71239045146514
3.98904341160317
4.20061019545406
4.29468728012212
4.22651478490634
3.97847417069996
3.57295554105386
3.0684781335023
2.53929442386587
2.05050281877584
1.64243952670489
1.32922121936998
1.10671810376674
0.962423381908549
0.88243704340238
0.85422587797721
0.86533584503976
0.924827451457042
0.819950725029378
0.460477915674621
0.623360132801338
1.42631696007877
0.758074164853627
0.582016491094433
0.656304083034824
0.854880329654431
1.58326746633293
2.73338843243139
3.5580067871016
4.36425066149104
4.95282235508223
5.16362634653177
4.97100462254677
4.4873300584237
3.88146033034628
3.29349221359237
2.8005713182514
2.42654284553001
2.16544658508761
2.00016751224172
1.91232707129634
1.88595167109703
1.90808175986444
1.96835981336815
2.05857291019953
2.17245907190048
2.29160215548273
2.40920552145178
2.53164600141088
2.65747681398257
2.79785583989543
2.95301854282944
3.13528879544684
3.33894510985033
3.5281531822003
3.67876315451194
3.76058549088035
3.74362777764346
3.60784809122419
3.35283147687645
3.00192462512934
2.59720320611232
2.18699802439185
1.8124276316694
1.49933185469507
1.25765855615918
1.08591894592358
0.976854309771809
0.921536124159914
0.910837234469504
0.933803092486413
1.00018092725149
0.847868409092325
0.410414905279578
0.572426597355258
1.28007635510694
0.774942786021006
0.503210514169908
0.454225480547713
0.584102961681126
1.5262291683256
3.38465540478687
4.90937151418834
6.51486720046667
7.73918735932611
8.17601658732268
7.75516676343004
6.75344517873196
5.56075600884303
4.46388213389557
3.58918001124133
2.95066440651131
2.51305115916804
2.23101097381119
2.06522852488343
1.98582724269375
1.97099404753789
2.0046134594753
2.0743133425583
2.1702380636298
2.27237843398081
2.37178006494851
2.47193409825449
2.57015343979212
2.67324961393968
2.77862041738355
2.89020592417454
2.99752483050243
3.07608702530451
3.11198195661365
3.09106082195093
3.00257738264319
2.84341281203864
2.62110008786617
2.35383443604066
2.06687187891248
1.7866247595917
1.53501063647688
1.32624882748755
1.16670683406009
1.05683547501123
0.993594230268555
0.972011265835723
0.985019128689755
1.02143059544902
1.08256998912566
0.860866696130979
0.395644749393216
0.546365768790537
1.14678355717575
0.777378195183068
0.434520284552841
0.338315450986586
0.460104922751494
1.60608521793223
4.37070151845179
6.90692447356495
9.69141717376061
11.7824591199706
12.3530523641916
11.3390710267664
9.39114151574754
7.28569778504494
5.49642179830341
4.16322502211507
3.24223340282133
2.63520819868922
2.25079535987017
2.02097863166515
1.899283814661
1.85455710777233
1.8652676028338
1.91546023885165
1.992272548377
2.07500247818282
2.15334794279433
2.22828797083354
2.2964626923419
2.36091866921989
2.4175645550646
2.46457214842793
2.49112959162044
2.4860327044449
2.44553601031404
2.36779498411544
2.25387211499674
2.10850715486759
1.94019712994348
1.7603429433727
1.58160587854155
1.41598190567592
1.27322630357195
1.16006471452099
1.08022394430125
1.03491932655347
1.02320328306097
1.04155079279499
1.08231563745052
1.13162106233405
1.16721497195251
0.842558233292205
0.413192546644094
0.54141335209972
1.02691992713068
0.76853519551579
0.383026147682294
0.285041101976456
0.433103588669634
1.81831266022824
5.63989157664836
9.37483012718389
13.48369561573
16.3422697508545
16.6604699863064
14.5960918957406
11.4111558637308
8.32258769929769
5.90945956828959
4.23233198692764
3.13736283429076
2.44608105406298
2.02063963137854
1.76907025265521
1.63341742758548
1.57731653255196
1.57691500605112
1.6150142214325
1.67761361287496
1.74453745254732
1.80532812007513
1.85948063814564
1.90357914843958
1.9382960034319
1.95936417620954
1.96237591029503
1.9389821486942
1.8886334194136
1.81458111287447
1.72166925585261
1.61582181949002
1.50352307713781
1.39131639342513
1.28537155307038
1.19117422333715
1.11336706844061
1.05572871000131
1.02122026027747
1.01195461926763
1.0288467515616
1.07061873117705
1.13191614014825
1.20090272860795
1.25796505043512
1.24384652004956
0.810889567541103
0.447799431455846
0.548341230253355
0.919427425743461
0.751993933057239
0.347025656326263
0.265085652211957
0.456945917577938
2.11471513716052
6.86504435771023
11.5104331545421
16.3919701842329
19.3003980295286
18.8287887149103
15.6434761707047
11.5623105942683
7.9831653965875
5.38795757462749
3.68814334734069
2.62963963402181
1.98566656948055
1.60029640231858
1.37705261006962
1.25854078122709
1.2104441239358
1.21108476550888
1.24504101977516
1.29945928089912
1.35596888302763
1.40504614017814
1.44575180256521
1.47502928592504
1.4925696113344
1.49471465855436
1.47686522248702
1.43380510494001
1.3709937818594
1.29492333224299
1.212613523392
1.13068663075424
1.05479344437492
0.989401409033544
0.937884814348724
0.902811410013834
0.886299080842782
0.89030664837122
0.916698819865529
0.966864388624802
1.04058514940842
1.13387914481157
1.23601024610489
1.3271615010799
1.37993461985891
1.29327140592751
0.781401475545408
0.480136558767783
0.554769329818118
0.82290187223501
0.730866941535723
0.321009965595289
0.258502743279872
0.495882709284377
2.35976299037128
7.41161444337983
12.0367258638092
16.4379423384607
18.422334371372
17.0592104219182
13.4775262032093
9.51686381725935
6.31311826552663
4.11587609030798
2.73503159233539
1.90225110704394
1.40849921243253
1.1195768628172
0.956159623472463
0.872748325097174
0.843018258160621
0.850750806046798
0.884370138777171
0.933754965066199
0.983293612400272
1.02501947635508
1.05818339144041
1.08024696137079
1.09081898277577
1.08709696027209
1.06547993945259
1.02325685641955
0.967757027797976
0.905971283405995
0.844611017465962
0.789356992938963
0.744603424046517
0.713593865018245
0.698793284668294
0.702335388847499
0.726395989984065
0.77333538203264
0.845394767894015
0.943628522662788
1.06570794021347
1.20254392865872
1.33483681826511
1.43276239918058
1.46333146819424
1.29235623107536
0.745417017816117
0.496091068313207
0.550103417348355
0.735784286108783
0.707581206512802
0.299411456168142
0.252138060839811
0.516505097422604
2.36880760408204
6.7658063728814
10.3088422265776
13.1918401825827
13.9160727789888
12.2415604332482
9.29177166526696
6.37071446834757
4.13685466555457
2.65437408333833
1.74205265611021
1.20012770048254
0.883150552055607
0.700672052690151
0.60032070024742
0.552631188021686
0.54093007518553
0.555115217319103
0.58781216768773
0.632018681818888
0.675267851661657
0.711283121724471
0.739677335227648
0.758440219622054
0.76746741738662
0.764776610060965
0.748064909920623
0.716211238167935
0.675894818687081
0.633165339005676
0.593491480290395
0.561337754916923
0.540182882417059
0.532831714792269
0.541861251520864
0.570047608287537
0.620610436836932
0.697051614572761
0.802250435687337
0.936386411756441
1.09344584557084
1.256996066794
1.39791815453165
1.47890764365491
1.46926899842414
1.22134215164838
0.688698630646082
0.487757236146126
0.528804447745871
0.657253731702788
0.684052376918858
0.278567255638154
0.238137060298955
0.494367743197418
2.05983240892896
5.13312545001345
7.19821767896826
8.53313920239631
8.45763357455505
7.11739526667321
5.26017295360133
3.56142810502247
2.30491138844713
1.48128588931049
0.975947910896768
0.675999892557235
0.501232525933898
0.401995390671366
0.349594843521814
0.328021622847816
0.328389231174811
0.34539072759682
0.374949377024977
0.412639378636282
0.448960209905889
0.479162867402795
0.503168873961199
0.519482567441097
0.528344414826054
0.528508244544776
0.518856177570652
0.499210639589555
0.474605440670246
0.44963960040929
0.428397071661809
0.41431641195488
0.410350317661168
0.419300881362022
0.444218135251648
0.488723221506275
0.557044723911379
0.653424344058362
0.780411152764822
0.935642239457099
1.10742786839717
1.27118867306026
1.39097574096019
1.43038166683937
1.371486612662
1.07549865153171
0.605032940954593
0.453939205438234
0.491339184205706
0.587361331926142
0.662037517998421
0.257315535157809
0.21485212614796
0.428931811584177
1.55007207136789
3.30105398919097
4.23047526462924
4.63720837517724
4.33418129429137
3.51801905802775
2.56063345076519
1.73499073665618
1.13524576966277
0.741550302205281
0.497776016508538
0.351850518910292
0.26681053121052
0.219499598695528
0.196426828383656
0.190120127784127
0.196547923756176
0.213335098216638
0.238421569643762
0.269040797369823
0.298084672898118
0.322069346024985
0.341153066353306
0.354385279887364
0.362311201201121
0.36439486452593
0.360501222193922
0.351121574037973
0.339614089855638
0.329122940137969
0.322504532923753
0.322419676633293
0.331535836847794
0.352791798018796
0.389659752731121
0.44625915937068
0.527038849421056
0.63557841249695
0.77203155895835
0.929226985356925
1.08884388266114
1.2210196301923
1.2913016772271
1.27533417065229
1.17413742526055
0.873516189332003
0.500375174425397
0.400502681818102
0.442946854430004
0.526576958679781
0.643373221367561
0.236662134491915
0.186113934152228
0.34247856830106
1.0441924276123
1.89189805761152
2.21741232056498
2.25296020388229
1.99308298303745
1.56787992957088
1.13079066308954
0.772847908656381
0.51646510911234
0.347194592910019
0.241000299955896
0.176828786833351
0.139718889843535
0.120169475226588
0.112628742981603
0.114101637094554
0.123063412861607
0.138581003285548
0.159516801919861
0.183855427163964
0.206122898576721
0.223853762865735
0.237465679182769
0.246632771774195
0.252201056313916
0.254371128208629
0.253831657366871
0.251711590239584
0.250103235295594
0.250933340218762
0.256095582133495
0.267696594498072
0.288239503615627
0.320741730708054
0.368732108612426
0.435959472607933
0.525514324004598
0.638005992202839
0.768702115563267
0.904486513432298
1.02298558658748
1.09681954280741
1.10366460804287
1.0378901240702
0.915932347721764
0.652540845515286
0.389422528863694
0.337806346314696
0.39091045655859
0.475293490942386
0.629989499834922
0.218880088746021
0.157985591234509
0.261303359793212
0.667270488741459
1.03341674592386
1.11097549845366
1.04779110217252
0.877036610106702
0.667788690183853
0.477024833108568
0.329701740127722
0.226641174043906
0.158797257132039
0.116076185409671
0.0904679089021506
0.07645088702833953
0.07057900461961525
0.0709315322021406
0.07658966706922651
0.08713956024919166
0.102143604859338
0.120560438043798
0.140289632160722
0.156692387529365
0.16823299384403
0.175760922840339
0.179806374678333
0.181550067421424
0.18201339293998
0.182558658431354
0.184989900013245
0.190625092946046
0.200541331971809
0.21603702082277
0.238938198757946
0.271685654483208
0.317164049904536
0.378165281766405
0.456369898844382
0.550863352605633
0.656442038540492
0.762287012409093
0.852110092986359
0.907189074410067
0.9125354337265
0.863742579150417
0.770363285525514
0.653100619492211
0.451264959411978
0.287685566747914
0.276291219211695
0.341825748204923
0.433523685637103
0.623740794942916
0.206649876628551
0.135552664565666
0.200601081162087
0.433442727199255
0.577803624993101
0.570337860402133
0.498051063119883
0.392093453507549
0.286686947953795
0.201443847012781
0.14049531125624
0.09992100302036594
0.07410731670223339
0.05849471532317011
0.05002763608719754
0.04686977106040687
0.04807883447945148
0.0533412243607471
0.06269204671122043
0.07612893004366364
0.09305871118084948
0.111669275715621
0.128684784871693
0.139498128754302
0.143870185578483
0.143748340918193
0.141002660659275
0.137319823905706
0.1345572566371
0.134534752617051
0.139613178787487
0.150702332776422
0.168509003252667
0.194302355182347
0.230118610801819
0.278575328054829
0.342046403581676
0.420970349698202
0.51165257302848
0.605002934351086
0.687829580997914
0.746420474559015
0.770329518658815
0.754949331105977
0.702664620468321
0.62239304410294
0.527442218923763
0.432239007575018
0.293809028004675
0.204901473639445
0.223080992193317
0.300077332555807
0.400823634949708
0.626145164272716
0.202728719502577
0.122030268145569
0.164174840040841
0.306666993583359
0.353383556792613
0.319565861477631
0.256764697642494
0.188160190757647
0.130409211257002
0.08903913471298763
0.06226339150230415
0.0460354519489027
0.03684355591782059
0.03245205469444475
0.03174309136748859
0.03440933683305574
0.04072943373264876
0.05137018506845207
0.06705226889183938
0.08789085714396395
0.112325644603388
0.136014614162923
0.152030249523645
0.154728147705181
0.147182275447746
0.13455946741043
0.121448323405812
0.110079722878619
0.102836615213634
0.101421812912159
0.108214557054287
0.123846242993707
0.149312809270303
0.186776762884357
0.239447526742324
0.310757868609755
0.401979559483788
0.507901438349662
0.612939610172051
0.693669565204838
0.730377705968748
0.718237579661412
0.666913736307767
0.591729810638846
0.506427754890226
0.420918411414015
0.34183173442967
0.273570590578553
0.185171879537097
0.143512002028954
0.181308527674906
0.267656823408504
0.376380153774899
0.64116767419933
0.212690908820215
0.120979662981888
0.152089111568292
0.246491167383699
0.239419716516516
0.194483287799243
0.140572096577396
0.09351839311761542
0.05985685324707429
0.03881102888439919
0.02689347322066074
0.02086633066534965
0.01869171513337437
0.01951075983687297
0.02344513393074042
0.03151099147031736
0.04561463980603964
0.06839152173931218
0.102443306294776
0.148367324456438
0.201262453753582
0.247129779294945
0.264490054828329
0.242921609209597
0.198867544637496
0.1515369561627
0.116199151359457
0.09040408655316108
0.07736207493250365
0.07494156584625757
0.08389294870820604
0.104766477891186
0.140218805061721
0.195336064543549
0.277016058845206
0.391561401077661
0.537754354950245
0.694944571933875
0.817023491373826
0.853895303420372
0.793725093143481
0.672918601256687
0.539627900652867
0.422473550099957
0.329230846244826
0.257550619506326
0.202764919153515
0.160816790855185
0.109829671346753
0.09440350539543405
0.146456370866675
0.242215068108805
0.356554111218442
0.696881020259542
0.285177599353156
0.182873583799209
0.23790669384769
0.305257985513345
0.217918799314347
0.147362106490808
0.08921394880312647
0.05037843296578015
0.02795789514100757
0.0163094695594299
0.01085470278790373
0.008950241293888252
0.009637358810321607
0.01347632054143701
0.02301245020343589
0.04408859095236726
0.08779964336803894
0.171830430090794
0.31793742248145
0.540045176244222
0.817614258529495
1.0608822468133
1.11376685466232
0.905593528516895
0.587646462962903
0.29459140861405
0.119380962989761
0.06983837127794887
0.05485303074195175
0.0552786244858465
0.07069360263223592
0.104880539064175
0.16842563771324
0.279555738018434
0.46338166210236
0.741632862654278
1.09851474829872
1.42580067161956
1.53256080830124
1.32428304440741
0.944587570113708
0.601672239979564
0.374540736668508
0.242730958831541
0.168180434317471
0.124673492569086
0.09777300550271147
0.08029073436359359
0.0603210796795382
0.04904268420670678
0.112235510477195
0.229525012540779
0.337844620399808
0.799803360069261
0.55173877891934
0.619220276421698
1.015166863651
0.911853081811093
0.464134316190039
0.273204250279759
0.148732538707254
0.07761743653947177
0.04066535558911697
0.02274281560899153
0.01468192535309386
0.01190463867301082
0.01287659870388423
0.01859349623636104
0.03364137076292477
0.06935188679947978
0.148851618699658
0.310809894083774
0.603428758437065
1.05674964503087
1.6266235608694
2.12869592091731
2.24747660943988
1.83046159015052
1.18442564626578
0.57856043020236
0.223427042394577
0.136864942239018
0.114807381508212
0.125271222173553
0.17488491515943
0.282037341352115
0.488705445477769
0.86436676350835
1.49560505877035
2.41816840224205
3.44150976064195
3.99927964672384
3.54460050367553
2.36569300606298
1.2819607485123
0.643432817276505
0.337099807296582
0.197138826239694
0.130969668312338
0.09777462184443511
0.08025982866301289
0.07106553705542505
0.06484700624920861
0.07295043555468478
0.145534885080265
0.249672408973999
0.341385593329924
0.88305196820484
0.868848969970229
1.22180718726761
1.8899570679231
1.68316932560935
0.929627474536673
0.589674687604443
0.351458533565983
0.203060649908192
0.11799376248024
0.07201407264422824
0.04841510807773525
0.0374940060684404
0.03455059515447518
0.03835583166347286
0.05059421206919654
0.07614738118465536
0.123474230395295
0.203308361889236
0.323460250144821
0.479969398756893
0.650004324924569
0.794218607416849
0.871813304123407
0.870093404719175
0.823884292099357
0.782573077669557
0.786869378113043
0.750101030976959
0.759185651577393
0.857577230881996
1.10953099087842
1.57095574405512
2.33164987132053
3.47977559534945
5.00327930410601
6.60523163248875
7.58634404660277
7.20883647377306
5.52621895009954
3.48909626568896
1.93916114044816
1.03553400940369
0.57435018445449
0.347795423108285
0.234667810852001
0.176290662583257
0.145736174219214
0.130445009499262
0.124008236627576
0.161264350613683
0.225630216556115
0.279761357959532
0.366660243613779
0.917601001206566
0.985797135371369
1.22445807238679
1.50441343957744
1.42875111026854
1.0607160897333
0.82452918463542
0.608193500150363
0.432928664637253
0.30381952078358
0.215444353708594
0.158483533199224
0.124150033593172
0.106114988256943
0.100888483141779
0.107680651611893
0.128236472413334
0.166571655618068
0.228234596043289
0.318860018410338
0.442545631180974
0.60140850522421
0.797343997454849
1.03534004981558
1.29382753701576
1.56731041922213
1.87063372409143
2.19896363481681
2.61506769333071
3.1174105336784
3.78038408877194
4.66466073025371
5.72793643968959
6.94146251258085
8.17442300293761
9.16211798988247
9.55253811124007
9.07976803412753
7.77901881882985
6.02026559309021
4.27916670353502
2.87155380659172
1.87946090019579
1.23844456352849
0.843549057576046
0.60503959486426
0.4615874474087
0.375471172251881
0.324568450222105
0.281689442349224
0.286166390055803
0.318116155646928
0.357384476997595
0.430411683957784
0.496202195051601
0.561250484052385
0.684588294607443
0.795702223048301
0.859876902595397
0.882870705293159
0.899819956552681
0.927695769860333
0.973712385771115
1.04567021086359
1.14982726822442
1.28776408417078
1.47414882641513
1.74121396964846
2.05201138731481
2.39810558522607
2.76308397049703
3.09268451241966
3.3266397776263
3.42139279478702
3.36066564934467
3.15464473290135
2.8340055597634
2.44254436653997
2.06963428469972
1.75364055848839
1.49041589958351
1.27480041942601
1.09128551112387
0.958963466883407
0.871219664558973
0.839976524565398
0.866770801518954
0.939627727696537
1.04327281349057
1.15715860476334
1.25854158921752
1.33092706942803
1.37239281915209
1.39528576031761
1.41457328569192
1.4496606244917
1.52936085898349
1.65006299939184
1.80811767180323
1.99200276032848
2.17119385746721
2.30213252242724
2.34432899842805
2.16715427907629
1.49688431634517
0.993058290491285
0.75622197099301
0.711277342227489
0.3644706450762
0.366787767409811
0.400488281489489
0.361177438959697
0.277012734453137
0.222642003001267
0.192424050702554
0.164864139642887
0.142913948255142
0.129827962237152
0.129959817589118
0.151609389130418
0.204267777618836
0.296295857782969
0.493926202095575
0.877608345698045
1.46790416902776
2.18384918324693
2.86171567278012
3.33778306080235
3.51693468021801
3.39471672796066
3.04368057727931
2.57903325102246
2.15757321271327
1.82486334760207
1.52961275170618
1.29020456341777
1.15221075124916
1.07623702009825
1.08198554445876
1.20399758815313
1.45508514661053
1.83439183005461
2.29819632425234
2.72507622210698
2.92861391410796
2.76016524495165
2.2459415828159
1.60642321535103
1.09173320588398
0.768671556768587
0.575261323266326
0.508165214483347
0.534011009449454
0.627687630704358
0.771817459390041
0.939116881386686
1.0872340613323
1.17809941800549
0.88115095327562
0.630489533545713
0.584097861272978
0.693175592626625
0.274196933321728
0.224567346357695
0.175358674898458
0.116064508695525
0.100401222391082
0.08745444763743385
0.07492750343414153
0.06158570898362414
0.04929062023405164
0.03949481802532414
0.03328513876143534
0.0317486112746914
0.04104802233382674
0.09286010762050063
0.288612662308415
0.724236957316282
1.36801423332501
2.08155760469544
2.70437987303349
3.11007470404916
3.23134151252609
3.07134836398733
2.70343085140689
2.24976166599563
1.87676374941468
1.6546995692176
1.64191721123055
1.60729189138351
1.41387006238225
1.36205881340758
1.48080871490092
1.86606653320153
2.61492033107592
3.84187466869428
5.56053279487476
7.45360861854009
8.69676789566346
8.27005082615901
5.95309876056213
2.9762137739727
0.962038464829918
0.269027163092198
0.13205126407411
0.108832184620656
0.122190292470814
0.16266402034815
0.230402789051343
0.321445512520587
0.419565741874142
0.531989940048216
0.460600447047241
0.410612970331929
0.523367231287522
0.779834182287355
0.217861825804989
0.140508454367939
0.09082829177397272
0.074547509369111
0.107790217546459
0.136867846819025
0.146664237102923
0.153085992310929
0.158843257694492
0.170274511545261
0.201970570576641
0.294714342242773
0.599812221446531
1.37786410344346
1.62494447249245
1.51863676559343
1.47550575879161
1.49243598066031
1.51958689584684
1.50721318041514
1.41983499128269
1.24656925876651
1.00744445519071
0.747572220830984
0.537678495265944
0.394840061079332
0.307573140181674
0.277473703018369
0.292775177276999
0.349641496919782
0.472380140531648
0.719809589268012
1.15430958506044
1.86057504772057
2.86821244838448
4.00808142874663
4.78312038046939
4.54975254332325
3.18577337266794
1.51007423929776
0.46853585289499
0.130981554921247
0.06263056997229542
0.05022486231114594
0.05581649334631594
0.07480975581907787
0.108257618945413
0.156136566586174
0.212623800245237
0.296760227234208
0.320956077613551
0.381140286468612
0.618570945208062
1.02459448894805
0.209238306711283
0.133269970738906
0.115540583851893
0.143137355375581
0.263591039631811
0.404405736154518
0.488797139999333
0.56537417030229
0.624949585528841
0.663983559537355
0.688433940758503
0.711118363221393
0.752906128944936
0.811956761338162
0.812728661424419
0.749686129227632
0.68902892221152
0.65405248171646
0.6341614837869
0.611334573352777
0.570544906165173
0.505139485742378
0.41980527153364
0.329044042463868
0.257418909855234
0.209993313045545
0.181735120017461
0.168971655651608
0.168076534722444
0.185218348056021
0.230947126012637
0.326389164491173
0.488195537428701
0.7359816876284
1.06589754814761
1.4122851114051
1.62706136545656
1.54857710431555
1.16706163399186
0.691111508243255
0.346565291429296
0.172871008031136
0.100113357348922
0.07583573546595847
0.07437673416027481
0.08742839424927457
0.113486800010658
0.15179579556596
0.198820382566513
0.282841623863372
0.360937250622736
0.484864226119691
0.80499376756859
1.32572824669774
0.217643952116947
0.148994229993484
0.156806566954119
0.239935094316667
0.492552917884871
0.772210995139807
0.932165269359353
1.05423036645434
1.10292589650324
1.06125873578306
0.944171344664762
0.79684338569805
0.668190999833469
0.575523069867526
0.508832858379625
0.459015547260439
0.426790361337389
0.410530235081891
0.40298075294786
0.394774171484263
0.377664918656287
0.347272442242874
0.305016000748479
0.257857960604768
0.21905164269269
0.192107317508461
0.174799647959712
0.16616075619186
0.166462945535194
0.178516215861035
0.210410572974024
0.276103147150035
0.383766187053426
0.541598912744123
0.742812237546928
0.947028012230131
1.07407985946079
1.04213157235509
0.845209240885921
0.580004662137195
0.358546431986285
0.219664222940479
0.146561043170435
0.114695257594695
0.10763238552601
0.117553167371661
0.141735920748647
0.178763349791112
0.225570279005541
0.316792968362918
0.4254805455768
0.579674116627245
0.937032866661749
1.53528834248545
0.234213853481285
0.175535098793526
0.215480044430586
0.378043845263648
0.806856897296095
1.21400360866683
1.40786200188013
1.50599738170564
1.46507428025794
1.29101348116397
1.04311963421531
0.799412106458852
0.609279123574605
0.479845687267043
0.39857528339607
0.350593311518385
0.325371181103828
0.315273548989046
0.313310387878027
0.312706308580042
0.307601824012743
0.294359460305818
0.272817030209848
0.246463506914883
0.223291278332377
0.206303951785848
0.195150103415443
0.190460645221176
0.193029068912821
0.205745605410088
0.235521289209289
0.293901754242766
0.386123835871314
0.516726910108271
0.678433173710584
0.8402580979037
0.945116736116196
0.93590045210783
0.804212121285357
0.607967838001245
0.423296540795886
0.29016285620091
0.209974280318575
0.169144512223364
0.155401169454148
0.161458587458166
0.183893506080396
0.220729001673167
0.269018249163963
0.369191331046361
0.50100025650027
0.66829698001038
1.04130412419695
1.71442211083332
0.260630078661329
0.21658221478301
0.305425899014409
0.586189256758096
1.2167231969788
1.67856300193716
1.82877104821897
1.82621619313504
1.6560816541551
1.36790856438599
1.04874952342377
0.772515648470004
0.570076780638815
0.43727350558002
0.356479196560227
0.310992967857227
0.288802454500715
0.28163472970935
0.283150169560674
0.287876657201734
0.291100060960116
0.289478485883881
0.281892691923817
0.269821676729465
0.257990133540963
0.249156290914886
0.244237810783727
0.244383087583384
0.251364462364496
0.268306014064991
0.302569351242561
0.365264335074509
0.460148295708146
0.590242989734475
0.747572263531444
0.903935262085295
1.01000103996147
1.01641175730228
0.911299659826036
0.735903472517509
0.553598563650244
0.407612005143337
0.309567718411366
0.253143770121588
0.228280655303925
0.227475038482309
0.246417801408459
0.282442835684473
0.332415931100729
0.441928155966445
0.589254631755337
0.75041195247359
1.11877535828604
1.87192986715355
0.297765797475606
0.274758192158093
0.435951390734621
0.873411064587999
1.66074968733508
2.04257529273436
2.07659138885653
1.94376323760929
1.67150434206279
1.33269481559544
1.00636414727154
0.742402315385368
0.5537852681084
0.43029642417376
0.354964386859647
0.312853925663212
0.293232843692933
0.288696421375456
0.29373218527395
0.303710150278801
0.314559598994901
0.323070427046444
0.327528188766837
0.328207951419732
0.327399159944994
0.327591512222735
0.330668091068706
0.338205384892028
0.353099568583837
0.379055712233726
0.425038953971655
0.503280173016909
0.616458793962104
0.766775364997567
0.944559328153446
1.1198302030069
1.2423267128285
1.26163474544907
1.16170238892858
0.977348116379311
0.770541250140434
0.59128699491451
0.460458044697759
0.377338400633618
0.333270152072461
0.31986720191221
0.331426966522297
0.364195400363504
0.414383734575267
0.530635832987237
0.680859377390072
0.812849527838047
1.15659469875962
1.98915209093039
0.346006181824656
0.351171874920207
0.610795147794966
1.2246635305964
2.04761258965323
2.23238562693996
2.13351482512584
1.90191562888178
1.58746096996133
1.25588424158272
0.960859852436916
0.729207386880674
0.563511883277085
0.453322695061758
0.385046571694959
0.346981154521916
0.330499265225189
0.329458334281154
0.339188139789135
0.355695953112935
0.375333149676973
0.394964517570713
0.412499220363542
0.427471391728882
0.439925474010449
0.452006746059833
0.46666791161023
0.485797277845826
0.513891979871432
0.55552664622367
0.622482194933624
0.72927948514165
0.877117777446732
1.06722149210025
1.28661551008099
1.4996758758523
1.64933423094173
1.67883425916519
1.56748889955388
1.34925602352285
1.09170197228747
0.855720350529253
0.672656678939309
0.547542825898837
0.472711022138432
0.43826418127283
0.436414375409302
0.461671132899936
0.508940052023606
0.626388497329185
0.763876317972598
0.845381425798111
1.15009780622086
2.05296392959692
0.404683206856134
0.442742640308462
0.81845225981814
1.58651053735857
2.29436376398077
2.25619776369436
2.06557389515492
1.79517187186834
1.49129239420883
1.19848137637794
0.947253308569271
0.750443859111466
0.607180240909754
0.5095565195501
0.448010048889584
0.414122023897908
0.401394659345178
0.404959009619858
0.420933041722709
0.445845902327674
0.476360241178105
0.509399968909692
0.542645491879838
0.575192772754575
0.604712829559082
0.632917166531103
0.664068395888615
0.700331487529091
0.748383151942637
0.813915798291267
0.91269056979851
1.06222180707956
1.26092255782244
1.50802912143014
1.78506509013541
2.04738157332794
2.22734194541392
2.25946115436042
2.11922633617152
1.84364279871613
1.51044847441932
1.19454582464191
0.939341368919081
0.756180750352865
0.638291289627991
0.573707371062506
0.55181765745105
0.564659565231974
0.605143980311351
0.716937655880044
0.827134539420079
0.843595137784833
1.10343671574313
2.05860305376209
0.471485425322469
0.539488878245376
1.02258190978418
1.86749697129168
2.36005238884785
2.1765718679025
1.96239137191041
1.70973107465064
1.44874976065266
1.20479558267782
0.994809910953917
0.826387388833418
0.699658449383455
0.610433028157718
0.552997496616303
0.521840720122746
0.512339226899611
0.52074737611807
0.543853735656959
0.578595174006065
0.621854611944773
0.670595688903821
0.722365287042154
0.776030188087915
0.826647784738006
0.875366004671118
0.928011471446281
0.986951529867658
1.06154485989593
1.15865550668144
1.29868995014026
1.50188594420852
1.76168108968454
2.07342584616707
2.41080655674342
2.71823122374486
2.91714560944862
2.93516551791236
2.74729174524198
2.3966818625042
1.97267495085128
1.56411953672084
1.22607393395254
0.97606187641575
0.808156993906076
0.708121258492861
0.662144231098189
0.659357438407342
0.690277158898732
0.79109033438042
0.864434939476848
0.809638572710762
1.02718453824755
2.00975523646873
0.542162768287841
0.62405840871573
1.16364141531093
1.96816060737127
2.25779757922335
2.06929733561345
1.90003041343007
1.70892103289536
1.50957106578219
1.31541989172632
1.13854340450821
0.987602586432475
0.866982655085615
0.777377565311649
0.717112065412429
0.683437527035116
0.673385623614842
0.684110716974905
0.712857334161221
0.756773238303683
0.812804112195343
0.877864781918141
0.949369266085332
1.02603284432764
1.10009848131081
1.17195783835781
1.24904780899064
1.33376635488518
1.43821813309904
1.57006827650817
1.75380599737388
2.01054805286146
2.32623437676052
2.6900965294978
3.06681903661539
3.39134255643652
3.57916402576206
3.55816347311729
3.30878477847511
2.8817646991523
2.37460338999621
1.88458569713367
1.47413067876194
1.16511422032056
0.952413195238981
0.820127785559437
0.751842848635627
0.734176370080419
0.755504463346472
0.843785872462779
0.87671756359547
0.750401817767126
0.934490479419285
1.91632402338789
0.610884224647358
0.676133879265577
1.18277866287507
1.83662355784375
2.04440869856259
2.00093912417844
1.93863606023074
1.84930384076962
1.73107546678544
1.58929156890032
1.43613438023083
1.28642457248854
1.15314240560751
1.04490794757362
0.965760226237517
0.916317788690592
0.895209969835938
0.900116999575771
0.928271288693005
0.976587915080494
1.04170884056489
1.12022510182109
1.20921990739889
1.30709034852597
1.40320570118371
1.49691184467678
1.59687965929666
1.70521323088802
1.8360389689419
1.99688173353887
2.21398345711405
2.50590485962711
2.84964395156769
3.22722288143735
3.59622512855594
3.88849186879556
4.0238944250741
3.94129075622286
3.63248816160514
3.15367957496674
2.601641512781
2.07131955568755
1.62457748964537
1.28431352675999
1.04636496984127
0.894870410586685
0.812671866961189
0.785322845955596
0.800059802320398
0.877981051365105
0.870552486881605
0.6747289766315
0.837816042795934
1.79128811455666
0.671407220236384
0.681673079652616
1.06122555734016
1.51287119237044
1.79702903644288
2.02797224729099
2.14016021703282
2.2097659698622
2.21076596276034
2.13398248628587
1.99201728775516
1.81289249487678
1.62796456315077
1.46204273759899
1.32968696594306
1.23653340707775
1.18252332333163
1.16476035954228
1.17922559706539
1.22152485533939
1.28715515357774
1.37174045009687
1.47150206705013
1.58399294306779
1.69582529422633
1.80491194784174
1.92027048450672
2.04327112805567
2.18848348374312
2.36195388992386
2.58791445491725
2.87855677138295
3.20339569008319
3.53903187820314
3.84180753162651
4.0505148120044
4.10117979498046
3.95251299435412
3.60945917320001
3.12738192775823
2.59081434948518
2.08039775937994
1.64905809359157
1.31730311235165
1.08238699972717
0.930790882214261
0.847173410614913
0.818055665581899
0.830886149635354
0.901866800905008
0.853698685276801
0.591981386191675
0.747399135869546
1.64797877028316
0.71870834896667
0.641802092222953
0.844045265878853
1.11868912557575
1.58927916019607
2.20922674197009
2.59513715422258
2.92943743782894
3.13040153703067
3.14725335601901
2.9874958482885
2.70918768411484
2.38748146848576
2.08347258324092
1.83197864580913
1.64520081647462
1.52187979039793
1.45498993221639
1.43609892002633
1.45712784021993
1.51076683440443
1.59050208862467
1.69077648870823
1.8074309914168
1.92459115049838
2.03833767855279
2.15682072624309
2.28027902365216
2.4217262964273
2.58455571652928
2.787226763583
3.03345371133322
3.29034644809987
3.53398349121792
3.72738097964177
3.82544895143123
3.78739551301426
3.59356013375772
3.25797542854172
2.82738138442197
2.36533890374336
1.93064010683486
1.56222258541045
1.27612489323404
1.07141388841103
0.938659330643757
0.86633825734429
0.843523266326773
0.858818638729483
0.923814103064204
0.830084598284747
0.513244276728186
0.671211273065609
1.49817993621862
0.750252885317793
0.573287415051775
0.617519274260932
0.786811081664547
1.47629793026225
2.62374424790432
3.4535697507797
4.25251439173409
4.80664174982808
4.95565214189936
4.69272151831539
4.1543916059224
3.52217852996053
2.93388816863022
2.45679861519547
2.1049855917093
1.86608372283591
1.71988773031057
1.64706689322309
1.63171382204598
1.66119587182147
1.72531348671305
1.8156627533427
1.92545759974528
2.03674058593209
2.14354322281784
2.25205733288663
2.36124376146868
2.48093822137419
2.61149490543145
2.76358608365282
2.93342284496069
3.09265383091282
3.22258253437345
3.29879344947041
3.29578557493517
3.19480089251351
2.99225481729028
2.70431906338862
2.36413992315329
2.01227415802039
1.68520812721812
1.40756909353342
1.19048605616437
1.03466735986453
0.935030153325375
0.884304338713868
0.874334347202929
0.894725266495335
0.948811905652631
0.798715899959017
0.452226801854817
0.614886901591616
1.35084818123535
0.76622027807474
0.498644741757765
0.448060808520138
0.580382714511127
1.49558519101575
3.38408322996677
4.94280907929751
6.54546798293181
7.68710570844778
7.9656529077834
7.37188932950982
6.24974811606613
5.01326982467407
3.93224926345844
3.10329226470874
2.51748361031456
2.12756424133208
1.88406293202295
1.74750973474698
1.68934106507413
1.68923341392199
1.73217570015295
1.80634183149433
1.90192310703775
1.99946313430079
2.09112995144678
2.18066927212505
2.2659723216733
2.35311906191413
2.44001731355948
2.53006893889765
2.61539980873487
2.67756968010046
2.70653969301821
2.69143658190223
2.62322111108683
2.49809213096269
2.32030211438221
2.10285260876177
1.8652891078033
1.62928405360979
1.41390112208631
1.23246067494457
1.09181656176871
0.9935144162179
0.935580930123582
0.913730251906117
0.921219036585778
0.94723819802156
0.978716477477218
0.75760916169499
0.418784864871576
0.580578256122959
1.21161263249157
0.768747728534691
0.434578631476842
0.348813821193685
0.48949496052777
1.67732593622313
4.61826493114239
7.30364183700107
10.1496156040652
12.0902445053249
12.3137239987252
10.9257416825787
8.73764274411407
6.5605383268963
4.81220366715822
3.56519498237688
2.73359686318917
2.20183222762893
1.87504466833131
1.68724626646947
1.59533274149355
1.57120798014109
1.59558444619244
1.65388826545609
1.73392841541239
1.81560402661245
1.88988290121967
1.95835338591245
2.01829971667188
2.07259470057984
2.11786413530351
2.1525897941786
2.1685674787118
2.15862717518022
2.12116448853704
2.05552646032353
1.96267184040782
1.84585358937592
1.71094686749472
1.56614158280022
1.42097346405822
1.28496738228963
1.16634295095067
1.07117324014566
1.00311995401033
0.963536224657951
0.951488860510359
0.963214439318039
0.99082376058525
1.02082444926351
1.0135794973142
0.710378974377318
0.411838176913277
0.565602823742441
1.08313026846816
0.761048590091767
0.387114789553954
0.302500169683774
0.482762993972848
2.03869548814964
6.35569580755171
10.4986255691867
14.8262028417937
17.4306640367386
17.0828549275908
14.3262198877894
10.7261046895437
7.52229192154852
5.16827665301546
3.60810328429965
2.62719114962839
2.02701954341938
1.66839279412878
1.46389498712384
1.36076625978026
1.32687643074911
1.34138752877394
1.3890259426606
1.45686175230473
1.52526501576672
1.58495202007395
1.63614994863936
1.67602112451148
1.70540736445628
1.72075174820067
1.71835013546111
1.69199405125366
1.6434078362437
1.57671617120458
1.49675335971461
1.40859682619508
1.31726840052923
1.22754563133963
1.14384054562281
1.07012472374286
1.00988868132457
0.966114886046016
0.941213830205835
0.936815252866726
0.953226374607456
0.988321546471751
1.03578778359554
1.08330801035348
1.11236627990588
1.04955355483216
0.668553821383029
0.422062586584376
0.562322357506594
0.965940485715709
0.746517996862996
0.354341047550751
0.287386514414564
0.529785755405788
2.5408639941715
8.26080576801959
13.6692874382993
18.9409684118711
21.4139774533531
19.8811343164388
15.6704380282508
11.0113030781215
7.26949246349767
4.72740595407182
3.14443022763693
2.19717687880627
1.63933867485
1.31532746314029
1.1342300100672
1.04423457649639
1.015347995284
1.02891939675682
1.07147915003881
1.13128446635494
1.19034023029589
1.23998706840905
1.27990688496705
1.30746227006174
1.32261563793557
1.3222764354899
1.30256962163468
1.25983308993998
1.20071729849028
1.13193854262645
1.06006810737326
0.990806612556273
0.928682138109191
0.877074655846169
0.838446186684088
0.814661682723564
0.80729555935322
0.817816107731302
0.847509913617965
0.896946358554036
0.96472727478475
1.04537192901631
1.12677715654948
1.18902773620555
1.20770938183835
1.07559145448241
0.636753453007505
0.43671192038225
0.560188992740776
0.859526178022003
0.728025961453929
0.330956793174524
0.285689367041517
0.596978039286023
3.01314909851188
9.4486170165734
15.0442303808271
19.8211970724738
21.1398938390648
18.4779060666918
13.7560826942492
9.18605287083465
5.80278284977109
3.63337984414002
2.33987018307694
1.59149288759283
1.16255392861007
0.919199791567148
0.786630404175454
0.723793769047084
0.707783568530788
0.724788645399872
0.764806192189699
0.818598685027487
0.870698990934764
0.913610847933906
0.946973451546016
0.968481752123238
0.977962161692768
0.972998945447583
0.950549218824846
0.908972651427085
0.856330989561487
0.799644393154378
0.745163543250368
0.697833913851922
0.661271199805331
0.63805445258156
0.630152850828162
0.639339965671402
0.667473701970985
0.716504394009115
0.78800669297196
0.881940649469995
0.994364172415467
1.11426284491124
1.22096511452479
1.28559820262746
1.28053797816206
1.07365988132266
0.606273297585002
0.443810250653158
0.549348801995223
0.763072156333185
0.707749241469461
0.311552959566323
0.283488878039496
0.642239877271113
3.16908727711771
8.99408874093819
13.3533325446959
16.372477645444
16.3335746141543
13.4960165007977
9.61871430616602
6.22042247621757
3.83805448647602
2.36026029583113
1.49816007053656
1.00746659478862
0.730385728829153
0.576018991301486
0.49462160193551
0.459485870158142
0.456131491929473
0.476054015316976
0.512950994033005
0.560398676530302
0.605855565280065
0.643166343398741
0.672101214212724
0.690722306798616
0.699037895094302
0.695292961889203
0.677539223380547
0.645396344457796
0.606178354598529
0.565995267299622
0.53000217186925
0.502156833275882
0.485418646208707
0.482171075897902
0.494693747555743
0.525546768824636
0.57772027384637
0.654329187898314
0.757515084484683
0.886163867795783
1.03234761337395
1.17751015816949
1.29150464670399
1.33924512669559
1.29704360532492
1.02403444118962
0.563846842946222
0.434383402009103
0.523793763650002
0.676169516373758
0.687421994662866
0.292523465113687
0.271598021551275
0.629115036907691
2.83344888847122
6.97186225856829
9.47833893523634
10.7190822119903
10.0197140388174
7.91091044703494
5.48878742881616
3.50534305229976
2.15494868838254
1.32617457909918
0.843956287659431
0.569842974294881
0.415868311153458
0.331505199360249
0.289187655972493
0.274308377612372
0.279188521030322
0.299461177442177
0.331706896962685
0.371823467093149
0.410067170662855
0.441567483520987
0.466240577874859
0.482551854819205
0.490764752514917
0.489744443100133
0.478560275781222
0.457561507495351
0.432443060082307
0.407960545999033
0.388054567410742
0.375857616401555
0.373994206761106
0.385004672372657
0.411767711193516
0.457790165422051
0.52715428757899
0.623765180066198
0.749409578176589
0.900289210767045
1.06258890148218
1.20956578200378
1.3047126355986
1.31473587432364
1.22897110397627
0.915811501390042
0.501011758210972
0.404461523409979
0.482940982622366
0.599000231372737
0.668698846758469
0.272849982649949
0.247924982811719
0.552890851578191
2.150092054999
4.49017205668782
5.55990851377788
5.80503144495581
5.11958311593464
3.90648792604814
2.67608407678283
1.7140665733438
1.06674760684015
0.667445382723734
0.43256769671008
0.297895703378687
0.222350932629956
0.182007956216857
0.163736030740611
0.160689160390386
0.169452334184981
0.188179286516385
0.215193406738127
0.247872498820445
0.278739697476396
0.304048920533498
0.323870717433349
0.337158836247654
0.344434634530874
0.3452074056098
0.339418817231338
0.327943401345105
0.314819393801009
0.303426026900606
0.296619359092565
0.296923150468992
0.306840199387543
0.329193470803692
0.367415562633646
0.425634713265789
0.508259410554964
0.618585377721366
0.755944445572824
0.911533476838294
1.06469409555106
1.18346265529121
1.23331014957631
1.19336122624982
1.07106310395908
0.756940936490086
0.419142632819471
0.356703976285424
0.4311643341712
0.532013575532814
0.653371556538722
0.253827130571233
0.217200271093011
0.443627762865717
1.43767488227199
2.5370320211434
2.86808929776064
2.77740373013482
2.32460793813246
1.7257896077925
1.17636396580474
0.762859941612282
0.486193229936387
0.313564972714144
0.210325511808646
0.150504876819124
0.117285404944121
0.100701734781501
0.09529323553320479
0.09834692535693303
0.108668792640574
0.12563605536039
0.148322043104442
0.174711305450934
0.198838740203058
0.217909663375318
0.232239891112776
0.241415376051155
0.246259194001449
0.247007529812053
0.244370648691625
0.239760080690744
0.235911908017102
0.2350122761167
0.239057020650174
0.25016796156001
0.270858132270376
0.304211249678724
0.353892741215025
0.42379922039579
0.517026220674875
0.633785988175028
0.768228500086018
0.905235825085688
1.0199556802231
1.08329547686276
1.07355310666262
0.98865438410148
0.850159910089445
0.574359092646478
0.328608472427558
0.299202706621935
0.375463286613563
0.475502209543639
0.643347182194031
0.238077682213671
0.186984902745909
0.339057556098196
0.903006056660371
1.35238446953618
1.4012607766595
1.26164452784126
1.0025257244632
0.723576359086201
0.490875253568838
0.323456592130389
0.212951624236461
0.143634250362379
0.101773967088138
0.07766305268818843
0.06508696586819142
0.060405582761266
0.06175332135120751
0.06838933761666281
0.08012572009546297
0.09672250812742161
0.11719922477582
0.139260042388205
0.157596040807953
0.170338867506413
0.178311310606062
0.182047947473778
0.182767554362559
0.181584370158798
0.1798686267954
0.179629029346978
0.182722561845976
0.190438931685628
0.204239672929289
0.226121983860567
0.25876768645175
0.305405991609218
0.36921577414685
0.452096254962916
0.552867896134828
0.665314724306314
0.77680202394331
0.868722454164508
0.920352333219875
0.916166665690147
0.853369451466578
0.74480930448744
0.614725478001615
0.401495060164152
0.242735865060241
0.241503594575263
0.322578624273039
0.42934033013697
0.640443179032442
0.228590695054147
0.163594105933845
0.261102903727336
0.57385726115597
0.733708268291322
0.697618111885012
0.58248849825605
0.436566395993838
0.303655305053258
0.203503948840026
0.136022465602285
0.0932072183763058
0.0669778329250442
0.05162779462337529
0.04363793444382292
0.04101035230114048
0.04280896811083822
0.04885141499924296
0.05939051986110275
0.07465210474267227
0.09413936400500234
0.115816721354018
0.135762362423806
0.148368451099147
0.153254114771158
0.152605061116457
0.14860782188779
0.143110591049508
0.138183845044595
0.135639309457703
0.137944845180229
0.146354135832152
0.161656025377417
0.185303871352255
0.219692406168255
0.268046071391058
0.333582857347853
0.417515331923869
0.51613879682321
0.618916948168884
0.710053815638271
0.773254139694034
0.796550769618517
0.775275145622328
0.713099898454668
0.621058670326837
0.51471057634739
0.41024888483905
0.262468685248289
0.17123909914562
0.190726869091718
0.277094858793745
0.392941979137829
0.646103996108835
0.228352644640501
0.151022686384605
0.21502314157938
0.396215151822371
0.434029766377464
0.377863297840063
0.290588739799074
0.203012552684176
0.134023552896982
0.08744297402677002
0.05883853868665681
0.04222886022391846
0.03311931857695149
0.0289256918517351
0.02848374954092843
0.03158132191892202
0.03871534604561858
0.05091253586598508
0.06934802420339917
0.09447588603791081
0.124543440605649
0.154041678264892
0.173972478408345
0.177043477792911
0.167224376277339
0.151106796855819
0.134268020966069
0.119289360403621
0.108869076865194
0.10450008317748
0.108427208384824
0.121287333966516
0.143934044849552
0.178692256090177
0.229381232191095
0.300689519878789
0.395753610360475
0.510850216022619
0.629281631494533
0.722722506988586
0.765902827609184
0.752377564743028
0.694165399528158
0.609753925039026
0.514973677674289
0.420728462593522
0.33413970365679
0.259966919515673
0.164986527186005
0.117439002741291
0.150066809008837
0.241118023711354
0.365350481425137
0.664653033407667
0.243983717224711
0.154193700024017
0.200140612141249
0.307912059490211
0.282068130429461
0.220693903237554
0.152838610858748
0.0969087575056061
0.05893551220539221
0.03638785025003417
0.02425284459657469
0.01842716649925738
0.0165306349778219
0.0176746747837951
0.02216707197575182
0.03146807945478643
0.04832715666323486
0.07673548538785974
0.120950209597768
0.182536245110789
0.254927531195027
0.317980691347659
0.340908281937447
0.309719216357801
0.248700321369875
0.184074293763158
0.137101949548857
0.103170703378401
0.08491756542675316
0.07891659756905858
0.08491649253431631
0.1028426170675
0.13483796750838
0.186030401601742
0.264317772213242
0.378716942662104
0.532640223440076
0.708887400710951
0.855912500508437
0.907773864052818
0.843104700484846
0.706404632101983
0.55788363471248
0.430478951147356
0.330885697502413
0.25483639237472
0.196491976443009
0.151523645472894
0.09684525030568446
0.07451801827294519
0.115129304730262
0.211715994983097
0.342424931646705
0.724875031651785
0.328946379426601
0.232376573457727
0.296300466753495
0.349687518628432
0.23819979698077
0.156711393995442
0.09156574241574254
0.04934896215259465
0.02584064222408634
0.01414172791917993
0.008927822043548462
0.007254335372729835
0.008161981756362053
0.0125534451351695
0.02408852279820379
0.05159426861425434
0.113024758548194
0.239078196654581
0.47005540119855
0.834206330810514
1.29736994441546
1.70084677386466
1.77665251399519
1.41955741182158
0.900239572086643
0.442733966513678
0.165919659755333
0.08721716252613429
0.0632196684103054
0.05934772123895398
0.07146596495033003
0.101487328653979
0.158382549845223
0.259374384157193
0.431054451484478
0.703680640691274
1.08067743157302
1.46801112754502
1.63878165657906
1.42904754846485
0.99443959941298
0.608704967321871
0.366812289014599
0.233623506562265
0.160684030592235
0.118393514309234
0.09179785628058725
0.07357616003170359
0.05040172818207104
0.03888611445390733
0.0830212247931258
0.190549583754978
0.320492551123015
0.82810636491515
0.600740181036843
0.662427547462168
0.983956206947801
0.88931784000091
0.46593639457531
0.275544973297012
0.148706983739238
0.07577584136090812
0.03816511254126358
0.02027221699928873
0.01244435178740606
0.009862064428328838
0.01100134668987695
0.01730648519350132
0.03511721561204895
0.08129226612582328
0.193341688671771
0.439449748453883
0.911130516837648
1.67042530668012
2.63760554478771
3.47101344495538
3.61923998197841
2.87712784039787
1.81564524109383
0.888404490694505
0.317779936395229
0.170358279275227
0.13056956909354
0.131811722707627
0.172258157374128
0.264445507364341
0.44286486805655
0.768781298297735
1.32788349003146
2.184170415638
3.2207957383208
3.9107030348132
3.56385724874253
2.34885808600111
1.2149283890672
0.581799281704893
0.297722003086176
0.174035149096845
0.116834554163292
0.08804878967088495
0.07237828956537826
0.06325756550304103
0.05352587048417209
0.05555620455605231
0.10646940514791
0.206228077803974
0.321809436735207
0.904668816219545
0.896469124421186
1.199819609272
1.73821506326661
1.57304150734794
0.907165955649637
0.585858627982983
0.352035461944489
0.202667148646995
0.116029843751686
0.06923923599307885
0.04547584164211556
0.03462815476861584
0.03173759468386704
0.03560601310560567
0.04839058010015394
0.07630009134640538
0.130720253506704
0.227240061102904
0.378504072356814
0.580113904836159
0.798610122236332
0.976264514630993
1.05724354808235
1.03166231243092
0.95048708388076
0.866333045969751
0.855499961782394
0.802381646528902
0.78686649904962
0.853548625719859
1.05603583858875
1.43665320394226
2.06441891431241
3.01176540591435
4.2809877469804
5.65368350733325
6.55984435781156
6.32093708379374
4.8913412067594
3.08903821180035
1.70650235942995
0.906597496847655
0.503463996451943
0.307389434935545
0.209791278502314
0.159104116195469
0.131932612746515
0.117449493961581
0.10845528438344
0.131201115709475
0.183296012178147
0.24595306278236
0.346779066411646
0.929925103873459
0.995102389865217
1.20924708033141
1.45965350505834
1.39459419310011
1.05206605746492
0.824893443827688
0.611793126090292
0.435652688566256
0.304008538252649
0.213100702353867
0.154193327232374
0.118458749340598
0.09934922046715056
0.09316910467074536
0.09906074213163821
0.119022464575517
0.157832047898478
0.22239403786358
0.320016296882685
0.455977520394366
0.63213102630468
0.84832230254847
1.10619434918983
1.37880968307566
1.65939039262686
1.96308791186293
2.2730270284788
2.6521335603642
3.09233939445135
3.64859914397007
4.36113185119685
5.19481237442966
6.13093505280985
7.07279309391733
7.82084115021875
8.10412896103905
7.70841063784421
6.64629228467423
5.19831504347568
3.74410813961022
2.54878190618369
1.69198577262269
1.12954295149067
0.778136850482148
0.563245049833109
0.43245515227649
0.352886635351023
0.304961537603068
0.262156780397625
0.262826640255569
0.291895409871123
0.33324755539382
0.412625913062363
0.485076896466923
0.54504750486318
0.671005073231407
0.804637444058288
0.913222250105618
0.969801539276155
1.00450761632492
1.04892372443784
1.11041971001339
1.19702587138273
1.31418821723537
1.4630018532735
1.6433004236448
1.96849045157557
2.2964441543803
2.67704823618774
3.09671237113682
3.49754922869468
3.81000366755562
3.97679918892241
3.96551698833185
3.77216864440979
3.42024057810268
2.95748764590189
2.49864920147805
2.10414525887317
1.76430932722496
1.48591802462882
1.2529830065184
1.0790524399239
0.960269460995859
0.908371209606708
0.924906693135079
0.995558919458913
1.10362895570555
1.22667164173207
1.33858136511872
1.41847130304735
1.46091357712121
1.47853999414008
1.4855665568195
1.48877679996503
1.55089092451655
1.64180430080349
1.76534414204069
1.91048930276793
2.05016824624871
2.14647966104647
2.16534253149286
1.98265748558076
1.37418687128819
0.921553854423587
0.709337633196249
0.676913326204754
0.353331462204815
0.342323099302852
0.36623587347011
0.349200974462064
0.29699436794147
0.251405000067601
0.222546522864203
0.194404359129177
0.170914096262309
0.156640866780797
0.157704331407638
0.184401176916061
0.257351289153882
0.340537078250744
0.564233129945023
1.00616176048313
1.6956588211534
2.5610265591781
3.43557696614965
4.12990167516906
4.50414331261476
4.50460652220475
4.16927941139376
3.60675760362479
3.01646760496733
2.49245691154907
2.03372244218461
1.68263417653521
1.43549167800644
1.29070274513103
1.24482450812136
1.33879801602612
1.59016563067837
2.00327670129461
2.54355556426068
3.08802384362577
3.41670907570484
3.31397466137446
2.75234508830541
1.96677091199858
1.30926984581348
0.939945883306483
0.657926877401258
0.555322596154239
0.559464497446514
0.634202213565106
0.756198357769919
0.897135985883535
1.01837004663258
1.08060686676841
0.809811617737751
0.583908326023582
0.538662585635811
0.646004170575258
0.264384934262441
0.199507158069253
0.152112704153499
0.113327103299909
0.105544156926615
0.09710192203514759
0.08525690736974026
0.07116007784249707
0.05729896696982406
0.04578662824446481
0.038108714412851
0.03598977343942181
0.0420468863072009
0.09805046362663325
0.331988333209578
0.826321530888003
1.57314535865155
2.44559291908313
3.27938278877827
3.92407178195659
4.27102822320082
4.27866756668266
3.99086666359737
3.53239300084947
3.10217629605175
2.82691963833621
2.5908512092273
2.27499583488539
1.90212448417403
1.68247255572562
1.71170069062223
2.07057383942249
2.86771641606292
4.26804080789702
6.3910160248414
9.02807688973887
11.2874171504038
11.6794425221522
9.26910932409534
5.16870128217962
1.75329612100487
0.361576104638406
0.170086789455516
0.129240730530657
0.136611511253656
0.173046496667306
0.235493553600952
0.318147393465709
0.405039358315595
0.500465356028851
0.434227284158645
0.383390525390802
0.472325453338127
0.711245394852364
0.20959222522552
0.124084820745851
0.08002819411151917
0.07142360658719224
0.107710856454727
0.143096930257021
0.155876608189312
0.163489869263487
0.168350433229396
0.176627430790256
0.202097296476649
0.281741135394459
0.558865924056683
1.77035686453418
1.71698548318372
1.59593012871606
1.57714777576924
1.64223852154899
1.72742282339348
1.77272221484205
1.72959577020159
1.57402387316477
1.31882897393602
1.01343583572983
0.74994302276269
0.562758719701957
0.442268735617469
0.385378422529933
0.379403387964637
0.423221886787834
0.540127721908489
0.793270556279408
1.25714505929286
2.04621069732045
3.24592525967568
4.74814486796418
6.02889246270188
6.19755967878061
4.74829907188872
2.47455576790154
0.788225364770597
0.174502203639838
0.08046899885209297
0.06013919938011345
0.06338300373428776
0.0813480909483182
0.11370970692215
0.15948600343812
0.212436511814962
0.288735216863587
0.306081361938713
0.347186632773003
0.538053262714518
0.916423447051014
0.201967295170213
0.120655909562872
0.101852677219305
0.130929668595667
0.255460425210304
0.403334283472897
0.491530802547749
0.569584319357919
0.626369718575536
0.657478563930095
0.669146160509498
0.680097778886099
0.698084353300296
0.764051382581781
0.795649576786112
0.749191435665921
0.705329178486098
0.687201683225113
0.683832090604418
0.6757876126114
0.645569879140131
0.583970989414477
0.494585307001386
0.39338630577383
0.309794783331054
0.251833768338239
0.214753089654509
0.195778197685398
0.192089906289012
0.207310465306476
0.252311541655925
0.349704568592303
0.519002524195609
0.785921701879758
1.15648418625323
1.57281440980039
1.87560232113289
1.85730908805484
1.45390712372043
0.880527935344131
0.440228603624752
0.218682669419682
0.119729479644795
0.08724701709278751
0.08281821008579977
0.09484290646807556
0.120543197290249
0.158470971043485
0.204522452838276
0.283799675835652
0.345659329626749
0.434209657624859
0.690704864806374
1.18225690390737
0.211016884096669
0.137250923636749
0.141526152543122
0.221384896278055
0.472467404975793
0.754718788517502
0.915803057427203
1.03775855464509
1.08431169249977
1.03852045456443
0.917411049871114
0.766869841481791
0.644684431102859
0.5568763580922
0.49817760659666
0.457477893423707
0.43368725919179
0.425696109657398
0.42624003743689
0.425395757229851
0.413870662385171
0.386148127467785
0.343058112697287
0.291986406231247
0.248089019743476
0.216325284586865
0.194910681988736
0.183395316972922
0.181453928467191
0.192211241608055
0.223493873125617
0.289865514015122
0.400807849625027
0.567058188742625
0.785585008138754
1.01843354325616
1.18042834623166
1.17298337216797
0.971791309495858
0.67566714599685
0.41903728892437
0.254387099606862
0.167414443265664
0.128313258839661
0.118220807484904
0.127189114283183
0.151544857065609
0.18929504709119
0.236743028524009
0.325776111670222
0.413904802870283
0.522385511179686
0.807495466080041
1.37491236395244
0.22815588733294
0.164420083285483
0.199489668130486
0.35473635240716
0.771814042142821
1.17322312214453
1.36521907787304
1.4644457912876
1.42772897289535
1.2596538649607
1.01778438995415
0.780481124388784
0.595605053737836
0.47169935092659
0.395304274971585
0.351810918981737
0.330956349804546
0.325332801779554
0.327964167476869
0.331762549315034
0.3302719688478
0.319169739617479
0.297841458696773
0.26983098709652
0.24404654853408
0.224372863881667
0.210771188367292
0.20400483711983
0.204873609993533
0.216305311956284
0.245243273192806
0.303581662639641
0.39733507078735
0.53246042324525
0.703720191609223
0.881417027057151
1.00600300550556
1.01222929442941
0.882551339269299
0.674229248824714
0.471637558627427
0.32295174936533
0.232211042506655
0.185497620922172
0.169010734737307
0.174480726205931
0.197876342409177
0.2368053554635
0.287671759340202
0.389328773839111
0.498899400591263
0.61257649245587
0.908391189280997
1.54744558686167
0.255183916842007
0.206411283184304
0.28985338616299
0.559757115315229
1.16435631947004
1.61121413005988
1.75973441637202
1.76433537738055
1.60839054672059
1.33607039466311
1.02990755564493
0.762297132351432
0.565302769934449
0.435848241262966
0.357538406852793
0.314260115690594
0.294357080737057
0.289744492655106
0.294093828042035
0.301736721961113
0.307570631688572
0.307772087539684
0.300832184850259
0.288121423165762
0.274809707775285
0.264223524969358
0.257485218839134
0.255959883189535
0.261360267638184
0.276904500265582
0.309937025625051
0.371837562000542
0.466964811832859
0.599311007559459
0.762340399971592
0.928928893800693
1.04863168137334
1.06748261832623
0.967744338440856
0.788582851665416
0.596780924104
0.440564887289707
0.334649889209473
0.273360657150933
0.246356260003065
0.245694716654347
0.266830392941872
0.306887136004022
0.36212428451208
0.478739559561499
0.604617309619418
0.705607218191108
0.994958771612998
1.70969254363445
0.293001425338781
0.266103815045684
0.422493543151453
0.845353179654039
1.58845311088194
1.95075209800444
1.9883322031551
1.87146908679228
1.62175731796288
1.30414701845216
0.992899704720349
0.737660602928862
0.553390680074797
0.432032135068299
0.357939275855734
0.316899205969126
0.298529768693174
0.295583627199574
0.302564085806244
0.314709074283751
0.327664081963377
0.337833925947199
0.343137648831201
0.343648114545178
0.341852770926993
0.34064948416402
0.342101972524082
0.347948942362882
0.361041031915385
0.385146705305361
0.429137025664865
0.505399979292349
0.617204098953804
0.767573785992355
0.948173113947344
1.13032167435244
1.26363825207126
1.29488312281619
1.20341563702227
1.02108919803074
0.81071184110054
0.625504320808601
0.489194665208469
0.402531562678161
0.357281241142794
0.345167109075751
0.360602570621812
0.399884207329106
0.458734267321748
0.589562842813475
0.721296020354415
0.787924712617381
1.05424654101022
1.84466452759791
0.341961955136817
0.344551386164429
0.600066695410498
1.19105520416604
1.94807412147806
2.11866488908254
2.03260847496062
1.82525046931892
1.53795197782745
1.22892649499134
0.948828254131536
0.725366010665798
0.563527322416836
0.454975036254319
0.387458804316827
0.349981661991252
0.334265139137897
0.334330060934413
0.345546558118492
0.363835880692
0.385322898325525
0.406528962801757
0.42498845998757
0.439953100370375
0.451520010682371
0.462162410063131
0.474965909167271
0.491973615503455
0.517564011593188
0.556323727921823
0.619755020330853
0.722362547233755
0.866035609407427
1.05284788312843
1.27139095279448
1.48797283464091
1.64654765432031
1.68886915324471
1.59022631385541
1.38054202231216
1.12609524687426
0.889356716027209
0.704216659711788
0.577675002652774
0.503204682524664
0.471581325245304
0.47555430568181
0.510007949339852
0.569564775873106
0.709814816325427
0.833058486327201
0.845857402626929
1.07822104777146
1.93803114303889
0.401282838110555
0.437960574739914
0.806468440875661
1.53113374171428
2.15559270776166
2.12127631392001
1.95424120597749
1.71425321698339
1.43928781804738
1.16863421145936
0.931665307502657
0.742756688801358
0.603325029833162
0.50736324483095
0.446526223722979
0.413080704579783
0.400897497481177
0.405303749381739
0.422495290172547
0.448954566989225
0.481149462309011
0.515666933254642
0.549773369199392
0.582186423684609
0.610534340932219
0.636812141924897
0.665357222658944
0.698465788085554
0.742553320857326
0.803222437259857
0.895601648445966
1.03689243816152
1.22645803009557
1.46457847696601
1.73494524691472
1.99600238964043
2.18274728421261
2.22965278919495
2.10845242521173
1.85062684854253
1.5300985993595
1.22132632684464
0.969584576224637
0.788580005014106
0.673428686411928
0.613525595686352
0.599318443123326
0.623623838312425
0.679372636404497
0.820973310603064
0.921718554380705
0.869653156603017
1.06570874077452
1.98115021830158
0.468460013150634
0.534959616036646
0.998119102241006
1.76389259312693
2.17476686712492
2.02160970820459
1.84005270258895
1.62118377280447
1.38910964350157
1.16635429342771
0.969974617128595
0.809298717215778
0.68651379259421
0.599092758705607
0.542427420749417
0.511668182279119
0.502578001645356
0.511639276306783
0.535752894835395
0.571837711665645
0.616592820308878
0.666621540450121
0.718983213240007
0.772036510643928
0.820729471179063
0.866471990426506
0.915069657009986
0.968994479409214
1.03709264068212
1.12597458209594
1.2548403404842
1.44319019289144
1.68594408351078
1.97994594377718
2.30211103793389
2.6016934679184
2.80489254033832
2.84090517017128
2.68102754185652
2.36092610339492
1.96301333079748
1.57306365075256
1.24687184289416
1.00451484111393
0.842742565822518
0.749487261864908
0.712625657978197
0.722539044593951
0.770154134574632
0.904520917153111
0.973566426983249
0.856355250023686
1.02186899034259
1.97233295389683
0.539038577619699
0.617003892770403
1.11272543663388
1.80016312468739
2.03526298496648
1.89844487817014
1.76541808231068
1.60776164371329
1.43555749032496
1.260966158232
1.09667178099034
0.952998893490772
0.836174663670219
0.748380883365753
0.688939327446973
0.655703467115653
0.646063249558243
0.657394720422754
0.687061632035576
0.732201078161576
0.78956429642808
0.855656011146024
0.927296300562668
1.00252371269271
1.07342745193522
1.14065992381474
1.21150689868412
1.28844204110461
1.38270424920915
1.50150273866964
1.66737326289521
1.90026929403933
2.18856579967309
2.52380643349733
2.87540737137384
3.18524298725585
3.37571132344062
3.3776012627262
3.16732701232838
2.7859626897501
2.3208757285254
1.86345352293956
1.4754078417679
1.18110275213505
0.978766998050845
0.855473629113923
0.797132258445786
0.792072594729191
0.829495530113416
0.950523568579328
0.984546634289846
0.809835605026909
0.955821821936394
1.91616783184311
0.607091960629892
0.664343369825195
1.10235900532766
1.62476761910768
1.81195436695755
1.821159852087
1.79047713973321
1.72922983133623
1.63343798101609
1.50758725925911
1.3644652326631
1.2204739269335
1.09032262474846
0.983935672891279
0.906107170195397
0.857816175603964
0.83786230556655
0.844032609378777
0.873625931478065
0.923527483028489
0.990164149469808
1.06966108533045
1.15839195929437
1.25389385891528
1.34535811819597
1.43242548210207
1.52348589864334
1.62071228277804
1.73698473933453
1.87921252676542
2.07098282342807
2.32954853647544
2.63575527962493
2.97510189784696
3.31149834740133
3.58538902812062
3.72473944804772
3.67158499559148
3.41291921441572
2.99358395666243
2.49801900331076
2.01320655435799
1.59901260471624
1.2804910142167
1.05715021050785
0.91662407773328
0.844514282168517
0.828382491510721
0.85659367633584
0.961500601762481
0.95987853673747
0.738606512813024
0.877977389498583
1.82162914580727
0.66649421026873
0.665829692168877
0.969892568478225
1.31381139281364
1.5882459714112
1.8480070419677
1.97811067599557
2.06361083019675
2.07652632157702
2.00688359797444
1.86836222832844
1.69113128684471
1.50835773941295
1.34559527842839
1.21725591440834
1.1284762446986
1.07876383786481
1.06500533996404
1.08313135177133
1.12871445971599
1.19706692967793
1.28335199793716
1.38302501995724
1.49265037329913
1.59866106044989
1.69936073071938
1.803430717406
1.91235815849992
2.03920643388696
2.18940430139537
2.38420987689781
2.63492090325636
2.91648896614667
3.21015064761042
3.47954261679155
3.67234805128292
3.73207407017216
3.61948592055527
3.3338232497442
2.91875481473265
2.44630012318885
1.98868489575143
1.59616852109164
1.29087533146987
1.07349732216622
0.933990403034832
0.859782632532089
0.839362542325492
0.861340855849049
0.948889033935198
0.90902690583699
0.653747779741248
0.798329475810012
1.69989920756672
0.712549572092235
0.625787106875386
0.77233133833052
0.986154751221385
1.43008421741711
2.04181833712789
2.424820001181
2.7537578435629
2.9445380340345
2.94750022716813
2.77508655705994
2.49061753222431
2.17127852034502
1.8765808934464
1.63810416856604
1.46510635022153
1.35451372337865
1.29855870329284
1.28873236350144
1.31711484707123
1.37645334053879
1.45997488675912
1.5614759077663
1.67584007707304
1.78704293539475
1.89173179153724
1.99781429185452
2.10576621357993
2.22710149527536
2.3648140837451
2.53468645239704
2.74049683657227
2.95592715819679
3.16224480011713
3.32943481453498
3.41979436952545
3.3977233014586
3.24372021896241
2.96580853386013
2.60042428784245
2.20055615241383
1.81778209707521
1.48843920148953
1.22954966929079
1.04285945841481
0.921801994071717
0.857148968355908
0.839520925482556
0.858410676304092
0.926125082596464
0.841045554480401
0.568355956892785
0.725752657046908
1.5623989679033
0.743154175063617
0.561635476480851
0.582258535941042
0.732582286658348
1.38274381600621
2.49630313566058
3.30309351619473
4.06580288950881
4.56594420787999
4.65290839780802
4.34021291130175
3.78019844214344
3.15561410172569
2.59445277623074
2.15213129712182
1.83437361035384
1.62481300114724
1.50224867567267
1.44783465995757
1.44658036466836
1.48660710044562
1.55801250917162
1.65215072529998
1.76154983967223
1.86816543755369
1.96682581716894
2.06373214340382
2.15824635971872
2.25900963643454
2.36635040239453
2.48909412058962
2.62461694244839
2.75122851976549
2.85497835758131
2.91680240187534
2.91592097468664
2.83594708830163
2.67188649619037
2.4345807586656
2.14949351169963
1.84970415559155
1.56656494648618
1.32263989076328
1.12944933548934
0.989355338371453
0.899148069699203
0.853044620033983
0.843812479223344
0.861566573200531
0.903837222222942
0.764099438308794
0.496110662130135
0.667234200751937
1.41916637163844
0.758885237193933
0.493841219282082
0.443661044789347
0.58358788675991
1.48516421929013
3.365451926019
4.90489221485608
6.43971671601462
7.44724554790826
7.55967917467517
6.83536965272862
5.66206916658679
4.4482521508458
3.43083964950252
2.67563551013718
2.15643418889515
1.82007021086959
1.61720806103336
1.51069933019512
1.47454448421878
1.49044002165284
1.54460018105768
1.62562629670246
1.72350009107396
1.81875401003692
1.90455013645468
1.98496004411324
2.05841423432735
2.13027805073923
2.19879854913343
2.26652838612333
2.3275041498815
2.36894124589551
2.38431188283834
2.36592926196531
2.30684046356384
2.20346538096446
2.05802943806898
1.87957956768755
1.68279715471354
1.4848772671911
1.30177880174115
1.14539869352574
1.02252742178071
0.935382776347559
0.88280866611086
0.86112361647318
0.863939078617125
0.880810137810751
0.888854298994743
0.686938535323624
0.446177032649197
0.626417795701365
1.27778552146426
0.762178149604669
0.4365420898491
0.362809975632315
0.530077009889181
1.78659282155
4.86702489787841
7.61548226934756
10.3917343182797
12.0634881655406
11.9130327497024
10.232602627804
7.93562106183985
5.80232520936129
4.16821286749825
3.04359473610408
2.31485205553606
1.86076301590084
1.58984428793326
1.44150918905176
1.37744231552882
1.3730582543839
1.41130248509326
1.47873438094901
1.56345402640212
1.64538547770125
1.71654056623875
1.77906563817465
1.83082835527521
1.87444229741115
1.90708704051734
1.92718101055605
1.92860670157582
1.90829541275786
1.86674155762284
1.80463638856494
1.72325168701012
1.62501212228894
1.51394403054162
1.39572664689627
1.27723228013973
1.16566604220484
1.06759153798816
0.988151279105496
0.930636285552466
0.89630859446605
0.884168775140994
0.890327985324087
0.906935306208914
0.921256491263167
0.884550476398741
0.618929295045183
0.419454762225051
0.602290479180639
1.14305050343921
0.756279866455135
0.394618484451728
0.32698080649206
0.554683124200669
2.34103407960773
7.16380402934498
11.6089853205278
15.9330895715427
18.0527316155335
16.9696327686286
13.6462744044961
9.83253835071456
6.6768855060845
4.47451608756153
3.07013892136246
2.21335764923692
1.70239604251236
1.40522074271214
1.242554356076
1.16805862795005
1.15405956106807
1.18254746389669
1.23980496609651
1.313502097637
1.38397935645941
1.44283833226887
1.49091073439405
1.52587164523047
1.54859252565318
1.55610085746532
1.54503967774421
1.51103588416915
1.4584857924779
1.39253996365623
1.31826799060071
1.24024578906235
1.16244172879582
1.08827081040765
1.02071035136291
0.962410320564814
0.915760331000359
0.88288463994347
0.865522507039807
0.864710371986299
0.88012585997267
0.908948385215692
0.944310631666253
0.974082598849729
0.981704340389264
0.889843424690467
0.567125326829742
0.410358244648146
0.589166685328765
1.01735080394757
0.744367070122067
0.366152737741157
0.319822003567144
0.639078152504357
3.14096028535142
9.9802162512625
16.0762282175668
21.4335418913079
23.1016287434733
20.3618922784574
15.2562033257564
10.24643020452
6.51628364277218
4.11744167672656
2.68395185804879
1.85288865054059
1.37609865098422
1.10635194991026
0.961261651913796
0.895393405489581
0.883059256199199
0.908337159271179
0.959301308986514
1.0248405490562
1.08678516118167
1.13703741716326
1.17575516184852
1.20066112653442
1.21184858291103
1.20671539414518
1.18182710460418
1.13495176772447
1.07446719974545
1.00753349727472
0.940501930463851
0.878383270901143
0.824797010458823
0.782204985371428
0.752262428500766
0.736169775860982
0.734941316575596
0.749508064468105
0.780538922034681
0.827807075908308
0.88890399755013
0.957276439110379
1.02022662878473
1.0587998475835
1.05246333746796
0.897293173682376
0.530961378355468
0.40997919095522
0.578307717088661
0.90152230021278
0.729012499439349
0.346132167003409
0.325536941706354
0.751598317463539
3.97862602780228
12.1567182385417
18.7163382807465
23.5205044675688
23.6999231677297
19.5079837446517
13.7144378876073
8.70851574186145
5.27779069397172
3.20030502698118
2.01408514296333
1.3502667443804
0.980022552116367
0.77555466425007
0.668476348738474
0.622546385404467
0.618125393978201
0.643509869830099
0.689915711726191
0.748580466201807
0.803682829185656
0.847916020834527
0.88118306674421
0.90136022179905
0.908382078311333
0.900176534019804
0.874063161463605
0.829460828210768
0.775687247215018
0.72000095540062
0.668362126347389
0.625113548062154
0.593183166068758
0.574528954505138
0.570620605821399
0.582829280481525
0.612630492180095
0.661503697219601
0.73034271606721
0.818120571161115
0.919629047147497
1.02265400621325
1.10629703826929
1.14389305306163
1.11362168603047
0.892641411729659
0.501736096636866
0.408379004177304
0.56068804270732
0.795738424807339
0.712134087375096
0.329330172657042
0.32930222239317
0.837655154526669
4.40594273734099
12.1427741203366
17.3375446139265
20.1488735743922
18.8819265364978
14.6249947272622
9.80880841535239
6.01487426134548
3.55139067899385
2.10956101613001
1.30518369499702
0.863023047829521
0.620437279488286
0.489127574708702
0.422880080090501
0.397825790004499
0.40150758396165
0.42679286460471
0.468201696492814
0.519590084123468
0.567912845336164
0.606890531710077
0.636356731007571
0.654394801791621
0.661053810053427
0.654780956184121
0.63386171246288
0.598695222923767
0.557667390541761
0.51711924149351
0.4820051595256
0.455841276547622
0.441090402294302
0.439696393213302
0.453584763300962
0.485011115395115
0.536630297213367
0.611077998411681
0.709742963352619
0.830395950457989
0.963733605789981
1.09011190990106
1.17977522666901
1.20100248479175
1.13680693369165
0.857978679284537
0.467545534438977
0.396461497348675
0.529958715665156
0.700210385267397
0.695299669477791
0.312268449444395
0.320176083795969
0.840977119688765
4.0672412973949
9.68148005514276
12.6128073417357
13.4802844929978
11.8167745196887
8.74054339378164
5.70596016468535
3.45402391268056
2.02991153077475
1.20460513009988
0.745574054390063
0.493880424342792
0.356765441119988
0.284006942305728
0.249457460445819
0.239869393922618
0.248644350925605
0.272222052653438
0.307697841728385
0.351103911383912
0.392099924756802
0.425482946448907
0.451092875675818
0.467300662140134
0.474348950463975
0.471194388232392
0.457023827482304
0.432764329124805
0.405107461359443
0.379096341231327
0.358597603598851
0.346460796922911
0.34496793306094
0.356347263981422
0.383219015803169
0.428854445551037
0.497048959857086
0.591255467482972
0.712506073238214
0.855865498316588
1.00617340108432
1.13583004654639
1.20922089684589
1.19682781544439
1.09412099997383
0.779654004656532
0.419268563750234
0.368501139732709
0.484619885100288
0.615420742265965
0.680091753891527
0.294203863490879
0.295595660325502
0.748786299004115
3.12147479292403
6.28557150821582
7.44928574681012
7.35408962337579
6.09470357666605
4.36910372307492
2.82349425006557
1.71716203786702
1.022115648992
0.616208758835029
0.387786953890226
0.261530763617053
0.192982967079556
0.157722939108105
0.143000928609016
0.142531274615978
0.153443450105687
0.174362770345192
0.20393691678639
0.239586117190795
0.273181543088821
0.30053079561754
0.32155914917186
0.335060622004659
0.341509242063656
0.340435321728211
0.331821846020623
0.316972420044403
0.300852520927746
0.287172680173237
0.278824827151612
0.278189018769259
0.287563133346814
0.309580379365634
0.347523274062344
0.405385820934572
0.487387021971787
0.596456485992947
0.7312305333488
0.881800120420555
1.02621331633905
1.13178103718101
1.16494382652601
1.10813181947537
0.973468204802294
0.657883746838615
0.355179625176583
0.324710237153138
0.42836385134207
0.541911257051733
0.668292573814782
0.276898337848851
0.261776023493405
0.603465746319914
2.07595822421122
3.52327227264905
3.81570552482616
3.50451068561479
2.76886424783749
1.94087465892828
1.25374514572885
0.77465207322515
0.473113800683976
0.294117919095698
0.191433265986636
0.134046134668329
0.103274863034821
0.08865491278512226
0.0847611781152432
0.08911319954953566
0.100820509982452
0.119565635712368
0.144629970818628
0.17395657645854
0.200859309077123
0.222047628860511
0.237679381178802
0.247186333072498
0.251349798749155
0.250423592384626
0.245124130570989
0.237188069523271
0.23017354267493
0.226589768242919
0.228538395353344
0.238118179060971
0.257781281861947
0.290575573581553
0.340172564162964
0.410478418969753
0.504507569466358
0.62215700479098
0.756863573711916
0.892335973405928
1.00237491258922
1.05714817632205
1.03572935263569
0.938560823090762
0.790482337704644
0.510291566847317
0.281812537016021
0.271277492564937
0.368144430695903
0.479940701860159
0.661817115576308
0.263491400533395
0.228533438029723
0.46172229481737
1.28359740788684
1.84380803062102
1.83398225554422
1.57279575375577
1.18630503433501
0.81321031555209
0.52579028226633
0.331755916559473
0.210081640760616
0.136865648963937
0.0941911217995122
0.07041535440846777
0.0584902066587906
0.05448779781583962
0.05653897533437452
0.0640543635031166
0.07707758740708548
0.09559811500899816
0.118732584807733
0.143987751155372
0.165183073618324
0.179947235620335
0.189015649905475
0.192846980922129
0.192705902452919
0.189777309020696
0.185458896640151
0.182011266413694
0.18196118867682
0.186836966058936
0.198222999993003
0.218199595363642
0.249565120429492
0.295745215586588
0.360164734521132
0.444875720803317
0.548563211260764
0.664460224644503
0.778933775962158
0.872018031312864
0.921676169252867
0.9118559345054
0.840552208852124
0.722547490856399
0.584354905433056
0.364099237334421
0.209932865105708
0.216956673331353
0.311069813622186
0.429275546345805
0.662462910012459
0.25738795825389
0.203880667627785
0.356389154048582
0.799069118568304
0.976085519884639
0.8929296510611
0.713198345713779
0.510050239248094
0.33881276776632
0.217680412328014
0.140210138493823
0.0929800852735794
0.0648494292267838
0.04874482048865349
0.04056272396340665
0.0380366791109388
0.04015444157723951
0.04681945389197852
0.05849636771792315
0.07567327729427928
0.09801650761042517
0.123342524072488
0.147120083761797
0.16254071718051
0.16885769928997
0.168405253540144
0.163589772382098
0.156439718126875
0.149280397797271
0.143963673039347
0.14314607621711
0.148526537071602
0.16095229323566
0.181952280566191
0.214100076567668
0.260993157419509
0.326460963855628
0.412378707674249
0.5152043974634
0.623573091703391
0.720166336190657
0.787226016182017
0.811722843243641
0.788476999865477
0.721414582959182
0.622517130344455
0.508691343535519
0.39752335580758
0.242195588459803
0.148595085671881
0.168816625814082
0.262059848640082
0.389186324628716
0.671593457217182
0.261840305715998
0.192715364289577
0.294655196949536
0.538845102513596
0.561246208265109
0.471114993816411
0.347884284017597
0.232847991979823
0.147347781008621
0.09253642174976125
0.06036542267831467
0.04228181094743508
0.03249468366785658
0.02797019631218802
0.02745292344823896
0.03076371453378132
0.03855440166591732
0.05217623929266094
0.07326845664187578
0.102681789084818
0.138566577751424
0.174377337709264
0.199212145791963
0.204005220785323
0.193249799203237
0.17441288219482
0.154310043078996
0.135738305128344
0.121954736764619
0.114330050621119
0.115132275024621
0.125095572009042
0.144838593110507
0.17663343442525
0.224559622682914
0.294099199422208
0.38986553092188
0.509709752920933
0.636668321457038
0.738949737179745
0.78730219147481
0.774433613672224
0.71387041701
0.625559312289247
0.526045358273461
0.426543271265886
0.33456408572131
0.25549462304158
0.154362930214618
0.101769216626566
0.130211311777883
0.223300138418508
0.358568177720593
0.69388516134509
0.284711363969485
0.20152285510972
0.273902972722975
0.40490031159746
0.351435738509567
0.265995211773637
0.177627028827022
0.108221226819588
0.06310181981199457
0.03743148243033071
0.02419360771445631
0.01809965670728305
0.01624391666818313
0.01762203527001301
0.02268301952805155
0.03328425455797629
0.05296446329582788
0.08703831725442844
0.141411295691574
0.218542666457769
0.309974113286958
0.389377528626579
0.417674768014746
0.378844514788436
0.304434417960234
0.226508579326147
0.166225790720121
0.124072842951583
0.0999375985267928
0.08967022366171738
0.09243660320105368
0.107566309875829
0.136461755921276
0.183892274705267
0.258032892198029
0.369561681975103
0.525798903414661
0.7141603787908
0.880859895097764
0.945884333067961
0.878133229772699
0.730200656860005
0.572631711388042
0.440251530170771
0.337733686818791
0.259098932852982
0.197924139056302
0.15010791530481
0.09150829776656623
0.06469286595025947
0.09748050831219676
0.191278016026522
0.332860394540385
0.758710352201739
0.38494096934524
0.299418366042558
0.380392336457895
0.421288784163605
0.276195410881499
0.178192403330314
0.101611438646831
0.05296900912767596
0.02650322916584786
0.01370544860772467
0.008203011101401892
0.006553228571855153
0.007720061228249738
0.01302517168214475
0.02749884394118995
0.06340588891113058
0.146375730904669
0.321460065894199
0.648224214838815
1.16509911084261
1.81010157944678
2.33805406811915
2.37855037773689
1.84318083607457
1.13872627609797
0.545650811280416
0.239063656042607
0.121176958359026
0.08210396458107523
0.07155247727755587
0.08001731943599003
0.106816421863238
0.158807823697757
0.251352196546182
0.410245225075165
0.669961389351317
1.05049795265143
1.48279574488161
1.72292240764005
1.52291574729742
1.0342100886679
0.610022582048118
0.359895650860549
0.229002244046452
0.158930667336917
0.11806695544453
0.09153532739608963
0.07237683615463986
0.0471657530480498
0.03559022641930736
0.06942591036715062
0.16572007150663
0.308026571687557
0.861191257786865
0.662039195480416
0.727816066103016
1.00761518311209
0.908880075203595
0.491296948054572
0.294580354835562
0.159791317746234
0.08084866173206935
0.03980515294176055
0.02030406673721099
0.01184214588801026
0.00907115437392916
0.01031169013105186
0.01744040609466778
0.03871928657955576
0.09700712068673142
0.245484836340723
0.584567743749787
1.25048604536549
2.3256237442033
3.65616677728531
4.70053135752659
4.71367132005085
3.5904955154837
2.19329497674504
1.04076754246993
0.454547658012266
0.235347219075168
0.167420977002004
0.155859348610986
0.187899599785834
0.269361026698603
0.42677392579242
0.710972126219133
1.19811983580151
1.96162464793667
2.9470927658235
3.71711991878701
3.50269866558914
2.29147878133633
1.13159733383577
0.521344530863512
0.265693728967415
0.158641962491818
0.109531341511683
0.0844238251243383
0.07012661366381778
0.06096404845410041
0.04945013200081351
0.04903410350745455
0.08820034029179487
0.178674035213827
0.307657416905883
0.92955503223149
0.932965619787678
1.20066481845081
1.64454558604836
1.50836926093583
0.911094925929168
0.602965639846188
0.36874584622976
0.213887095415577
0.121969302122021
0.07180827094745347
0.04637729542493247
0.0348068581376205
0.03151172730786939
0.03509291074278655
0.04802660287488501
0.07754717308627937
0.137463699127659
0.247753914523121
0.42580908858278
0.667071033224402
0.928007033353051
1.13448760301396
1.22038440660762
1.18270330028963
1.08511266582491
0.993135009193755
0.931671712349532
0.877697983204611
0.85213604983689
0.898178809191527
1.0636155587926
1.38069389404267
1.89889783050272
2.67026353390139
3.69574977038339
4.81169247376753
5.57454983533878
5.41361156730998
4.23272968654993
2.69520149743013
1.4994643542822
0.804184100077819
0.453365939590233
0.282476128984329
0.196914497165621
0.151862626006049
0.12702399830127
0.113017042056912
0.102065461869041
0.115699553513844
0.158588322910162
0.223442068470432
0.332667301230723
0.944131139867946
1.00889538062633
1.2016884641768
1.42461810180635
1.36890363157827
1.0517996644547
0.83412325000118
0.624366663146946
0.446757829606986
0.311465076749216
0.216773435666959
0.154791447691136
0.116775818556974
0.09602997442349492
0.0885974268725699
0.09337540230576291
0.112432544550379
0.151135934815133
0.217652279342124
0.321144324261066
0.468675911396861
0.662768574464488
0.90216662646374
1.18581378249809
1.48025807826891
1.7762557645327
2.084682855818
2.39844044119977
2.75061330346864
3.14147143633129
3.60941305331593
4.17672525088495
4.81374988887336
5.50939603614547
6.19341335804321
6.71921362636077
6.88660721031836
6.53396839412426
5.66506797130141
4.4866720530911
3.28883983677608
2.28462373157369
1.54837479810627
1.0539377353147
0.738430443787403
0.54185445074373
0.42013329930878
0.34471922680722
0.298198704407227
0.254185253370482
0.250035103563254
0.275365252931856
0.317056434965785
0.400169849122992
0.479220817638257
0.538068061040206
0.671973432686368
0.835761422716635
1.00081565309411
1.09951719828169
1.15730699340801
1.22305592188723
1.30372184489126
1.40700196096407
1.53813990748716
1.69733531777145
1.8998931766374
2.2516311490764
2.58056010398728
2.9885857234203
3.45388947369825
3.91682657198529
4.30254451594845
4.5420415062437
4.58609604724755
4.41319080286888
4.03525113970536
3.50085631652784
2.95047782586531
2.46666053905961
2.0443686573967
1.70000423219016
1.41380622091476
1.19764821474365
1.04495585878261
0.96892726510041
0.971388970206704
1.03558015814693
1.14378828457256
1.27279193092038
1.39456856599364
1.48464100302763
1.53371575012756
1.55167639740343
1.56155523322814
1.54903121144926
1.58258650658485
1.64822300055176
1.74161219072901
1.85273718830102
1.95724642177596
2.0225162885211
2.02030515614114
1.83178390871051
1.27557061668118
0.86513400636071
0.671850949972989
0.647704388281753
0.347259566235214
0.328655120385312
0.352327556039209
0.359396861915246
0.338624968560858
0.302970409728887
0.275758927768414
0.246912027566791
0.22155937998766
0.206056545211335
0.208560443069516
0.242053631065262
0.320110631885614
0.408165651168377
0.680839057451667
1.18543344855117
1.96428704660177
2.95954130873257
4.01455212888962
4.93050996623433
5.52899042991299
5.69686831340114
5.41352680441026
4.75716435208784
3.97008520008338
3.23194863861533
2.58098046410211
2.07624926284935
1.69941205543477
1.45928416186753
1.34608267125243
1.3939911211437
1.61809671942046
2.02283296278748
2.58493923243392
3.19615376067377
3.63339633382725
3.63866094162011
3.11704475711956
2.27931388216804
1.48677927990676
1.07009947772171
0.75786317311256
0.623067894624221
0.606636276118128
0.663446713147379
0.765397329972477
0.882978637868633
0.980652301170501
1.01723027517798
0.762942796854026
0.552762594615179
0.505087789762226
0.606381818213155
0.258602116208409
0.1852484212571
0.143946460296265
0.120632237705483
0.121570587602918
0.117003239868072
0.10552837856603
0.09019187064526328
0.07407678659095031
0.06024093596392048
0.05129557139219822
0.05018431872466664
0.06904464156120545
0.160891462177467
0.408735013593123
0.939231130443296
1.74616850991756
2.73201530713232
3.74911990742854
4.63705666924753
5.25094566685436
5.49261082990356
5.34616244057532
4.89186213175506
4.31727724988381
3.76099125925695
3.15716070276942
2.56440098615711
2.05881118579332
1.7631431645033
1.72117851791389
2.01704387741092
2.75281179238467
4.11078531874043
6.28550594592921
9.21976494585246
12.1662753481033
13.507944551944
11.7147517164465
7.25101716440155
2.98763234537895
0.595095217704977
0.240420131486272
0.167817435130113
0.164628573560292
0.196289354248701
0.254245111655255
0.330277651819604
0.408245565272407
0.489612652776271
0.423146449687942
0.367742468003019
0.435321980222782
0.653077674301354
0.204362893592472
0.1142928233796
0.07613656101787425
0.07425335047102569
0.116069857101556
0.157937575333394
0.173880323541145
0.182818601549936
0.18650944679455
0.190808024707161
0.208068560490326
0.268104191588665
0.460253337877158
1.18891838114884
1.44962477923738
1.4628626200559
1.5415736761027
1.68537062716582
1.84763905275997
1.96895786206223
1.99158478850854
1.87722682813002
1.62701054426072
1.28993374932912
0.97787691318964
0.744854427502323
0.584598352158368
0.494339359138225
0.459232591398072
0.479938761285103
0.576267201695999
0.808404709602602
1.25065713399487
2.02674663704394
3.25872308569152
4.91444310289953
6.54545905337438
7.19093240707533
6.01505284143767
3.48792855047147
1.32687252179158
0.287989406714898
0.116158343204383
0.08000573929443532
0.07854511750921866
0.09522948221193413
0.12715436571001
0.172026457134149
0.222931928264016
0.293630352772447
0.30298249482082
0.326147311374805
0.47754270315069
0.821921719292481
0.197202520503002
0.112055987627453
0.09426538561256438
0.126216499678943
0.25546812751939
0.408444973671426
0.497856892123875
0.573807120130337
0.623657741559425
0.642559250165622
0.638696118324543
0.631904768535485
0.651135976485923
0.702060816003971
0.725045154380134
0.70514546570737
0.690253236400406
0.697566616201207
0.716964394981553
0.729207173766617
0.715096798603874
0.662753492612727
0.573944876967179
0.465299286994551
0.370751505271573
0.302086528577895
0.255482416719657
0.229199447080135
0.220209617821861
0.23146717374438
0.272897343120711
0.36702818356052
0.53409524496879
0.802612540689845
1.1862996604892
1.63965042257876
2.00972710605145
2.06680711063118
1.69231434547262
1.071588280236
0.545746401162335
0.274005554086781
0.15025921713954
0.106708787777232
0.0982071664969282
0.10910633048424
0.135018163276347
0.17356298887049
0.219868320463492
0.296412772362819
0.342710765131828
0.398899705924407
0.599692681772888
1.05172000902372
0.206548919059347
0.12851493540701
0.131143536167729
0.20970392787763
0.457662804585214
0.734588224270694
0.889397693250797
1.00339508627438
1.04222967442717
0.991764939022369
0.871016294930315
0.727052021223202
0.608528763778708
0.527654311115096
0.477854895664941
0.446825960488485
0.433820144590831
0.436473685130502
0.447319305213978
0.456052135918177
0.452403190764008
0.429561059932508
0.387424759492749
0.333460993338695
0.284626875103191
0.247661718564345
0.221481486463185
0.206253655063821
0.201484409187175
0.210153641078545
0.239737123022261
0.304821394155928
0.415385505777961
0.583526001999575
0.809358665311598
1.05926477081637
1.24922787016536
1.27140164898394
1.08283897970034
0.772615972480471
0.489147855719317
0.299969491402868
0.197241785439847
0.149968773199024
0.136255736580028
0.144335658118883
0.169478181491316
0.208986005159654
0.2583455609287
0.347176341790794
0.414772723451075
0.47945140892262
0.69921289699052
1.22403166148592
0.22397383375162
0.1554347769525
0.186912032473779
0.33605702178546
0.735277602702301
1.11615473093501
1.29553110731071
1.38740031298106
1.35288812310655
1.19664812205662
0.971817794967602
0.7500752879721
0.577188908148089
0.461102229419388
0.390566254288575
0.35247184837868
0.336951718719114
0.336861982833559
0.345224942679137
0.354662531494407
0.358086157004005
0.350353280499405
0.330191711457951
0.301014125483284
0.272608004830976
0.249944692775292
0.233442249059974
0.224204218939072
0.222948229259917
0.232702654603412
0.260287992238644
0.317680484620826
0.411238728291668
0.547725464541243
0.72363579807025
0.911492562510691
1.05219529254864
1.07583262680483
0.955754867840113
0.743831486299346
0.52826710914135
0.365366840911645
0.263840280947858
0.210553732427029
0.191020136283403
0.196092718517553
0.221172504487387
0.263390096184096
0.318325558011838
0.423637045329024
0.508915829104598
0.567639284743832
0.79121485095773
1.38446493042334
0.251330282917039
0.197353671490652
0.275691045677515
0.53381355792601
1.09945590324893
1.51229516378308
1.64902925176725
1.65619267670092
1.5181572411307
1.27239512125561
0.991833325314769
0.743048792043201
0.557442557215887
0.434531098222288
0.360275030385168
0.320098272757422
0.303216250799547
0.301915615591606
0.309949399339296
0.321461988767703
0.330911739368057
0.333881717780627
0.328327145008725
0.315388126617793
0.300657333542473
0.288174739399921
0.279389623293932
0.275932039206994
0.279508933021377
0.293437364936059
0.32500271735113
0.385692525849825
0.480170263629522
0.612977290638174
0.778769125989461
0.951987053968961
1.08274053623952
1.11454090995409
1.02413438509515
0.846342797804175
0.648718175840751
0.483750698101313
0.369993588787538
0.303502926029071
0.274204530942652
0.274012257832996
0.298250883675521
0.343849271755992
0.406296323542189
0.532769002105298
0.631779070425976
0.665871393575212
0.878348825779961
1.54373164110556
0.289526548936021
0.257328625123407
0.407605848441827
0.811437161008259
1.4912006293901
1.81680515059611
1.85234134037047
1.75230530336579
1.53290912523312
1.24832349046711
0.963877862544661
0.726124383092111
0.551641759313902
0.43534558382442
0.364052568872599
0.325035918326961
0.308678961278533
0.308097828847245
0.317895789839962
0.333188722750174
0.349287798618803
0.36211167888284
0.369088157295497
0.369986461483096
0.367447747505098
0.364893800065108
0.364662140424617
0.368730545735175
0.379932742409417
0.402127394191217
0.444076982262196
0.518213131210004
0.628128054523742
0.777293186059097
0.958434428958552
1.14444192642666
1.28599500149247
1.32865720571381
1.24781913670854
1.07112211018756
0.860266610374898
0.67072079359112
0.529347250395977
0.439055223355023
0.392644623691433
0.382308633832605
0.402797024694511
0.450558680219039
0.520689524896801
0.669925987738472
0.773747469514449
0.761673534944174
0.949449872108852
1.68754092111408
0.338874470232657
0.336279268143113
0.583973538666141
1.14343413408308
1.81451355603329
1.96083711573228
1.88703419278066
1.70839931205048
1.4569543614723
1.18087914982393
0.925124652841635
0.716840573696949
0.563337175188265
0.459080004922424
0.393913214003694
0.358109358189511
0.344085433491845
0.346212534021904
0.359986240056345
0.381253841328385
0.405864150569115
0.429895388417346
0.450383910314301
0.46619519320739
0.477393059580804
0.486879916330294
0.497985977608131
0.51296876499117
0.53614389244049
0.572136005891155
0.632171128406254
0.730620830949958
0.869769711605743
1.05213202692687
1.26752591924132
1.48433586354627
1.6485467047587
1.70199188701752
1.61686111608417
1.41838214653049
1.16991695296793
0.934345921214547
0.747969554631865
0.62025717066543
0.546399907606324
0.518298008729254
0.529560443596275
0.575642151343096
0.650785309691071
0.818870194586099
0.914774139832983
0.839651156656932
0.995537662610878
1.80203173222613
0.398478341323525
0.429681731041984
0.78412942210728
1.45382354154726
1.98153884543123
1.94816475344121
1.80677404230842
1.60232842920412
1.36366472164905
1.123178295452
0.907568775920681
0.73197726069104
0.600114290544828
0.508284596395068
0.449852926076077
0.418169236554688
0.407743321947909
0.41426291136282
0.434084510577099
0.463657989276993
0.499206559717383
0.536875619963731
0.573384294248597
0.606953368099143
0.635023896392756
0.659972274034787
0.686345325211803
0.716636601080947
0.757076118868232
0.813200757707819
0.899517904521002
1.03276654156709
1.21289004511481
1.44072177746023
1.70167744720635
1.95733743214345
2.14629548902548
2.20467147714331
2.10175335080246
1.86333501099129
1.55812255727771
1.25874850589114
1.01183841615718
0.833694317544193
0.721837372703599
0.667516495607965
0.66263155593134
0.701032043537839
0.775600158199788
0.952429914717987
1.0282693810742
0.885842431420212
1.01203751696543
1.87642723353767
0.465666111289668
0.524954740788429
0.958649518681933
1.6362905831521
1.96287364207447
1.83892981017363
1.69146228201532
1.50994704813102
1.31195289111676
1.11614474691661
0.938712665999683
0.790171745980199
0.67468024140932
0.591573518104902
0.537641755802078
0.508971123364034
0.501924391215133
0.513358683927481
0.540370110816026
0.579877635499177
0.628346855166906
0.681908818944419
0.736986497387804
0.791290595686171
0.839441558338199
0.883209211502283
0.928551040160387
0.978113413411348
1.04033806533782
1.12160391158494
1.23992788982715
1.41387598905618
1.63937320716466
1.9141538776608
2.21778152759797
2.5042750473995
2.70550522191232
2.75408642329558
2.61933853330783
2.32982832523274
1.95996035851214
1.59093238175345
1.27837374695702
1.04481104916659
0.89001706931757
0.804543430175325
0.778339572898987
0.803271470203809
0.870585650607914
1.04257508564475
1.09141144735088
0.892374540753279
0.999461283029387
1.90484247281829
0.53583464672985
0.602898462430111
1.04619105403285
1.61909588762275
1.8022723762888
1.7111289917422
1.61306415576664
1.4898533613918
1.34769727512828
1.1966885349451
1.04929654118347
0.916926472181178
0.807385509079288
0.724335521291394
0.668229493745411
0.637706552898256
0.630692846323973
0.644930626188624
0.677997974722438
0.727053393611001
0.788611743136903
0.858652767030926
0.93323939440223
1.00957137004114
1.07928007823062
1.14337817768241
1.20921856485378
1.27942771184765
1.36452866323554
1.47129779388775
1.62036838856394
1.83029062842705
2.0912717541786
2.39644089269459
2.71920215073068
3.00810590317931
3.19324264734977
3.210198147394
3.03344902122467
2.69540682620423
2.27273268190107
1.84950665041509
1.48555195126094
1.20723869831272
1.01621500358461
0.902816738436698
0.855558844803046
0.864610023593279
0.919814009495948
1.07458154596027
1.09507139263413
0.859609774954556
0.962485495410545
1.88679590366538
0.60304360848379
0.64507189442054
1.01284601498733
1.4216815782088
1.58525766130567
1.63384444569352
1.63016319074399
1.59517619357807
1.52263799263797
1.41563058165178
1.28673537606094
1.15311465007382
1.03059950895039
0.930110877250485
0.857150547695084
0.813174906312795
0.797339837271466
0.807725904744973
0.841842759102025
0.896619882602104
0.96825522168261
1.05230420737284
1.14426184809221
1.24062463412523
1.33001263810174
1.41245841363365
1.4963341519539
1.58396474946107
1.68718134272105
1.81230430496371
1.98035790988158
2.20701275549539
2.47623215936905
2.77615181124582
3.07610594909125
3.32468795816364
3.45855081983972
3.4247124704794
3.20765364552362
2.84240949115203
2.40113372739526
1.96177310974355
1.58094354965235
1.28506384692942
1.07705578398403
0.9480944077276
0.886644307383088
0.882246669798896
0.924084989707079
1.05348560963275
1.04554644901623
0.795005271385934
0.908298572290747
1.8266046056438
0.661363347178332
0.643526183484424
0.879439164123672
1.13963398886347
1.3940788911158
1.66503926635179
1.80513000092734
1.90141970978734
1.92483438227493
1.86480325888902
1.7352748240837
1.56708316270926
1.39374040764263
1.24060726591653
1.12164035213745
1.04161392235687
0.999937160401817
0.993635401965858
1.01887244983635
1.07136033596705
1.14627424595052
1.23824317027019
1.3417911978853
1.45229675617405
1.55553854552492
1.65029239729989
1.74519254720544
1.84192600959327
1.95228103012214
2.08109246839253
2.24676061141099
2.45937223476698
2.69849199190246
2.94908637942813
3.18110461216271
3.35055804202888
3.40886861388222
3.32049534390922
3.08126259872854
2.72498518835626
2.31174444706521
1.90473222172472
1.55043958657816
1.27168082165742
1.07206936268731
0.944835508483818
0.880096177899678
0.86815388461413
0.898400828060235
0.998120771291655
0.958355997589046
0.710576656539089
0.845212427527139
1.73212488346368
0.706465555349439
0.605283295861278
0.706012968143945
0.875596099294919
1.28589926235555
1.87039329286213
2.23765536141527
2.55037330973202
2.72585775080693
2.71792397232589
2.5430822935954
2.26637608159862
1.96315013197785
1.6889829724024
1.47167661839571
1.31811480142905
1.22432209350099
1.18261125905782
1.1849839863434
1.22402571285138
1.29267739816117
1.3838695429638
1.49058611801043
1.60652708882252
1.71497619291134
1.8131881183039
1.90910212862742
2.00350130825136
2.10662454129364
2.22107000839569
2.36002651331311
2.52695888865924
2.70130653723955
2.86866084010847
3.00508134808899
3.07976977519759
3.06271804971388
2.93601990868818
2.70372451605412
2.39373646251047
2.04927889571645
1.71447906143105
1.42225323463025
1.18974381596884
1.02075764442396
0.911236530284171
0.854045848043321
0.841172369200244
0.862688565187684
0.929931571222288
0.851178580585226
0.620728984371213
0.781731724139968
1.61317785854267
0.73665311282327
0.547638218083992
0.550178201049799
0.688209726234658
1.30106000974035
2.35771969118115
3.11707811241007
3.81860180185628
4.25070054826924
4.28089728041899
3.94145456623588
3.39032494057095
2.80103370373377
2.28670946983177
1.89096955934458
1.61352646904522
1.4364854409276
1.33944688570134
1.30513090491682
1.32001885116783
1.37318959838007
1.45500179226147
1.55636752623008
1.66884159039462
1.77369923174153
1.86653440326865
1.95376523894967
2.03519957966087
2.11844995895235
2.20378826842921
2.29818013381875
2.39974453449367
2.49281667819849
2.56751410106325
2.60949509210219
2.6024585572561
2.53283445944735
2.3954000971153
2.1972470965422
1.95755293564761
1.70265447983357
1.458746537604
1.24580662840141
1.07508601676376
0.950049566910235
0.868992839333217
0.82740954928544
0.818874424344314
0.833905734399988
0.86545724504177
0.740370404089968
0.53951043722571
0.725430419325298
1.47986213281353
0.75282718214987
0.488576651760835
0.440539004055071
0.591379075910072
1.48732687766644
3.32417700666469
4.79268769722984
6.19910344600818
7.03490144786004
6.99224865186673
6.19155283780056
5.0344553513033
3.8977265069623
2.97697518261037
2.31112450241462
1.86376857261311
1.58142191768437
1.41818230560386
1.34085592516833
1.32668344209445
1.35955032027427
1.42678384950198
1.51712718971509
1.61996886966676
1.71519728955911
1.79684447369273
1.8694138908861
1.93189044779573
1.98899853102426
2.03926521946515
2.08426658982889
2.11955218544357
2.13769019629699
2.13527266446444
2.10750377495088
2.04952550753837
1.95843183890019
1.83528749571923
1.686235556742
1.52199981334774
1.3558046182044
1.20055204295975
1.06643263120967
0.959762524224894
0.883059129223876
0.835736046269653
0.814615567389535
0.813686600304414
0.82302358073297
0.814544846126675
0.639443238224114
0.476514604418639
0.681282147590623
1.34104689212679
0.757594458752877
0.439712456203852
0.379500092078268
0.580073236687002
1.92456968799312
5.09228396602717
7.79994963101282
10.3677161141504
11.6778045992298
11.1756814758665
9.32021991755039
7.04890918492383
5.05597520354684
3.58615697975335
2.60221876824037
1.97870583499096
1.59873989412685
1.37908716322175
1.26652447979783
1.22811731588722
1.24279701649122
1.29548892679106
1.37349016359392
1.46470934501646
1.54843811086166
1.61752120381228
1.67467006907429
1.71832850731159
1.75083873745439
1.76987055441889
1.77357876795581
1.75764218208927
1.72315899350441
1.67260762347629
1.60798956107808
1.53103820319446
1.44372163991544
1.34876136375246
1.24991476172541
1.15187564677677
1.05980649054283
0.978664712460417
0.912544071811103
0.864178565969116
0.8345844854622
0.822650693046892
0.824470117657826
0.832483312288455
0.835117639256981
0.781265198753649
0.557498453583253
0.434476001847937
0.650174855622522
1.20341944917547
0.75415071397037
0.404804837116628
0.357724616565861
0.649403932246113
2.72562974382263
8.01444842033339
12.5872391955938
16.6346976231499
18.0734847335617
16.2889117317028
12.6070959916211
8.80043508943542
5.83517119239498
3.84885913214645
2.61887936954232
1.8851014130831
1.45630447863451
1.21335232989403
1.08698146947138
1.03761325441571
1.04183315352695
1.08408323967705
1.15173792488458
1.23253488873868
1.30612836219638
1.3647394661004
1.40974817330134
1.43932448672588
1.45430878792191
1.45226865281304
1.42998717767333
1.38478277622277
1.32406307944967
1.25407152534331
1.18020787510719
1.10671286279587
1.03674380281517
0.972636711262517
0.916204149359331
0.868981199331135
0.832374135577438
0.807682407851069
0.795956683090511
0.797626509503458
0.811797967067653
0.835154938220102
0.860657415017147
0.876882881205563
0.869676531991444
0.764609820609925
0.497740055057119
0.410401003831711
0.62857595125953
1.07131612587948
0.745422794716036
0.381896065371198
0.362716792367146
0.792692939187584
3.95049258112526
11.9818052696603
18.5427480415081
23.5491962384141
24.0712926438168
20.1413033241855
14.4084211234993
9.31862009624681
5.76088025893551
3.57100085891195
2.30259892887798
1.58410207831249
1.18000702928335
0.956770119843946
0.841973842446714
0.796640191028871
0.799074208977025
0.8356795110811
0.895628393167136
0.967937795507421
1.03363924396352
1.08491555150939
1.12232289093668
1.14392275372216
1.14987038181187
1.13803495401688
1.10525712808046
1.05071937801776
0.984992099227012
0.915823380058895
0.84946403281683
0.790355105118927
0.74133136858111
0.70405046691835
0.679448800320927
0.668116665762229
0.670533990223784
0.687109768205245
0.717932652929512
0.762090208269004
0.816417417575011
0.873755638106761
0.9214934164909
0.942325734977218
0.919713805209409
0.758294752173964
0.456887859446415
0.397815838012431
0.60957716776479
0.947229288865505
0.733668307576659
0.366198292567908
0.37991763227754
0.979779559053483
5.37039405355017
15.5960325007105
22.9056350090596
27.1777025536685
25.7415966398591
19.9603540943288
13.3155491322113
8.10296720577112
4.75534110022652
2.81949674314485
1.75021227006917
1.16637525715844
0.847375517228199
0.675327816617372
0.589145107238883
0.557324748128358
0.563192331977864
0.596821250682247
0.650295148620949
0.714915802701902
0.773944340203168
0.819993740429345
0.85315759138413
0.871467026689245
0.874911431592278
0.861764534152168
0.829600370555718
0.778961349527772
0.720892837052165
0.663046117402206
0.611187503491007
0.569121455711563
0.539130858382112
0.522573008660958
0.520414750306661
0.533602280403422
0.563200732452598
0.61021175288313
0.674908689487479
0.755479233526492
0.845888255873549
0.933464023073993
0.998019768412972
1.01574894279064
0.970091856408411
0.750602742438154
0.426611040232436
0.388363297717372
0.585026236254199
0.832605342571881
0.720544869424548
0.352611466509584
0.392846320338773
1.13666488080277
6.29523893216249
16.4370451038713
22.2768074952199
24.304948423771
21.299415366547
15.4760839812995
9.81594162399046
5.75122550182352
3.27860719657714
1.89855455737937
1.1550586861608
0.756996524547998
0.54338665056046
0.430640622584184
0.376476026581305
0.359741704415437
0.369783449389809
0.400624878933809
0.447380463287149
0.503893440203582
0.5561295448585
0.597437034708676
0.62764918983221
0.64483372390935
0.649045917117496
0.638943328650793
0.612986026845989
0.572451252460902
0.527213628026725
0.483983211789915
0.447579101809564
0.421098050593232
0.406501544526415
0.405266259439609
0.418914025505395
0.449329081790987
0.498761920694988
0.569333193644943
0.661746794780204
0.772944153790099
0.892879008271228
1.00182424671485
1.07149400680097
1.07390209977875
0.997484158640618
0.726015641501138
0.396521820083452
0.37324424371051
0.548346807307961
0.728528409764195
0.707468306674029
0.337805567955693
0.387927352973037
1.17279367717799
6.0290091668172
13.571362418497
16.7461244795818
16.7762253692668
13.7426244105805
9.53384480948712
5.8839460165985
3.39999401757794
1.92586061021194
1.11130992090878
0.674321889199722
0.441356391755413
0.31748218107048
0.253587322097666
0.225031211780406
0.219812164905144
0.232281547983338
0.25957550145116
0.299186166400031
0.347098948376643
0.391975276743604
0.428053243837448
0.455038255286904
0.471152767829549
0.476598223997847
0.470422931668267
0.451905039889015
0.422651772388781
0.390698100596655
0.361492911230651
0.338869698292021
0.325389873010203
0.322960120878246
0.333440646145648
0.359112975259242
0.402910730939041
0.46823627890283
0.558031414386018
0.67266864689719
0.806485602672455
0.943835441549558
1.05747271639888
1.11367806223623
1.08655615694184
0.975816663460836
0.670409762215118
0.357831073563355
0.345692412605593
0.497288009894653
0.635997016165578
0.695974261938322
0.321452117880652
0.361982017250396
1.05860412104487
4.69620440287722
8.94576193984388
10.0522715423521
9.32501478146154
7.24627486294222
4.8882260161286
2.99367641370711
1.73977984244685
0.997635891639634
0.583772382794259
0.35916384481955
0.238615365559172
0.174881347969064
0.143178972339057
0.131088071134623
0.132798129533147
0.145920671912982
0.169517458310558
0.202523626924518
0.242309968272582
0.279773212574932
0.310067628492449
0.33291181574136
0.346871226748626
0.352352219231739
0.348896685002952
0.336518266167767
0.317042849979164
0.296646970991759
0.279474961566628
0.268477629205625
0.265865804012577
0.27367679673649
0.294271926778656
0.330672954435294
0.386605680062539
0.465973566593713
0.571304972703205
0.700748752174343
0.843920465887411
0.978672782616457
1.07281857369779
1.09433375012443
1.02807528804042
0.888611406706901
0.579025303133369
0.307015869275877
0.304140451606454
0.435128780552625
0.555800103697485
0.687865029764038
0.306008598314423
0.323639185338717
0.856059902067391
3.11307128721659
5.0093820317258
5.16312741436735
4.48035797916876
3.33972030551204
2.21565191333411
1.36251951720194
0.806765637036045
0.475121205776569
0.286418890218198
0.181843471564218
0.125099928495281
0.09553135676662701
0.08207521306381944
0.0792581054662324
0.0847774365706693
0.09802780027648879
0.119009475018736
0.147230774766917
0.180568750783141
0.211361272542414
0.235625368357074
0.253295216261138
0.263552483394485
0.267125231370396
0.264253571899849
0.255664631281968
0.243501566024732
0.232381320911432
0.22522509883295
0.224245968461293
0.23147050524741
0.249203298366625
0.280336270779182
0.328398075541532
0.39715264139351
0.489450514345783
0.604992835056091
0.736992219779109
0.868922616154303
0.974412260650188
1.02368981425953
0.996310819137687
0.893668292808745
0.741811767121878
0.461722995910007
0.247525886971914
0.253340742372241
0.369135278809351
0.488256372595327
0.685089033139512
0.29535383692763
0.286171252983621
0.654440871245018
1.89715718910125
2.59056974524182
2.46502243114367
2.01126283561066
1.44208166436775
0.942294943973375
0.583591808562525
0.354577773341951
0.217122009529415
0.137227096779286
0.09198799041691356
0.06743310977093693
0.05545844974384086
0.0517159413740461
0.0542564811325623
0.06260934780904177
0.07705787782126079
0.09786732759561104
0.124317938512061
0.153756552449427
0.178927329282173
0.196750422001384
0.207776207874874
0.212278688516972
0.211530780743923
0.206768709791634
0.199430109337806
0.192115840212891
0.188229707436113
0.18961125951016
0.19794667133588
0.215309272552855
0.244468417965252
0.288855244872109
0.351938015485457
0.435801325550516
0.539124673530444
0.655132655283028
0.770154803164991
0.863973629443348
0.913937326621648
0.903235064541023
0.829413645743442
0.707468971769708
0.564876405722567
0.33933603280907
0.187515174749127
0.201491782143645
0.307091748600987
0.433069110030465
0.689437010456955
0.293444184027684
0.259967056855711
0.504975778259465
1.15760264964485
1.3461826263103
1.1845022114887
0.906658114044749
0.621171571004145
0.396295284995586
0.245694024430083
0.153509269067574
0.09903021765712496
0.06718594808052687
0.04917576031845355
0.04009986485679246
0.03725352920613768
0.0394266930251437
0.04653640887822255
0.05923182984244022
0.07828749091268647
0.103622310517497
0.133058186897906
0.161613223673768
0.181125054704451
0.190177634363118
0.191054398331729
0.186197025396098
0.177797098323467
0.168413415262113
0.160011304468645
0.15556167289692
0.157411844080855
0.166514615815217
0.184405779747811
0.213667737942505
0.258000994610331
0.32150622134524
0.406438168349866
0.509463008277077
0.619113283774422
0.718001802447039
0.788359907641893
0.816577997277834
0.796240286557004
0.730101511492296
0.629589909725945
0.511895827766399
0.395704730926823
0.232561617476622
0.134959882950878
0.155641552296315
0.254371666733999
0.389376460070931
0.702184312815153
0.303816536468131
0.250946021217041
0.417485880907559
0.762399727070037
0.756271660258109
0.613825116383801
0.437420877662806
0.282509250565894
0.172848773168399
0.105480561693035
0.06735682147840376
0.04636333488793466
0.03488681176923689
0.02932337075797711
0.02828504843522893
0.03150991277851239
0.03967009470362806
0.0543284692558246
0.07751247015149036
0.110477023280859
0.151460188956933
0.193341483610926
0.223976735084358
0.232553756952214
0.223262883908966
0.203860112053156
0.181684413227185
0.16013707011758
0.143000602769346
0.131771865874305
0.128988454901174
0.135713653409737
0.152333569972289
0.180917736670183
0.225485188374984
0.291776637681159
0.385215438762535
0.504848868811858
0.634056458110883
0.739679860792564
0.791463844373712
0.78246375600993
0.725845056216818
0.640367685288614
0.54164173460104
0.44052239447378
0.344891843744795
0.261171585855873
0.152584129016108
0.09413004005764637
0.119227856885929
0.213153171531746
0.355924352498358
0.728342912150034
0.33573484394826
0.267288479868755
0.385031712667084
0.55352789728817
0.458455716208288
0.337796116105124
0.219476509370027
0.129987850633699
0.07363367960783601
0.04253472167876517
0.02701022033391448
0.02007263285919187
0.0179488324333501
0.01938495408837942
0.02490594818689982
0.03660677987451249
0.058509024087008
0.09679649357447204
0.158453354975288
0.246380825775959
0.350574270640709
0.440791278211886
0.474077393480925
0.434298426958229
0.35610459063531
0.271663018362177
0.203546094970091
0.154001094526353
0.123752657552479
0.108496536686086
0.107456403412352
0.119625061513445
0.145554898176045
0.189361548461325
0.258855431227189
0.365162915683858
0.517966163249036
0.709097659145227
0.885800493793437
0.958923776924311
0.890650094098192
0.740351414083412
0.583424979091818
0.453009872070732
0.351492010692311
0.271995773854166
0.208318254681685
0.157182768035799
0.09319493182171673
0.06168849203503363
0.089056677097839
0.179360870345044
0.327752589551179
0.797658592227784
0.453945307881652
0.388505918462629
0.498512836398344
0.527330683129583
0.336809896153647
0.215392727676702
0.121698539927202
0.06256917840224742
0.03056572858081615
0.01518949951136742
0.008653178295719988
0.006772234116372452
0.00834836043708898
0.01523169403012036
0.03382997757198188
0.07905198828039223
0.181790992943146
0.395811115685117
0.788939444521233
1.39383855680676
2.11097608319306
2.63608522906773
2.5834419045397
1.95301823769548
1.20681485149195
0.62659964482486
0.314479130083761
0.171095853954065
0.114038718513335
0.09419129163698264
0.097973539919863
0.121859489938417
0.170162006267132
0.255780296278075
0.401909506513101
0.642654196400787
1.00792482068697
1.45803579325964
1.76210641716373
1.58774952042994
1.05243060382181
0.601849325060454
0.35402836908885
0.229894832882746
0.163888876367138
0.124458508398117
0.09758723762043289
0.07711073484272224
0.04945987560641965
0.03663492946747293
0.064536820688451
0.151870936911998
0.300440837223035
0.898132513730528
0.735192147418912
0.8152743890656
1.07503911262085
0.9665912833042
0.541968964588626
0.333080573918132
0.184726979598892
0.09494031827124437
0.04691703529304714
0.02352682679152401
0.01312759655921577
0.009569798827050398
0.01082529597586972
0.01913137492903713
0.04438317297096511
0.113727242714222
0.290465286990208
0.693286627455398
1.47512350197432
2.69833528718965
4.11379526356756
5.05920356797464
4.81981630693565
3.54642252041274
2.15942963368155
1.12502753705085
0.576599016616928
0.325707444377124
0.228416541498901
0.200942525689789
0.224051294545025
0.297227506712759
0.438893986674779
0.688571958553747
1.10755121271399
1.761948975972
2.63502489314136
3.40488662776495
3.33086117731542
2.18071092130187
1.02872062463714
0.462967148006238
0.241749361900767
0.151180283897171
0.109164643919235
0.08698433517713872
0.07357570342988479
0.0641801055665451
0.05124789051314228
0.04905145709200479
0.08145731995819153
0.163518830212231
0.298972809974972
0.956823155340693
0.977246253701796
1.22125212503998
1.59692179306442
1.4821911249418
0.940687118964337
0.642358092063025
0.40406944186388
0.239288013245553
0.137792068873058
0.08096352718523309
0.05186588415616383
0.03855695260074952
0.03418682909121798
0.03678703492174742
0.04908350501282607
0.07878075401925144
0.140774026010115
0.257496031869221
0.449495836538414
0.712723544813546
0.998225221356381
1.22369817979905
1.32087611381584
1.29201859017844
1.20466768682618
1.11236280340812
1.03888057466804
0.982431346441296
0.957185807523695
0.99192236692066
1.12984609519552
1.39610294403282
1.82383569811892
2.44472035063285
3.25049468994553
4.11254185173249
4.69635246856591
4.55833452107616
3.59755190612546
2.32985481512912
1.32753477238852
0.731229829965425
0.424382703861359
0.272858051899898
0.19589187422164
0.154505362948209
0.130905634804422
0.116815469510796
0.1038325541428
0.111141352010123
0.1471197915187
0.21080764358073
0.324413570228649
0.959534036210722
1.02630061478683
1.20088451779258
1.39868388672441
1.35104340497456
1.05932112980085
0.851930040897351
0.646051487419781
0.466695115970052
0.326712148316545
0.226863922288061
0.160423807413572
0.118910268309646
0.09572660713784666
0.08666188085700673
0.09003499995516258
0.107724720367993
0.145432339448044
0.212297449889348
0.319275619010862
0.475715098433733
0.685960947438991
0.949139787215971
1.26267519620509
1.58599561574924
1.90541572729432
2.23189671871986
2.55500306633823
2.89770974777549
3.25325110322818
3.65132773000396
4.09833438466359
4.57011040818913
5.06284413857983
5.52774902358147
5.8602465547055
5.91784854324478
5.5855586429248
4.8661998828504
3.90934480610976
2.92736199715174
2.08492141345015
1.45057037222585
1.01237234492884
0.724904253754706
0.541307974961018
0.425031466394888
0.351296606515492
0.30449519656201
0.257617626885526
0.24740683332007
0.26814739239274
0.308678779843336
0.393301230812488
0.478953131328174
0.540354040743678
0.687471125324992
0.889511199087294
1.12523833686615
1.2772857163486
1.36495066096412
1.45790253456058
1.56170772556803
1.68310287587275
1.82706880403372
1.99711688012024
2.22142188003128
2.53599208153871
2.89189785160295
3.31797302464238
3.81267302166677
4.31970829738592
4.76336953099869
5.06663506398277
5.16492820777608
5.01803877208829
4.62317021489678
4.02612901130988
3.38985174667923
2.8201940539056
2.3188393677883
1.90989975289458
1.57010170070753
1.31129675374734
1.12376302331737
1.02144918494761
1.00665447027206
1.06011349600921
1.16339824753975
1.2935471540768
1.42230475637424
1.52311953688388
1.58262532977944
1.60719576650327
1.61080866892407
1.60353295812842
1.61876015580479
1.66275135871957
1.73080893409434
1.81248124020586
1.88617044861352
1.92414386530669
1.90342181572619
1.70955108468415
1.19754775873566
0.821770050998998
0.642859090683957
0.623636319815349
0.346464416327303
0.324998895272679
0.355393951154904
0.390125276695991
0.406066544415365
0.384734591199035
0.361025224177648
0.332563593732307
0.305865679059712
0.289526981588497
0.294304193220681
0.334079719500653
0.41543565476246
0.551648378908421
0.857226621179744
1.41592937966924
2.25799339908261
3.33826967764399
4.52151651263578
5.61592229800849
6.41860856258433
6.75891107128608
6.54511504802518
5.8082725278267
4.83161155229075
3.88504604560193
3.04394296733829
2.3878383461593
1.88965831913903
1.56085991124927
1.38099125382864
1.37547307929545
1.55180059892424
1.90900034411883
2.43186704803969
3.03513933322032
3.52211953483908
3.63482350480964
3.23310814871329
2.46100759429025
1.69594294721852
1.18705483348064
0.863622636375738
0.708062809943183
0.67283550198502
0.712450764315825
0.795468068387004
0.89156590190984
0.967902119898807
0.98053184033344
0.734965562953658
0.533746446849645
0.481316848381737
0.573995964739386
0.257092751388793
0.179728251170313
0.146123351945108
0.137092980677454
0.150312179164531
0.151026320910399
0.140214193041598
0.123467757034714
0.104522986760003
0.08780553410901303
0.0777486999493295
0.08067768597241591
0.11572774537559
0.232847212262162
0.510172034591025
1.04312495218161
1.85525878763945
2.88261281244524
4.00543656445636
5.07127096998988
5.91135781733866
6.37003953956301
6.34917323744554
5.84626111199559
5.03777517608391
4.16320403926547
3.28200750441586
2.54137541890842
1.98130156088866
1.65760106528633
1.56951347019738
1.78219985950537
2.37578646285234
3.50686210596329
5.37204872760193
8.00359278883386
10.8738214234529
12.5972042214298
11.5376725326972
7.65755925038337
3.20187231476011
0.892069207126841
0.350865425886994
0.228097541048754
0.208788368736962
0.233739577493829
0.286997283368782
0.357104700293538
0.427321107632851
0.495811193667699
0.424337494595128
0.361237231127192
0.409308289667602
0.604853218761114
0.202361175928902
0.109750876757818
0.07704291170304813
0.08202785619818856
0.132892667695682
0.183055852141926
0.202807100335579
0.213427107119406
0.215878689529522
0.215735273306665
0.224477784537372
0.264720360172015
0.401479388251769
0.744742642523842
1.0504978742311
1.22274548210583
1.40294250323398
1.62473997574675
1.86084216038588
2.05794118756524
2.15306649007944
2.09473715897739
1.86975303174861
1.52157689682648
1.17585010058158
0.904708466529641
0.70767333246496
0.584894676153962
0.520091832466998
0.514149664484654
0.581515767034085
0.773677134851968
1.15369679326509
1.83140091648817
2.92945638697617
4.46218427749383
6.09737581788108
6.99241225362685
6.22330822691287
3.9392045449632
1.59156222759011
0.451342632304182
0.176662231607082
0.113238156898398
0.103689325078489
0.118157928960662
0.149828031273608
0.194523668392911
0.244336407716439
0.310552979402233
0.309869639848999
0.314864228471104
0.432382241416536
0.741222294622889
0.195051288320518
0.106895316848622
0.09112951686799883
0.127295167313465
0.263379069735015
0.420930302129048
0.509920984384758
0.581506067078021
0.622237878664374
0.627832102186141
0.608092317739393
0.58673235109138
0.591263371396079
0.618196595956786
0.634443035602188
0.63931874503986
0.65492415888488
0.689360170864981
0.73320946794756
0.768074686884051
0.77358925355714
0.735177597124956
0.652033429917116
0.54025942600206
0.437188319931143
0.35869412602932
0.302516341332841
0.268135863638948
0.252249180768547
0.257598136606166
0.292868707236087
0.379083695163447
0.535060739779141
0.788179587707767
1.1552929236811
1.60287700270444
1.99761493897901
2.11788586019707
1.81403533892479
1.21641973227895
0.663351632756055
0.340894479590217
0.192797682066166
0.136209052833716
0.122291684566225
0.131773338695626
0.158309184296603
0.198327217898035
0.24592885436962
0.321089436589369
0.350603795459944
0.375171674705845
0.527534269993112
0.936153172626838
0.204357559192487
0.122459572059423
0.124826754356274
0.204138501253951
0.449413693554684
0.716352649138207
0.860216708142808
0.96155231997883
0.990006535871535
0.935662758815379
0.819507129066817
0.68574663264803
0.574816938541581
0.4999661219775
0.455200703114246
0.433167423133811
0.431145074200094
0.445062004373475
0.467122141506793
0.486728263102292
0.492693606499948
0.476777937727703
0.437582930958766
0.382194132543206
0.329052541069201
0.286915838219856
0.255610284504529
0.236028126660933
0.227576755289202
0.233210205907815
0.259893783074487
0.3217545350645
0.428443086452712
0.592015575842405
0.814417319922159
1.06698525706045
1.27218773736366
1.32257229689808
1.16165021170974
0.860060506009114
0.562767619424595
0.355207981487854
0.237263109725718
0.181210913837139
0.163361526451388
0.170589381870843
0.197135274716973
0.239470260810337
0.292038833234644
0.38233110522041
0.427209998037609
0.44771518126619
0.609436800218981
1.08656003043997
0.221786919457122
0.148440336832296
0.177590061975597
0.322743776262322
0.702199538331114
1.05390245695321
1.21421340815072
1.29366477127781
1.26018173794274
1.11940389008016
0.9179698918315
0.717652215001542
0.559397686610186
0.452251870924321
0.388069203978226
0.355387139334409
0.345491328887285
0.351445550055676
0.366270169025245
0.382309303831917
0.391808368882602
0.388674889173231
0.370755168943593
0.341094089485622
0.310239334984879
0.284406578839454
0.264612489241979
0.252429787610775
0.248550761856464
0.256103377645072
0.281707639221923
0.337206743497407
0.428897667777891
0.56365257187938
0.739113630209341
0.930458918493919
1.081627127069
1.12224718635743
1.01846067480011
0.812695225124515
0.591751749549518
0.4177200457701
0.305970485623539
0.24582549923055
0.223064413071844
0.228019137378006
0.255638254938556
0.302544272910777
0.363287249459678
0.474488829120091
0.530986651506162
0.531430738199305
0.689295091431826
1.23123474466198
0.2491845251661
0.189416497806902
0.26336810237259
0.511115520980614
1.03279120344217
1.40094485669499
1.5198160564516
1.52606913764506
1.40697108546079
1.1931026011603
0.945281983996889
0.721297472797846
0.550896557567268
0.436368016713948
0.366935662762455
0.33035415790222
0.316959208337082
0.319561144951919
0.332037621816357
0.348344119062938
0.362442934066846
0.369202853519679
0.365877612386062
0.353224409754239
0.337196455587641
0.322684035448705
0.311578439365625
0.305870278481207
0.307283871660354
0.319276002259166
0.349042418938651
0.408064502978616
0.501053265968348
0.632656538189567
0.798345455478548
0.974357967270796
1.11280214642673
1.15695830548242
1.07913314090665
0.908092765948927
0.709146483694553
0.537802724071755
0.416836491523721
0.345097054141991
0.313529686685755
0.314306682050912
0.34281826068373
0.395860468899602
0.467973332032456
0.607606076616704
0.671397462348612
0.630116823116112
0.770729720621955
1.38139179765249
0.287446625565079
0.248523306783997
0.392303289255593
0.777095674322821
1.38639083169068
1.66596707824557
1.69543195284454
1.61095677661854
1.42440474782086
1.17847830015067
0.927409370800981
0.712638490396831
0.551544338142547
0.442363446248204
0.375014222780423
0.338758511502805
0.325084345126397
0.327627958479116
0.341157456801608
0.360663608736252
0.38105963415242
0.397658962113751
0.407249344638532
0.409168289820171
0.406146428551999
0.402255416345523
0.400217373041699
0.402325853525855
0.411442917210733
0.431556993496694
0.47132581374047
0.543156681568223
0.650751002447621
0.797661290345891
0.977337192195071
1.16432520831312
1.31131250289431
1.36426253268261
1.29555884342999
1.12781054539993
0.919754762849861
0.727862644557805
0.582177251130897
0.488417649627466
0.441067514833302
0.433239839956437
0.46032406420744
0.519096089573777
0.603894619909627
0.776388069480521
0.838964950317603
0.733086759072623
0.84529897927766
1.52589102604706
0.336831529539542
0.326490334090677
0.564226960331106
1.0906377577626
1.67017670346171
1.7864969007376
1.72291531692873
1.57306218163879
1.3602387343685
1.12193414302258
0.895860054191824
0.7072659507228
0.56528594083077
0.467355863603354
0.405844609820818
0.372694718416619
0.361284139716473
0.366491040436037
0.384006067025883
0.409601877627085
0.438784053733777
0.467062843854325
0.490822720547073
0.508410196358148
0.519756156025966
0.528315399063106
0.537787968311854
0.550727574918466
0.571444828782034
0.604647450571106
0.661309184874662
0.755611464919702
0.890010659820433
1.06709120250925
1.27752262145676
1.49173531431279
1.6584606762925
1.72098311456922
1.64946124878806
1.46417367440725
1.22422183610192
0.991715098217206
0.805068936624789
0.67660866578883
0.603807990166921
0.58018696386987
0.600612460744868
0.661388282659821
0.756296564701914
0.958399955877732
1.0087114311609
0.824654592732481
0.904918828489462
1.65256511282056
0.396335932011146
0.418125145721919
0.754289109206879
1.36768413767892
1.79919768189868
1.76353635341935
1.64624634668864
1.47729227021636
1.27690577864666
1.07009774028472
0.879829993500004
0.721105836015516
0.599545402663784
0.513825041116569
0.459276007823528
0.430603666171414
0.423171979894866
0.433169874841849
0.457185609202966
0.491637748660837
0.532433626200664
0.575140238465222
0.615757045428451
0.651853487199737
0.680525455969446
0.704657666495786
0.729162094046966
0.756816303643464
0.793747850369138
0.845476929922998
0.925930904038639
1.05132168067343
1.22190892108286
1.43866075058839
1.68825894707547
1.93526475388285
2.12243698946215
2.18885877508426
2.10266694495684
1.88421561189989
1.5960726396259
1.30786571416478
1.06698766176687
0.892430163421117
0.784547711850897
0.736922294805205
0.743334731468235
0.798973528909366
0.896593519004899
1.11460811077066
1.14405431238209
0.888137709946069
0.943635025484555
1.75017123527967
0.463152654358075
0.509948365922088
0.909046366655085
1.50223482874056
1.75173092679989
1.65224822405295
1.53614195693683
1.39077622838157
1.22758827754216
1.06095122894857
0.905366962429286
0.771828047833434
0.666101512052757
0.5893374465189
0.539853297160856
0.514854909585795
0.511475339146625
0.527075725334611
0.559021207258471
0.604236212063876
0.658878227387237
0.718453961416241
0.778550985219837
0.836045024222885
0.884993744537388
0.927660414442173
0.970350284811649
1.01598262210017
1.07270952874815
1.14673462991367
1.25495815136014
1.41493919196617
1.62328747832403
1.87813856895866
2.16112558726795
2.43070771546739
2.62482120192254
2.68076708222055
2.5674404002268
2.30710220446914
1.96572572813438
1.61886524180204
1.32114717447931
1.09730163864289
0.950313426367738
0.873707495874736
0.859852801441839
0.902311785259026
0.992481535647892
1.20535678968018
1.21215935313244
0.911703059177843
0.958732693455937
1.81017783744592
0.532594593430681
0.582711260349787
0.971293175250842
1.44365876232829
1.58218716339778
1.52716703475204
1.4594148603643
1.36796478266219
1.25534543921188
1.12916296229961
1.00095263744151
0.882524558516816
0.782832910308921
0.706853826967806
0.656196419231041
0.630407634776217
0.628099550179712
0.647514412422512
0.686533527845374
0.742355714266875
0.811188053338978
0.888320690835796
0.968831874940605
1.04885762273939
1.11924513558358
1.18150631065109
1.24330397041422
1.3075297158738
1.38414737996975
1.47957008817329
1.61263801027191
1.80043152886495
2.03460605034228
2.30930640756264
2.60119430749184
2.86494709589079
3.03849444270841
3.06336690420787
2.9138589348229
2.61507294538027
2.23316040417493
1.84412183399094
1.50493004566827
1.24337850624016
1.06440113680678
0.96171516403855
0.92659950704285
0.951082366351162
1.02532968723026
1.2127763982259
1.20049350577463
0.892462904405851
0.950856439799585
1.827948050072
0.598790009912402
0.619850914132248
0.921826063940857
1.23963722563437
1.38030613637602
1.45484148976887
1.47194238812042
1.45920134039141
1.40839724868541
1.32097833321442
1.20866407811964
1.08857228095392
0.976996841287803
0.885490666678621
0.820179070304912
0.783094037823219
0.773924921952789
0.791226816985333
0.832855912579323
0.895840671216793
0.976097143381746
1.06844353081513
1.16724438998978
1.26769179743506
1.35741157559741
1.43696580352363
1.51499537911521
1.59410318522832
1.68527319455661
1.79432355268381
1.93987938036434
2.13597740871779
2.36924685122393
2.62980755248963
2.8915327045573
3.11038965154175
3.23160874853458
3.2081676928496
3.02388230000232
2.70577409034577
2.31451540264489
1.91867703953992
1.57072315461446
1.29762918995653
1.10528396576632
0.988245301967467
0.937772701765949
0.945209139840172
1.00011725991607
1.14929517138299
1.12046149839686
0.83650994900365
0.923436256244373
1.80319212788731
0.65607636021574
0.616552773428857
0.794163481617713
0.991838574283082
1.22281281322797
1.49144130624414
1.63425941538485
1.7359894622409
1.76757114461071
1.71822246648845
1.6014992462977
1.44755520314767
1.28894305172678
1.15006300884895
1.04423939068635
0.976085783261608
0.945256127580994
0.949245987068694
0.984698140477599
1.04758915868405
1.13294126298665
1.23468922551059
1.34615442560505
1.46122485078903
1.56450997551727
1.6553787779959
1.74272940243244
1.82858196486176
1.92368281892643
2.03236976991144
2.17038276430698
2.34654242823567
2.54452073432428
2.75230069570128
2.94517203456315
3.08659270613708
3.13565912164513
3.06136451846239
2.8579137391704
2.55122073873542
2.19060954985971
1.83029919517051
1.51231827443796
1.25932167306173
1.07720877183023
0.962110683168887
0.906589814371336
0.902473218755859
0.939499534813019
1.04577142641579
0.997384006124636
0.756037728129839
0.88197347950197
1.73974499003604
0.700522167021544
0.581804890134597
0.645785780729853
0.783329814865324
1.15896532023626
1.70412297913268
2.04618478211358
2.33449207645346
2.49125184255795
2.47563469283377
2.30702542879275
2.04888623421585
1.77160849715177
1.52533666740368
1.33411079753823
1.20319979581333
1.12859254112759
1.10336673316882
1.12047807056475
1.17323851981803
1.25480499705372
1.35765369364282
1.47365825419279
1.59497916033214
1.70361340404247
1.79750231136105
1.88491553008292
1.96707150198846
2.05316314180204
2.14548171011866
2.25479593931424
2.38416379645659
2.51828869763725
2.64638833623828
2.74969105796704
2.8035270633953
2.7833032816506
2.67346831635573
2.47567477092189
2.21106159897989
1.91428935782613
1.62231996240293
1.36420771893583
1.15649644402504
1.00440791464684
0.905939154768276
0.855742135572542
0.846896277897131
0.869773579709566
0.933298297666843
0.858066569335176
0.66589193840868
0.833342536237022
1.64472001320548
0.730811225501273
0.532134928000503
0.521029029040664
0.650995400492478
1.22855746460047
2.21243545473188
2.90640366628255
3.5292909584478
3.88672775443046
3.87002179454176
3.52603338636133
3.008421119222
2.47372404114635
2.01793835006471
1.67439247787078
1.43933419112259
1.29542949747145
1.22438905604826
1.21118852046918
1.24406494126353
1.3130674882191
1.40862290746812
1.52085173993297
1.63990787215913
1.74572543755683
1.83467351870289
1.91363058312648
1.98296001934705
2.04942688309611
2.11331098607271
2.1798074564896
2.24763994599394
2.30681147822165
2.35094331111463
2.36974084165736
2.35087858801593
2.28359620213168
2.16311245026723
1.99398438737268
1.79043016876517
1.57299167213105
1.36302323768012
1.17768757338937
1.02746986373669
0.916429191443281
0.843977098952201
0.806632039550586
0.798623252555462
0.810838984277539
0.832924675071586
0.723804750998984
0.580157282983867
0.784706220216602
1.52711497613186
0.748088788340967
0.483004434843564
0.43831841601778
0.601807444334165
1.49426786485126
3.25366652964342
4.60669527735724
5.83855698625484
6.48551435209275
6.31541363688903
5.49483595691131
4.40974300716382
3.38744475473094
2.58121983640821
2.00982761693126
1.63338009771442
1.40231390015243
1.27626018381789
1.22682314251783
1.23470160463614
1.28587639804109
1.36850236033894
1.47103482243933
1.5817551676528
1.67919669500532
1.75818365888601
1.82381075124262
1.87570185266361
1.91804693411004
1.94969315540183
1.97122664681743
1.97957110764776
1.97254157720371
1.94950628990683
1.90818339200805
1.84559599926318
1.75963619830957
1.6507274425706
1.52290849234583
1.38377526798956
1.24318372783781
1.11122049722941
0.996284215735361
0.90394652606197
0.836723872819831
0.794373238321469
0.774114387947481
0.770335601362874
0.773817827298747
0.754807791013872
0.608320258727591
0.508837885081222
0.741817507633495
1.39615710760221
0.755016564493296
0.443771541786975
0.398205474671043
0.637522433948995
2.07811203447448
5.26045113551814
7.81716756027806
10.0556325137317
10.9585506909541
10.1739885956467
8.27454838442011
6.14453587784468
4.35886333576767
3.07912453479216
2.23926786892829
1.71581611217975
1.40324070571864
1.22930860712135
1.14892930111951
1.13454783408248
1.16833576413486
1.23679477690586
1.32745397916109
1.42744713133371
1.51469374295589
1.58271139800501
1.63485244189309
1.67019830099386
1.69085679443034
1.69501902651256
1.68049276383164
1.64467593910139
1.5930078499675
1.52982826255458
1.45831497978361
1.38063446891077
1.29845025954984
1.2135121681147
1.12809560201912
1.04514635548517
0.968099705534008
0.900455911083209
0.845258911110376
0.804600253969594
0.77916333707867
0.767708023600201
0.766402100000664
0.768178553765319
0.762872826179208
0.701341779239153
0.51792518910974
0.456123551710234
0.707293652024641
1.2598880058668
0.75464865360547
0.41717412530235
0.394117857759165
0.767126662410305
3.18047615349643
8.82164310200166
13.2892238809266
16.7871310273112
17.440473993881
15.0981093763524
11.3103737672429
7.71163252829995
5.03990489285427
3.30376004838955
2.25004691684782
1.63082206391371
1.27476279694827
1.07862506503745
0.983682051377719
0.956867085484696
0.978598009944317
1.03529847254386
1.11490935711137
1.20463926869423
1.28271835530074
1.34176940600493
1.3837372123643
1.40733051172571
1.41335399337695
1.39995352489904
1.36395221821081
1.30437732352185
1.23203112100281
1.15427919421875
1.07685049261255
1.00368796272988
0.937245496279591
0.878948783495509
0.829640020633123
0.789918777902127
0.760343284596131
0.741471925753685
0.733715690707539
0.736949080475864
0.749812042931206
0.768697990000399
0.786703844109561
0.793431172363671
0.777162124858134
0.669945869074571
0.452614936364334
0.421011412662588
0.679735328097489
1.1244348927777
0.749625690245387
0.401110166010408
0.416431195830636
0.999147008924754
4.98762891242709
14.1280548702995
20.7652532616805
24.9256267703938
24.1012796755983
19.1961380045469
13.2003645326799
8.29758158185986
5.03824465735996
3.0956328631147
1.99382878069926
1.37890979016541
1.03798928185528
0.853989775650658
0.764760671758349
0.737422000182105
0.753824068617203
0.802261381417248
0.872541241951988
0.953269526809855
1.02397710935656
1.0768807856384
1.112920726974
1.13052518473757
1.1298948861971
1.10942014449455
1.06613988151513
1.00075257451439
0.926501473252048
0.851823707557473
0.782911641949048
0.723669849454602
0.676194815412236
0.641397227309165
0.619551311517962
0.610685451324111
0.61478671676294
0.631790333690774
0.661286433078299
0.701833065818098
0.749787640818747
0.797813210888419
0.833886777667103
0.84264425598893
0.811066395073852
0.654237586392134
0.407631463808738
0.398882675781372
0.654054027165938
0.994065852073152
0.741883711219927
0.390840952672536
0.450907528852348
1.30727087207042
7.30382838161466
19.6735443493528
27.230819007526
30.2685881483792
26.8940081534626
19.7131555448174
12.5728066889069
7.40457159390955
4.25307687064025
2.49184729582776
1.54073487388172
1.02956609994665
0.754233223833878
0.608922843588565
0.540012675767189
0.520423848713534
0.536096343971472
0.578560142801771
0.64042345855914
0.712621781834383
0.776861003841898
0.825418955096886
0.858551325033384
0.874452728034042
0.873155203957383
0.853332541607543
0.812773085410592
0.753294766465312
0.688156461821829
0.625522520276809
0.571006118485982
0.527881613627049
0.497786143894458
0.481471225663317
0.479389977608931
0.492049558235661
0.520099154900974
0.564090468275486
0.623780663425985
0.696814599602817
0.77677277496578
0.851162719312799
0.901135160235793
0.905829823314377
0.852809757307336
0.644149791067619
0.375252565900348
0.382710832360208
0.622993050957434
0.871737468491317
0.732825845656455
0.38123595354615
0.477982183160928
1.58826123253762
9.11058488790418
21.9706414395299
27.928197256705
28.4008524433383
23.2426808299921
15.9047157539301
9.61344468089864
5.43439421908059
3.02251508127162
1.72378987366743
1.04104972490889
0.681878582088338
0.49211105561928
0.394169347126117
0.349765972634169
0.340251277505376
0.356555200594969
0.393668940698096
0.447089734637489
0.510342941902518
0.567849747277529
0.612332739642412
0.643586167080897
0.659644911461983
0.660564757233069
0.645259444490188
0.612354283483754
0.564172819312376
0.512522624067381
0.464601516596729
0.425122004394056
0.396747856660092
0.380909766429065
0.378579628652151
0.390830721847188
0.419127634614107
0.465279535554684
0.530901487987245
0.616133614150737
0.717414135385005
0.824559640440448
0.918577225384941
0.973291104726819
0.964182879215296
0.88336702091358
0.626497171022535
0.346615410584632
0.36415143139503
0.579829888272406
0.75967611973579
0.723730478997818
0.369066864514636
0.47975510017305
1.690914017766
9.10122268925397
18.9084843937547
21.8623071893992
20.4057435351141
15.6115401321591
10.1997180263833
5.99508482864987
3.33717185925983
1.83967166641426
1.04213221897576
0.625373779810528
0.407518244310871
0.293700884978441
0.236442219873636
0.212578287710368
0.211216593419099
0.227545163889633
0.259313379081972
0.304309157536641
0.358282181693394
0.408430591118872
0.448186687727636
0.477070057103872
0.493107789577773
0.496453558374621
0.48627396995754
0.461945639892233
0.425916920450406
0.387956985173637
0.35403596222906
0.327974548267345
0.312018572918266
0.307652166888497
0.316309106819936
0.339862917208481
0.38083252138922
0.442160784782634
0.526272387164999
0.633031234573686
0.756481727370422
0.881272015934925
0.981449612377447
1.02569017555698
0.990994736423776
0.879174396184147
0.587923604083024
0.313828896536063
0.335788030101279
0.521736746761775
0.659645815659698
0.716107554711099
0.354556903616642
0.451988021641138
1.5492385874938
7.2253550583872
12.7509294471522
13.468161751598
11.6893671333368
8.52011158289182
5.43136299591416
3.17387959206583
1.77715789345967
0.990317678011564
0.567251655914142
0.343844391345079
0.226491009466273
0.165671372426308
0.136290569303804
0.12617122293657
0.129891746076203
0.145499281944855
0.172477996744865
0.210029772649184
0.255383452559327
0.29808706533601
0.332404841072444
0.357783104608877
0.372478563298934
0.376817140247113
0.370349941493455
0.353132580325772
0.327654703981074
0.30164769023087
0.27980715569199
0.265160607399037
0.259712772115086
0.265177196855137
0.283562742533551
0.317533032152791
0.370438083754576
0.445778839843021
0.545692945796968
0.668081360722319
0.802694937480747
0.928149176770458
1.0136751222827
1.02890618066527
0.959869139458886
0.821323335939028
0.520829589076943
0.272584448885625
0.294749435318042
0.451935119064461
0.5728720179679
0.711802081026692
0.34114145833222
0.407161941750699
1.25544396208147
4.78603669398656
7.1878875943583
7.00916980502612
5.73394251491385
4.03864368807157
2.54726778854281
1.50081701104941
0.857891533025439
0.490880876336
0.289028536380007
0.180112158408259
0.122310794922589
0.092828269084242
0.07986972339686618
0.07781487220071447
0.084484297955433
0.0995481734582787
0.123351871038092
0.155667006067066
0.194292237348701
0.230301959201226
0.258792821441877
0.27939093310035
0.290914174205705
0.294006367867439
0.288862160990004
0.27622656590446
0.258770013554212
0.24247889746544
0.23081084325685
0.226107625911829
0.230274702987871
0.245381291922667
0.274046713702283
0.319518790650203
0.385286731558248
0.473976665233509
0.585223980193389
0.712485196899285
0.839852473379785
0.94179918236046
0.9891783388898
0.961469223952295
0.859282647073488
0.707882280798084
0.429028431151271
0.224043186912053
0.24486274991016
0.378512706560996
0.499851977307961
0.712813510361569
0.333723928162523
0.36389733877191
0.956134698413293
2.87804522739674
3.69953777027654
3.35813140586072
2.60744491619721
1.78277013053078
1.11627267662477
0.666470106472819
0.392523659095923
0.233888837781414
0.144190933018764
0.09452311923483349
0.06806384527738955
0.05536909304155078
0.05150972813933749
0.0543673061142723
0.06355077425828257
0.07959131580364304
0.103086597611166
0.133573202590946
0.168314339750726
0.198776942403606
0.220934230454991
0.235027003239663
0.240973898785455
0.240006997201249
0.233345440056006
0.222477375778071
0.21045876838312
0.201867650985944
0.198987897075581
0.203618755897482
0.217751712582249
0.243988619496955
0.28557691660994
0.345823512561371
0.426723854162882
0.527073669625278
0.640579870173454
0.754391093742392
0.849053363164312
0.901937908862823
0.895177600266808
0.824522967636455
0.703375902633847
0.558894108412142
0.32732263767926
0.173913012681345
0.194182492332866
0.310353266101356
0.440286185210894
0.720932647879467
0.336975455019468
0.335916317810155
0.734606823588631
1.7216468530193
1.89894448537153
1.60779875380021
1.18298672154881
0.780697585729387
0.481706384952033
0.290324638429767
0.177134178353026
0.111714321652757
0.07393565114614387
0.05269926538366048
0.0419519541518252
0.03832571473955792
0.04026366974875447
0.0476012102416973
0.06112297938387653
0.08189951261251223
0.110205371669093
0.144086667859946
0.178380881782489
0.203480379076996
0.216943433717206
0.22074554618097
0.217051992970984
0.208136479251941
0.196702684469603
0.184881348170672
0.176113292059177
0.173711921584545
0.178874459016452
0.193132588478443
0.218944450814395
0.259861765587532
0.319901544635156
0.401360728706094
0.501109202914663
0.608305786973295
0.706861294723763
0.780249913296014
0.814816221656771
0.802287036004434
0.742806468820517
0.645662237414627
0.527149113031161
0.406734001672718
0.233592511811261
0.128820782405342
0.149857578105781
0.2534140096513
0.393202465598741
0.737337715680971
0.354709795088828
0.330179135258343
0.604290017065266
1.10682416626204
1.04779252941571
0.825368067168951
0.571222604600213
0.359132826530723
0.21463655526175
0.128601876275642
0.08117719881575411
0.05529088440238737
0.04067726965579041
0.03305859259166862
0.03087697216817709
0.03358270481878622
0.04165964268385652
0.05670709696320254
0.08099382997449142
0.116146498537719
0.160758571105623
0.20786348793859
0.24508186582143
0.259962920967359
0.255381568085493
0.238551397209547
0.216655375586999
0.193508607753616
0.173439972007059
0.158339827307446
0.151335836645346
0.1542139041537
0.167258765097495
0.192275252866718
0.232971709744101
0.294845807147324
0.383374055270023
0.498150926319704
0.623253956735745
0.726462523683352
0.780149648994113
0.778818883671356
0.732842120426511
0.657096030196875
0.564710696817181
0.465467249942497
0.367507827645531
0.278687245808563
0.159791344966895
0.09297712745872229
0.115249327664838
0.20974470062862
0.357196419137396
0.767339263175641
0.397688006847129
0.356474280491513
0.549312464761225
0.775574689343474
0.617910841327994
0.446514919860786
0.285310112349802
0.166605370955164
0.09321763181270548
0.053331103363694
0.03385532981270111
0.02534078111554944
0.02239092194733701
0.02337841771034371
0.02893234188827581
0.04106433592527838
0.0637300067872521
0.103226715494604
0.166701422311835
0.257024951603418
0.363911207772088
0.457417471609643
0.496585123463669
0.465722357382446
0.396007837124802
0.316069861829041
0.247396014008269
0.193796465641547
0.158150366176791
0.137473681420687
0.131869158622771
0.140563698138659
0.16333437279957
0.20347485985784
0.267931321486506
0.367134862667219
0.51116244636231
0.694732034466123
0.868418869338965
0.941287049295474
0.876337674107237
0.73648912599164
0.592099550101589
0.471207253640517
0.374722312887905
0.295977434967162
0.229785294691934
0.174306724915445
0.102233575600499
0.06401699024630428
0.08726701269177016
0.174619806056159
0.326931579410244
0.840744562407657
0.536353870648545
0.50418845985148
0.659990492258654
0.676403539318095
0.426589316803604
0.273708833807097
0.155963864276057
0.08102871445744968
0.03984600097369275
0.01963143884622179
0.01079236574725577
0.00823313444986464
0.0106123595331099
0.02030363568796778
0.04398757627980427
0.09631913139398518
0.207781334788756
0.429405361050056
0.820163550599053
1.39378948544736
2.03031518276312
2.44123918994849
2.32808485663984
1.76823102330087
1.15124362876304
0.670774906868996
0.386803641513526
0.233748808547451
0.161469937743112
0.130777764090467
0.128494277109074
0.1491462435384
0.194330711755249
0.274100234507942
0.407790348481552
0.625156937547328
0.957130336338062
1.38723344084558
1.73059953365015
1.60140030343376
1.03450932659523
0.581191407920716
0.35071524814776
0.238207350554867
0.177382259612848
0.139330031368277
0.111594247010242
0.08907690151031604
0.0574450093836123
0.04149846822145708
0.06554262028441217
0.146497413178789
0.297722695637847
0.937765479320732
0.819113638847597
0.924010440783219
1.17911242771081
1.05880626857733
0.620133180942043
0.395164166799798
0.228334616299875
0.12247116381175
0.06295340756699924
0.03233111279343157
0.01770105086021916
0.01207792906745301
0.0130742421756732
0.02304595754466325
0.05207175813544231
0.126993660505232
0.309289395027815
0.709117268289147
1.45462523071946
2.56004200835479
3.7356406644152
4.38678237044725
4.03326215914058
2.97703923865063
1.92155658804886
1.13792873029665
0.680154261791833
0.432092367395102
0.315924897392507
0.272593625160171
0.28600303934801
0.351882803855291
0.481073486893949
0.701843720535923
1.05835085251879
1.59837357603495
2.31459861222097
2.98733865615874
3.02556552342763
2.01089217293615
0.905817544469635
0.40959972848548
0.227740082578763
0.152787804084134
0.116816633322008
0.09687336911603689
0.08385879454848352
0.07385299128825287
0.05895419395212328
0.05440438752605269
0.08246316304492948
0.157999260741489
0.29580275725378
0.985389600802362
1.02764183812566
1.25771286571881
1.5837291600168
1.48623581835455
0.993972734655045
0.704990859359147
0.46112975437518
0.282845367726005
0.167089947857279
0.09925234955707052
0.06357970901018403
0.04718467063041301
0.04070494401663311
0.0408798826400106
0.05126955966885539
0.07925354227597704
0.138865375220951
0.25224112015855
0.44068009193151
0.701919143837732
0.989320925009526
1.22393933995681
1.34249628801512
1.34573568320335
1.29154565375951
1.22459685348711
1.16676988269011
1.12343280756832
1.10684992444304
1.13919068327741
1.25743210946605
1.48196202089404
1.83368050995761
2.3270390439011
2.94296976698972
3.57509767395803
3.97556935053935
3.82201899550137
3.03540408352468
2.01526090073254
1.20138607834618
0.691694426486356
0.417933499917438
0.279670190623142
0.207926711373258
0.168241801056632
0.144670340246877
0.129704019604225
0.113960094555435
0.115697309985341
0.145999174087627
0.206917894816552
0.322040109681943
0.975307041579174
1.04609660063944
1.20526384243205
1.38006706194802
1.33910120382195
1.07293866354981
0.877072849856845
0.676281850674881
0.495531338450647
0.350167108370683
0.243886715435849
0.171518918711911
0.124907251884415
0.09815084052137958
0.08709349860616643
0.0887480063728753
0.104538678620017
0.140259403965901
0.205578345783771
0.312921816542477
0.474176208662593
0.696657074256602
0.981693790652117
1.32694130148156
1.68476958309058
2.03624973186751
2.39067823688821
2.73300628138264
3.0801623064131
3.41734725942717
3.76456205439369
4.11519518808147
4.45072532525648
4.77562018007035
5.05956976516109
5.23113677480809
5.19272642967153
4.86689554622888
4.25883214296703
3.47639338528437
2.66709030810731
1.95225223040772
1.39964649870393
1.00605776210207
0.738934831241687
0.563055829412937
0.448548056864537
0.373859382819396
0.324868518800706
0.272970468333338
0.254970709453027
0.270044319151885
0.307969070961392
0.392198003020175
0.484514132778724
0.551814844721453
0.717168246052904
0.965706089579487
1.28781033524368
1.50647456444128
1.63182750722119
1.75839416436315
1.88902091631137
2.02854706321102
2.18185931573749
2.35713487129716
2.57732334946945
2.86450294782621
3.21653063066673
3.64619435489031
4.14769147864476
4.67345694348292
5.15124877796981
5.50030109812659
5.64416985583381
5.52553422507522
5.12593038799928
4.48497991016368
3.78148942594497
3.14145502178368
2.57317012115582
2.10740095886686
1.71853356337327
1.41954708354614
1.19818053242936
1.06892729067389
1.03471709787644
1.07387952705632
1.16742658877576
1.29335636873589
1.42464298470575
1.534361337823
1.60600340559889
1.64001690829732
1.64769545427383
1.6447276906666
1.65237644247643
1.68065112889422
1.72806135090782
1.784724229854
1.83182312225576
1.84623337858559
1.80965605685224
1.61138787520401
1.13690603073949
0.789604751691868
0.621476033440952
0.604593963781744
0.351134885293314
0.330664264824088
0.373246279247416
0.441166230661423
0.504744159084324
0.506430109037179
0.490424044780209
0.465461358303577
0.439424895007437
0.423525131864872
0.431436998454142
0.477690531931952
0.574898991482828
0.75425715988695
1.09893348526225
1.68800450578666
2.5519526608033
3.65513779449304
4.88735875938546
6.0763418383647
7.01174894289726
7.48068007379346
7.32788259917469
6.53744914760816
5.42240208763513
4.32293807231015
3.34362112650027
2.5790418943819
1.99502347388876
1.60179254405615
1.36881385060269
1.31254053435659
1.43253066849743
1.7192838197246
2.16026963497938
2.69229783407129
3.16030487517353
3.3430972583816
3.09040226399871
2.48396029302849
1.81195511707384
1.29753148379437
0.970951622089878
0.805068404160501
0.754686617273129
0.77810872044612
0.842928996650874
0.91873350703978
0.975226468724972
0.964859826417435
0.721886532821164
0.524525511166594
0.465758687226092
0.548426469870166
0.260080012242792
0.181493406126483
0.156593867237192
0.16324467338377
0.195064020751589
0.204872612633649
0.196103026251266
0.178547697587863
0.156676575950603
0.13674593002248
0.125913185920477
0.134673390636643
0.185070727488411
0.321495637092501
0.610752729061854
1.12556151746928
1.89554865158659
2.88752778945048
4.01477790914471
5.14334513816524
6.09723331027012
6.67805433598163
6.71474355615252
6.13619025804121
5.1538192151103
4.10784635304614
3.130728557044
2.36761536300746
1.81420947953686
1.48883272227278
1.36823946721282
1.49635448863374
1.92411149645276
2.75862101758224
4.1450493876798
6.12420170722234
8.34403123544412
9.80233055981145
9.2142303925827
6.34727393135439
2.98394956559399
1.1011860407022
0.485486702232691
0.310701698201929
0.270836929289921
0.286853387714474
0.334474550566478
0.398518515614823
0.461274811444423
0.51682173633692
0.435932499312553
0.362294692766452
0.392123323050379
0.565877691616058
0.203766256547816
0.109474899105334
0.08177885080773323
0.09462566108481928
0.158984437228647
0.220618448582588
0.245428192689524
0.258483153258639
0.259923280991457
0.255218547249774
0.255610955512625
0.280876867535786
0.36889461465505
0.555452276429582
0.783933038140326
1.00070912599776
1.23389935021419
1.50245579606095
1.78705710435968
2.03976987910833
2.19582102556845
2.19410581733721
2.00782909999874
1.67121886331816
1.31428363933596
1.02152737178485
0.799234935137706
0.65161281693987
0.562165557709894
0.531694798555067
0.568915128975883
0.714300769961543
1.01460221760706
1.55222837642
2.4230291985279
3.64835690591021
4.99526167550118
5.82795459673511
5.3777410415967
3.60475759370151
1.65357187455133
0.600649216684989
0.259083906336217
0.162658717038886
0.141467947401232
0.152377252444295
0.183543537953171
0.228357501766594
0.277552800673073
0.33949353995576
0.325849360566796
0.311335118621362
0.399167742021345
0.673784611838497
0.195635370360054
0.104650544043026
0.09136135464893569
0.133144095497736
0.279008204936151
0.441885260583307
0.529889359263561
0.596339825390353
0.627797023553627
0.621165611800811
0.588037894907443
0.55220551411336
0.53608802423693
0.54163279330956
0.555721298185526
0.577786671375608
0.61641282005754
0.673023219635939
0.738195127698386
0.794235744346162
0.819953525376522
0.798238400871345
0.725160953199171
0.61499242857801
0.506748809631585
0.420182276246205
0.355065999309443
0.312362610723401
0.288690797125116
0.286810068322039
0.314047221628932
0.389165456334266
0.528110634482808
0.75407648017517
1.08251367294071
1.48838682317674
1.86322556100194
2.01642414737222
1.79806030842784
1.28566887907239
0.760515437420251
0.417754152546285
0.247970927086716
0.177663485948858
0.157242800665276
0.164935686105751
0.192393722182529
0.234615793775853
0.284394098832315
0.35893022365426
0.368636927675008
0.360371680290218
0.470544744278875
0.836315731568312
0.204563991315126
0.11873752733174
0.121757131840271
0.203867244966993
0.448488861440267
0.703945777190357
0.835096734243902
0.922415985802441
0.940570952618283
0.884057483748354
0.774484004481616
0.651259476093246
0.548269135607149
0.477938222402392
0.437970269430048
0.4236940648085
0.431252354713763
0.455469089406516
0.488337373106886
0.519043464292385
0.535560120988365
0.528153210808412
0.493800692956167
0.438681461465443
0.38220049082076
0.335199665057888
0.29859637441259
0.274131794962302
0.261195521103273
0.262845366413584
0.285492283086142
0.342497704249453
0.442577927485095
0.596531594242624
0.806663318462103
1.0488007689937
1.25506070215579
1.32671205553982
1.20191296802895
0.929259691285336
0.637380824369824
0.419215338440348
0.28877630120831
0.223911053177793
0.201611418686541
0.208078609149926
0.236681331968992
0.282973529822373
0.340108170119913
0.433257173935626
0.450909783690536
0.424665602495301
0.535433933072686
0.964819426829168
0.221720342678455
0.143228541623308
0.171110908486991
0.314918333968536
0.67619322303684
0.996007588869593
1.13521967651376
1.20080671792585
1.16818032618379
1.04403519579522
0.867763965255242
0.690566305758957
0.54784969035022
0.449842450202596
0.391459252804013
0.363868194159233
0.359420312328176
0.37147760750878
0.393113415423424
0.416421913823603
0.432966219147295
0.435596155330158
0.421056063166264
0.391750289342978
0.358781081016234
0.329715019186422
0.306293244467182
0.290674208740755
0.283575444276913
0.288290500892879
0.311204712608689
0.363899536015056
0.452307760771663
0.582780291046377
0.753429608945007
0.94205893809472
1.0974067414127
1.15244739912931
1.06914556253687
0.878676651804641
0.660634833327593
0.480392873692882
0.35997893310048
0.293205323831606
0.267235858031858
0.272484948340729
0.303661945517355
0.356900321325614
0.425502484755336
0.545011911500611
0.565406422282009
0.502050132659478
0.601596913053372
1.09187232228379
0.248874404265255
0.182523677443931
0.252957376212267
0.493478592495181
0.972752202990228
1.29341469036349
1.39251064908223
1.39610068688815
1.29502955838942
1.11357792019706
0.900292883163752
0.703188345888565
0.549514594497353
0.444157416933531
0.379970500755367
0.347217405589215
0.337629757530881
0.344632743939258
0.362268125824644
0.384298256230869
0.404131670082066
0.415798425082354
0.415670821755455
0.403941339425806
0.386817474667886
0.370165137203483
0.356435636241278
0.348081019554912
0.346884420118139
0.356495768745033
0.384016524827086
0.440868025876141
0.531626879300988
0.660647978114352
0.823800364997578
0.999111479702605
1.14170396563998
1.19667651850908
1.13345945625257
0.973888631657543
0.778451549926105
0.603685335786086
0.476721943123417
0.40002869562182
0.366433245601211
0.368876037901734
0.403112457437245
0.465944890182846
0.55080523473307
0.707720802833467
0.724375883532945
0.597195140794479
0.673213792325796
1.22872021597541
0.286889373320644
0.239728330913388
0.377234062708706
0.746600032845966
1.28788918517105
1.51932640125697
1.54077037985126
1.46960036300213
1.314423974152
1.10739856215669
0.891465908999543
0.701940069026116
0.5561285874089
0.455330560071738
0.392722623776302
0.359864317709911
0.349541430060806
0.35603403524494
0.374323280392313
0.399261853217492
0.425288566767354
0.446973471407057
0.460289053790892
0.463982509031458
0.460782233240509
0.455547819223582
0.451510253969204
0.451374643007283
0.458078251745797
0.475797690753891
0.513105568852747
0.582367782506433
0.687253339549445
0.831076668590539
1.0076613288168
1.19314110144487
1.34284518559296
1.40448838738948
1.34857825663007
1.19241352991224
0.990216463842675
0.798166501047224
0.649203207073223
0.552383073231303
0.504515289739839
0.500158994552697
0.535743480862479
0.608658682081281
0.712420484749727
0.914478556032474
0.917886004053409
0.701343840700508
0.744758009172901
1.36732691248452
0.335958468767636
0.315347536832364
0.542236906972818
1.03998728276015
1.53328076158171
1.61807362869694
1.56228241080432
1.438416428483
1.26245341020185
1.0619856361481
0.867142453131948
0.700334934171484
0.571775949097928
0.481623938905427
0.424873659868784
0.395338309656981
0.387547029244718
0.39700701616854
0.41965941429541
0.451187924820376
0.486666841328103
0.520882692813755
0.549376268877731
0.569805814438337
0.581847680311793
0.589659419971657
0.597458112483269
0.608194426615599
0.626237938779531
0.656442802338027
0.7095688176727
0.799606043860669
0.929046435320338
1.10023695049387
1.304335066171
1.51365933920038
1.6800992409478
1.74944754095767
1.69090302800655
1.51992946627432
1.29044542388925
1.06269505467788
0.876785369145689
0.748124038561278
0.676977270411252
0.659004639659635
0.690811297642241
0.769949941697958
0.889754698986648
1.13361854857729
1.11450876933293
0.79953798683637
0.81013407728498
1.4978817767748
0.394980697553601
0.403656692548728
0.719533143488778
1.28320672746493
1.62849802523718
1.58809190059538
1.49143461115662
1.35454529353409
1.19038120114985
1.01703136026534
0.853268981030693
0.713168412225987
0.603665101867609
0.525575875723125
0.476230877812542
0.451836036815838
0.448760615423685
0.46381010994982
0.493862345598198
0.535289915611607
0.583585077083596
0.633557066860686
0.680261807090565
0.720415428028649
0.750587268855661
0.774336016871048
0.797122028943983
0.822121133607443
0.855444988171362
0.902668905737809
0.977197241138182
1.09472225972758
1.25567541949318
1.46083178794531
1.69771700763731
1.93359322302229
2.11560548332798
2.18669443216467
2.11499467769513
1.91598116080582
1.64566074144785
1.36976674708879
1.13585418156437
0.965554873946545
0.862369232973116
0.822653439200622
0.842526033290053
0.918894943062436
1.04436039116953
1.31007724655404
1.26583759836085
0.873937853376973
0.863670405614093
1.60997178986938
0.461054502675957
0.49068693972032
0.853593464163783
1.37422985166696
1.55951919455525
1.47882038476018
1.38924758695822
1.27591620169384
1.14511027122187
1.00706015284554
0.874092890793355
0.757010787280373
0.66268866760614
0.593863201243923
0.550363867836706
0.530610734370539
0.532633820881418
0.554408555279662
0.593631867552868
0.647221189356465
0.710916385971631
0.779392551971664
0.84713470574989
0.909932899150385
0.961017364460973
1.00332710087494
1.04374449229315
1.08559453832179
1.13685718154747
1.20364677356606
1.30183243200477
1.44799265279995
1.63926977257324
1.87383998745782
2.13488989228257
2.384862565493
2.56774256728592
2.62623837354327
2.53007332228913
2.29622564531552
1.98238364864508
1.65785126318075
1.37554039495509
1.16202791622226
1.02353953411664
0.956812996837737
0.956926208321453
1.01932555861371
1.13534526753256
1.39115217445787
1.32931366508873
0.910235163382923
0.901039551740107
1.69397856577496
0.529479011126104
0.557736914697921
0.893657164628549
1.28459915627293
1.38831476869371
1.35994344294028
1.3166227130474
1.25230384657741
1.1664726226132
1.06424927575539
0.95577722848989
0.852669368324696
0.764542485007181
0.69742663920789
0.654027941837466
0.634868385380158
0.639367003260883
0.666387349458808
0.714193409297969
0.780023170327144
0.859662042883742
0.947476475430411
1.03724440128364
1.12372814060707
1.19662558711714
1.25814413338585
1.31653674503287
1.37511595233088
1.44344242392237
1.52767460388788
1.64499171084051
1.81107082701257
2.01885954634731
2.26311672944228
2.52311928311569
2.75898579512118
2.91617251218419
2.94265443343434
2.81386103151122
2.54905238129633
2.20463453514142
1.8483378236826
1.53359269244493
1.28899809964024
1.12247151015822
1.03105902465387
1.00882714621186
1.04957270015879
1.1433550565463
1.35997660425897
1.2928893777364
0.903187139991537
0.919867675192928
1.74243619317659
0.594531061277632
0.590456419117329
0.834153361221636
1.08299798377156
1.20441139951752
1.29418072249899
1.32600196371662
1.33075187256467
1.29883441619698
1.23017418949978
1.13524397566615
1.03047265358811
0.932023084515993
0.851725309785097
0.79623027332468
0.768224453950209
0.768090984569879
0.795027183986286
0.847356446288117
0.922232950790119
1.01518410328581
1.12003698138415
1.22966292309951
1.33757533841306
1.42993245349988
1.5080272899043
1.58109585510364
1.65219804577763
1.73166739997191
1.82495620830325
1.94847877610624
2.11475432470805
2.31291374883905
2.53460565861591
2.75746270517752
2.94392151088686
3.04721798505022
3.02658950286464
2.86650825767381
2.58775158101743
2.24078322218721
1.8850519500384
1.56833699337456
1.31742405481248
1.1405984767983
1.03546720273407
0.9958548901886
1.01459835598158
1.0811257723109
1.24322167201141
1.17814192158805
0.857601641758714
0.920009811509831
1.75114710721614
0.650873420041635
0.586792802424161
0.716224747989071
0.868641620494792
1.07709338222873
1.33488021304623
1.47495150612007
1.57758229439191
1.61483908805105
1.57623263088096
1.47450105367751
1.3380900992987
1.19760630395901
1.0759574766453
0.985776936161136
0.931740498320287
0.91405907448442
0.930983420235889
0.979833449519386
1.05692170064023
1.15702695816848
1.27312275512782
1.39692147049482
1.52037962948565
1.62635918665789
1.71501168591796
1.79585258537844
1.87143146555891
1.95167737349837
2.0405894893493
2.15147133228131
2.29202070799755
2.44984284049098
2.61542945741355
2.76854666218675
2.87910272916419
2.91321077248209
2.84461221709159
2.66714923852078
2.40064532126955
2.08515005901858
1.76646657950994
1.48185115540776
1.25309388258877
1.0877010377185
0.98420690388494
0.937245837848718
0.939793422371708
0.981521770893899
1.08789141533031
1.02234131079144
0.7851707232723
0.90361844429333
1.71986281561991
0.694983281429045
0.556904468276015
0.591882834672722
0.706309206775494
1.04921670953953
1.5490661099172
1.86038791043482
2.1195212134323
2.25621029924561
2.23614805561822
2.08031650421542
1.8480063468711
1.60261631996676
1.38820198509924
1.22543187481898
1.11872677407269
1.06475032410839
1.05785367138836
1.09224712044245
1.16207767013498
1.26063158088556
1.37964386248019
1.50942579718314
1.64008595626046
1.75166332929357
1.8429380049385
1.92285686913922
1.99327505420174
2.06256195917687
2.13286546205483
2.21274177850788
2.3049703675255
2.39936940365013
2.48827096868364
2.55725184585372
2.58688762794505
2.55747172417769
2.45604500300772
2.28296238603244
2.05415917109354
1.79707611764958
1.54213648590986
1.31441679461165
1.12932360780246
0.992881784264947
0.904642031356502
0.860667018922093
0.854827556440002
0.87760288572492
0.934270738101624
0.859319384770793
0.700162567631956
0.874983043287033
1.65229611458803
0.725885184491451
0.516120123630097
0.494743032695662
0.619199607661874
1.16282812440155
2.0640334179252
2.6819177453564
3.21765434681035
3.50143158349144
3.45041813185745
3.12054843309687
2.65332762532684
2.1839849359754
1.79149137675778
1.50109251478235
1.30779907449154
1.19633251032543
1.15131932198606
1.16034573449572
1.21348041809365
1.30160707186936
1.41488526985968
1.54213549307993
1.67152107240624
1.78088752374199
1.867466422515
1.9388988062682
1.99629551744359
2.04575933236604
2.08772981848056
2.12577084247865
2.15930490739853
2.18395893275718
2.19643113630917
2.18983749554443
2.15521246099484
2.08431381765869
1.97307433885613
1.82436054553108
1.64856069781313
1.46140286164369
1.27991479519335
1.11844703816346
0.986388687982056
0.887961513235061
0.823315817810579
0.789728524008302
0.781937836780807
0.791232059526845
0.804961054789441
0.711184357817461
0.615854483037746
0.839819864799577
1.55531179851819
0.744885596486302
0.477568840423872
0.436843559599373
0.613302473741651
1.49892771007895
3.14886138223536
4.35331226152983
5.38508481853349
5.84806035462486
5.58852613410805
4.79779228238002
3.82315275931493
2.9347129050935
2.24785398855281
1.76842906191661
1.45826141482972
1.27434042438866
1.1828437553509
1.16041329896606
1.19111618746981
1.26276506378416
1.36392476118771
1.48219251205601
1.60408098212068
1.70596495890308
1.78346490458644
1.84249800276817
1.88349908902718
1.91025096465706
1.92205639197868
1.91856653628927
1.89816343636502
1.86404914710725
1.81809840868048
1.76015173389591
1.68878028555313
1.60257896534005
1.50157443528711
1.38824959029397
1.26775383541065
1.14716509422831
1.03409234088996
0.93519672500067
0.855159181647087
0.796274104051642
0.758451169690901
0.739207788400861
0.733349513773345
0.732503613762679
0.70756591764353
0.588693028799383
0.542012587174635
0.803796292990947
1.43745246620682
0.754600333221072
0.44873376362243
0.418399258151061
0.700002369483887
2.23059184383536
5.33688169370918
7.6420072166095
9.47158161845324
9.97818303015009
9.01157566008768
7.18809379282823
5.280894529835
3.73688855892292
2.65208337003835
1.94917644078161
1.51641577875686
1.26344879792268
1.1300122184996
1.07907636103823
1.08810899367315
1.14209478529919
1.22861512644489
1.33482406342456
1.4463791936285
1.53899491943626
1.60678105384999
1.65388688914161
1.68017896952698
1.68760364275028
1.67499966573979
1.63982384578286
1.58130999904779
1.50957882978634
1.43072576286645
1.34891879287984
1.26661613491185
1.18517189116348
1.10552567808419
1.02876258041211
0.956419740913497
0.890500699638216
0.833237821743136
0.786696788460224
0.752316012816538
0.7304134787625
0.719624292864027
0.716264803368387
0.713885740129304
0.703783723866077
0.641128102779083
0.494464080394663
0.483700549619956
0.770679124265346
1.30731299872657
0.757864314929388
0.431486606027866
0.43553128174665
0.906414063862793
3.67638233242195
9.47197380329979
13.5784020177609
16.3192663508117
16.2086834622962
13.5331269081551
9.88462961623586
6.64373374334899
4.32249532860602
2.84378727474529
1.95638483904076
1.43942457845405
1.14627974016795
0.990389500377705
0.923184526644989
0.917546590723654
0.957204444609043
1.03005287564273
1.12401767240592
1.22509628875418
1.30926502350251
1.36939756901375
1.40809790752376
1.42473459052824
1.4201154728895
1.39308977888618
1.34049929939192
1.26325285135577
1.17603226180186
1.08733669417796
1.00315810569871
0.927086293631718
0.860876398280293
0.805115447709001
0.75979311427272
0.724706756374255
0.699689103074149
0.68465680561821
0.679462791335868
0.683513007211544
0.695104743486825
0.710524075147144
0.723223292784943
0.723952006030443
0.703165578782449
0.600736422535207
0.425988758499404
0.441519129728191
0.740883187853822
1.17236411574131
0.75699839718852
0.42347886678721
0.481104682316507
1.26515778552613
6.22995048745109
16.1683838651107
22.3691087275067
25.2609325958804
23.1213432463598
17.6262164791486
11.7547309061253
7.25767919830975
4.37621932053889
2.69368391960935
1.74986200652999
1.22689262326549
0.93986957031621
0.788938350840403
0.72177535542331
0.711029537722695
0.74161797987968
0.803294649883539
0.886016852511618
0.97737966988349
1.05462072514637
1.10978960889806
1.1442605954253
1.15691977696297
1.14803879910556
1.11665268216338
1.05999036797785
0.980487537450977
0.894605611864064
0.811542337044867
0.737413923052725
0.675553388834149
0.627302238104664
0.592831208011654
0.571775247543617
0.563632367083074
0.567937039787506
0.584209478047995
0.611638710909199
0.648417940403167
0.690684765080228
0.731263879407947
0.759028069599316
0.760535993351218
0.725522000945186
0.579397086381966
0.377799864713334
0.412533871065261
0.710990751093205
1.03853385447519
0.753613335173612
0.419787424032998
0.54040817325716
1.76306628067509
9.84426815026439
24.0449145261188
31.0660107780975
32.2099489371591
26.8904308726302
18.7563041238912
11.5502670938673
6.65840148080645
3.78663750799405
2.21643460670187
1.37860070901761
0.931624149228904
0.692990180332639
0.569770803393207
0.515525259692728
0.507186063803844
0.532970047708632
0.585568862607185
0.657768230936216
0.739661256963613
0.810671463286373
0.862506270962407
0.895600065398462
0.908365770367142
0.90090042758222
0.872391241176979
0.820855578803434
0.749631601030528
0.674730262631515
0.604923535427946
0.545666016526979
0.499663172286658
0.467868315103695
0.450398170164259
0.447171030106438
0.45824284014496
0.483852821457772
0.52414788048616
0.578487942947091
0.644211425794669
0.714894868799872
0.778694378442226
0.818418351050232
0.815863296021044
0.761395952236173
0.568133158416239
0.342947341641449
0.391035210392707
0.674588023628533
0.910400854819156
0.748866510829681
0.41500355319522
0.588725473451937
2.25804344379603
13.1246209684137
28.5186209334869
33.6773834074982
31.8020947123272
24.3630899400575
15.8144212641124
9.20237184606105
5.07655885076039
2.78649515658359
1.58216160822014
0.957755211294552
0.632162719437956
0.461746386601729
0.375614938059858
0.339346183251188
0.336553990271984
0.359563261878279
0.404173138875867
0.466054539270418
0.538073903382702
0.602466084495335
0.651070775845598
0.683629680999775
0.698157002111549
0.694727392402282
0.672601544688203
0.630601732406394
0.572340395555059
0.512056685696827
0.457540421609428
0.413395034496126
0.381806826708736
0.363624483130065
0.359268073264206
0.36932068208363
0.394794062966785
0.437044230247932
0.497219958384867
0.575039603654543
0.666744436795082
0.762508272767864
0.844633148295372
0.889302624619198
0.874837624258981
0.795276861915919
0.555789050876973
0.314061998447501
0.369220122865537
0.624817061545761
0.791562614069919
0.743913749008907
0.405878896127985
0.600929377982375
2.49344277077086
13.752830210192
25.7307528749144
27.6357733502709
23.9662027210386
17.1746358486749
10.6442801869863
6.01696352650038
3.26170303326582
1.76907409157884
0.993933217003182
0.595315506334607
0.389218434190956
0.282730727317171
0.230337455597815
0.210267507884609
0.212608999401159
0.233300574226323
0.270645304555444
0.322630482822356
0.384554759476209
0.441609080360445
0.486151991616647
0.517474661098138
0.533373875739263
0.533963354250413
0.518583808628253
0.486746165110625
0.441961749589685
0.396186619276247
0.356027972853198
0.325297485159274
0.305879511550666
0.2987768975021
0.304938214791558
0.325772226332901
0.363332181934588
0.420072689921714
0.49793602687056
0.596446322549053
0.709739876779514
0.823360912837171
0.913252726661265
0.950580862020697
0.914274942255104
0.806272602664646
0.530310909636513
0.284485378760866
0.339136695613067
0.55841982338718
0.684798507836926
0.740257086085315
0.393315930674523
0.570687040018357
2.32376516192218
11.1824713863543
17.8896868804987
17.6394223650841
14.3019916894418
9.81079369769926
5.95125880882472
3.34841073230758
1.8244018547917
0.997850509962807
0.564780449526292
0.34011103117609
0.223639155388406
0.164059167043395
0.135980701722072
0.127373046026567
0.133126562267376
0.151694852319142
0.182987063663148
0.226457883751321
0.279087795340769
0.328637308888639
0.368213322228662
0.396920064384746
0.412621760114046
0.415552126458973
0.405282337164587
0.381936317937206
0.348857321691326
0.31574637668879
0.287986087537015
0.268697250324922
0.259634602218329
0.262121956955194
0.277742627484331
0.308725822071614
0.357973533022782
0.428541247618156
0.522219905132775
0.636891692739789
0.762930330297947
0.880418494106483
0.960567848641116
0.974501420255242
0.908123268032888
0.774398058027583
0.482725202672316
0.249893831746538
0.296832412623429
0.479003402013233
0.591972987695719
0.739799629246903
0.382065373933733
0.516542600782558
1.88448960470269
7.42546738393165
10.2365770176627
9.40115082845525
7.25005555969561
4.84409633021138
2.92420454772914
1.66436196227946
0.926576667520615
0.519628475145744
0.301297735127267
0.185619332343083
0.125085413455285
0.09462799377618965
0.08157317451287505
0.0800480868795421
0.08794320280366481
0.105201989239741
0.132552733740409
0.170077151786821
0.215486374331009
0.258263214538055
0.292324955481685
0.316892004681457
0.330280336565998
0.333010203964395
0.325186097109125
0.307578059043767
0.283537950266574
0.260812886256239
0.24356200141803
0.234290248051297
0.234739530949133
0.246663911906802
0.27231116175116
0.314541652304998
0.376478725832876
0.460497826829954
0.566286659274791
0.687890670487114
0.810677769418999
0.910694864273703
0.959767845139366
0.936699896018305
0.839729393224673
0.691553187682749
0.41235327754823
0.209897236876152
0.245760934580173
0.396170628867776
0.513894850680491
0.744599313236919
0.378404741566011
0.465425388943212
1.42455075135089
4.41300932301132
5.28437911655459
4.56743464403099
3.38099363957568
2.2151919644106
1.33829308417717
0.776217453308551
0.446542688457097
0.260842584489236
0.15789168395138
0.101726611800144
0.07215299488726656
0.05803496443462681
0.05368043177451737
0.05670054338076219
0.06673785411297059
0.08457684435054762
0.111208654445461
0.146535468044781
0.187841489891907
0.225113145938156
0.253114759117694
0.271633706356674
0.280016286116329
0.279370495708363
0.270787640522946
0.255794247414095
0.238030102972361
0.223637387759125
0.215547742135782
0.215726006934723
0.226032545358261
0.248788685581159
0.286904157886605
0.343366379168252
0.420001462856957
0.51581339594215
0.625332852333724
0.737164391995117
0.833275053109986
0.891634625423787
0.893127774822244
0.830547747020399
0.71401356797726
0.569092021383704
0.328597411170906
0.168010979318551
0.194511594446416
0.320472495327684
0.450336794482813
0.756444411894089
0.387905987088533
0.435652424582787
1.08459165910495
2.58887589399619
2.69701678204559
2.19965920848555
1.56217969469512
0.999689093054703
0.6013586326091
0.355084302446094
0.212910311962073
0.131842381155841
0.08544199724127637
0.0594654564295042
0.04614123930910572
0.04119529362387196
0.04255834870174137
0.04987406296403762
0.06399673911313661
0.08628721084495668
0.11747783258188
0.156086910909383
0.197105381453068
0.229445182113657
0.249282712695925
0.258004411477198
0.257113290734779
0.248804025324243
0.235734630333756
0.220201766252995
0.206265646965285
0.198637745360663
0.199008908173874
0.20896835990493
0.230771351235866
0.267625948915892
0.323177141175946
0.399497823159096
0.493701617923977
0.596207180089668
0.693039547376777
0.769493206081571
0.812605956228847
0.81198609543302
0.764135065991377
0.674723781527607
0.557856538575035
0.433273538740516
0.24616811244634
0.129329861120735
0.150613017385897
0.258601185422211
0.400251760915685
0.776404285769132
0.414610966988689
0.434931783951084
0.882912793925502
1.62374500868899
1.46944612793306
1.1279838891102
0.763505009933689
0.471828932692774
0.278488484412469
0.165455552297453
0.103911147524151
0.0701754327037806
0.05042289899851383
0.03946274982758061
0.03532112249199239
0.03690916522038741
0.04430568749424973
0.0589570828027846
0.08320206724658062
0.118991902591893
0.165565812559347
0.216891269178271
0.261393165826631
0.285146331255718
0.28879412633104
0.278275006080939
0.259770111424763
0.237186877436143
0.215166510787349
0.196164194571915
0.184201052812345
0.182340085203092
0.191061250606818
0.21195409937929
0.248264717449127
0.304861804035493
0.386628360035747
0.493110645665764
0.609472754966891
0.706531902757457
0.76172505539473
0.770946225267367
0.740757415678649
0.680475797356929
0.599330289748282
0.505121647430104
0.40580418573461
0.310844781655301
0.177208454815622
0.09770405579977992
0.117179966041095
0.212311193388678
0.362094002687553
0.810028011263473
0.470771852779042
0.474105469461469
0.78613518988421
1.09700536374386
0.847090206552103
0.604866209577331
0.384348436349353
0.224645204835534
0.126446850608815
0.07292051108245828
0.04700290557333835
0.03614110309196988
0.0310985951659629
0.03029283952639195
0.03493086109121236
0.04624052708064972
0.06756352910072345
0.104628210773901
0.163964641208195
0.248300975909625
0.348827362973974
0.440010038373489
0.487190539339453
0.4741744384445
0.423839823386356
0.358740842208693
0.297228574536156
0.244379494568722
0.205364433667609
0.179459970509818
0.168527399124273
0.172900694533206
0.191923214161737
0.228062218730567
0.287083083415681
0.377838829929761
0.508973249035846
0.675964681989157
0.833912158036599
0.896877173828766
0.840276569778054
0.725059967419713
0.603813379566458
0.499013796939382
0.41126296021865
0.334745074185624
0.265764519933541
0.204384486541153
0.120122917460202
0.07145319371312352
0.09088559259794983
0.176047228129565
0.330201675430136
0.886770857788598
0.631841891577141
0.650137320656935
0.873426571305723
0.876304722040788
0.55261752898975
0.359929586478975
0.210545784062025
0.11344306120435
0.05819908262664784
0.02981658126585305
0.01642711636381796
0.0121085616404386
0.01642192871739275
0.03092952887402899
0.05851333873709318
0.11095980403293
0.213307145970842
0.404987987093224
0.726895387810251
1.17741829918501
1.65094034883849
1.93494735871585
1.84409545478734
1.46130958486926
1.03732767340035
0.687058042421839
0.454206846502079
0.308040163015698
0.226963354166045
0.186007036592444
0.176466969176264
0.193038910727756
0.234975675337996
0.309363556659725
0.430972993740223
0.622516313325166
0.90781336790128
1.2779517129631
1.60746583887307
1.54298172540555
0.964342390094711
0.549476377721346
0.354075643836087
0.257320480038751
0.202685466651241
0.165935207984438
0.136638451608451
0.110919907622304
0.07266175855892633
0.05073253555749153
0.07151470708304955
0.148022728470966
0.29981890799575
0.978707212044053
0.911862097827866
1.05179804353111
1.31317119324856
1.18052528030441
0.727042851486412
0.485389570109291
0.297480803731921
0.171136591904326
0.09518319415076983
0.05301165465605488
0.03032335170105652
0.01929323234789659
0.01882900786155179
0.03087966008203796
0.06159828791149324
0.132683384365504
0.292817002556543
0.62359607779486
1.20875537750735
2.02991585761953
2.84614566504893
3.25025038212684
2.98779708501518
2.31478274627153
1.64327435812616
1.11616079777648
0.770580022353439
0.552807365572259
0.432830931559037
0.378250285752018
0.382212139266414
0.440888227068918
0.559095934716076
0.754746307885209
1.05511616904285
1.48535941363243
2.02833825387053
2.52292540474774
2.58506394085741
1.79209139080389
0.767506241954801
0.368480991395374
0.227481660264723
0.166105482961574
0.135135206205366
0.11675209110627
0.103530183313787
0.09224948535565494
0.07401846011803903
0.06548504924199794
0.08995399714081916
0.160426636676998
0.298169417193836
1.0140078398694
1.08190166973556
1.30547662652128
1.59414483347749
1.51125602411052
1.0670151706551
0.790346841497696
0.542798681029907
0.349638916987381
0.21534992110047
0.131018499997045
0.0839992898874595
0.06249824286247362
0.05257008654132537
0.04745266797988146
0.0544180821572097
0.07882396748964351
0.131985209247465
0.233420739995075
0.403103756790142
0.641966165688627
0.912981254450214
1.15026989192897
1.2997229878422
1.35327339794185
1.35273645508374
1.33446848847579
1.31531152188919
1.30306379918365
1.30747822435251
1.34739944673386
1.45363699349437
1.64321568975974
1.92941207498758
2.31429150558972
2.77036247760462
3.20703355375698
3.44185741601041
3.25535347150818
2.59464925698383
1.77189836751678
1.13616708310383
0.691264268635806
0.437278962556865
0.306162607006431
0.236140552643306
0.196011963311312
0.17097025502651
0.15396658661047
0.133911523223652
0.129139742678769
0.153864127829073
0.211042306640262
0.325572735052259
0.990521733162372
1.06677843174988
1.21274572865259
1.36617057629528
1.33022110470992
1.08993858110973
0.907259084294866
0.713558712619414
0.532686809056116
0.381938679502155
0.268306272596771
0.188926855417847
0.135415482403958
0.10329010027004
0.09002869976340719
0.08951662288507788
0.102846685738311
0.135690900558057
0.197698499887976
0.302250097771609
0.463682909224611
0.693126586380309
0.99590966879083
1.37201062637264
1.76777788396749
2.15800716009946
2.54945398562916
2.92170384882975
3.28744374959341
3.62345038603666
3.94001893722239
4.21804339027758
4.44439609862522
4.63308413151122
4.77058674998287
4.81187888497452
4.69326840894166
4.36576085236672
3.83681598298178
3.18644567257039
2.5115238966605
1.88630476904328
1.39705660090344
1.03759642355144
0.783320366762416
0.60994767192414
0.493347277536225
0.414763292822402
0.361302377011506
0.301537701173811
0.273204962161896
0.281085177963216
0.314867313401762
0.396989077979538
0.496084066557081
0.572274716652171
0.760417019517517
1.06318156275092
1.48717743570562
1.78615639126213
1.95695491073313
2.12304773164824
2.28297752098616
2.43867181213349
2.59500288921195
2.76270612394417
2.96271659102438
3.2179965279187
3.54390806870036
3.9521014825
4.43449524194008
4.95061350045289
5.43455123646518
5.80592430952887
5.98116321943618
5.88984422766715
5.49927348927868
4.84027536862724
4.09808176978148
3.41210711277314
2.79634009398686
2.28718830270305
1.85827478015042
1.52449752831918
1.27216267830899
1.11658759157887
1.06184720190979
1.0842171092101
1.16422232349971
1.28110471726878
1.40997378082264
1.52501254153109
1.60780059225562
1.65391590614132
1.67127350593371
1.6745985122359
1.68040005061776
1.69865384859203
1.72984102913355
1.76562892038814
1.79014536834291
1.78457829803053
1.73474707505553
1.53327471647943
1.09083151567896
0.767018962452226
0.606888164267769
0.590400260496187
0.361473094047774
0.345176347708359
0.404680130948705
0.513057739266722
0.640273808117293
0.678744322766222
0.677713117047075
0.662194368381055
0.640994659897731
0.627904056426972
0.639602087611812
0.693344309044208
0.808182661880204
1.01954159496289
1.3903619796974
1.9821354791544
2.8212861187341
3.88220390015917
5.07881451177878
6.26378562609386
7.23489064533747
7.76063713301776
7.64698144419665
6.84518937731657
5.67765620966503
4.5157825790555
3.47821421042338
2.66502596018305
2.03847110189052
1.60817201759926
1.33832697306457
1.23906169102987
1.3043514720534
1.51611270943647
1.86052350746461
2.29098156132526
2.69422144672699
2.90121721168652
2.78037776041746
2.36057242840617
1.83143154555427
1.37900084630704
1.07382537808763
0.908320999295383
0.847918114819367
0.856953843254738
0.904412579972016
0.960858540807611
0.998620829432337
0.965871145980778
0.720804115982114
0.523439762511085
0.457215803943071
0.52922195781056
0.267795361822263
0.189714338525225
0.174669360379946
0.200361507740648
0.260156232895121
0.285923207684549
0.28226617988047
0.265939975457853
0.24209223444205
0.219175444337553
0.207803295220294
0.222085590341423
0.284600753532238
0.432527784690036
0.717638425353459
1.19384889822661
1.88903525029305
2.7882069997345
3.83165572233931
4.90850058981251
5.8507022228405
6.44458336368711
6.48427053754998
5.87454054844485
4.86199893844366
3.81595094216454
2.87840840557233
2.16511378603825
1.64921861860766
1.33472408696313
1.19182506204355
1.24811764074054
1.53033965481503
2.09738601390466
3.03338113111343
4.35401287384147
5.82593002438859
6.8104340302715
6.4919568329641
4.72368390341844
2.57868494670995
1.20181088567938
0.617990480243636
0.410843251561551
0.35082438153394
0.356463068805162
0.397298670126658
0.454597818266641
0.509558019910312
0.551226441831052
0.456760160500676
0.36989588573486
0.38226165788731
0.535395748602666
0.208774186728982
0.112879847182148
0.08998050565688967
0.112394333137449
0.195707626264792
0.273249162697246
0.305051787464658
0.321869136349043
0.322971997938615
0.313879994078949
0.306294852530482
0.318026257635859
0.372774991583108
0.487981321043072
0.653538039628011
0.853558697396823
1.09144502081601
1.3698089264478
1.67018798355017
1.94900464144159
2.14312548291219
2.18717866766446
2.04447744291929
1.73838588009189
1.39300355402928
1.09749063782005
0.86421274032972
0.701585441787252
0.594376857248326
0.543834549752317
0.554111706951079
0.655420681723709
0.878942133348329
1.27838325543195
1.91528373699983
2.79849070663187
3.7655167880116
4.38626077345427
4.13347077051622
2.95084598407787
1.56976749616436
0.708941575701277
0.35245998490381
0.228637191691598
0.194183870318505
0.200297034439435
0.23045533525925
0.27531146713743
0.32394192995083
0.381018201096025
0.350595058267344
0.314304927969844
0.375478691594885
0.61870779770564
0.199111805256195
0.104922892780411
0.09429248240926666
0.143237583092313
0.302419113720258
0.472464773744971
0.559945557305682
0.621866299306996
0.645437799887487
0.629070700674014
0.585524411465634
0.537504203051796
0.505415225541326
0.496321623817397
0.507304733371679
0.537697006196866
0.589489312177725
0.660524123412801
0.741152879903056
0.814235965547378
0.858145043925441
0.853674571063667
0.793594711212222
0.689234482948608
0.579375867199551
0.48696747201573
0.414032420215297
0.363235986959332
0.331388821247724
0.321492756925484
0.339593547730553
0.402047326492922
0.521447562430904
0.715370400173928
0.995162729909365
1.34067623146567
1.66724999975951
1.82432615578322
1.68350979947365
1.28221030919533
0.827806550775044
0.497049669806242
0.315295012890719
0.232677685831628
0.205413767057191
0.211086912040772
0.239718820786689
0.284771592084825
0.337459417353527
0.41158613693802
0.396665220627145
0.35264952331023
0.425835769796663
0.752049754489426
0.207319796421746
0.117037957717003
0.121252244807894
0.20823651174932
0.45543958632913
0.700537523041563
0.819613513849616
0.894183833908031
0.90401677218578
0.847277844713261
0.744856288375887
0.630996199625565
0.534685341663183
0.468547460007234
0.433071814222041
0.424901044715504
0.439905323917585
0.472600396508677
0.515007925680624
0.556203388735453
0.583448002956661
0.585549295988931
0.557636188965344
0.504475041224246
0.445785413028699
0.394395336120246
0.352446313898538
0.322660841447307
0.304512810403956
0.301300291098307
0.318903639479134
0.369833723321116
0.461593281394009
0.602953086758725
0.795446627088625
1.01843993006559
1.21456689595427
1.2985946928931
1.21060972386633
0.979361569979181
0.709409441215073
0.491589452451509
0.352873983358479
0.280112233655183
0.253427030055579
0.259373605747538
0.290759283606297
0.342215033025405
0.405360096325473
0.502571512756536
0.486037644826602
0.408367509582051
0.474797873609547
0.859795734050842
0.223928427918731
0.139574784695163
0.166951636605762
0.312396094623081
0.659630662137847
0.949398575749178
1.06885432891461
1.12187093515909
1.09069158169152
0.982620798714617
0.830103011370306
0.674753380739063
0.546846954648704
0.457405103720949
0.404400075477463
0.381447620705737
0.382050335236729
0.400024304686423
0.428583671866652
0.45961660614883
0.48401031496512
0.493482527115357
0.483478562857888
0.455474433310743
0.420847352261248
0.388566204384341
0.361210523785441
0.341638936947807
0.330653052604803
0.331803991507996
0.351255959983147
0.400303385518733
0.484366276459896
0.60881569069786
0.771643671212908
0.952948898704486
1.10704531873317
1.17281273204357
1.111180364929
0.942420084186126
0.735162913756616
0.554110949772265
0.427541533436426
0.354895444180618
0.326011317473506
0.332129864279501
0.368054502813197
0.429527280250722
0.50841296148924
0.639035816865913
0.612859656480539
0.477864275723357
0.526907285073237
0.968882796125232
0.250559955867662
0.17655637429365
0.244238773616427
0.481899242783206
0.924841232240174
1.20090417745818
1.28145945432058
1.28219992828544
1.19728209808291
1.04563249331558
0.864895495739393
0.693854243847084
0.556841691577965
0.460806738520259
0.401980112453681
0.373226453657348
0.367751751716782
0.379668834763177
0.403222482914168
0.431977846640895
0.458732747637429
0.476553514090765
0.480741488696439
0.470716743633182
0.452789075216677
0.433915565693953
0.417228893109066
0.405752616942449
0.401376540763918
0.408020148583264
0.432710356409891
0.486821087318542
0.574712119629906
0.700135931710562
0.85897602131964
1.03086929911193
1.17446703411864
1.23816449833735
1.19015901006105
1.04544502747566
0.857796334370483
0.682853858974505
0.551517536414702
0.470506017690554
0.435333797370394
0.440316715433905
0.481980970538863
0.557391054666879
0.658799918456305
0.838386724825677
0.791996513329788
0.566057640744547
0.58643170853713
1.09012975937115
0.288022627682906
0.23095365538024
0.362626546116069
0.722843196127236
1.20473684160416
1.39098014791589
1.4042677296385
1.34408087063226
1.21661628961528
1.04522528150271
0.862728470843801
0.698237991505303
0.568246847049959
0.476518105535942
0.419305035908636
0.390500073650919
0.384306497573386
0.395735923875316
0.420019735064269
0.451850551371922
0.485102570407785
0.513443410489498
0.531826455073176
0.538216482751771
0.53521459032325
0.528621439799369
0.522318513071933
0.519535447971333
0.523337985805452
0.538166746628323
0.57254266105888
0.638825436795539
0.74059786533756
0.880686694821757
1.05297028445444
1.23499096012435
1.38502589434506
1.45350520126735
1.41017200728791
1.26723079017143
1.07339039675645
0.883264936782226
0.732215283323136
0.632917804730841
0.58509955943551
0.585331211693369
0.631584624097539
0.7223109042826
0.85031466940862
1.09038244452018
1.01185122614434
0.665951918849464
0.650494416429428
1.21821529450843
0.336434525049303
0.303037405107906
0.518898313852502
0.996638393058158
1.41533158909971
1.47012310094309
1.42002394389107
1.31816386404407
1.17475876563185
1.00908608038826
0.844265132092299
0.699441298154313
0.585165138475328
0.50381160175208
0.452835086486719
0.427968623185163
0.424998788159675
0.440154451231305
0.469668658509942
0.509106586656325
0.552997865904778
0.595212161933313
0.63020942803568
0.654746719928574
0.668094820301101
0.675298282970049
0.681265620403483
0.689469998676972
0.704407791827151
0.731161718328055
0.780323858079708
0.865742688894901
0.989907252329297
1.15469362001249
1.3514267122593
1.55407672402179
1.71782672349823
1.79167123795297
1.74479922756554
1.58830798085694
1.37046557418829
1.14877496787601
0.964503238433649
0.836205203001567
0.767348207201897
0.756246557316973
0.801796973556173
0.903366546187867
1.0540791613001
1.34960492544616
1.23207529768751
0.763985033014587
0.715396838588424
1.34583039064277
0.394611832756335
0.386748180497672
0.681778025023111
1.20738240159643
1.48111036845264
1.43467995996382
1.35472678439245
1.24500901408854
1.112782168845
0.970248992286925
0.832102062147491
0.710969012825287
0.614483790592082
0.545208558417496
0.50233967092392
0.483614788832705
0.48650443973508
0.508521298103913
0.54687654550907
0.597861940775789
0.65641925699015
0.716366436374376
0.771527555318168
0.817504705100525
0.85012748734686
0.873844315284281
0.894883570383152
0.916965971776969
0.946276434333199
0.988539222513511
1.05669651230869
1.16598829099286
1.31699972378638
1.51007930380343
1.73323883119162
1.95609998545452
2.13014071200238
2.20264735004654
2.14267115355749
1.96155759422774
1.70878179335483
1.44561376378614
1.21920398252957
1.05364086078737
0.955749902332893
0.92503197741766
0.960405055563439
1.06097029461309
1.21930999734407
1.53990223075558
1.39041406016289
0.842605574340482
0.77681722330146
1.46417302809048
0.459606156198223
0.468086857861355
0.795477344859861
1.25947109426975
1.39547874123907
1.3286549181051
1.26041176964334
1.17388458951877
1.07138991860068
0.959571558616907
0.848465454317549
0.748200058008958
0.666261025616599
0.606655423136025
0.57061095959962
0.557787361533756
0.567200624827246
0.59753420104941
0.646867227055075
0.712073937885738
0.788320311888543
0.8691702136023
0.947651578229207
1.01813798531477
1.07272820327321
1.1152845979815
1.15354099339343
1.19140353825547
1.23679700682442
1.29586045541584
1.38351787464031
1.51547114501559
1.68941481983992
1.90332939605486
2.14153089313006
2.36994335184328
2.53829587867408
2.59495911505382
2.51138962011044
2.30037169107438
2.01187817645254
1.70878016169204
1.4417274533804
1.23871928901937
1.10909937274081
1.05292445439622
1.06818669250917
1.15237841399925
1.29658885435313
1.59582535060542
1.43661915945884
0.886694886854544
0.830207465658048
1.56380905843203
0.526776110264154
0.529416491118958
0.817072415184495
1.14639418291239
1.22583391387086
1.21656665858921
1.1920799383615
1.14979869526964
1.08697798796193
1.0065778153586
0.917194188509313
0.829820763767436
0.754306388420255
0.697452861824095
0.662959267599564
0.652352184703724
0.665957528732755
0.703371735903747
0.763310446374358
0.843022775770414
0.937701429197203
1.04046338307414
1.14335681894706
1.23935313171787
1.31658485807815
1.37823071743604
1.43346665958132
1.48623609970505
1.54584785282376
1.61835058776312
1.71939119484879
1.86341155621896
2.04472303700852
2.2584525329347
2.48596987055585
2.69212214917963
2.82929553023572
2.8519064933275
2.73738741201099
2.50054860361281
2.18915495174671
1.86293788831742
1.5713720071617
1.34326723572435
1.18909649040933
1.10902122486925
1.09977683883674
1.15673424356755
1.26937795293662
1.50910923599647
1.36542117405092
0.889837768057879
0.871419131112655
1.6358477320726
0.590620430268632
0.558690023219153
0.752565687833777
0.951609836964632
1.05899398755977
1.15677985575057
1.19838963176356
1.21618175789849
1.19988661769037
1.14825610946759
1.07041170954628
0.981681870301981
0.897650646959395
0.830135431939961
0.786227267754539
0.769335155612205
0.780681638820401
0.820261878089041
0.886971578793151
0.978083443692878
1.08856047205448
1.21087310163929
1.33589489376906
1.45494844340178
1.55218615021954
1.62992563466301
1.69838358637301
1.76132310946383
1.82861423601719
1.90552663989469
2.00644451453062
2.1426138834397
2.30578676027767
2.48886395554554
2.67259881133826
2.82498927393104
2.90644994215478
2.88228702477608
2.73844824303451
2.49103009257137
2.18176106970729
1.86163481882943
1.57354679564457
1.34346391871139
1.18143936234058
1.08766201585756
1.05815539262793
1.08684904290764
1.16252690438958
1.32893418167709
1.21376402456582
0.855838205741066
0.897472214479926
1.67330661629324
0.646168041627148
0.556045730845499
0.646539894367827
0.767146937153306
0.956372828397266
1.19916422936055
1.33307600667273
1.43339089707856
1.47420080074615
1.44580981348609
1.35995167342057
1.24272818154904
1.12219471358488
1.01948472800542
0.946579651779818
0.908436728965935
0.906092387997669
0.938790860107074
1.00468468427241
1.10044100495937
1.22041986826089
1.35623585159561
1.49741869809398
1.63338534363107
1.74459269571843
1.83226738743028
1.90696129169065
1.9720305700702
2.03679874071069
2.1051445385965
2.18815083472243
2.29269075477211
2.41045564881689
2.53412325995853
2.64721543356522
2.72510635930579
2.7400550526575
2.67032857471082
2.51017141262672
2.27483748197775
1.99663773653023
1.71381359338936
1.45885450909074
1.25215663749349
1.10217606797581
1.00928579505016
0.969736720525744
0.977246622792318
1.02108803484855
1.12075563230641
1.03072193703121
0.795330182823155
0.907291647860502
1.67239667775877
0.690294734401214
0.532072862925524
0.544369029682503
0.642202150937087
0.955712844567786
1.40892641752685
1.68751460359827
1.91601645540795
2.03323816342267
2.01177553083377
1.87304597166558
1.670517945237
1.45965674723897
1.27846648218501
1.14482875247356
1.06298088506389
1.03078595337273
1.0442170773697
1.09892677964661
1.18991562629622
1.31040895138356
1.45096965666815
1.5997111360186
1.74399023840991
1.86112515866449
1.9509990365387
2.02365677151153
2.08188544123385
2.13344357987231
2.18057408012629
2.22982888562873
2.28401746866647
2.33826592761925
2.38767629617718
2.42147199184625
2.42459403450008
2.38151419289666
2.28174137991322
2.12500633622933
1.92330290048301
1.69814646015346
1.47421843640547
1.27274449597572
1.10763812433852
0.985193745603191
0.906015702805959
0.867181683139187
0.863073829680382
0.884179861806291
0.931097007573797
0.853141066812619
0.721057750268762
0.902164569353294
1.63330805534294
0.722309553243529
0.500666632992927
0.471467146128649
0.591846502099715
1.10233226618605
1.91612599164476
2.45412722614388
2.90257296512315
3.11983714192347
3.0476747443367
2.74548883703982
2.33773606991248
1.93723657808423
1.60763441264746
1.36836808264938
1.21486719228146
1.13480832718633
1.1161293369695
1.1491454969821
1.2256940892476
1.3372418557818
1.4732036077403
1.62040966504341
1.76425204851008
1.87964064575223
1.96487542789104
2.0287463865892
2.07340832024876
2.10448800508195
2.1228264595757
2.13051525973128
2.12796718417779
2.11670804600428
2.09621082687722
2.06243319420515
2.00912630079187
1.93011619964363
1.82204171124647
1.68659863234706
1.53122683408818
1.36773694425733
1.20941893583409
1.06796959149917
0.951500027892688
0.864057265487579
0.806194399764309
0.77569761611638
0.767696656321596
0.773936876483361
0.780147174434486
0.699936351915316
0.644556990924286
0.88557813566152
1.56011222038861
0.743597316897977
0.472936751342925
0.436224748147903
0.624719687362889
1.49579250005449
3.00890303628949
4.04597237139179
4.87394076991987
5.17570951162634
4.86714653154311
4.14303687676921
3.29882593587152
2.54833426172353
1.97625032921282
1.58173219892458
1.33160360296873
1.19060156004272
1.13165575775835
1.13630064761466
1.191708070834
1.2871537703321
1.41107787740881
1.54949206004494
1.68630305595596
1.79482138965878
1.87158708202878
1.9236643066129
1.95258064061059
1.96185570023806
1.95148345457547
1.9202768008054
1.86835748388056
1.80471526428139
1.73352905971867
1.65637959514177
1.5729935584143
1.48243641877996
1.38438222049533
1.28008948162413
1.17277258197994
1.06724576498451
0.968999693309789
0.883095580603395
0.813273901321809
0.761461611588552
0.727574025523427
0.709342503811736
0.701998880911766
0.698083344467699
0.670479056399667
0.576963480855708
0.574508535057631
0.862180690705857
1.45973249908169
0.756644103128253
0.454906444502997
0.439748918432164
0.764596986830319
2.36351469549948
5.2956474679842
7.27483094145307
8.67009473432966
8.84007042979925
7.79954369737769
6.14200625881895
4.50015576598842
3.2037403716661
2.3036157161611
1.72442583742325
1.37145563672596
1.17070781251645
1.07361704437687
1.05065263825333
1.083781468067
1.16030802786253
1.26832475589179
1.39388707775332
1.52032815025748
1.62022265681189
1.68830280382774
1.72976668162793
1.74552058216587
1.73745302091699
1.7052784616233
1.64615566573015
1.56144924882434
1.46649016245876
1.36903915896024
1.27403462521001
1.18401098819662
1.09989962330878
1.02186178496981
0.949956118738917
0.88455151104885
0.826464053507202
0.776846317585029
0.736891781416058
0.707422551013062
0.688397667061885
0.678346367985572
0.673785910758209
0.668936997750543
0.656467722791016
0.596904335621878
0.483052726312417
0.516135911792977
0.836028474923109
1.34039826631254
0.764006210846762
0.447770116063743
0.481248523027136
1.06301841569533
4.16516928237484
9.84958005988332
13.3701125523294
15.2648020219741
14.5311772451243
11.7730828546742
8.45610583246787
5.65767537404032
3.70114054245865
2.46719604967097
1.72929769163982
1.30117304103425
1.06198770120683
0.941165266919046
0.899421786048379
0.914905909792631
0.974121174452239
1.06589869488973
1.17749312635095
1.29289237913624
1.38488892276159
1.44654767040351
1.48131455887292
1.48943552718295
1.47179836055198
1.42817540950295
1.35546639543829
1.25678247614247
1.1512969309932
1.04863659340416
0.954937729882126
0.873311464780553
0.804741533509257
0.74897170418214
0.705190213000685
0.672475972382111
0.650030889554582
0.637222171846664
0.633433435296489
0.637698069989111
0.648090147425828
0.660935255448916
0.670173497740747
0.667687713932401
0.645708753267415
0.552073310941517
0.413836456757855
0.471235040130728
0.808719869522399
1.21023538257886
0.767658906529005
0.448862487050964
0.556356592138144
1.59158683301879
7.58914289292845
17.7691874682968
23.0132954398875
24.42740184978
21.2503896511924
15.6298430080168
10.213765318664
6.26441309551778
3.79304925526472
2.36325468729536
1.56271053698121
1.11947445066298
0.878158611491385
0.755512204028294
0.708210155061642
0.713806731075225
0.759832459777814
0.837077461075556
0.935120350877966
1.03985373859966
1.12532978806582
1.18329288505599
1.21567375214254
1.22198757778683
1.20263991205746
1.15751613852356
1.08408218211179
0.986849481758241
0.886130758898948
0.79192674828859
0.710207630799051
0.643643577581194
0.592753536415371
0.556933772550568
0.535172198653988
0.5264482200211
0.529873607007653
0.54460791354282
0.56953138210722
0.602619449209261
0.639998996841129
0.674894854499224
0.697220736250491
0.695263424917855
0.66070927725095
0.528318389144677
0.36363054448954
0.438476528433896
0.778127004341454
1.0764621979441
0.768885461672733
0.452831561008953
0.649528303572476
2.37199666226399
12.9209525211799
28.0784110326546
33.6624473462111
32.5506571734645
25.6729437480576
17.2025977411581
10.3480856267081
5.91098911055552
3.36789609164891
1.9908888046429
1.25757456002363
0.866285764069192
0.658393583240038
0.553732010696593
0.512531488754933
0.515320781088116
0.552298116544328
0.617042710154002
0.702144158325741
0.796302227938699
0.875831969035664
0.931668296387654
0.964492908944444
0.97305322841442
0.957565594995457
0.917911203630878
0.852396576967668
0.766217048624352
0.678743491656457
0.599423480153286
0.533505422412167
0.483046324138179
0.44824565467204
0.428535286796208
0.42326695563948
0.432031204064744
0.45466675166098
0.490964166733468
0.53999754407476
0.598997398055147
0.661821565572754
0.717569655137262
0.750797942600295
0.74550746090919
0.693669794605208
0.517454007541554
0.326345563183731
0.413566440213637
0.738460266315913
0.945201486301477
0.768606845995394
0.453682627164034
0.728369114346496
3.22285176398339
18.4568300699955
35.3549288872549
38.5577788568369
33.8328592169749
24.4181069722297
15.1899999722685
8.61297757666504
4.69508961401959
2.57391500672344
1.47093461647605
0.901031945277444
0.604041039330215
0.44923762971
0.372658489826828
0.343534452851465
0.347529145421393
0.378213428979111
0.432054916505483
0.504671026450373
0.587866955101492
0.660953395891493
0.714636653884143
0.748624795830088
0.760965647363502
0.751795177010237
0.720863367269785
0.667255846331954
0.596189904487809
0.524898868309906
0.461852545309388
0.411513708083785
0.375519299043977
0.35406561130174
0.346964965733516
0.354270051112595
0.376517205061858
0.414613933903985
0.469296257464997
0.539996154821768
0.623006322130313
0.709203709912122
0.782498985802802
0.821417890244145
0.806404642947349
0.731946175489244
0.510014867967284
0.29607260246114
0.38930912734641
0.682594612187851
0.821540224289497
0.767871186308928
0.447960183417216
0.756006067091948
3.71462337551105
20.3898001172878
33.5831757141395
33.3310123703012
26.8932253856319
18.1740508476497
10.7938777075746
5.93751166135602
3.17247567554257
1.71264774704297
0.964491165407174
0.581910536698687
0.38459593103735
0.28314834609947
0.234245497568126
0.217419249274285
0.223636563407874
0.249529277327965
0.29390912237493
0.35485391475981
0.426948714880721
0.492745008062251
0.543246851266802
0.577490356551727
0.593030676291343
0.589964184613662
0.567896720376062
0.526533018344327
0.470727529445606
0.415141215280723
0.367132337641426
0.330492098875991
0.306681532896655
0.296153750773346
0.299313210608036
0.317058192659762
0.350947354701834
0.402947555910069
0.474576370336714
0.565176487685083
0.669265628419682
0.773674087840114
0.856539007682366
0.891370095099558
0.858104329793334
0.757218412224658
0.49537842339303
0.267650652743108
0.357045636143367
0.606906336647204
0.709467035248549
0.768188118315034
0.437362977015116
0.721961165675462
3.53274543778739
17.0734584668865
24.2537024229197
22.2353192208256
16.8756294389334
10.9675069019462
6.39144480983644
3.50040999026682
1.8768116931576
1.01845955618898
0.575293847683398
0.347172283246558
0.229445355159226
0.16959582658545
0.141956447455259
0.134557755181818
0.142540036665394
0.164749503393807
0.201531665428174
0.252573438544898
0.314469891097337
0.372681694195027
0.418867424945144
0.451722815515301
0.468640765993515
0.469756140292458
0.454686575628574
0.423661843439512
0.381112111250762
0.339192491015595
0.304124529740883
0.279139090183028
0.265692519679539
0.264652355839987
0.277112273145569
0.304812435237818
0.350168704484323
0.415786481992004
0.503173592733973
0.610369708505991
0.728710030552801
0.840158003752278
0.918172202657434
0.935081927716303
0.875590806340249
0.749276874398667
0.464108502277032
0.237412063676176
0.311579494589282
0.515900497480966
0.61166000414442
0.771529127838193
0.428340387789314
0.654264249150904
2.86392393396554
11.4137398026362
14.2109253957716
12.263086898531
8.93929529753728
5.70273835486178
3.32406448117869
1.84587528192632
1.01095046593111
0.561183882175489
0.323337116923845
0.198428949598623
0.133457660746001
0.100950159059912
0.0872248713652846
0.08604830082573528
0.09532877810619479
0.115284879040955
0.14706962372147
0.191120867416097
0.245041833853569
0.296346546638115
0.337489345870492
0.36718289047263
0.383089812538083
0.385559404005868
0.374552349296936
0.350864785179918
0.318708578619514
0.288057825064212
0.263978183918307
0.249191884473277
0.245244663500127
0.253507521701943
0.275780453792634
0.314467241997189
0.372279478597602
0.451342976448166
0.55148335402699
0.667577001494333
0.786606891774306
0.88666373906529
0.940721914641983
0.926438650743557
0.838417043826273
0.695248331007739
0.412287953349891
0.204103255675989
0.256613874934852
0.421579598627634
0.529365491838425
0.780008181245722
0.428942396567514
0.592755995624904
2.14007666328204
6.72140911589749
7.41983550506183
6.10423318392888
4.32346360232051
2.73264673011683
1.60639673449387
0.913241215632502
0.517726029208966
0.29875849517826
0.178924415707145
0.114067797682495
0.07998678164653839
0.06364289109190513
0.05837153679141589
0.06140069002229963
0.07235143348818351
0.09226194580044274
0.122575633093261
0.163671491761288
0.212967068124355
0.258751986176741
0.294308883296622
0.318823970904217
0.330824208746729
0.331186512878035
0.320717588355203
0.30093707192866
0.276192815756846
0.254662246250975
0.240200796525202
0.235037927631076
0.240884735714556
0.259702507454506
0.293958786494672
0.346229093335515
0.418142534601099
0.508994674610046
0.614306501922561
0.724296322010529
0.822950130744663
0.889106204739857
0.902457607240128
0.85202109265499
0.743190323517837
0.598610536760588
0.344604877685512
0.169298434966744
0.202456644738913
0.336865466184939
0.462515787762169
0.795394746283854
0.44583781555522
0.561794176166008
1.60618255690023
3.87129709305855
3.79207797939385
2.98444743001573
2.05613426170391
1.28565136190025
0.760640908499673
0.443702842787394
0.263086128774416
0.161220072503909
0.10282324450048
0.07001333979333968
0.05300611619831531
0.04606372227601392
0.04644439022580799
0.0534757595271028
0.06800438067253935
0.09166177449874736
0.125724085601913
0.169413874247683
0.218209560659415
0.259537319972554
0.287881111760603
0.303786987580834
0.30767629024289
0.301456237294624
0.287441697834061
0.268011533001294
0.247943408962334
0.233868029486581
0.228338122412646
0.233146552983642
0.250331905716893
0.282639717181127
0.33316265458117
0.403617468818416
0.491461705867785
0.588588603795624
0.683490309327415
0.764008153330942
0.817252369607426
0.831613509687981
0.799366901893684
0.721421125468043
0.608279494905169
0.479116892112694
0.2723986476598
0.136393051348798
0.157569476939333
0.269340858706047
0.41004414452213
0.818632312933125
0.483192101566118
0.568780955293942
1.28686212121656
2.36901859524458
2.0514275607034
1.54078351007946
1.02724133991423
0.630057365504138
0.371344425055328
0.220619080917251
0.138432949741684
0.09174822449943858
0.06451363506620815
0.04909145757228934
0.04190957046295942
0.04160417092638521
0.04764181132709443
0.06116580174493425
0.08442278464487883
0.119639724388821
0.166925130767181
0.221780504438632
0.274242646150474
0.309116026431551
0.324240514119491
0.323774205021545
0.312111901934027
0.29285198672165
0.270458785031254
0.247896433707917
0.230244703491734
0.222504984586961
0.225837650383709
0.241802606200054
0.273149750608086
0.323894384152966
0.397922269467441
0.494425254831878
0.600241325602928
0.691443882257152
0.749521102969518
0.769207105788896
0.757818217685579
0.716771712354782
0.650847328439329
0.564495073152751
0.464609218245717
0.362023801705228
0.207465574980107
0.108610550850948
0.124603723441141
0.220250495126394
0.370292024921354
0.855423466314784
0.554592115801907
0.624222568419907
1.11598067981925
1.54264590754807
1.1616190024536
0.825131031595586
0.526729168906821
0.312525100543444
0.180015986472359
0.106578849719933
0.06957523413817306
0.05578073108654458
0.04570991583524768
0.04078551056038982
0.04311219781049493
0.0518110284111289
0.06967751251796979
0.101440287492835
0.15264161167955
0.226036731571879
0.315578435027951
0.402307800914303
0.459388304691017
0.469199471150697
0.444658349345493
0.401601997741868
0.35395950490115
0.307281500551281
0.268097739897034
0.238045556930725
0.221252930476444
0.220209764064753
0.23448780126213
0.265938510499306
0.319043798476267
0.400574147947482
0.516538225926687
0.661444099106284
0.796819309105584
0.844610604850008
0.80215301772032
0.720475440636246
0.626816019422262
0.542746341055117
0.466733933065133
0.393810808351243
0.321585925510812
0.252193688655154
0.149867886905672
0.0847685565764019
0.09960652313721849
0.182987793401917
0.337360143032006
0.934358753741281
0.739089148869315
0.827884522092344
1.14380161447981
1.13058157503647
0.720110689315126
0.4806658432109
0.293005208028258
0.167503618449654
0.09279647401547891
0.05188115474828136
0.03138813350228998
0.02222562979530491
0.03236439120607122
0.05173584033252103
0.07631650431472249
0.118677594999792
0.19699075654226
0.33766043842355
0.565646529296795
0.875521654180705
1.19607373063194
1.39708543549476
1.37308019552786
1.16934428736727
0.920678088004678
0.693102844698881
0.520689582683321
0.39518628677298
0.313999455922839
0.265799683292653
0.248677543338011
0.2600545602341
0.297950640226678
0.366755196655432
0.476526381415712
0.641793200479568
0.874521702262681
1.15944520733456
1.395823185081
1.39501208842577
0.833179986108166
0.520928792961113
0.371675554555843
0.293114277857811
0.245359652534349
0.209793906821771
0.177958842155116
0.147281183189302
0.09827077048820261
0.06577700565975884
0.08256320744246902
0.155638193438117
0.306663881462803
1.01940999607506
1.01051796200249
1.19434524184168
1.46881633593585
1.32373982607903
0.860904631799981
0.606618924249229
0.399709529375562
0.252075266047805
0.156899137195529
0.09969314321358326
0.06669111184022522
0.04211083711109217
0.03394509613348438
0.04620175304782691
0.07250024916464538
0.130019411051015
0.250492252042292
0.485104352061645
0.881411210209785
1.41814700215615
1.9420616782894
2.21940617403181
2.11941920973304
1.78071298803818
1.41285834190917
1.09578130063903
0.86134103300759
0.692074310166511
0.584622687051053
0.527493926404814
0.524483212547466
0.575933417852851
0.683320792250609
0.85596044702417
1.10629966030129
1.4384272021605
1.81796924778501
2.11798196424447
2.06028186126901
1.54095300874051
0.630007714234156
0.355356062737915
0.246947329619867
0.196494203969395
0.169239649147854
0.151593928784648
0.137239612464631
0.123521864873365
0.09947552902675262
0.08384245747572312
0.104026519850396
0.170011688437923
0.306101694879919
1.04132724605682
1.13725988593035
1.35934826484608
1.61799916087337
1.5471514056039
1.15308738332948
0.894846730881232
0.649788007694784
0.444367225976399
0.289333553760712
0.182795837474339
0.116188469344847
0.08435299011610704
0.0703173122174779
0.05588793371928936
0.0586973610840209
0.07800112142983945
0.122243647686781
0.207061204300609
0.350017769863238
0.55589517005341
0.801059172207988
1.03771831054293
1.22300056100779
1.33704187503908
1.40355425808441
1.45078268813019
1.48848003952702
1.52508338497869
1.56561041714636
1.62581654009616
1.72910818268127
1.88987827791024
2.11844407826584
2.41005868109817
2.73306207953249
3.00998271346935
3.1079272685887
2.88212785862835
2.32349993450729
1.62117504549828
1.15743116985878
0.734405033088933
0.489179790367448
0.358578291989
0.286384836225793
0.243117051131535
0.214503308994567
0.193656010822772
0.166546511379283
0.152539037851254
0.170531318951668
0.222887209329463
0.33507233711984
1.00420447463624
1.08665834321354
1.22094375561517
1.35398467549476
1.3210490608599
1.10682961076151
0.939199749590286
0.755294637354595
0.576647010950015
0.421559292926626
0.300178369948883
0.213550225019546
0.152669863024384
0.111951935561091
0.09631007784759019
0.09251081479475595
0.102899252810065
0.132196545080588
0.189583983617277
0.288772425703082
0.446126373541039
0.676897957610039
0.991772315761935
1.39514319562943
1.82919544292272
2.26213894835047
2.69784482452614
3.11004353746097
3.50812705021403
3.86018956333014
4.16726194605898
4.3973091553131
4.5408353842586
4.62218535071318
4.64353259357231
4.58134372877834
4.39735855721421
4.06284180798693
3.58785563925726
3.0270153731913
2.46137835216822
1.88269445099106
1.44781953377567
1.11129947314902
0.862727457810827
0.686453409444512
0.563511476798959
0.477570240053232
0.416799689135946
0.345383587674426
0.30304698089142
0.301559441245241
0.329432800489566
0.407774299245816
0.513792047117011
0.601477858389148
0.816196747898116
1.17940146365713
1.71789062437642
2.10865806655015
2.33091443511967
2.54045269064519
2.7299799625397
2.89764306318076
3.0480687552738
3.19457133573104
3.36015370861172
3.57183796590384
3.85269921989126
4.21601445203239
4.65489676731294
5.1353925399546
5.59896862154956
5.96892677704736
6.15957601431576
6.0927170665479
5.72461266378481
5.07578150930441
4.32753585154841
3.6243535946295
2.98453476079415
2.44882847624433
1.99167489185267
1.63039963154627
1.35116553131804
1.17069639052786
1.09509071081199
1.09919977770792
1.16313686980673
1.26733945226756
1.38934225849448
1.50534463573128
1.59640850793571
1.65458922080694
1.68372500246746
1.69533364382325
1.7027708154929
1.7151168481078
1.7338401427743
1.75242019512744
1.75802028575202
1.73580290411557
1.67515887727487
1.47176487910489
1.05692413264066
0.752636698015255
0.598377653834214
0.580846357225319
0.377711782671186
0.368293985622578
0.449083065135451
0.606283512786651
0.816709549409444
0.91045235089552
0.934820014893265
0.937764892160811
0.927918369760986
0.920894400857289
0.936251270231315
0.994628762355065
1.1191479342032
1.34356896090364
1.71492550285387
2.27708310140129
3.04987843765202
4.01547170587681
5.10837493330858
6.20647865220598
7.12665256670518
7.64240177458329
7.5501009167878
6.78523879294568
5.65435542691241
4.51920622209246
3.49770972540451
2.68826460672837
2.05465362091426
1.60864105862485
1.31479468928315
1.18069203383372
1.19815824279776
1.34241829149685
1.59687979339672
1.92591590848157
2.24997856900429
2.44924094806598
2.42114764164246
2.16292754660864
1.78617340775617
1.42817523088548
1.16607902317888
1.01246195127873
0.947998717490257
0.945258302435533
0.9765660972605
1.01463856448117
1.03467498667861
0.980134968830977
0.729549875465608
0.529293310458828
0.454805738261451
0.515950078360981
0.280515075115626
0.204061461851782
0.200386408017964
0.250028836869203
0.35021076572141
0.402295851737494
0.409025293412779
0.398059373813924
0.374847337621005
0.350051391268984
0.337783981938333
0.355076628650254
0.423771431655481
0.57352873890369
0.841795989140125
1.26643271018048
1.86995840240051
2.64661765728459
3.55491558838293
4.5057777155133
5.35029465565486
5.8863764845855
5.91256700199577
5.3394399570806
4.41281291259202
3.46975224408431
2.6341224105421
1.99656029409736
1.52645367529688
1.22635626859075
1.06820957991294
1.06972898965164
1.24216953761205
1.60967754583756
2.21081178532134
3.03952059696822
3.94363867182497
4.54973420666317
4.40644626473359
3.43307868699084
2.16826063812534
1.22740490300962
0.734006056527731
0.521121076633563
0.446824867647624
0.44237549278177
0.475580166733549
0.525244694903897
0.571697338628873
0.598008839693136
0.486045742384764
0.383394890356281
0.378701886007614
0.512689225225839
0.217634026047011
0.119711054714263
0.101642400976153
0.1359616527627
0.244745433658277
0.343798893786269
0.3852421911251
0.407849679724126
0.409914359360528
0.397026144147338
0.381544982732811
0.380466396881525
0.411834436506814
0.488229217961006
0.612039683145365
0.782188177718076
1.00020560117639
1.2632985261469
1.55366482392824
1.83249508497828
2.04146800197516
2.11630121003528
2.0151548088207
1.75064035710759
1.43310228722177
1.14954443514265
0.916848948413451
0.747294352212283
0.628074534711574
0.561640958887443
0.549290663708045
0.613394957661154
0.773275483708872
1.05972405179009
1.50607076495062
2.10814753562322
2.75335603151982
3.17117168634385
3.04326007747935
2.32840531495514
1.42856210483078
0.778530972802185
0.447890318574613
0.309404778860247
0.263267361117662
0.264114544374524
0.292753851341807
0.337307901412446
0.385061802066804
0.435983988224517
0.384117218770016
0.323021087877563
0.359647915573598
0.574963122524172
0.205695682422598
0.107464717459044
0.09954018053697945
0.157392343278531
0.333985496329716
0.513972535650854
0.602277865738648
0.66135557744748
0.679439164629003
0.656376841632077
0.605545993297306
0.548798914525754
0.505980874649198
0.48710035692517
0.493895825208662
0.526177587427262
0.583394310039227
0.661821011493105
0.751862144407868
0.837032892432266
0.895768336972537
0.907419649111943
0.861664058244314
0.766188561993852
0.657822277869718
0.561770298546828
0.482271758384269
0.423803631347837
0.383620871579737
0.365208261283245
0.373568740831152
0.422962164942521
0.522939839432089
0.685472730242439
0.917143532479278
1.20047535333617
1.47068048429105
1.61511020205631
1.53373697504175
1.23934030615974
0.872366912253168
0.575608073739775
0.393710620226994
0.302546203097872
0.269154182459848
0.272924030556804
0.303011882071951
0.351430787245299
0.40761565594016
0.481044082170147
0.434917088517387
0.350746773514211
0.39125353138079
0.682624965526575
0.212831349859831
0.11712849048967
0.122784840825603
0.216810548667125
0.470793109923177
0.708574435876826
0.817855118559768
0.882547139103991
0.886976912410654
0.831919314812933
0.736745927671789
0.631092585086027
0.540523140919017
0.477984425026538
0.445881087556179
0.441926043157616
0.462243517209081
0.501502001200609
0.551932642153386
0.602623410149914
0.640292891429755
0.652415307659862
0.632169589164497
0.582493197180923
0.52274165093121
0.467512350986888
0.420240105060634
0.384744780122687
0.360692590407512
0.351769958930467
0.363412017836041
0.407386940687116
0.490025971565942
0.617785387751779
0.790827701378042
0.991113730843962
1.171045754108
1.25997151116284
1.20424647655152
1.01768694121176
0.779856958133871
0.572375704467173
0.430704178757706
0.351940867072454
0.321453244924251
0.327331349773501
0.362305412496917
0.420188986383033
0.490877503785173
0.593280737380051
0.53313135807958
0.397377447642229
0.425574929449229
0.77148176313218
0.228618319551334
0.137286821681785
0.164572348216761
0.314891392468547
0.65392956302423
0.918376897782441
1.02143399719842
1.06473413753653
1.03604287614551
0.942725166585282
0.811170602429069
0.675060965921446
0.560379031440771
0.478698117868581
0.43056781022464
0.411768820195199
0.417010881242903
0.440694709777608
0.47624991590677
0.515401720776892
0.548382451642574
0.56573445454539
0.56144059767465
0.535766934033766
0.500034708290824
0.464620162350079
0.433040886029618
0.408970382087486
0.393359090853122
0.390126271120345
0.405264223364644
0.449858602659574
0.528835826270277
0.646336607432819
0.799822800790568
0.971239056369877
1.12042219231604
1.19325265633753
1.15200893547925
1.00785375484147
0.817084849396195
0.640387537834244
0.510636549964107
0.433353120042443
0.402131853377597
0.409841401750855
0.451822371263214
0.523635786303234
0.61561228448506
0.760848079166508
0.674437682937882
0.457551325162211
0.464063418412231
0.863388430842812
0.254455576116133
0.17140174781341
0.236786257439781
0.476789476211563
0.892018240436686
1.12959385743392
1.194664261619
1.193450665555
1.12266112368949
0.99686746819581
0.844821833976676
0.697431574276397
0.576093346428852
0.48916665165459
0.435794979244548
0.411289887012386
0.410347766950688
0.427826589897206
0.458208662379777
0.494854720708258
0.529893012014318
0.555300096818157
0.565110272564364
0.557742203943247
0.539410812920867
0.518272466016795
0.498268653708949
0.483114064998491
0.474859004393535
0.477787752661982
0.498893902979065
0.549582762719994
0.634026290862318
0.755175184213197
0.908624351909334
1.07534403544323
1.21757665591704
1.28779882249012
1.25435301761834
1.12619370845947
0.949516960349072
0.777352720169097
0.643452284089256
0.558985630034688
0.522828381984265
0.531307868862331
0.582223071754181
0.673313189079422
0.795786505334428
1.00533595711934
0.876089582986905
0.535854951025179
0.51068075637108
0.968369238099641
0.291074938792056
0.222218718438034
0.348319540695364
0.707516662266405
1.14156776986232
1.28822337987415
1.29445294974674
1.2433978183948
1.13936178514278
0.998791868300605
0.846192091669377
0.705055127638384
0.590585626347875
0.508310539743486
0.457143282256876
0.433203115109565
0.432146588539211
0.449777481752898
0.48160491818147
0.522129259394035
0.564553675887226
0.601460989074154
0.626551378577185
0.636780016358971
0.634457116200563
0.626496160809973
0.617591030448493
0.611627739008032
0.611858880171329
0.62308279615277
0.653812167639768
0.716486013233566
0.814643616520169
0.950453120394533
1.11758424980237
1.29474583033019
1.44318019072892
1.51656568113022
1.4848124818699
1.35561468482891
1.17174939202121
0.985254397347311
0.833253525397559
0.732099571996567
0.684904158214837
0.690810249633815
0.749917759575135
0.862389792996012
1.02078373769564
1.31035637737555
1.12293244104852
0.626814709860879
0.564732970281005
1.08325982432242
0.338511890059074
0.289791946620611
0.494539650627081
0.963704415123207
1.32183051159554
1.34980971171494
1.30397277142376
1.22018102734149
1.10423902280218
0.968897313682091
0.831352861444636
0.707519390244109
0.607712524481489
0.535941417048763
0.49180487883632
0.472879387954729
0.476254007710842
0.498944813314124
0.537503574384072
0.587328727480352
0.64226098858242
0.695016030343602
0.738684110400936
0.768859184923337
0.78421972167844
0.790922309990908
0.794774116983604
0.799924039684731
0.811066659112256
0.833613909709997
0.878037728869821
0.958140341533648
1.07647387046325
1.23428585671356
1.42280684039639
1.61738464131671
1.77640980582685
1.85241914209036
1.81533924503382
1.67254365696046
1.46661631190351
1.25170680480137
1.06968948341826
0.942161234163533
0.876066781576225
0.87283629387588
0.934247763241725
1.06223907953194
1.25038230037779
1.61034709552002
1.36203852870369
0.718736365257302
0.624835154070245
1.20302134538421
0.395519534106502
0.367966104911393
0.642156439481493
1.14400570502782
1.36183989957105
1.30919197165287
1.24247651828647
1.15499606107153
1.04974238413925
0.934269084100159
0.819682167068449
0.716959393068183
0.633933852508475
0.574479891897433
0.539434642038177
0.52802289466419
0.538867081604079
0.570256238726989
0.619762705379905
0.683536370732395
0.755787136818023
0.829041798893368
0.895527809901697
0.949404381255669
0.985510415688365
1.00946205754301
1.02852000462287
1.0471346636229
1.07165428200457
1.10806782868713
1.16890958795102
1.26908440571695
1.40944419465565
1.58976611461145
1.79826593802333
2.00656893550327
2.17023880164332
2.24105037834288
2.18962560065265
2.02399746672708
1.78748611847189
1.53664658598081
1.31773298551158
1.1570018593856
1.06463351613199
1.04353050048598
1.09582620201549
1.22337742952243
1.41920308584029
1.80254086832654
1.51521558466323
0.795581680363004
0.688472420938886
1.32074529103049
0.459154816348158
0.443171551229419
0.736740156363587
1.16093723377279
1.26222497852039
1.20580662106061
1.15434612078696
1.08954908036602
1.01088585123456
0.922161964343074
0.831305447848919
0.747524074907853
0.678521127448294
0.629257507935901
0.602202412057132
0.59823850007445
0.617432088617801
0.659255825657262
0.722207429689462
0.803050281285284
0.89615960690047
0.993617823529852
1.08653520568518
1.16744379947691
1.22696212137057
1.27020738316611
1.30609560952394
1.33934047216256
1.37792580471858
1.4281574295491
1.50408590048588
1.62070259906277
1.77644733161745
1.96897898320242
2.18341843313798
2.38867821634783
2.53975443814758
2.59057985136396
2.51490900847143
2.32235853351071
2.05601367458209
1.77247026655887
1.5197454163514
1.32680658384854
1.2058551777738
1.1602188209269
1.19088597658494
1.29751938295622
1.4709192988061
1.81225206224542
1.52897506660439
0.842901340334437
0.751801328444606
1.42800702867682
0.524907919875307
0.49922549127504
0.743794899623765
1.02951336675642
1.09468751631855
1.09937704627379
1.08917444518003
1.06431936228058
1.02063151083227
0.959411149760048
0.887803116374505
0.815971928000627
0.753687757355073
0.708280785701535
0.684334986176762
0.684397007953014
0.709790611233829
0.76095249263848
0.837107798827492
0.935453591030299
1.05034472935664
1.17320727175856
1.29379083680868
1.40273188340171
1.48612583794911
1.54850391240677
1.60036577692169
1.6465619816769
1.69629331601808
1.7556808792667
1.83894604302666
1.95954439013061
2.11344757528207
2.29603724531302
2.49037761806236
2.66537093252603
2.77959316721578
2.79355127715374
2.68714818569886
2.47194247795098
2.18829421758401
1.88852066744222
1.61797480252516
1.40514670965289
1.26255355221619
1.19311378891801
1.19596937245631
1.26778500247314
1.39706129694923
1.65146685904008
1.41341281659917
0.85414370410448
0.810013249781136
1.51568534845975
0.587561241219477
0.526260860288313
0.678395949536607
0.843196171752193
0.942219311309844
1.04390471399573
1.09179236448131
1.11902774756946
1.11530473983248
1.07865875984863
1.01697260648089
0.944298828317446
0.875375113856172
0.821816102271453
0.791103403175285
0.787440204229983
0.813029464161399
0.868814726160302
0.954355639147319
1.06699579858646
1.20087120830564
1.34659056938009
1.49235186830079
1.6266123489144
1.73091160740147
1.80901131928212
1.87257323202389
1.92639332693456
1.98005314101546
2.03887259503381
2.11535901347317
2.21983326281228
2.34706386039836
2.49107500231778
2.63524217217207
2.75228244411847
2.80885840819648
2.77583860659194
2.64104315900641
2.41715146604305
2.13862075301223
1.8488851511434
1.58602165229281
1.37469169715905
1.22608601734873
1.14242257327302
1.1214589585065
1.157774522015
1.23909370060044
1.40015694577607
1.22501195719551
0.8323408185047
0.858274663845767
1.57525603111728
0.642530146826045
0.525948264714538
0.585369750809773
0.684371081962063
0.858624142760429
1.08541483997785
1.21155958791029
1.30771114768796
1.35057119652137
1.33163629968298
1.26163443022085
1.16405922554135
1.06417441199417
0.981283196991127
0.926832340019346
0.906270372465695
0.921691926245474
0.973540272545556
1.06092465926558
1.18083362520358
1.32693430843995
1.48892560537624
1.65337889687594
1.80636839251396
1.92520708137713
2.01263324962516
2.08074378012486
2.13407987850487
2.18155791223308
2.22721938432086
2.28011541516427
2.34672246386179
2.4232853861302
2.50449421121635
2.57704481353718
2.62086725835017
2.61342191294901
2.53700841002228
2.38663881512228
2.17417386496766
1.92560320301503
1.67258172367217
1.44306118593869
1.25569104908624
1.11928989999082
1.0354946694551
1.00168981083563
1.01195298171304
1.05494835823435
1.14135238721231
1.02185115924094
0.786665963857925
0.892909524590701
1.60034116155209
0.687057285515476
0.50869216891456
0.503291858694015
0.589328561703022
0.877338088652364
1.28575780242566
1.53233910793802
1.73136544234959
1.83117356413735
1.81097147099329
1.69169245919994
1.52025389023689
1.34416165580441
1.19588098631795
1.09115022096288
1.0345505616614
1.02550904144784
1.06185418072672
1.14079385470319
1.25813061500559
1.40673178233717
1.5753892661529
1.7491648571862
1.91174720447634
2.03688010677241
2.12597253933375
2.19068855476173
2.23516033464761
2.26673934264294
2.28808445374266
2.30393590851132
2.31759819547931
2.33002557030095
2.3388761518599
2.33642979056495
2.31116632441485
2.25096025715306
2.14743814418386
2.00004075460552
1.81776341730479
1.617328638401
1.41850668668278
1.23895282865576
1.09089292725733
0.98046052866819
0.908857645334341
0.873805972421587
0.869970717143118
0.887832038360928
0.922511593394938
0.838738380501057
0.727716043617216
0.912371298545969
1.58803472113239
0.720667291393342
0.486875584995071
0.451553072809778
0.568577898495183
1.04653579101364
1.77263128401525
2.23269222921877
2.60016758070075
2.76181339586101
2.68037220428825
2.4140464949721
2.06831926014729
1.73490212978415
1.46458966687456
1.27298444301887
1.15699900933092
1.10769377241579
1.11643858441545
1.17625785590376
1.28060915816823
1.42118918425676
1.58603183126491
1.75907309860223
1.92193243839548
2.04564176519281
2.1299420890728
2.18526916765418
2.21524851527534
2.2252195590833
2.21676545914079
2.19066955883482
2.1488020445653
2.09916684406584
2.04380110860006
1.98099687767763
1.90658918507835
1.81594559867721
1.70622020963367
1.57820180075076
1.43701794401185
1.29131175460155
1.15121120331314
1.02600321844092
0.922455641307049
0.844199477422969
0.79191563469843
0.763689753471249
0.754958518122348
0.757980303480709
0.757230890002427
0.688209084742604
0.664661524651684
0.917611334889076
1.53946070098311
0.744743516020306
0.469943634934401
0.43684999433232
0.635427197441291
1.48157626011928
2.83829149638319
3.70403631749446
4.34290875011927
4.51668586718629
4.19486359595412
3.5591141480838
2.84948039520087
2.23008207641994
1.76258559479806
1.4439232598894
1.24750070868074
1.14595593935097
1.11868102093599
1.15176245885803
1.23513414877756
1.35909206082953
1.51128993392599
1.67523855628734
1.83119625088602
1.94840839160135
2.02462337011927
2.0684933630328
2.08305570422016
2.07172772810265
2.03553967752648
1.9725904527028
1.88520145522924
1.78880119175073
1.68971229258284
1.59088032956457
1.49276365617816
1.39458367486564
1.29556886079795
1.19591429008287
1.09725105139666
1.00254035130805
0.91548668745269
0.83972507264057
0.778071972631216
0.7320058254047
0.701345347312362
0.683972567834447
0.675543229769261
0.669509227595547
0.641370530926193
0.570389146397063
0.60442317070494
0.911559877168011
1.45931252524139
0.761574629911708
0.462854723872062
0.462165438694873
0.828112493968
2.4596297659209
5.12808419189201
6.74516268329295
7.73298618955575
7.65469958186971
6.63419648191097
5.19463967673854
3.82608976191766
2.7626661243259
2.02814035802737
1.55702655670224
1.27327577242554
1.11861595381211
1.05520165788855
1.06022656101137
1.11958927949361
1.22239266468768
1.35659071896884
1.5062693199108
1.65141156184394
1.7604252325429
1.82884708965891
1.86329065338408
1.86608753545454
1.83920133549044
1.7835608830291
1.69612278532382
1.58084064314819
1.45896868069237
1.33984052414064
1.22891210230315
1.12852436792964
1.03899803663169
0.959654915624008
0.889590626893611
0.828156285305134
0.775163075554145
0.730846630433131
0.695640874141884
0.669812332092852
0.652991097003321
0.643627160090108
0.638471324754164
0.632411761336914
0.619323431850577
0.565375020175384
0.480664007975412
0.551682106240319
0.897678419720772
1.35462692545695
0.773396002119398
0.466321430056119
0.530462838707643
1.22915288593628
4.58503500699713
9.87186534018885
12.6666913444703
13.7597663605941
12.6170364475697
9.99569070935068
7.12535642173969
4.79192325212161
3.18199603390071
2.16804241442621
1.56014873145005
1.20811925597277
1.01551006306986
0.926206769546893
0.909151963567938
0.947082410507724
1.02875709653466
1.14337160444966
1.27674695258402
1.40991621864006
1.51146762232035
1.57472440768155
1.60426095394069
1.60153627376623
1.56763042360946
1.50356141934324
1.40637390211496
1.2818388058293
1.15435905199804
1.03465441167729
0.928836353961109
0.839355056370394
0.766292175122391
0.70848647033953
0.664322789590255
0.632200912838493
0.610754511939978
0.598874738764362
0.595555397759648
0.5995455672512
0.608797552300045
0.619782950614409
0.626994392665876
0.623357733744815
0.602474644731095
0.519782210881928
0.413312520628793
0.508911168556487
0.877930751515869
1.23339531854144
0.78182039215645
0.477327356488241
0.641000624353837
1.96827424280252
8.90026652953052
18.6048573893143
22.520490066116
22.5348922692633
18.7647482831183
13.4478839340791
8.70777475223971
5.36551146701289
3.29729374395432
2.0995480244604
1.42493849731191
1.05000652049488
0.847730456235267
0.750061295703147
0.721708462005636
0.744543802325935
0.808300305306464
0.904371831527879
1.021354103536
1.14262438570239
1.2380672373104
1.29907815099269
1.32835229379517
1.32630490145698
1.29357389642331
1.23118981127626
1.13694652890675
1.01787790921628
0.898868103156816
0.790725917128255
0.699155578055423
0.626025383901566
0.570923607940205
0.532404835125388
0.508776933159852
0.49849377008643
0.500260392576166
0.512917525006778
0.535111682743482
0.564715776997361
0.597996269856238
0.628723218834684
0.647885394174225
0.645245314028017
0.613763460561496
0.496447236433885
0.362668416547638
0.476198567190067
0.850868326359678
1.1035531377318
0.787803079239913
0.489869925632273
0.777744084099184
3.14011476647795
16.2341385853774
30.9700952301012
34.4055189491314
31.1619327467244
23.4270797363988
15.2565833998337
9.0786745387803
5.20267222991821
3.00417514780531
1.81187935606373
1.17244181915776
0.82905715299951
0.647147409580312
0.558618120115031
0.529790463730866
0.544423441708355
0.594447685130965
0.674057734592128
0.775217365969878
0.88458059652248
0.974437814008917
1.03481023349148
1.06676055798515
1.06956604914319
1.04364777447173
0.989834582037162
0.906818307665752
0.802071841675516
0.698999317965997
0.607758740717831
0.533304186023872
0.476929266169793
0.437983109680706
0.415145102147328
0.407158804251467
0.413130914051266
0.432507032959475
0.46476368196459
0.508779393052949
0.561823131353637
0.618218971251167
0.668158562746774
0.69789915882731
0.693198644576245
0.646715064947389
0.487865560824867
0.32342992643478
0.450741770849862
0.810888528605141
0.972475681543632
0.792037547956793
0.497043677823434
0.898072130111999
4.54997292991065
24.8228002022671
41.247773978819
41.5026318607872
34.0218744722547
23.3667052109823
14.1065058932628
7.89821193429279
4.30946675215917
2.38764933482858
1.38776750050147
0.867872675011353
0.59512643370434
0.452987614434704
0.384398246361239
0.362023168565913
0.373410475108448
0.413265713694475
0.478588117978499
0.564670529855308
0.661769542708704
0.745445027477635
0.805051119812232
0.840327043239288
0.849467450895014
0.832736858277982
0.790573483565094
0.722419528308469
0.635476956955649
0.550591832995453
0.476979550395194
0.418902719184478
0.377353425326584
0.351789115126225
0.341350428977831
0.345519046892829
0.364338982994592
0.39828164964534
0.447724729738891
0.511925872224479
0.587403342175193
0.66593966735868
0.733174583252744
0.769824986491049
0.757847836553933
0.69111817211586
0.485975873936805
0.291026566658986
0.425990950294273
0.750260734966778
0.846687015146541
0.795477836556915
0.494969571183945
0.946977231138297
5.51428158125306
29.0091465163407
41.3295449860397
37.888020789826
28.6128752457453
18.4228437016524
10.6170283041163
5.75811308765498
3.07120633816385
1.66964109182021
0.952324607814267
0.583898357236753
0.392831290328981
0.294551715467329
0.248115622634321
0.234297870624357
0.244879282140015
0.277151768143189
0.330390455295665
0.402620431823898
0.487381862510732
0.563870595367624
0.621464849573382
0.658949003976995
0.673664955658735
0.665732081952976
0.635152056009234
0.581900192304309
0.512501904241791
0.444893990430348
0.387291493987452
0.343439228260005
0.314300125177511
0.299701423854419
0.299444051684984
0.313877683023102
0.344052465651083
0.391465883671402
0.457275187496875
0.540767618315859
0.637030727580227
0.734376992582786
0.813216068087069
0.849167217304025
0.822480183659224
0.731068130365988
0.481504928058892
0.262057543714093
0.392008315391909
0.664925681784912
0.731455077916724
0.7996549148558
0.486261950427182
0.906177504655228
5.37789280254001
25.1561445290246
31.2064215419744
26.606378299978
19.0160716232741
11.823506479571
6.69739624249871
3.61461991924679
1.93016399702358
1.05095892767718
0.598435391569565
0.364979762877094
0.244045047131041
0.182538624769865
0.154589121111205
0.148227991679036
0.158802746941901
0.185549011566144
0.229257002001089
0.289800026200228
0.363199880593386
0.432031970297909
0.48621070298758
0.523974766837927
0.542188550010882
0.540891235914051
0.51979441452831
0.479277349328357
0.42512199788735
0.372474695724995
0.328556785220135
0.296726446430249
0.278091312137613
0.27299705366572
0.281991494204147
0.306288338562839
0.347804673840956
0.408714972485432
0.490310728010067
0.590915733579078
0.702997223816993
0.810588488479792
0.889451757010088
0.912862825635125
0.86358421222247
0.746658002329716
0.465052170553403
0.234271505764347
0.341405142875368
0.560830790395183
0.63035813456641
0.806621849365602
0.479461639647864
0.818566329309885
4.35619134579169
17.0264229671366
18.8899212505207
15.3299260397467
10.6240288019998
6.52922898493172
3.714298759183
2.03505635777982
1.10876286695102
0.615467734626225
0.355730711319929
0.219228340133791
0.148015801722835
0.112315641648436
0.09732190685150749
0.09634211686899384
0.107250598401976
0.13054292599508
0.167833204689295
0.21994431633177
0.284319087491334
0.346070628259895
0.395897543079413
0.431913809386622
0.450982883725993
0.453236945799293
0.438437348487472
0.407397631405952
0.365378496147023
0.325099903861487
0.292770151478584
0.271402412487319
0.262325864270241
0.266473567490219
0.285142641618213
0.320242608283833
0.374062268357208
0.448505253859379
0.543585649839624
0.655090010210802
0.771807479367799
0.874032439298086
0.936008435507525
0.933963152420044
0.857997858913982
0.721305564281739
0.430397875888507
0.206307390320089
0.278810073097258
0.453372241497812
0.545166569961745
0.818544495516706
0.484776730758969
0.744029966017785
3.20397847920026
9.97918489818173
10.0654502774144
7.89479119340761
5.38025033413788
3.3079396862331
1.91075233145866
1.07571398491973
0.606673177207126
0.349377655059596
0.208713643269359
0.132504061121138
0.09229639655305452
0.07274766291257256
0.0660540368128189
0.06892508274262513
0.08089568692044509
0.103249948903136
0.137932538747241
0.185894131520692
0.244776908369336
0.300926310762169
0.345874096350106
0.378074440420714
0.394986005304636
0.397140948537379
0.384872378428385
0.359610591060868
0.326510619053906
0.296305152769137
0.27411130889904
0.262569404307944
0.263257177426368
0.277730952305039
0.307958353440862
0.356068229506401
0.423506141306341
0.509859593574405
0.6116939830805
0.720966462260194
0.823594544319561
0.899741417607548
0.927986092390403
0.89319065253438
0.794858860392676
0.651306859722786
0.378133154878238
0.177993705029024
0.218482387117519
0.358554367823298
0.476073932525935
0.837136293457947
0.510161038236254
0.714076620921525
2.35776644492379
5.65874818556165
5.19073618516086
3.95254541239473
2.65718160426107
1.63686861879418
0.961641334269743
0.559073908663138
0.330787356772992
0.201151027013481
0.127231648048302
0.08545510561355321
0.06323584677607336
0.05342085345464574
0.05231601960086894
0.05880429610014531
0.07363071064241335
0.09866616436143093
0.135789223324666
0.185106860405138
0.242861009557196
0.294974246327728
0.333996959643219
0.359451674176668
0.370284107992971
0.367896934322276
0.353886675093983
0.330536884734017
0.303347140578674
0.281423258254041
0.268654829827062
0.267273809032312
0.279158722563008
0.306552065007265
0.351921105258265
0.416608323805564
0.498489971986356
0.59121437031399
0.685403675604161
0.770826257446158
0.835940118710332
0.867530077240145
0.854156983540752
0.791049780246766
0.683714056970124
0.549511005254455
0.316045329409214
0.150767767910472
0.170843443903963
0.284954806141162
0.422078694995352
0.863184412989968
0.559746309928547
0.733091190144422
1.84967623414157
3.38354769135687
2.80467841195198
2.06910716717683
1.36779736894009
0.840245890416239
0.499570250371914
0.299689020414049
0.187584450645785
0.124685172561264
0.08573368806994713
0.06278296528006591
0.05125665777189282
0.04802756495207205
0.05201517620997067
0.06387905892143583
0.08563301313101569
0.119720880112596
0.167222597103173
0.225488852716999
0.286648194152568
0.334446943889547
0.363734355526803
0.376678609649875
0.375289082052456
0.362455934605723
0.341796529352088
0.31648002399771
0.292571364460698
0.277673463361459
0.274288005761909
0.284283482859335
0.310009333423069
0.354573745275224
0.420730764571617
0.507271289273223
0.603434829076742
0.689059787729129
0.750990037277595
0.784918032490175
0.792677994179517
0.773426992937938
0.725904744001865
0.650122106127924
0.550554986100437
0.43863376530722
0.255040782507768
0.126938066950198
0.137659681034597
0.23307907930971
0.381462547583386
0.902434352191455
0.648101980201613
0.80856889723372
1.55493841144111
2.1259124321712
1.56792561525602
1.11380994670024
0.720109526328775
0.438603602076989
0.262203807404737
0.161271868769874
0.107976953136912
0.07989796066533295
0.06393558555902103
0.05623849510633643
0.05368273319167283
0.05782687308778534
0.07073633153336618
0.09595034467075364
0.137915419006955
0.199548823291213
0.277880894978973
0.360619728903589
0.428371312220756
0.462029241259396
0.465452212890942
0.448422714324749
0.419833196327286
0.38472187656699
0.349448474320617
0.317337337322814
0.294665314976109
0.287053265154122
0.295270568881131
0.321022823097498
0.367645017711218
0.439724310278031
0.540254222722672
0.662207504874024
0.773955860312387
0.824952155941669
0.798994515364028
0.736433788455923
0.672303805842893
0.610981512439344
0.549081070239088
0.481097610155926
0.405091455968589
0.325010373366997
0.196460141843276
0.105713737906072
0.113785795616739
0.19508428001781
0.348216248865678
0.982010996331324
0.855630925206222
1.03546044340331
1.46882356070655
1.43443402355447
0.928883212810651
0.639294608642125
0.410089573081119
0.252531770841374
0.154507984215257
0.0979409751560452
0.06795579425555676
0.06047801946140895
0.07957200243806047
0.08392312309008795
0.0946194241024111
0.118661451973649
0.168542312478488
0.259894324193826
0.407212052518712
0.607808200546528
0.822555688653676
0.980050711017141
1.01914584679884
0.948718963291408
0.831588832644694
0.705212384021342
0.593623753652248
0.49885743181649
0.427207164233728
0.37723786849528
0.353737825387816
0.359009278940078
0.391631313144006
0.454095000402284
0.552156526802696
0.692457120946566
0.874701164567365
1.07127646102806
1.19597897010312
1.06719291136906
0.70469094211156
0.522367324762354
0.415873796960661
0.355122050213023
0.314508824054956
0.279778703512366
0.243939287420843
0.205647643901847
0.139538564321203
0.08904839628540114
0.09950788554318653
0.169099006835803
0.318211150909926
1.0582455393652
1.11122204698779
1.34501774449701
1.63493573529724
1.47664389314385
1.01468948115434
0.756703214497629
0.539478317939786
0.3769886592193
0.266688454688236
0.198264260604905
0.157951600283461
0.142704932694914
0.08381833870234308
0.07130011297972971
0.08478297463939322
0.12225897650195
0.201567662392348
0.35152298284103
0.598642806429374
0.93222964628145
1.27204963363583
1.49551289562747
1.52729776526868
1.41549528931209
1.25722843430229
1.09990609919604
0.9673056214841
0.858252271235683
0.779459025487592
0.732053264451728
0.727722690685747
0.772911416580179
0.869132093858034
1.01976210014781
1.22564751108685
1.47440162365993
1.71915364027929
1.84575125020717
1.69657772113739
1.13637988644081
0.576886204582534
0.384934473785845
0.297555585575312
0.253565983264666
0.228227970944895
0.209882938644464
0.192719122202815
0.174477915747184
0.1403112697648
0.112121310852437
0.125660561843888
0.186627414755509
0.319663761084711
1.06597612490717
1.19059540581805
1.41371957616071
1.64579386884353
1.58345392076716
1.24240719276123
1.01040635930756
0.777921178128922
0.568133920792645
0.394570495980304
0.261423041643132
0.167866534243442
0.105729638563021
0.0836551643966418
0.06736685130451214
0.06447022101002585
0.07781681828315867
0.112477952757976
0.180197773315324
0.295848205287664
0.467635622930513
0.685222380802916
0.919574537504471
1.1404133501092
1.31752494376459
1.45760941269053
1.58137180079143
1.6903826880076
1.79283729400943
1.88654175845164
1.9830179961025
2.09546967917711
2.23501762795374
2.41330321954238
2.62433419375822
2.83688277215092
2.98600709793098
2.97483095632388
2.71659433074105
2.21678273453523
1.67440807289773
1.25336101147471
0.830599525642387
0.58440559554386
0.447575023482882
0.368229340547875
0.318015038775494
0.282594641622665
0.254998960557212
0.216272761193895
0.18804950958561
0.196675983178629
0.24255214805926
0.350643671066128
1.01540571975544
1.10400095497567
1.22740703903188
1.34050696799743
1.30827081535469
1.11980830383211
0.968926973692484
0.797889907150656
0.624799787207655
0.467628789168196
0.339235064695036
0.243922449772205
0.18042467679892
0.130049713561659
0.105916961609483
0.09819058407400483
0.105118721783918
0.130480686834885
0.182522765057167
0.274705532229902
0.424745723222005
0.651715167239972
0.972260368340411
1.39684820852004
1.86600388325819
2.34199035314275
2.825939978404
3.28567702633658
3.72812981613033
4.11274883207227
4.43212421963472
4.64040963361939
4.72829048390436
4.73009794872075
4.66258933098371
4.52017490855033
4.28377596000005
3.9392735443017
3.49642629341135
2.99628442005754
2.47479316654926
1.9547023454603
1.558727339521
1.23410874657141
0.983654800402515
0.798670533171928
0.664468860777002
0.566950380480789
0.495266635101755
0.407209508431501
0.345811647704528
0.331983005023192
0.351832287339726
0.424628843119808
0.537713697790393
0.639065946043301
0.88303719482618
1.31018776545094
1.96956715379246
2.45812491768847
2.73414230917983
2.98749738336418
3.20399914361142
3.37751894618156
3.51253027359846
3.62570441240674
3.74446843453255
3.9006420010741
4.12178727123898
4.42325315926773
4.80081785374615
5.22658566881384
5.64951584849742
5.99879638064554
6.19095587679118
6.14534843722745
5.8110833214541
5.19802012729465
4.47445207879463
3.78190799253357
3.14139529745249
2.5964498143917
2.12358957064897
1.74275504869931
1.44115159837769
1.23755596674336
1.14117563551436
1.12628303659805
1.17272494838484
1.26191109251076
1.37362030693869
1.48637943829468
1.58175926945485
1.64956787402712
1.68978950758547
1.71009496986905
1.7208154358206
1.7297431974083
1.73880216241247
1.74323269861387
1.73313299275229
1.69724196002071
1.6279909560417
1.42393925014098
1.03315906512166
0.745299906011148
0.595325095253394
0.575712585712723
0.400117847560954
0.399961734697356
0.506056337707161
0.720475362083629
1.03435332297889
1.20429291170988
1.266413955456
1.29888815862503
1.30838317994854
1.31079760132917
1.32771905945683
1.38276900634498
1.50138026622058
1.71413013373504
2.05627826865063
2.55844801077994
3.23467623292377
4.07235965391594
5.02176597277691
5.98345407287895
6.79901698939799
7.26351684715808
7.18566910453874
6.49688486975412
5.46700361803035
4.42015509731978
3.46421545572169
2.6923752210393
2.07399669919159
1.62530959589714
1.31535196387005
1.15255282240754
1.12989841417018
1.21843000723311
1.3989730019237
1.64279093378372
1.89429020089332
2.07146943769656
2.09928248925296
1.96098618969644
1.71572735265432
1.45527174771058
1.24669089111881
1.11384800232454
1.05096972019233
1.03941476500082
1.0561423064881
1.07701454826273
1.08038890829245
1.00483773955254
0.746435217654808
0.541205705514855
0.457890221971603
0.508226434146511
0.298585666865834
0.224580868518069
0.234169207148805
0.313772624281339
0.469035189484258
0.56090410108264
0.585484163992675
0.586294372196984
0.568274288572417
0.543652611761151
0.529443155951294
0.544971383641847
0.611141863291553
0.751392005378126
0.991950749339659
1.35830969986223
1.86681273957575
2.51532227274021
3.27402618459981
4.07230169811929
4.78537795371489
5.23872356245441
5.25694549962566
4.76449469197312
3.97532959352634
3.16942656332973
2.44818047936872
1.886316635412
1.45848712668183
1.17112842512091
1.00129595560459
0.962179795660598
1.05725025619385
1.28955569645065
1.67061123774748
2.18424709379404
2.73297851937719
3.10722825084338
3.06808142911132
2.56315475909276
1.83949407494617
1.22000057180785
0.83284035506336
0.635873493492395
0.555879137745932
0.543380270136092
0.568721221311781
0.609925129066148
0.647011537038811
0.656239816550686
0.523203637295684
0.402393316422665
0.38078286990985
0.497132447126772
0.230679628404249
0.129986005498865
0.117008253649638
0.166142581086522
0.307858366010288
0.43493712064548
0.489286576743019
0.520423209568838
0.525492654355913
0.509995471762302
0.486926041393376
0.473463680622631
0.486196314746188
0.536797359866853
0.631241140486019
0.772921100600116
0.96383564574657
1.20038454399448
1.46669938669531
1.7292692508334
1.93654310893278
2.02904791663941
1.9637135302231
1.7436648611717
1.46163271959161
1.19811541851542
0.972813908818964
0.80124363054984
0.67356647003503
0.594016099053981
0.562552430839555
0.596432445753881
0.707330217360027
0.910334766260994
1.22016236328628
1.62546838646509
2.04903747400341
2.32664261079529
2.27523115640904
1.86368826016806
1.2965395020117
0.826568514541977
0.542649395886666
0.403069169903231
0.349351656610096
0.345545111100333
0.372360343908843
0.416102805295055
0.462364896276798
0.505244974178289
0.426583233757004
0.337087180666191
0.350586877601209
0.541549127320119
0.21568395303063
0.112189593835439
0.106932487946317
0.175676364949014
0.374371352050191
0.567838464047168
0.658995153810016
0.717656487329394
0.733197033744358
0.706624477210475
0.651521947161532
0.589035475368387
0.538851410120919
0.512684220576589
0.514643508285124
0.545201712682261
0.603056692287383
0.683989999054586
0.778763399400899
0.871745315350052
0.941903384268134
0.967818023390713
0.936519173597883
0.851788198878473
0.747228941737492
0.64934985509041
0.564388610469617
0.49862798599678
0.449951315659354
0.422558416675852
0.420728305013774
0.45719908864603
0.539248436717628
0.674072412793211
0.864083063886807
1.09349074521488
1.31284325984177
1.43986990589884
1.40012085359836
1.19324253047596
0.909295661199246
0.655748070711436
0.483366935019284
0.38855843623264
0.350738471494902
0.353136372311002
0.38501709625072
0.437223130831136
0.497318794553538
0.569301428165338
0.483828292857477
0.353865897080922
0.365281894255439
0.627023621260076
0.221383339783763
0.118887803581222
0.125974112210561
0.229352485854153
0.495128984351707
0.729896379066347
0.83257879498548
0.890987772789856
0.893194253119391
0.8416178612207
0.753820751481389
0.655612687815777
0.570020306306271
0.510240184118503
0.480217071280982
0.478822570061041
0.502754805735021
0.547042706733965
0.604216191881486
0.663473452243227
0.711155093211732
0.733567110301536
0.721938690783925
0.677080669750496
0.617355726789247
0.558853971997088
0.506311928328202
0.464732101255819
0.434070770166227
0.418558083127759
0.423314865828235
0.459619291752576
0.532922917732285
0.647447796794478
0.801833217425326
0.979897043947815
1.14226129180786
1.23147018153512
1.20155683231396
1.05645320196246
0.854055140613381
0.663496575190811
0.523934989542354
0.441686405625951
0.408439382600013
0.414883658405736
0.454262171779723
0.519801589102134
0.599588298578788
0.708366767222305
0.592986378849439
0.390682939613405
0.386290515850926
0.699222498607327
0.236073602667996
0.136251049231196
0.163468679859452
0.322113518608748
0.6598342581235
0.90515279622741
0.996053256445538
1.03310004055934
1.00815928789149
0.92824117782551
0.814777507156631
0.695218168782698
0.59211169752349
0.517354156466983
0.473592199141284
0.4585580764416
0.468192060764828
0.497551104092407
0.540323722618232
0.588101341501208
0.630481806128986
0.656806528319734
0.659463832556538
0.637248264707505
0.601064273241226
0.562668290556218
0.52660049909318
0.497459533240611
0.476410944840732
0.467865582681939
0.477720174094311
0.517018124290486
0.59036642234929
0.700610703280583
0.844459598658281
1.00525186878308
1.14776125168462
1.22477746041022
1.20125864579796
1.08152262917284
0.910132329554808
0.741723694016087
0.611683525720062
0.531253005718439
0.498451812491345
0.508507760802948
0.557813697264479
0.642093322988198
0.750231466213956
0.914628926888635
0.751641724720376
0.440120416357359
0.412077420847624
0.775460107946399
0.260853118486906
0.167007691154376
0.230050902822315
0.478190859895209
0.87534344217386
1.08181604251297
1.13522177848242
1.13356775251863
1.07522821016936
0.971328958315172
0.843772654993419
0.717169363991619
0.610228814036068
0.532159641012481
0.484468838929394
0.464668898152056
0.468919907743321
0.492866698788884
0.531255133532557
0.577227177233148
0.622176522915107
0.656860104225288
0.673843809334029
0.67029960276575
0.652105971342026
0.628722171059786
0.605033108537393
0.585572532478387
0.57260930730629
0.57090270109484
0.587469516077434
0.633884768545866
0.714274119054566
0.830694342613712
0.978241550927473
1.13890841791268
1.27826022721163
1.35301742119205
1.33259753617954
1.22105919990068
1.05708579832855
0.889931199491223
0.755115088625172
0.668076865389433
0.631499839081094
0.644308990543265
0.706134936758065
0.81598138045345
0.964506496743069
1.21393207753699
0.979255120066431
0.505993031460578
0.446037961778453
0.86472340802532
0.296357676393607
0.213607858384023
0.333842820790573
0.701450237876751
1.09971717270529
1.21325291405248
1.21423728398519
1.17115464677981
1.08665929922343
0.971998451646688
0.845259295809438
0.725233226950593
0.625647943207189
0.553162353346197
0.508860169523744
0.490884983516422
0.49632766981435
0.521822200396405
0.563171819196607
0.614639449037654
0.668631691277144
0.716439128164384
0.750244497141143
0.765731957967374
0.764714028741099
0.755409393885655
0.743508998918019
0.733705537231538
0.72950096575532
0.736160626263569
0.762237220828714
0.820379274505523
0.914225674875802
1.04519224818568
1.20654059966134
1.37787862881785
1.52321355109974
1.5996161010269
1.57782679807754
1.46180195824897
1.28848748187363
1.10667549872252
0.95455464128449
0.851987340594819
0.805765223445488
0.818093855935447
0.89181137764671
1.02964801319879
1.22494164350496
1.57948565927855
1.25440083645843
0.584229782392669
0.489166077330866
0.965420495602744
0.342536148601708
0.275933192278073
0.468993513851695
0.942766175186378
1.25391648520051
1.25888784703079
1.21664136809534
1.14771320478798
1.0544991561015
0.944868267128564
0.831355663716922
0.727001585367514
0.641548855132517
0.580116226499983
0.544078656886101
0.532710836414457
0.544401784983761
0.576995551685432
0.627371961286122
0.690690663764869
0.759922454574139
0.826342872299501
0.881328753086547
0.918998262744844
0.937210389101493
0.943504570762
0.944830662330986
0.946195602322664
0.952565825479198
0.969800314424006
1.00829294395077
1.08193374693889
1.19351280318239
1.34356299821645
1.52302145479025
1.70833310910239
1.86085312264902
1.93670393977048
1.90706194408083
1.77629217549183
1.58159993283188
1.37345721431771
1.19382228603817
1.06708746701924
1.00378690099423
1.00880801394563
1.0873526278998
1.24483605797308
1.47655990766228
1.91707469910743
1.50628897470538
0.665441669264157
0.542028853073017
1.07434562033457
0.398102386843196
0.34798924029547
0.601116963605193
1.0944983728169
1.27083260474811
1.21261869708308
1.15656813742774
1.08715908485735
1.004257732123
0.911959276286395
0.818474457338185
0.733196269440707
0.663838547898309
0.615210165045912
0.589542482556804
0.587462213783928
0.608764482536252
0.6525649122811
0.716804979704097
0.797397599586097
0.887583163533748
0.97822085023923
1.05949230605333
1.12371239639937
1.16443834411962
1.18880440253195
1.20541869730033
1.21968783692958
1.23821237533728
1.26738284755709
1.31936413144111
1.40888396084071
1.53730892338892
1.70377972457248
1.89650943986774
2.08878756291802
2.23989747392315
2.30598242698359
2.25963155963884
2.10634855998096
1.88389919807237
1.6441376754817
1.43203087269738
1.27563573274436
1.18835759013464
1.17658931788505
1.2459614797592
1.40166847662959
1.63807238001907
2.09233729061554
1.63882043873272
0.736059018097156
0.603896405348124
1.18638978408507
0.460172259918813
0.417049727152358
0.67851322787534
1.07880570273335
1.15834646936969
1.11036309736152
1.07222717917018
1.02492192984097
0.965994124286494
0.897182838693196
0.824678966683171
0.756740296649792
0.701043591068922
0.663248543790039
0.646914831258188
0.654119024382197
0.686031070553806
0.742985270970181
0.823916707159887
0.925368916850186
1.04063417368272
1.15983621600551
1.27158729121924
1.36605092657277
1.43197361863448
1.47615978191693
1.50910358558737
1.53661006780175
1.56683078537625
1.6064087685094
1.66856717495016
1.76780416366071
1.90367264330936
2.0734781888343
2.26291616442346
2.44343857571454
2.57474673942526
2.61599340386152
2.54350060589051
2.36459745540445
2.11641415607329
1.84966350311269
1.60951927355946
1.42546163726895
1.31216701561794
1.27601013272664
1.32088168006396
1.44865887107993
1.65004092885096
2.02989017289067
1.6030496762499
0.783295412721689
0.672043425790211
1.29451171323124
0.524433269173972
0.468624663208948
0.675026425476748
0.932286052739938
0.992087878650513
1.0077309786601
1.00851265789402
0.997389564129302
0.969415962111411
0.924776258986932
0.869423710649977
0.812672588087203
0.764046346645801
0.731237533069631
0.719636898608537
0.732835621349727
0.773250751155148
0.842267756404281
0.93966557598999
1.06248006493194
1.20389046738484
1.35305232363876
1.49668856827282
1.62241893916615
1.71378136738455
1.77717152460661
1.82489343425095
1.86305755203857
1.90089013724051
1.94480645518468
2.00767525202158
2.10228313413945
2.22678005141406
2.37679678418038
2.53680498411177
2.67916033553581
2.7678440361714
2.76888970368856
2.66481656914746
2.46487760449903
2.20323581880018
1.9255449322807
1.67306189071079
1.47350774703921
1.34088667152074
1.28039232820713
1.29317269007919
1.37683950904969
1.5186597938586
1.77736017803111
1.43496702325207
0.800993786429359
0.741762245648577
1.39018274654149
0.585997270915152
0.494744625080384
0.612166973371055
0.754783792133594
0.850871445944399
0.954638112017676
1.0065959105987
1.04066958627807
1.04701285918592
1.02339786344175
0.97671230694145
0.919751522440317
0.866314106263429
0.82773402796891
0.811887020371657
0.823861863329223
0.866991322291694
0.943320941103849
1.05315299265483
1.19380407032382
1.35821311391205
1.53445496620169
1.70717544112135
1.86111563594193
1.97454013775364
2.05323482310657
2.11086558083282
2.15368902785059
2.19115940925689
2.22893434431785
2.27775926620282
2.34746887925366
2.43650863162952
2.54001093684543
2.64359523956108
2.723948146409
2.75304165713486
2.70662421442309
2.57446225559297
2.36675907297398
2.11201696308337
1.8470782083241
1.60544507151709
1.41012731661201
1.27286317873097
1.19730976065642
1.18244202791991
1.22306079802987
1.30559358825296
1.4515089174314
1.21244874393972
0.791409722182522
0.807273676797917
1.46443004484394
0.640665123208114
0.497959641696781
0.532682949398394
0.617680837494727
0.781365663372501
0.993129755801557
1.11123240641632
1.20251189559798
1.24656422846804
1.2363349596867
1.18166280459863
1.10346479051062
1.02426877565915
0.961673093666982
0.926769790885813
0.92570677546684
0.961852174639051
1.03703923641534
1.15143604570646
1.30226304001097
1.48210182594511
1.67798981028698
1.87253263992015
2.04744803033319
2.17610573487294
2.2633803875171
2.32353176494176
2.36278484072834
2.38983364026203
2.40923848520117
2.42817264404809
2.45326087064983
2.48606317323082
2.52321571986902
2.5541195146243
2.56244304090817
2.52991120102488
2.44221789245311
2.29521091706303
2.0981984994106
1.87205325857839
1.6428069282623
1.43423364965554
1.26303712399362
1.137908955049
1.06121341288974
1.03100958556333
1.04142296675374
1.08045293272065
1.14788219563237
0.997112685867847
0.762022892935029
0.863144615384835
1.50937196419256
0.685996860174049
0.488026578042703
0.468752104598384
0.546554521892381
0.81309412678457
1.18049511238981
1.3975891461971
1.57000733854045
1.65528441862381
1.6385066663448
1.5394995809679
1.39864490195543
1.25610006642958
1.13957118389788
1.0632784487551
1.03255281662055
1.04864160131623
1.11139736944611
1.219654003342
1.36990275375345
1.554234742727
1.75887418127128
1.96472787533322
2.1506670551233
2.28594535512219
2.37413020498337
2.42914875810411
2.45703149176124
2.46491896629606
2.45629913043025
2.43427135079786
2.403242330858
2.37081259582282
2.3370684245765
2.29683963877215
2.2413829479788
2.16119552561691
2.04954500351732
1.90566736659003
1.73621130318472
1.55402742534418
1.37474771090185
1.21281202672783
1.07869074854808
0.978036263527054
0.912265988503381
0.879431989499974
0.874322392490547
0.887461690456452
0.908004663495447
0.816546720323956
0.721115957990428
0.905592253532599
1.51980544078
0.721656746867734
0.475849216932215
0.435528763419298
0.549528870519865
0.995794523377762
1.63758824112718
2.02580980643067
2.32263008803335
2.44085584731675
2.35958256966668
2.13260381567616
1.84685149457925
1.57562788350012
1.35951274151282
1.21180386933059
1.1314862247948
1.11312743364601
1.15150321660123
1.24226362746311
1.38028166584262
1.55702300552677
1.75831779715929
1.96405738893697
2.15085103874082
2.2848507757652
2.36783318263382
2.41250984339878
2.42455744629037
2.40922031744856
2.36927282108151
2.30435285736676
2.21841373120961
2.12678646807135
2.03391129857417
1.93994542109822
1.84219446155923
1.73701076318551
1.62176292258253
1.49640936446426
1.36418833500957
1.23116092827033
1.10480339215558
0.992266621862269
0.898991696101218
0.828039626204687
0.780013397748682
0.75313837159983
0.743103847385975
0.742721931079646
0.735358275113989
0.674959844236352
0.67538664941329
0.93323157843001
1.49423756318046
0.74895253684891
0.469552510814521
0.43937504691064
0.645384680451271
1.45560420264434
2.64633302894412
3.34975237715783
3.82634656284466
3.90786813046734
3.59969730621868
3.06043836855612
2.47832449685866
1.9768680745485
1.60143345253396
1.34946659959022
1.20130385802524
1.1370208111377
1.14194983951164
1.20632625949881
1.32247418519852
1.48119257661014
1.66853263208894
1.86436824926628
2.04404575818107
2.17169059320245
2.24676903533945
2.28009978564299
2.27680498149063
2.24037720818195
2.17334499889055
2.07323636643364
1.94519091056208
1.81194292438794
1.68180566955674
1.55870597471436
1.44338870792387
1.33486832284259
1.23174638722305
1.13319122603709
1.03946886458877
0.951992163009536
0.872959262180851
0.804755681696873
0.749329279843457
0.707678125960926
0.679462194757571
0.66267060500892
0.653369413944571
0.645870587533376
0.618438388815807
0.566877949715808
0.629736037199014
0.947010517731121
1.43496476935475
0.769921784010705
0.473369137618838
0.485853774406223
0.887529968777358
2.50677621375362
4.84649512619151
6.10579500408831
6.75050270076698
6.51737346846325
5.58335592247479
4.3784147183325
3.26630095269166
2.40951270890263
1.81800425639222
1.43953802132419
1.21588989916146
1.10289037279973
1.07214814997144
1.10677562744324
1.19605260811647
1.33033036636376
1.49666494635093
1.6761203110987
1.84411047712663
1.96380110331361
2.03192046794921
2.05699718740638
2.0433256507396
1.99310439237695
1.90893069895676
1.78768638223548
1.63651399950746
1.48345767288561
1.33930434015052
1.20973495216143
1.09658399779658
0.999322855559808
0.916309823636693
0.845667863643791
0.785807953775818
0.735659901130092
0.694669917195435
0.66261441650927
0.639271348995842
0.623982182980297
0.615145715245952
0.609762241832577
0.603350716787181
0.590805664369239
0.5438050571436
0.484859988817451
0.587808304319254
0.949163496201832
1.34728976423232
0.786450242849655
0.487703431361513
0.58234608395931
1.3937381157625
4.87462833670897
9.52047740588154
11.5629031322282
12.0033962684533
10.6756718716641
8.34135436398673
5.95599553262779
4.063152447998
2.76216552979075
1.93823614860832
1.44112448398825
1.15421089237094
1.00268481056543
0.943055165305549
0.951438171112417
1.01453740733895
1.12285896514057
1.26532230248498
1.42541112523179
1.58009548697287
1.69269413116141
1.7570322062007
1.77921893121166
1.76239905228754
1.70798903690609
1.61868014560127
1.4917833569556
1.33630179221811
1.18270589403743
1.04272794929683
0.922234207860655
0.822785116312158
0.743387495268516
0.681873207495543
0.635783093030758
0.602841725990434
0.581147491431659
0.569166168348328
0.565563791417244
0.568876052722527
0.577010252689682
0.586652344285518
0.592864872568051
0.589500369502372
0.571189702616929
0.500476591206809
0.422208972392076
0.55221160320207
0.941251416834579
1.23836648210789
0.799779417941956
0.509175435806872
0.732868747518297
2.36973330151179
9.94675923654716
18.4814441628148
20.9605239026754
19.8999266263897
16.0105311243592
11.3023469784951
7.33326852757772
4.58815138083343
2.88949359014582
1.89623204718423
1.33013390147337
1.01367160001691
0.845465642959477
0.770937849884886
0.761888873115188
0.803993077910708
0.888805369275936
1.00784971490889
1.148025564518
1.28924528248462
1.39619851655123
1.46002947615021
1.48450705142678
1.47133452053334
1.4215121255068
1.33759974384879
1.21784034960073
1.07232347220558
0.931287175682527
0.806304621652042
0.702646097225863
0.621200094254103
0.560485980187238
0.518125878090947
0.491695820592888
0.47910181769396
0.478644344197637
0.488871691742879
0.508249556538933
0.534627491791667
0.564505049153049
0.592267573178731
0.609948757073276
0.608553104886414
0.58182705479822
0.480172949875267
0.373292351484162
0.524127202141664
0.921815763724484
1.11619185368739
0.810537921029904
0.53095160094671
0.921989949103488
4.03367582697594
19.2324536071145
32.0292272116161
33.0892830854654
28.308118609764
20.5203831576568
13.1553622391777
7.8430522137039
4.56276251297911
2.69842760572771
1.6756245074782
1.11908098664706
0.816988821647366
0.657565160694913
0.583818950888535
0.567606894494728
0.595619578213261
0.661302974464748
0.759167032764809
0.880032772746495
1.00773942061687
1.10958824028353
1.17465130257864
1.20458755571867
1.19949548006253
1.16011438077701
1.08854669149207
0.983988269287994
0.856671788004404
0.734748426652158
0.629079512741866
0.544199139844835
0.480494661508886
0.43634894970521
0.409608397538961
0.398358782856028
0.401199489337614
0.417185024505208
0.44550885953855
0.484917711745161
0.532811880115423
0.584079195984185
0.630045422514119
0.658560356969526
0.656789272940506
0.617488347682351
0.476104594173419
0.333288277607725
0.502255718976626
0.884866129964499
0.988927042887107
0.819198735536026
0.544922174603346
1.09503284388684
6.25076104477543
31.3039112881168
44.8034550932052
41.779986629283
32.3126939988167
21.3922108334557
12.7079195492678
7.12156723430733
3.93816620342035
2.22972211843247
1.33069899504827
0.856266211790432
0.6042076135258
0.472588116205608
0.411093990897897
0.395645691360719
0.415566016527986
0.466608645847272
0.546145018262081
0.648800062202114
0.762693435947269
0.858755143891209
0.924842666618566
0.960855173794845
0.965323895355835
0.938732910366108
0.882463533147129
0.796422201037836
0.690217400695537
0.588955218578535
0.502631629734109
0.435224610542384
0.386968627852444
0.356484900266844
0.342172693532887
0.342900701595122
0.358205193300923
0.388134731542812
0.432754659507752
0.491229041327774
0.560404999986093
0.633055997996656
0.696544096249884
0.733590420782377
0.727252395031701
0.670186861705223
0.481427245643464
0.298526247492166
0.480810848359147
0.821543648998654
0.864290883112416
0.82662944700252
0.546610078894281
1.17084355213231
8.031189445749
38.709169485658
47.3088989939572
40.2697455562083
28.7600132385772
17.8740016880973
10.135048493322
5.49349467203172
2.96188409918099
1.63987280058462
0.956567257014996
0.600799868492936
0.413960272798064
0.317392320778876
0.272732867424884
0.261992349391013
0.277741763585683
0.317914309613768
0.38218236927593
0.468314649434047
0.56838826899127
0.657471783003805
0.7230949540284
0.763843572861396
0.776934120554729
0.762569093947892
0.72131767111254
0.653509356964321
0.567694216922301
0.485678000549981
0.416620375690123
0.364181378428
0.328743523987581
0.309428316470403
0.305373869451625
0.316347409864601
0.342884460610258
0.386037358157558
0.446662172803225
0.524078862453656
0.614039478302958
0.706393819935913
0.783771869368986
0.823683700066328
0.806287360200087
0.726353653920084
0.488025667511405
0.267500513678712
0.447549214205009
0.727171588830286
0.74872178561343
0.834388628248668
0.539720377015377
1.11716360831278
8.09076766224153
34.9330872432931
37.5254485713007
29.9146638731308
20.333638968995
12.243779024228
6.83033222700722
3.680172738897
1.98123426943688
1.09438534550073
0.634287507382157
0.394098738331168
0.268211143501366
0.203775158923337
0.174860783946054
0.169486760749312
0.18318697375456
0.215586871859139
0.26790975830491
0.340120207263661
0.427406683913321
0.508818330474373
0.572259034680212
0.615501030096092
0.634867822822322
0.630322511757346
0.601744808714633
0.549706144080957
0.481615542668188
0.416164812299983
0.361731719003799
0.32181953608648
0.297139263592339
0.287453003824363
0.292713354630391
0.31358155032964
0.351476936833961
0.408175940718898
0.484808107139892
0.580051506597424
0.687567074935708
0.793475288773564
0.875803480674789
0.908610474385615
0.872324204519918
0.766781363410117
0.486694821070086
0.240432292395461
0.390154859899373
0.60972382672096
0.64662241652994
0.844645571154418
0.535195088836423
1.00024902045304
6.55257153998695
24.1119070555279
23.6644409167123
18.1495259002236
12.0630049906886
7.2204352958375
4.05687687609049
2.21976156242483
1.2169275269524
0.682853560468923
0.399603929165175
0.249204957836378
0.169874621748632
0.129734330741523
0.112822191887858
0.111902120794242
0.12476590019644
0.15218204697284
0.196243272549334
0.258146841316921
0.335064540024739
0.409224542312312
0.469295024825801
0.512733700958047
0.535493240416596
0.537457071519581
0.518143558649004
0.478363389733901
0.424605384693419
0.372864000669291
0.330738093980541
0.301622061290105
0.286623300825288
0.286196518453451
0.301098257831697
0.332726483728196
0.3829592809238
0.453496590242882
0.544582941560683
0.652925066596174
0.76910020029504
0.875657697107506
0.948178819736818
0.961406756673743
0.90042617800176
0.772025854982107
0.469564611871734
0.216948560066598
0.314523719161477
0.488858153857111
0.560290142228038
0.859641853091239
0.545593153956504
0.911210239060512
4.72287221212538
14.1652949080123
12.988566848661
9.75365382921533
6.44411038269333
3.89140342528867
2.23268636645227
1.25842094688062
0.713830879746122
0.41388245299601
0.248903697868849
0.158568548293344
0.110261655752382
0.08630416227288755
0.07755771536635804
0.08007532814289128
0.0932266226086145
0.118522581824742
0.15843850919985
0.2145537466506
0.284771530020146
0.353197205867851
0.409364066734205
0.45090403341196
0.473994407474927
0.478726593695897
0.464767016517675
0.433343825765201
0.390473993015461
0.349958662377762
0.318547518475931
0.29947859309761
0.294247613021667
0.30399438950693
0.330165202277434
0.374445761656286
0.43811009793317
0.521092434450887
0.620862911128512
0.731009649653025
0.839442837385517
0.927731405365363
0.973648581346417
0.95781735193804
0.872992670285266
0.731715926066111
0.43366614233899
0.195241882185919
0.243367737389964
0.383982742236008
0.49031516112615
0.880959407572597
0.580334735168143
0.888007719799676
3.39002393737618
7.95070987778699
6.81442867064279
5.03961135497164
3.32787196401004
2.03717776303565
1.20011983724902
0.702680589159004
0.418184746691891
0.255554495125325
0.161285790284307
0.107316369559505
0.0779616792072636
0.06409019709785048
0.06087016097659641
0.06655765731135756
0.08168635792947576
0.108322362980291
0.148972875399607
0.20473738942666
0.272798281056912
0.337499391369948
0.389285571061517
0.426562263888996
0.446483833672567
0.449768173472024
0.436897087206206
0.409808924103341
0.374613291936253
0.343400400883252
0.321935288984038
0.313204567469092
0.319054377156395
0.341255420253381
0.38165946892504
0.441260703306214
0.518460658754598
0.608290785667153
0.703654716182201
0.795995634094184
0.874632820110683
0.925636540520161
0.934147951391055
0.889341662392796
0.790385331018802
0.651209821644442
0.382943408378529
0.174266119969765
0.190882760342719
0.304612847192414
0.435890957937897
0.909164220893042
0.643375824233894
0.925982241929715
2.59290570099411
4.66190633919897
3.70133709950314
2.6922309428659
1.77534141884854
1.10095815250735
0.666495984127902
0.40727605811503
0.2573114187204
0.169222383763272
0.115140899784848
0.08241341059341734
0.06431977691693186
0.05686643373154038
0.05810669473126906
0.06800167701073065
0.08818720132395522
0.121250433994191
0.169231242133273
0.231393803989121
0.302148496352818
0.364341551957601
0.40991886656818
0.439101184416063
0.451141146500015
0.447910693504421
0.431464108940738
0.404693258303791
0.374304094911681
0.351031140099674
0.339488549904372
0.342336504919084
0.361752436208939
0.400037781376413
0.458890736240092
0.536801312458088
0.625281595993241
0.709335188120273
0.777214050762128
0.825557879060056
0.853988110305966
0.858447249525503
0.832298831832815
0.770047040237727
0.672174878030782
0.549370740956697
0.326755132177672
0.155039365039467
0.156941634398665
0.250388313545595
0.395309724260556
0.949910987969794
0.749689141408479
1.02536268565211
2.106152401724
2.83525328111181
2.05426172670243
1.4648966475092
0.964557670271397
0.60752500356153
0.380101204733733
0.245295140202058
0.168195009383548
0.123245357785534
0.09568786280449461
0.07780480714766919
0.06717152196325091
0.06489285578736985
0.07214617278565327
0.09100751050523777
0.124782504530763
0.176519935905913
0.245925855243555
0.326365189368384
0.40483422286223
0.461302450956463
0.49252467022553
0.503410914653845
0.497726184004923
0.479216490703606
0.45248231742232
0.421407324982629
0.393645028207414
0.378580722716673
0.379345814033605
0.398234578248671
0.437821656074681
0.500769632548535
0.587371145376977
0.689357478348833
0.782147044844251
0.830832549018269
0.823502516758286
0.788896202387673
0.752304529174302
0.71472895160903
0.668909289193272
0.607355616690566
0.527095797443178
0.433142023838583
0.267436246237606
0.137168348152893
0.134314020907003
0.212210761689912
0.362612483196045
1.02819428186229
0.977899944159801
1.26638561645403
1.83576593360312
1.77185745433871
1.17010236766225
0.832243048506271
0.563725202613724
0.375678905771955
0.255284580312592
0.183866750732379
0.147594365287499
0.140761676238989
0.144156361753474
0.125359872108281
0.110734596779023
0.11440890989026
0.140378933883316
0.195640409202133
0.2883424026711
0.419026093442096
0.569871880982277
0.704598415236446
0.786833022305994
0.804218346845177
0.779915869772594
0.734160616967127
0.680635201189323
0.624032678275257
0.571840285129052
0.527852421220933
0.501349728151561
0.500544488682147
0.526766352277505
0.581982512494344
0.668620878111357
0.786748754794772
0.926325288191228
1.05227909583387
1.08720955118979
0.948146174352897
0.720133277110229
0.579923612984158
0.50416224887298
0.458261534243985
0.424186089266166
0.389381104106273
0.347179878699665
0.297261334771919
0.204439307023428
0.124128992484238
0.123748548195578
0.188562154512966
0.334454250139258
1.09361209746591
1.20941195941002
1.49512491765395
1.79804530083849
1.62446231001116
1.17530503471282
0.925484728419121
0.712378214929221
0.549939132972194
0.438816668666104
0.372274660973576
0.339081166535026
0.2836849056691
0.166549736723247
0.109463880732596
0.09816642114361582
0.114253924626589
0.16077766609221
0.251958096366962
0.403325351278604
0.613708703197215
0.847808997043393
1.0451038044684
1.1592615000219
1.1892457470339
1.17317952744967
1.13902548223991
1.10001925403354
1.06035586979917
1.02630248898712
1.00419236938008
1.00830978712744
1.05069671892691
1.13634080418488
1.26606902808881
1.43298132716813
1.6139283725592
1.7552875050225
1.76410203128546
1.5282040450705
1.07147029404467
0.670224656272976
0.481295387931579
0.397678900174901
0.353947378768256
0.32707694510466
0.305141639144454
0.281924084569148
0.25541503229322
0.203861038435819
0.154092314726792
0.156488795253159
0.210610896872305
0.338965205306597
1.08666111670475
1.23868503118769
1.46296839642867
1.6690733775461
1.61040054100565
1.32314810742806
1.12435133901459
0.916054751207749
0.714242889002603
0.530143907792124
0.371189234984823
0.243099234000727
0.155353911056185
0.109055971858619
0.08252765419408464
0.07274055630745391
0.07945917036870336
0.105140861415704
0.157958880887557
0.250219169766995
0.39247139642762
0.585235679367843
0.816295262501779
1.06888934182358
1.30651741235384
1.52180298913648
1.72892908683785
1.92081240114816
2.10507093048121
2.27023466273652
2.42232647724796
2.56062647266647
2.69050537449095
2.82815905537217
2.97124838309376
3.09314109091609
3.14103500897304
3.0454263550028
2.75444895607979
2.3003575891039
1.81307653621951
1.37720887607503
0.995020155167874
0.740555869968117
0.589353555829327
0.496005931524627
0.433026718252039
0.385664076418293
0.346665760321333
0.289077159434622
0.238712628686638
0.233570832708536
0.270439577668079
0.37242575797354
1.02327519086462
1.11718112742153
1.22988238543488
1.32314668759589
1.28917833250415
1.12541767451997
0.992422361996509
0.837172539968518
0.673564432800387
0.517809999980836
0.384039780671963
0.280398092565046
0.20497852960135
0.150661254313898
0.119661111588633
0.106993482342196
0.110103083682088
0.131343750202358
0.177843776872672
0.262322389252679
0.403064038950639
0.622132727716467
0.941860597094045
1.3796313664512
1.87707133366483
2.39203827525786
2.92358818937258
3.43428107702787
3.92962092238683
4.36112198932073
4.71427923050053
4.92867719491761
4.990194511185
4.94122133144146
4.81141457224815
4.61033775887042
4.33385976550387
3.97807337774514
3.55323209682708
3.08469433166542
2.59795386736882
2.13097579375911
1.7389775697738
1.41447627344236
1.1541085718374
0.953825977418261
0.802542518906301
0.688255765195314
0.601127254574418
0.490037614494701
0.402998555723605
0.372993615120144
0.382291200874039
0.447592332837319
0.56785864261217
0.684541934594424
0.95896715823521
1.4497261232488
2.22719982673619
2.81119145429794
3.13802559874399
3.43099439631812
3.66883748931308
3.84129440408931
3.95304891584084
4.02469862197095
4.08897552043933
4.18249457339067
4.33617062375664
4.56738889220125
4.87478340970789
5.23577359240394
5.60638128275078
5.92285813465601
6.10708214363645
6.08029255392189
5.78809845765186
5.23031908668679
4.55582494307314
3.89689189869864
3.27571637475481
2.73697756399634
2.26003004625455
1.86725437580131
1.54775293411299
1.32284059013858
1.20592298470962
1.1716557570021
1.1998656837725
1.27268413944558
1.37170500185456
1.47763623355741
1.57308441317209
1.64664482732286
1.69519740381811
1.72274595320511
1.73662629422526
1.74311589216702
1.74427630994864
1.73691810150446
1.71381141680319
1.66681041812041
1.59087050212705
1.38732933380983
1.01782660863972
0.744031561786887
0.597200247738393
0.574781223476598
0.428982840422082
0.440230423872036
0.575100934088783
0.853756280413917
1.2877948850024
1.55290841812708
1.66432970433156
1.73689401766168
1.77319097590546
1.78735326599897
1.80162417291061
1.84199410075963
1.93591768802961
2.1121563073794
2.39903469776241
2.81916866196754
3.38285123461082
4.08088927020682
4.8748867287316
5.68437159207966
6.3765847656525
6.77559096235015
6.71317504174663
6.12194799947437
5.22436912526716
4.29506781040743
3.4281139419542
2.71013511917435
2.11780729641407
1.67270200105588
1.35036380973791
1.16244711848954
1.10579414343767
1.149560995403
1.27278245996231
1.45096796904099
1.64426056339218
1.79654997947114
1.85409925545649
1.79626683490357
1.6507267537581
1.47450584024282
1.31918195421452
1.21132240425843
1.15405744149563
1.136342787412
1.14017986252261
1.14518734870992
1.13307578067873
1.03757710978223
0.77007499344907
0.558505904744379
0.466015763315573
0.505727940537805
0.32243483104246
0.25159743730484
0.276625992868229
0.392701231241112
0.618300034736134
0.764788041823748
0.815900299799124
0.836413614252344
0.829576650735585
0.807926276041616
0.790276129196415
0.797748165002323
0.85102734731848
0.969793031455272
1.17307343873849
1.47807082077783
1.89596692033932
2.42549004512298
3.04426327629306
3.69656777882375
4.28142600584772
4.65591203453999
4.67566581031968
4.27672833442547
3.629098494322
2.95529529450427
2.33755132223878
1.84080852340038
1.44730951133622
1.1686827496981
0.987908449708801
0.917289427160062
0.957972079042711
1.10152473830384
1.34531931296035
1.67062746295777
2.01469694755763
2.25912924686182
2.27460291287518
2.02266374414257
1.61177376630756
1.21117973083872
0.921727162842058
0.752956125880774
0.675281981641018
0.657640739832512
0.675436751887933
0.707547976194237
0.73442440916767
0.724850150997677
0.567688657777691
0.426653783079816
0.388115081805375
0.488218400156622
0.248353586826341
0.143963924523684
0.136534805578258
0.203892535421288
0.386623867216444
0.548594601560529
0.619426851401527
0.66232758812988
0.673129945850987
0.656977937622814
0.627290668661766
0.601937793354926
0.597975400499053
0.6277459906924
0.698607574553959
0.814945369299473
0.978602291973947
1.18607403542955
1.42374357269142
1.66326184937284
1.86027161276999
1.96170605593426
1.92562682889922
1.74741647653892
1.50177242476918
1.26080524950848
1.0455942140932
0.874149354930885
0.739582378485162
0.648195856476111
0.599708487086606
0.608592104639075
0.682425354616357
0.82645017718752
1.04450579025046
1.32282637862411
1.60829278395348
1.80077100217188
1.7935819732972
1.56152068499418
1.2056209411474
0.871938852006024
0.639571287394233
0.50912436677274
0.452790921491859
0.44575636060803
0.470677803914482
0.512978949134411
0.556870100305837
0.589339059520509
0.478158661683177
0.356377013817177
0.347661269839731
0.517585597704624
0.229478210878282
0.119185912979634
0.116484742298117
0.198370091115206
0.424462530502437
0.635482802730063
0.731935647248641
0.792997163457042
0.809146842254807
0.78221697623995
0.725628971679366
0.659767165236121
0.604213833655771
0.57190307802293
0.568584220998078
0.59552234880668
0.651393125777174
0.731972875632918
0.82853791536202
0.926417723819632
1.00540699362157
1.04383019548885
1.02656056641287
0.953529991145238
0.854329636817371
0.755973523179441
0.666386438163102
0.59356540154184
0.53612237682719
0.499169498649478
0.486591746321074
0.51027729595152
0.576183161927572
0.687813610353732
0.844409104803125
1.03146041310271
1.21074248170054
1.3220299097389
1.31030291861623
1.1688900063108
0.953892335110713
0.743410952241374
0.586328516986917
0.492461099924008
0.452389225958328
0.454209744357572
0.488182558856544
0.544380768497154
0.608535716305485
0.67789498095346
0.543862723140553
0.361606739555414
0.346950733831776
0.584153162906507
0.233359840336049
0.122337381042107
0.130585966753072
0.245789227544823
0.52906501077103
0.765835239762479
0.865478751911785
0.921328396834179
0.924376311673809
0.877977576474266
0.797889636423979
0.706772855416477
0.625660531485657
0.567972323638891
0.539064130533393
0.539091771655352
0.565532729384908
0.61388565836394
0.677017197138647
0.744290198751958
0.801786775981
0.834794812508765
0.832646600009402
0.793835774031507
0.735186809476736
0.673999073412056
0.616274220915378
0.568248453108215
0.530245483464396
0.507190106498018
0.504044019779508
0.531937534470852
0.595903295970799
0.698220088266517
0.836110876456612
0.994707348154277
1.14109818505784
1.22856558733898
1.21835507613567
1.10839064038671
0.939711239013331
0.768882131069109
0.635170622844796
0.551924197135394
0.517133365732204
0.524781643109298
0.569202393999219
0.643369268866754
0.733629192220742
0.850080013896169
0.666487753540678
0.387681950823245
0.355932366278513
0.642012700958302
0.246675794742503
0.136478913583528
0.16321080737311
0.333786600608326
0.677594110554488
0.910488467186716
0.993644410460587
1.02793922679642
1.00809865696279
0.940568232373163
0.842892266880666
0.737749913972581
0.644959543521144
0.57656202007699
0.536922566872356
0.525562963966259
0.539665371523246
0.574987931019929
0.625503683044671
0.682684252569063
0.735501513443705
0.772072654102797
0.783080881748715
0.765612470574271
0.729775422508105
0.688661063786989
0.647903303951801
0.61312610347954
0.585773396284266
0.570875640370528
0.574327789751019
0.607362158198947
0.674570653510587
0.777576511713635
0.912253190736533
1.06292775113165
1.1984709554981
1.27777119364474
1.26888706783134
1.17135201393218
1.01966920187053
0.861741772882128
0.733650226224174
0.651447000358706
0.617754935028154
0.630705924929123
0.688260157476466
0.78676611610626
0.914025408980648
1.10338038608746
0.846326589962826
0.424937442309332
0.370201601519166
0.704466720306683
0.270143402256374
0.163441381241016
0.223438880168579
0.485910304082017
0.874530220724903
1.05741468786947
1.10314102544925
1.10287752678592
1.05586458822477
0.970571753701384
0.863844807790506
0.755473647652441
0.661853537499186
0.592620968898692
0.551134267217576
0.536842952521942
0.547319625200487
0.579022385295702
0.626978141461861
0.68408752566576
0.740936205338216
0.786926005232849
0.81294940455997
0.814675851734695
0.797360399168575
0.771865382437398
0.744160970513198
0.71973176012856
0.701125528365558
0.693695085493403
0.704545629211019
0.745606344607119
0.821204134335877
0.932501364716618
1.0739678579372
1.22831107801172
1.36395411141031
1.44157694904573
1.43214344932513
1.33598003914369
1.18495259806004
1.02399924381448
0.889401863993083
0.800405258733971
0.763679477783225
0.781200873458176
0.854969113050546
0.985976728729931
1.16531488455556
1.46753923374921
1.10511154577655
0.476168287023028
0.392457050570442
0.779342282214916
0.304285927169811
0.205334388024957
0.318527506800064
0.704951603682894
1.07825802433314
1.16506981444271
1.16305477338687
1.12752158780454
1.059546670016
0.966583720177659
0.862021821599525
0.760958108686645
0.675680007531807
0.613497138546665
0.57719462368735
0.566698498418348
0.580477368911317
0.616011529998059
0.669400006239071
0.734606839303415
0.803095760060003
0.864633710748238
0.909595727816912
0.932104326497471
0.933219902451527
0.922677360019633
0.907372603476093
0.89297010517653
0.883286381195666
0.884173473211322
0.904270934931904
0.956601425664551
1.0451461444401
1.17054526628832
1.32551435448268
1.49029453288412
1.6313194875202
1.70890088408544
1.69499212958495
1.59060913498898
1.42733451470308
1.25040421006563
1.0984316234058
0.994450932762684
0.949028053323658
0.967772625766132
1.05678312914421
1.22230902795371
1.46018066049129
1.89936114799012
1.41134357744688
0.538838022842108
0.424948381694959
0.866099778765904
0.348965526916373
0.261930649537004
0.441748329409485
0.934464901991776
1.20989346645975
1.19580582198592
1.15725484369332
1.10099495928969
1.02669762670895
0.938734618700432
0.846205203195632
0.759811959804798
0.688607631560068
0.638422776354156
0.612062200542768
0.610325771022485
0.632867464354915
0.678375450983822
0.7440441290817
0.824692317090292
0.91219884037746
0.996063433610109
1.06555431173672
1.11295496856091
1.13503486867563
1.14103183729496
1.13932033359321
1.13597386378506
1.13630464987684
1.14674953717357
1.1776536367635
1.24315802693814
1.34657560662637
1.48770411061312
1.65704905468602
1.83188726735517
1.97620210801595
2.04952576161526
2.02457090199389
1.90338145051735
1.71830773018509
1.51607364560197
1.33827109390449
1.21172949807131
1.15049947257971
1.16307001677097
1.25842135370234
1.44632641438207
1.72575755040285
2.26556917160725
1.66855421140789
0.606386772549468
0.469725976771101
0.962871771747095
0.402883181056045
0.327643768136168
0.558656324295077
1.05876849341493
1.20548233290515
1.14307738426849
1.0961473026965
1.04173578853167
0.977417200776243
0.904868198492211
0.830152870396938
0.761330193409513
0.705859305230974
0.669210794800461
0.654793525876468
0.664543114122647
0.69943109043715
0.759431462612509
0.842836847624024
0.945185092231427
1.05844502214745
1.17135097739913
1.27150654923276
1.34891291020813
1.39551779080906
1.42039871195068
1.43387885471625
1.44258760264917
1.45346268891877
1.47345092712121
1.51436185990851
1.59093565825658
1.70543730932171
1.85637699961318
2.03182932781957
2.20644456714412
2.34280292261745
2.40111823002167
2.35612105372877
2.21146645616041
2.00006856327041
1.76928796009139
1.5625143163398
1.40918218648583
1.32562836475014
1.3216005732256
1.40624975433652
1.58853088141535
1.86546451039721
2.39763722554412
1.76116007514882
0.668363531573652
0.527529716785004
1.06603794910648
0.463264389070573
0.390921604652922
0.621374016540096
1.01163767887198
1.08040391702589
1.04023304194191
1.01311390851083
0.980130431072841
0.937607367642607
0.885922420274077
0.829987605838753
0.777244403733459
0.73524850280312
0.710196104455505
0.706626805553479
0.727793697430225
0.776024203019636
0.852579183595961
0.956825791019369
1.08492601989561
1.2287092135693
1.37574750107491
1.51145361984086
1.62299923077445
1.69683628924362
1.74199783870525
1.77101988365711
1.79114024952842
1.81077734565216
1.83710833633009
1.88254030428665
1.96133766120366
2.07470687657005
2.21964836367524
2.38228557096924
2.53622049677326
2.64527770324055
2.67334324716114
2.59934261100669
2.42901068135831
2.19443877178359
1.94097567887972
1.71086603829122
1.53366144240884
1.42602590273431
1.39696922433168
1.45295794620388
1.59795667823539
1.82296459025512
2.23468448207115
1.65737115732274
0.713955202131117
0.59675432171032
1.16996229103764
0.52604803965724
0.439053584868677
0.611388048673931
0.852147900041814
0.914205849338014
0.939473743074486
0.949081364408556
0.948995581204309
0.934018522210492
0.903726166354843
0.863219901727388
0.821082225843249
0.786555412032207
0.767621062055717
0.770450457984445
0.799730707366322
0.859082221630817
0.950950622787439
1.07569280387402
1.23001472309102
1.40547279545346
1.58822058702444
1.76106265964172
1.90778966662917
2.00883746978489
2.07312528742728
2.11532602475017
2.14324194563609
2.16624364781009
2.19130194220209
2.22996403130288
2.29472495514535
2.38664295693055
2.50167713403997
2.62551275959336
2.73343869069351
2.79407372571093
2.77830549152022
2.6711775552825
2.48032285455442
2.23478173128748
1.97433761444608
1.73630205617769
1.54726003649798
1.4221308345883
1.3678075617383
1.38692234066367
1.47763301136492
1.62592718886975
1.87713667272815
1.43095739735036
0.737248189978626
0.673148769885421
1.26713756550612
0.586702198990878
0.465590969642975
0.554025865187411
0.68345447077543
0.781467482571638
0.887020396592161
0.941851032016011
0.981061251257361
0.995607935235056
0.983390881860889
0.950602673528772
0.908935931116027
0.871302716203553
0.848785433111946
0.849719126830166
0.880202010152392
0.94486484194603
1.04701575393156
1.18776012985728
1.36422466900132
1.56765302321569
1.78272836482264
1.98946184019553
2.16786108705487
2.29223745979793
2.3711681636709
2.42098320123353
2.44993130022006
2.46748311072632
2.479978372868
2.49647212330154
2.52683447972196
2.57409181698167
2.6345505052604
2.69578862893689
2.7378061718966
2.73699018167721
2.67320976759209
2.53802433686086
2.33980257825549
2.10218952454543
1.85636193024624
1.6315876370548
1.44900003904771
1.32036272314486
1.25019139425133
1.23816009681156
1.2789273607851
1.35760928767693
1.47936972392818
1.17930252664029
0.739439383377564
0.75062326592712
1.34892616360182
0.641392926494078
0.473385120842199
0.488375648174071
0.564944269247706
0.72220181741175
0.92098878303098
1.03161581495768
1.11812396670514
1.16305428266139
1.16092358507421
1.12085958220066
1.06143669661149
1.00271217724097
0.960835775672312
0.946775967495722
0.967598461044637
1.02816123466548
1.13187659791964
1.28005227174756
1.46998165413626
1.69262671336496
1.93140559698091
2.16370973456127
2.36568904215094
2.50596558994671
2.59239998927987
2.64215076992849
2.66375412424345
2.66585032668091
2.65395129548096
2.63346879937786
2.61182704100707
2.59692022272502
2.58733053605159
2.57477399348547
2.54592604226761
2.48588704408681
2.38304689689626
2.23395376127802
2.04591363796814
1.83564095616267
1.62441229494705
1.43223764157209
1.27379602699175
1.15727151576855
1.08529372126519
1.05620396477153
1.06396521046444
1.09601091945316
1.14014088793411
0.95976158295256
0.726263699236069
0.822768207487548
1.40691397458461
0.687936568412043
0.471238905105749
0.440937566994805
0.513186104891318
0.762188018472798
1.09333770050469
1.28442019953241
1.43396442889038
1.50786817236775
1.49616090386532
1.41722572831216
1.30543036786134
1.19455617853253
1.10843674412047
1.06034965443357
1.05669881668426
1.10075287839787
1.19453100454733
1.33853667978405
1.5297674856682
1.75897566867244
2.00879712910938
2.25461929942272
2.46913072778477
2.61618797656697
2.70240540004942
2.74475060884091
2.75185578955272
2.73083693299472
2.68651972314196
2.62050961846831
2.5390483092959
2.45744658578048
2.37813086118357
2.29802399322201
2.21045436202823
2.10778828894958
1.98440011969498
1.83923752707872
1.67701518216842
1.50741796265731
1.34260542146518
1.19417240883458
1.07085546500353
0.977609689357562
0.915774540452248
0.883495011940119
0.875594445164052
0.882744818114446
0.888001138101777
0.78822774374964
0.703948515476145
0.884319669813138
1.43452736868164
0.726060012069459
0.468683037775437
0.424068646227734
0.535212733139493
0.951103192575478
1.51477013479969
1.83971701136253
2.07785686061871
2.16428054487635
2.08984648393341
1.90223254611431
1.67173152232811
1.45647397272322
1.28924751038981
1.18215987020019
1.1365454542746
1.15044702746146
1.22196709893352
1.34927519490296
1.52839976622141
1.74998358839543
1.99661450664881
2.24272939203899
2.45847286913696
2.60414003779123
2.68441191232957
2.71505038012022
2.70452769169972
2.65818566503469
2.58054793081419
2.47026340564205
2.33412792149621
2.19585629483589
2.06213643807828
1.93453267057508
1.81122475301795
1.68898951905911
1.56505141363422
1.43848917460239
1.31090659406768
1.18621440578285
1.06965931987406
0.966522648390132
0.880985797299117
0.815457974468776
0.770325949808109
0.743846141689893
0.731931022808371
0.727968786654252
0.714227240986284
0.660019943456874
0.677089185275976
0.932093135608511
1.42831697728152
0.756929044990935
0.472825284577217
0.444700555455013
0.65517354101087
1.41972403159421
2.44525454251909
3.00449477992449
3.35077738659739
3.37228420475259
3.09474765250328
2.64998974178958
2.18198759814513
1.78289060110148
1.48698263449883
1.29362059491418
1.189696409653
1.16198911758302
1.20119643540398
1.30130749326591
1.456644042118
1.65789198457597
1.88849651618263
2.12332183336838
2.33133835469183
2.47053691709918
2.54288768979193
2.56210245340707
2.53613008674409
2.46872692560188
2.36449499290332
2.22054306781666
2.04557344479527
1.87064472113588
1.70587950962576
1.55577875899068
1.42091236883951
1.29970040234758
1.18988535153254
1.08956263326428
0.997750070394094
0.914523900298806
0.840796208921038
0.777863194934645
0.72687739421246
0.688358556538786
0.661777534122497
0.645202832761343
0.635087628818455
0.626521645033821
0.600365453661422
0.56494577155724
0.648756249976174
0.965219980504724
1.38843802889791
0.782287791214127
0.487435259293561
0.511355845575401
0.940599478642586
2.5009722508577
4.48115333587427
5.41973410667534
5.80241498384141
5.49461860096578
4.683267972504
3.70328458418712
2.81678777899176
2.13590048395025
1.66509106313614
1.36563406633054
1.19498400776739
1.12108502934591
1.12371837773602
1.19117099712877
1.31557905171972
1.48793534358336
1.69349118148363
1.90903533151816
2.10402039475626
2.23534576850552
2.30158006702414
2.31380942904745
2.27898741021649
2.19972588316498
2.08085183080237
1.91931549804616
1.72615254756803
1.53715623658986
1.36439516756914
1.21343886958586
1.08526978482889
0.978240951866544
0.889585576384227
0.816396593472731
0.756169356353904
0.707026895738898
0.667717826357186
0.637444406923915
0.615558152285453
0.601152836825459
0.592600485382581
0.587152816651559
0.580904229131793
0.569589346236557
0.530021743491693
0.493549735300771
0.621407585651733
0.984474448171091
1.31830419931597
0.803653778757589
0.512736029500618
0.636198256427711
1.54407726056459
4.99186659087903
8.850208500632
10.2164935522319
10.2012867603339
8.87165651770455
6.89659420123096
4.97555941598609
3.47110948541349
2.43319323518278
1.76916232801382
1.36568942477017
1.13517843365334
1.02121033537168
0.991086555288421
1.02714428572652
1.11949327251478
1.25985675027792
1.4361286677156
1.62838820564389
1.80828914150888
1.93287060532777
1.99693730450809
2.00866957006669
1.97351343715492
1.89338749449523
1.77317714631771
1.61059622622212
1.41852788056763
1.23439237307805
1.07079266149108
0.933081333335795
0.821666961241087
0.734283278661619
0.667629690088493
0.618338023470192
0.583436813483569
0.560498542617793
0.547593048079714
0.543101119980072
0.545395342200363
0.552388808415852
0.561017131345182
0.566898904928221
0.564698393461266
0.549819313048522
0.491427332016804
0.438506719592672
0.597400391903895
0.990523726072623
1.22377836480877
0.821894446426269
0.544974571686607
0.828884268367107
2.75528833481165
10.5277149373877
17.4238899102833
18.6295905061665
16.9342496145341
13.3051745182085
9.35426683049679
6.14546195168869
3.94126436189522
2.56466053398416
1.74656571986763
1.27311851204082
1.00727427512316
0.869887835822326
0.818088274700627
0.829919769401118
0.894412719241808
1.00456054267958
1.15146288820495
1.31947634345087
1.48397634864302
1.60348171515774
1.66918255335634
1.68634383616372
1.65846821385364
1.58706913322969
1.47669597669226
1.32617104227187
1.14921985049985
0.98222873712348
0.837432977969348
0.719459922720867
0.628014613975057
0.560392259380969
0.513178720908278
0.483155161297939
0.467646774890914
0.464540147150776
0.472102813759317
0.48865068058134
0.512055393449392
0.539094935485299
0.56478457812029
0.582140299157521
0.583225496568658
0.562273842909891
0.476598112512312
0.394144840663653
0.578667834922389
0.981369265672137
1.1123377122353
0.837319342187264
0.576345517107304
1.07604964748116
4.96088046448672
21.2496349284803
30.9989340229008
30.025738137208
24.5429962837909
17.3778003377978
11.1091484301648
6.7152669777053
4.00818957726072
2.45006123804784
1.5783192925712
1.09443146911533
0.828427910995411
0.689260801316966
0.629990657820304
0.627524295949687
0.671244218187569
0.755897155227083
0.87594490157087
1.0204367288575
1.16952029735281
1.28458426616222
1.35388064630363
1.37997642110253
1.36418721765283
1.30770301107484
1.21428485057837
1.08375284862219
0.929605011218635
0.785445827067687
0.662783733565916
0.565577688793633
0.493150130433373
0.44279278105979
0.411432613484851
0.396443590184985
0.395890090962448
0.408431243491081
0.432995476823678
0.468235281869096
0.511728659460388
0.558956981075086
0.602352524539954
0.631233154628725
0.633946608139724
0.603065673461654
0.479623551053486
0.355706968026257
0.565422264562416
0.950191255089624
0.992376327173837
0.850182505689211
0.597313317447025
1.31073729051745
8.20766485231989
36.4180576991049
45.0897852267349
39.3543448328732
29.095667320887
18.8353378176769
11.1654625739678
6.34398020263549
3.59624498023158
2.10121177568817
1.29813760676795
0.865035533764929
0.631028784497215
0.508599698282672
0.453967782067773
0.446191777080947
0.476308034986205
0.541033811450421
0.637899868691299
0.760422104961709
0.893895585034669
1.00376705946302
1.07638545256728
1.11202157004329
1.10982216215946
1.07059957167238
0.996978402681864
0.889432024912802
0.760402360320799
0.6398836017771
0.538648928982835
0.460289290739779
0.404162204554059
0.3679529229641
0.349248613826977
0.346262538952486
0.358007103468997
0.384117219211575
0.424379108138594
0.477912184685638
0.541936249708768
0.610217783039111
0.671762178549031
0.711125696966053
0.712260928574194
0.666419110519449
0.494854349314671
0.319433101732027
0.553215839467198
0.886454547136293
0.872427259204077
0.861258341521244
0.602756794690314
1.41763293336185
11.2699327802339
47.4314783490719
49.9769295691842
39.9318724113546
27.3370346543505
16.638687940703
9.4157976027495
5.16817295923526
2.84999309676347
1.62342318113639
0.976775596769995
0.632746919706811
0.44871207059216
0.352847494178407
0.309618805162715
0.302333282220269
0.324367785772768
0.374276821471908
0.452016947706061
0.554809934078663
0.672757599305763
0.776036983256196
0.850211292843054
0.893793468020931
0.904040444714901
0.881316476086934
0.826965707376282
0.741746323846225
0.636578002054352
0.537700415711558
0.455276373611359
0.392834749478332
0.35009678046728
0.325401800804015
0.317168988927027
0.324552316907083
0.34756851692031
0.386847889791873
0.442989548770618
0.515397081094998
0.600511405293946
0.689681616985721
0.767649260475266
0.813666926277197
0.807659476027246
0.741168376403083
0.515123117409798
0.285133402993729
0.526817338411195
0.784658569036177
0.759816358656425
0.872101549683173
0.597888740248628
1.33996745203808
11.8533739603608
44.6618278533258
41.7450152020549
31.4490570175556
20.5885640100139
12.1701611063717
6.77786409808744
3.69284115485334
2.02778918180097
1.14811215415086
0.683249563516271
0.435539018134522
0.303262846786948
0.2347714474651
0.204340841687437
0.200026691698026
0.217554106030439
0.256931892234479
0.319762907895091
0.405931153431573
0.509442439960473
0.605166971415081
0.678811590065474
0.727737593912051
0.747786139205967
0.738885888821948
0.701189467918213
0.635492255481735
0.551085403455593
0.470722280239487
0.40407077716623
0.354797596875835
0.323178379947382
0.308339508433526
0.309597158450896
0.327040844917386
0.361599421379416
0.414680011060492
0.487294403525978
0.578499125328407
0.683126752762078
0.789314693574832
0.877293647306729
0.921891609466662
0.901088802273811
0.809271266076281
0.531185985116643
0.256976194070738
0.462682489812578
0.655680566716327
0.659445424361784
0.88508682147383
0.59609719582292
1.1803654670606
9.62102791292002
31.7129396368368
27.6201583174587
20.2022338018529
13.0197246404345
7.6824102828412
4.31668708044928
2.38744081651177
1.33202972958668
0.763160807615303
0.456194131282448
0.289974631179501
0.200630609510238
0.154712107299408
0.135170170168237
0.134180279893683
0.149409911615692
0.181883438986808
0.234152626616635
0.30771149954953
0.399265067043068
0.487641577957744
0.55926320507159
0.610934324831826
0.637654201175094
0.639055276244221
0.614399205442338
0.564462226075372
0.497107164582078
0.432077990243585
0.378593216576848
0.340528442315883
0.318782830398024
0.313310446195613
0.324304664050709
0.352647715212216
0.399821464752898
0.467353790871078
0.555711749256021
0.662488958004517
0.779970260384951
0.892911136116341
0.978332903781388
1.00968199280423
0.966788225318943
0.849252207035422
0.533909895422498
0.237581439471453
0.366092214958516
0.52384068951999
0.573996412338058
0.902662159414418
0.611831826105578
1.07928466931564
6.76585990072882
18.8737250789809
15.7546609344442
11.406162285095
7.37254039848327
4.41848197445687
2.54622232966122
1.45308436385402
0.837864972709583
0.494231222818307
0.301702068501003
0.194203732216199
0.135535051730884
0.105705380523022
0.09412381186618643
0.09604889400680386
0.110595520934602
0.13946596354307
0.18566254492707
0.251387197389353
0.334750748793927
0.417268424996837
0.486274934461268
0.538555066192264
0.568871045325753
0.576822206792434
0.561250710045964
0.52305644238286
0.469116263516751
0.416730004146427
0.37463471729593
0.346876502153455
0.334954878653983
0.339614427428884
0.361787449247209
0.402732988832403
0.463578977068678
0.544553728277715
0.644004004745639
0.756956802328357
0.873199274402936
0.975812972508273
1.04212190695596
1.04873198245883
0.981077009966966
0.84446833840204
0.517394674729992
0.223515085170488
0.27767121690811
0.41103814338968
0.504688836604199
0.926119674025637
0.656254393195381
1.07526106551694
4.71559895981837
10.5764054945578
8.48007206402038
6.12289019941668
4.0003155783532
2.45452825541914
1.46404740352999
0.87220898373319
0.527702395771162
0.326385952131984
0.20740030931499
0.137745414582963
0.0987470770513758
0.07929085101570782
0.07316007092057868
0.07776789860786365
0.09330656485015487
0.121978497122554
0.16690973240738
0.230217538316382
0.31007500763185
0.389082635118421
0.455468585546369
0.506523625439315
0.537416734712472
0.548079738466537
0.537536698419932
0.507107262155673
0.463290618845732
0.421527046895935
0.38998197905825
0.372761387872537
0.371870629856505
0.388702985142304
0.424559227183442
0.480134749186731
0.554321787800537
0.643527715067804
0.742312830886271
0.843721042861707
0.937966498665036
1.01078149523205
1.0443554718873
1.02178779334656
0.93476576553656
0.791914792925445
0.481170962233313
0.210130748817047
0.218268182365117
0.327359602152856
0.451107946260057
0.95565686538498
0.73327422956537
1.14238406792134
3.50730950807836
6.11960186882056
4.66265040554849
3.35709901888026
2.22042830661852
1.39925362674733
0.868968042158046
0.545857009704608
0.351658027196373
0.232470158315219
0.157231758037938
0.1100756180702
0.08248938519155014
0.06918461663010492
0.06693095383205466
0.07468872873047691
0.09355709330916237
0.126181407045322
0.175477770217522
0.242525295219886
0.323990871278608
0.401858194088666
0.465380710052956
0.51303939707862
0.541182102702847
0.550506434365227
0.540888267009154
0.514408741357644
0.477850650154311
0.445343913085318
0.424375261730514
0.418976656847553
0.431500924109561
0.463668809978755
0.51633242733968
0.587778552426175
0.671437944478715
0.756379900060647
0.833164843252487
0.898189085591304
0.949356875193629
0.979842800576241
0.978301925036504
0.933175618797591
0.839318841051225
0.704848159290793
0.432043394773062
0.196650919351846
0.18341886273116
0.271833241886161
0.411605637469429
0.996700147363859
0.857389292055597
1.26867235052478
2.75019304618137
3.62340377291367
2.58533941289318
1.85552480474695
1.24830165124441
0.815800244472555
0.535873526966152
0.363550698717562
0.257967515826043
0.190012692196297
0.142247875527355
0.10726639941133
0.08448153176404045
0.0741696269443803
0.07558255800078444
0.08897961673865029
0.116484622046699
0.161147142553674
0.22471657911342
0.304983765343943
0.394259572781586
0.472198305527782
0.530374385072588
0.570050276660184
0.59013408317385
0.592700923633209
0.579321793145715
0.553243632045499
0.522249427483255
0.499572460956581
0.491859391995704
0.502922623735674
0.53519462074918
0.589943250903442
0.665466310971014
0.753000683984201
0.83315697226784
0.882476444167831
0.894896939139647
0.888862044688107
0.880002151164468
0.86686899159976
0.839186155685996
0.785877142066107
0.701166611621024
0.589883531077362
0.373215633532176
0.183338910346142
0.162546131476813
0.234421099080673
0.380447517304102
1.07143175655835
1.10147745182224
1.50954995036064
2.22061105676711
2.11627538644874
1.42570761365607
1.04695841732777
0.747132165049486
0.536124147088747
0.400107003532702
0.319799703896093
0.278785497269004
0.257615561663312
0.222182440249777
0.166071818916933
0.12535904034934
0.111043239283021
0.11999254263799
0.152467528721248
0.212457400671167
0.302385045170164
0.41646376226396
0.538368416295413
0.647429833376793
0.722221946808316
0.764929296264625
0.785179367450455
0.787213857273901
0.774860024349761
0.752041049880803
0.723743247984193
0.700309315997888
0.695378246474039
0.715153607841807
0.762909891426117
0.839223081095754
0.939476959010117
1.04749810463637
1.12651006823601
1.12015662470434
0.999571356090294
0.835138517114507
0.720905403501712
0.659447247124538
0.623864818757669
0.594498823191522
0.557490355237298
0.505097071600896
0.437597361767572
0.304028148667439
0.17590711407976
0.157188929508066
0.214465939544573
0.35543747347881
1.12405055965118
1.30024305216464
1.63482910882392
1.94387500054478
1.75198188347942
1.32558471939054
1.09488215392131
0.901278458516245
0.757224865383991
0.663758895660533
0.612038112679182
0.566435427546691
0.442793295968148
0.261704091344361
0.153517599767671
0.113413989579272
0.109836858910835
0.133463186117813
0.188616736256523
0.284458194479692
0.425013608716384
0.598959223540126
0.779945360140502
0.941679865176855
1.0618629187311
1.14762821176995
1.21443674365467
1.26476841484204
1.30347446817926
1.3305766716917
1.35240616453795
1.37970590306607
1.42715989461621
1.50598471120691
1.61813726853258
1.7530614756995
1.88181327914969
1.95033803014183
1.88193794435002
1.61897323367519
1.22421842335957
0.877373450337798
0.676272866379862
0.576652196725279
0.523470093575147
0.488515239180725
0.457145528363709
0.421808439148898
0.380563394704742
0.299911344656871
0.214573441063914
0.198619495160869
0.242601101650211
0.364153598782188
1.10226995629719
1.27851937072008
1.50200310159216
1.68104518260402
1.62038358668765
1.38389485714924
1.22181283045448
1.04697455072279
0.866282637852323
0.684047446239916
0.505864005735285
0.345313336554823
0.223604020771849
0.147245865195192
0.103840853067983
0.0845285570100799
0.08411982775551247
0.10188516431
0.142885411693361
0.217115339579451
0.336284927183549
0.50868251583498
0.73583414610119
1.01463670680829
1.30697559341879
1.59519119751186
1.88844200489424
2.17122112400749
2.45082979460265
2.7054220324405
2.93498466433642
3.12130405852813
3.25958347672249
3.3719826366478
3.46332886061756
3.51471338538251
3.48521240024474
3.32473638651555
3.00513955577679
2.56031756201099
2.07895029920582
1.63089030220203
1.25332773637197
0.98285508421913
0.806409649228229
0.689054440947207
0.604394220846556
0.53709465834202
0.479527191215686
0.392203653169838
0.308149345545261
0.282829615528101
0.307136094985944
0.400566996627757
1.02713349008236
1.12484360624098
1.22656385236455
1.30006095684194
1.26214942715749
1.12125784391328
1.0064494796082
0.869209586364976
0.71897580781905
0.568933835539148
0.43303163241203
0.321307848098153
0.235962533088004
0.175155897531557
0.137683106276713
0.119679164439303
0.11857940109355
0.135632179387762
0.176740265582184
0.253542179374366
0.384123817367925
0.59238057158595
0.905250950822332
1.34683946624592
1.86242376939894
2.40762802741166
2.98058955002373
3.54003057429156
4.09137268457679
4.57988306339799
4.98597209723343
5.23484947472869
5.30163530343297
5.23315305845459
5.06921733925247
4.83191513499743
4.52896527260716
4.16429330509585
3.74795099619892
3.29779842227359
2.83550512099213
2.3917260204641
1.99780955045978
1.66096751779907
1.38214224902982
1.15909823819505
0.983886007487001
0.84661144676302
0.738553932025952
0.596653574339877
0.475980894641108
0.425184808995774
0.421015326644162
0.476645600046024
0.61346992603379
0.751182674174807
1.0631742612006
1.62743501883567
2.53562751912798
3.21851824986466
3.59688015500037
3.92724486693135
4.18089212413346
4.3434924063281
4.42049504372988
4.43725755925783
4.43266459894817
4.4484919286976
4.51893631361682
4.66358577834396
4.88414614737127
5.16345170447907
5.46532500627243
5.73525322192639
5.90417512450702
5.89955244183519
5.66646538013377
5.19396609518902
4.60169221815851
4.00642142561002
3.42936284516705
2.91484067513233
2.44594497927484
2.04731563644094
1.71095532548663
1.46167807015736
1.31937643600502
1.26051749890419
1.26537264383932
1.31671613888083
1.39772004591746
1.49123365411757
1.58127774372933
1.65588430386684
1.70926237908123
1.74169987692931
1.75719616673147
1.76012130052469
1.75245272866324
1.73260794225639
1.69617211581196
1.63818109564936
1.55603502020329
1.35481101579553
1.00831301703679
0.749425978590528
0.605371175482424
0.578544037756815
0.474321650017885
0.502761709586304
0.677401180482243
1.04252823479087
1.63924906953829
2.03676589839067
2.21938694168817
2.35100676185078
2.42681847754236
2.45615827153213
2.4601918996182
2.46726751997399
2.50835963136057
2.61350452237763
2.80860775850744
3.11232842742349
3.53298726616589
4.06416472597324
4.67707488376351
5.30974315745138
5.85815921361859
6.18251518324032
6.14540924296539
5.68239469198155
4.9553385432114
4.17848501193627
3.4281039746006
2.78233113729408
2.226463403169
1.78814371956208
1.45131417744728
1.23371814083423
1.13963942714605
1.13837956424364
1.20785447875353
1.32660412252102
1.46637909081044
1.59068370592583
1.66349734874374
1.66513798467338
1.60288376040855
1.505626055657
1.4067289288936
1.32923459535097
1.28117568500957
1.25815631467207
1.2479501468435
1.2350505777456
1.20534120325658
1.08714399335025
0.807406644245323
0.586765125284687
0.482567645781975
0.509165345423205
0.36088248457052
0.29525235783114
0.342894889491621
0.513510937284116
0.845948754466124
1.0781118530038
1.17329479152819
1.22891618269357
1.2444750852593
1.23078923428593
1.20702856879446
1.19594548470658
1.21953300989092
1.29670465492499
1.44291729988074
1.67019361653797
1.98576445020108
2.38832437641271
2.86127110663028
3.36287025929674
3.81697305981003
4.1152445161216
4.14646397119353
3.85526833869952
3.35906095663723
2.82202396619948
2.30825172216681
1.87474486577657
1.51205658247144
1.23774753248809
1.04143187628635
0.937650757582992
0.929316439767829
1.00149028863105
1.14354252909569
1.33748426702433
1.54510740983497
1.70447295001478
1.75007843305654
1.65430189733055
1.45373653887442
1.22496886087892
1.03277326489109
0.904014179967405
0.836549008416731
0.816131358062104
0.825234589498976
0.84535779928324
0.858448030984868
0.823549965440872
0.632701685593122
0.463995169869631
0.404156771000974
0.4854054552567
0.277514918061676
0.167234646723087
0.167582279753523
0.26303920848747
0.508646398426515
0.723085882228709
0.819116128808823
0.881200987898771
0.903487694415146
0.890283538994516
0.854957793596944
0.816151795855691
0.792457766171632
0.798176074033472
0.842258992017615
0.929539059383273
1.06146024136092
1.23471757476244
1.43806440875982
1.6485617919381
1.82982519079813
1.93663493821954
1.92968159642548
1.79694672924483
1.59287113656702
1.37883632779028
1.17632049280338
1.00543340146376
0.862447295447582
0.756360140721107
0.687358317293626
0.669082183256573
0.707561287898785
0.801161825053596
0.946713477575788
1.13048304803762
1.31784949235726
1.45180515084737
1.47379874313207
1.36373926655765
1.16290308811441
0.946424196406858
0.772393194398573
0.66094448292245
0.607178580579687
0.598332487690929
0.620848749506909
0.660220522400252
0.699536044688893
0.715228525614451
0.555235268515554
0.387649258918241
0.351933616790932
0.499371741002179
0.252721269493258
0.131465346620866
0.131635222217127
0.233403492760529
0.50198113027695
0.74111420886555
0.847717471218617
0.915722320351376
0.93689687628503
0.913714161204155
0.858964379247872
0.79184842321031
0.731689049002949
0.692690145156943
0.682474944859321
0.703594401953716
0.755242673396288
0.833536784400963
0.930462982173896
1.03252325992142
1.12065511870346
1.17324771986295
1.17302656337899
1.11541747895667
1.02447670989827
0.926962294945145
0.832515529869973
0.75104575512594
0.682104528713646
0.632169239779089
0.604972113658254
0.61235659644788
0.659959481122287
0.748095471166019
0.873310938179463
1.02232606713507
1.16636652330704
1.2632076812213
1.27397717292311
1.18887550700392
1.03846322305749
0.874603398843484
0.739337177162703
0.651081944077822
0.61088763087847
0.612928605950066
0.649503859499569
0.710319120370796
0.779058025816513
0.842716759382548
0.634675710325849
0.377539113272339
0.333867147692721
0.546696901878788
0.253806325352561
0.129260139112424
0.138120725227645
0.271648043311345
0.585668932689959
0.83254285741843
0.933303612975413
0.990783862179493
0.99869414669492
0.960981894101212
0.891378194845682
0.809344614060489
0.733893061391297
0.678680360986349
0.650719771657033
0.651899017111612
0.680890103530592
0.733916642664272
0.804312053590448
0.881675609114312
0.951851296297301
0.998995283072584
1.0101536123771
0.980762848376198
0.925088399340176
0.861530725054828
0.797622127136019
0.741147406439577
0.692962214019321
0.659057468373148
0.644375617842399
0.660454148980234
0.712576634967625
0.801136663148282
0.921880687843989
1.06100766085171
1.19142293458551
1.2762325391943
1.28386594247666
1.20815495662733
1.07536428283719
0.928714824711739
0.804888298443187
0.722850792625115
0.687390145881907
0.696914485707094
0.74773562397908
0.833047977598205
0.937398325354219
1.06508070998932
0.778331217703324
0.388698005610036
0.329540350388642
0.58982300233817
0.265012375760519
0.138741705746398
0.163463238232655
0.353937644285669
0.716027177489504
0.942914318797448
1.02228417691279
1.0576644387865
1.04606864367172
0.993247957594749
0.913211597122709
0.824273261004144
0.743584446886789
0.683176019669964
0.649129266875293
0.642996665664803
0.663518447362172
0.707391441564837
0.768983197822934
0.839626283518585
0.907503845997432
0.959162085529253
0.983016312771254
0.973718415270958
0.939827531598945
0.895994588307708
0.849328909175006
0.806842104508405
0.77040508867862
0.7460015569578
0.739633082166069
0.76318867192033
0.821802338444894
0.915810282699381
1.04005838522682
1.17962498426103
1.30724712957588
1.38785858951752
1.39310380351368
1.31867723286858
1.18928101662522
1.0448734311901
0.920723815722709
0.837374889582667
0.802853316913225
0.819297618855566
0.887202642087252
1.00440502074348
1.1583124343302
1.38836453677987
0.99216288717158
0.408566856091521
0.331208928318024
0.637874652828496
0.286507740712033
0.160444254227719
0.214378897819212
0.503781641600098
0.893848264567904
1.05731323979314
1.09896599340481
1.10323766923999
1.06962218333264
1.00428135104579
0.91979287125707
0.831652363981746
0.753918118666709
0.696369407938184
0.664076695817195
0.658549271225974
0.679025029400753
0.722993755975502
0.785846903145519
0.86014239314555
0.93534352419573
0.998964214323758
1.03951938923939
1.05043546739384
1.03571088564825
1.00808394916692
0.975097185029562
0.943599240505841
0.91657046054506
0.900274337509625
0.901998255015924
0.934441220155138
1.00265829851347
1.10680822832989
1.24049996993601
1.38694121868819
1.51735107432072
1.59657659394407
1.59762364173369
1.51751465355698
1.38099922818149
1.22764276536748
1.09362698104023
1.00209629320473
0.964568619295069
0.987159200646478
1.07536118877967
1.23361761384295
1.45560994703351
1.84587009246913
1.30224593445078
0.438723798294068
0.340728417932514
0.697271193982642
0.318661048047764
0.196020394742442
0.297104752713002
0.72349805604239
1.07657382164858
1.13829023313591
1.13628009632167
1.11062394368634
1.06048296404599
0.99019869911477
0.909319919962803
0.829652565173453
0.761944965911714
0.713884794943351
0.689833050462941
0.691599868221004
0.71925519285652
0.771321480406802
0.844239199969073
0.93148382417221
1.02310643368253
1.10661853796117
1.16970442346214
1.20409791005138
1.20947313247054
1.19778719670598
1.17775586797044
1.15650324040928
1.13832968596713
1.12999035994645
1.14027682576672
1.18295159785165
1.2629019893486
1.3798648935588
1.52576721345338
1.68130081828709
1.81535605554619
1.89179420844289
1.88425142907279
1.79104605324604
1.63800360009154
1.46593748296861
1.3132846089146
1.20640884146463
1.16040960530097
1.18528525424622
1.29154662357285
1.49087497535469
1.78531874291905
2.36310966047157
1.65700442775305
0.479275001216318
0.361447831939476
0.768222050709151
0.361228432751853
0.245220398236994
0.404612692369366
0.943858778435721
1.18365311474066
1.1510666955752
1.11853496898722
1.0765821687179
1.02217020219222
0.956920553195812
0.887182151571179
0.821577787918298
0.768381101476294
0.733968565177162
0.722542123935447
0.736569689573507
0.777204383524162
0.844170993282743
0.934992549322021
1.04386444119587
1.16092659449855
1.27292419008294
1.36587719101879
1.42922308972636
1.45790431649789
1.46381546978546
1.45753265687917
1.44679185460073
1.43743457506839
1.43680463523743
1.45519965524052
1.5073240398965
1.59770959777683
1.72530234536931
1.8799649141129
2.03968909460938
2.17120894860658
2.23785516816259
2.21436928228561
2.10071020460825
1.92404270239214
1.72659929513381
1.54902449396685
1.4205761763233
1.3593088150122
1.37801450020541
1.49032441149886
1.71209739086008
2.04998630851807
2.74211230907755
1.90919053623015
0.528165473544561
0.39662899997034
0.849912350868139
0.412934523005909
0.303240225007831
0.50396748172178
1.03407009835423
1.15403720297993
1.08912015906922
1.05299159555173
1.01468703177626
0.969785238820343
0.918185321521223
0.864289370336086
0.814994402346046
0.777473401200738
0.757816963389943
0.760690966945383
0.789559422514247
0.846857416997048
0.933644842344619
1.04857577394985
1.18644747849971
1.33711388848183
1.48590023749629
1.61633935012733
1.71480820898688
1.77071036246834
1.79630797783572
1.8046128574449
1.80422015612477
1.80259183134223
1.80759101787018
1.83056960865186
1.88656028835067
1.97970098355668
2.10782345963017
2.2587409056789
2.40845022986651
2.52304030780322
2.56723288480826
2.5184093291355
2.37865566363645
2.17581159489932
1.9520868060015
1.74862810885058
1.59595103942769
1.51341410070996
1.51437959549155
1.61185198063066
1.81938797965699
2.13918946538301
2.77488532420396
1.91701949282404
0.579219248319369
0.448241657177808
0.940037431447069
0.471193298033169
0.360285677492337
0.552722289675491
0.9465050615324
1.01303284116107
0.983489356089166
0.968479419066239
0.950506801524062
0.925101465904085
0.891800285996201
0.854590285041265
0.82023203905408
0.796182184268212
0.789227432713548
0.805065714781698
0.848437659212756
0.923203259283432
1.03185572345946
1.17424255282748
1.34572403115737
1.53562544038359
1.72733157595119
1.90111796726419
2.03943774506657
2.12523415356416
2.17131982145169
2.1934689589672
2.20128417024523
2.20362905907784
2.20863794010097
2.22767753675371
2.275099509969
2.35520074069733
2.46477322369647
2.59038200031102
2.70786641011901
2.78541543966971
2.79203749192798
2.70970067276505
2.54282462379758
2.31834086453361
2.07567843976759
1.85342994631226
1.68065709868452
1.57571061705427
1.5500554998034
1.61252899503004
1.76910457654348
2.0117147828735
2.44998335883063
1.69951508870182
0.623328768836379
0.515723501520404
1.03443682535283
0.532308363023442
0.405754820854208
0.540071106288205
0.77215873492967
0.845311420063566
0.882847423204285
0.901848487375378
0.913123016706672
0.911677173128226
0.89694264634344
0.87346449871725
0.849206580421491
0.833171337530791
0.833734228103
0.85809764989738
0.912446195255246
1.00208626318961
1.13094112957854
1.3000734138117
1.50542489574252
1.73571358242724
1.97209062116137
2.19099972275943
2.37016620972489
2.48537305877733
2.54993437546369
2.58232251932692
2.59319206784704
2.59222360605042
2.58747929328366
2.58886358527477
2.60906816099477
2.65412115599635
2.72060102304046
2.79554892333089
2.85730484858157
2.87927767317361
2.83741837691897
2.71955034527251
2.53188500313718
2.29828745316087
2.05225065194206
1.82646654964871
1.64570170408396
1.52524518999528
1.47323585827128
1.49331082590256
1.58369889888154
1.72897347067541
1.95456900394972
1.39578958208783
0.653673320304484
0.595422021709059
1.12699022426903
0.592192618684971
0.434536793058165
0.492872010759658
0.614280091895445
0.720185589026902
0.82936031759858
0.887164380770951
0.93148912951634
0.95458469988476
0.95494500409191
0.938324793186641
0.915375364800433
0.898133824519082
0.897545495693767
0.922704224296798
0.981201877271571
1.07956046327276
1.22289356514725
1.41334415179342
1.6474421315328
1.91339311696476
2.19015715895518
2.45016308433281
2.66590050903602
2.80582434712217
2.8834781423315
2.91951039160643
2.92557758122502
2.91132969943768
2.88449576580845
2.85209098058307
2.82481526292521
2.8130203107004
2.81464605447926
2.81941379599216
2.81066340806994
2.76914255911201
2.67878417200583
2.53295338994808
2.3382491786798
2.11343031054234
1.88372938690879
1.67364851359766
1.50180903965977
1.37940659828957
1.31129977782758
1.29738906444547
1.33180673487736
1.39832992644271
1.48032979968091
1.11717019947337
0.669513608034627
0.681256913042547
1.21005780515962
0.647416178668561
0.449242279830861
0.444575369637224
0.515779499959192
0.669899524829567
0.856524664967682
0.959275219831664
1.04071547248417
1.08690358021742
1.09434919679774
1.07157931165427
1.03474425516714
1.00137567161462
0.986299480379699
1.00071697138365
1.05317757561986
1.1507221896197
1.2989988337005
1.50079847125953
1.75313928642392
2.04395946143206
2.35048248687068
2.641510983879
2.88433531743942
3.04060755051128
3.12359586800294
3.15519658583054
3.14792658425952
3.11055326764193
3.05046363346188
2.97101633508854
2.88162272728398
2.79984106703208
2.72672182237212
2.65639319784864
2.57836509856039
2.48080282618214
2.35447787309389
2.19643564270715
2.01190944053372
1.81341017346845
1.61728697564049
1.43942372179288
1.29198896421456
1.18216351210944
1.11241091100307
1.08102196667097
1.08163639079777
1.10131041119282
1.11300124005988
0.902306091633267
0.674658785233136
0.766345971011386
1.27550170519469
0.696021371269733
0.457290863317675
0.415844638589517
0.483657576452252
0.715643836358054
1.00922707247849
1.17314992996585
1.2996734766402
1.36361586637636
1.35987032536789
1.30491402972413
1.22674742604105
1.15275649566583
1.10318102410791
1.09085010060059
1.12389912797506
1.20838019965011
1.34920644761516
1.54897571544482
1.80491711967565
2.1050559132853
2.42575694856446
2.73324596405432
2.99035755583126
3.15308291423193
3.23364398018819
3.25400069069763
3.22726748182357
3.16075544924398
3.06177488064184
2.93027133551562
2.77589315682465
2.62534771349296
2.48385312968603
2.35033355564309
2.2197830119846
2.08590897142396
1.94370294897877
1.7914835420068
1.63185930262667
1.47126565398436
1.31827286331356
1.18140685070283
1.06735329317644
0.980029380397655
0.920404487473901
0.886531155347773
0.87325412994296
0.871618943326879
0.857380857190718
0.748171179474241
0.673568930343541
0.844468845285186
1.31618086859964
0.737715147313729
0.466710470737609
0.417085881822133
0.524554122985588
0.904845018191719
1.38291238804228
1.64220351478906
1.8235721484869
1.88399566550725
1.82368156175904
1.68209963818193
1.51245166888261
1.35836351596342
1.24572755717637
1.18625114371092
1.18435016746825
1.24229473708728
1.36223018129149
1.54529598477435
1.78847468055305
2.08029680972801
2.39748805412326
2.7053403416461
2.96367816649402
3.12431466563132
3.19737859912804
3.20364669269219
3.15639126131967
3.06132062376817
2.92603622092722
2.748185373734
2.53926102412477
2.33512754717406
2.14500898052025
1.97157085030339
1.81327134704436
1.66665523697523
1.5282366302666
1.39581557721918
1.26913127128966
1.14982210062494
1.0408068800497
0.945362428502725
0.866229418793019
0.804970563891443
0.76159743201953
0.734322093521194
0.719322797903695
0.71071405244784
0.689267407375988
0.639977004175296
0.669076272286986
0.911040597535181
1.32728320725958
0.773411750166998
0.483673739550188
0.456651295777529
0.668217304178832
1.3656349506516
2.20010697896023
2.61147646014396
2.83865953621899
2.82024956971693
2.59187892039682
2.25336970274683
1.90576609669934
1.61320644085946
1.40125564850568
1.27234178475165
1.22056335527277
1.23999302095458
1.32729241275289
1.48062120656745
1.6961703318064
1.9634044783188
2.26078172179597
2.55465584471349
2.80380402177941
2.95738069520965
3.02220157146371
3.01673540906217
2.95376756162213
2.8376323928728
2.67643433519454
2.46699225651388
2.22356005088015
1.98912862309268
1.77573732641462
1.58798810395373
1.42557544486968
1.28563016549758
1.16446765372185
1.05870879534862
0.965873055041248
0.884555020441284
0.814286353204901
0.755189155909742
0.707530373901964
0.671265920248983
0.645621769817066
0.628744123637308
0.617526991812013
0.6078957432822
0.583361472886087
0.563482782927377
0.662610667971686
0.963508598306352
1.30706119906822
0.804448836595577
0.511611916371607
0.546770838653213
0.995806945285942
2.4263527792251
3.96757229439479
4.58498197334651
4.75033528706115
4.42807073320658
3.7830527396668
3.04802157080409
2.3932343903668
1.89032249876204
1.54285569153133
1.32687808610776
1.21580904966231
1.19000067217089
1.23783838533005
1.35315326167516
1.5309016616834
1.76186427312656
2.02749096588621
2.29718875271431
2.53087193688348
2.67645343030071
2.73630831962857
2.72573953313514
2.65624907202987
2.53120545365899
2.35909641060503
2.13717622161346
1.88235126453899
1.64146469920096
1.42783851008148
1.24637367848865
1.0964810090663
0.974727506387655
0.876694285736784
0.798070728890477
0.735192846826752
0.6852270538102
0.646133807877835
0.61648459385414
0.595169711301534
0.581023009580782
0.572407522039361
0.566875006600981
0.561148157426318
0.551790408110032
0.521201153557257
0.507972144459589
0.655383572009217
1.00101636000225
1.25688631019285
0.831872259487297
0.550610876260441
0.705308712824066
1.69406564424651
4.8867091357186
7.73302695259548
8.45300620620295
8.12933170273672
6.95591658953425
5.43503890810174
4.01390695628827
2.90603616322883
2.1328437321137
1.63087127267748
1.32486459652588
1.15624934840952
1.08716354315047
1.09609393320165
1.17199352552146
1.30847641052692
1.49792978842082
1.72569102417179
1.96585062714811
2.1815561417336
2.32087002690523
2.38104482611678
2.37371263266594
2.30828291938545
2.18752593230892
2.0198625841417
1.80370763133845
1.55767983970631
1.32908352670693
1.13130405280539
0.968623308829607
0.839623847876476
0.740163189826459
0.66534083806403
0.610546908935076
0.571890726701454
0.54627716895814
0.531297541262716
0.525009631781646
0.525623554553057
0.531096062843526
0.53868478457314
0.544653579516725
0.544536081466382
0.534455719666562
0.491096079833849
0.465916392713931
0.649267806411091
1.02298136185117
1.18086324546473
0.856087496074039
0.596421428541799
0.948967615009028
3.14263665641009
10.4639833835855
15.1641944619613
15.2559237181084
13.3308742636997
10.3235133963738
7.32410428548458
4.94895690527673
3.30875312334918
2.2627920508262
1.62514938922684
1.24897257944419
1.0385494563199
0.93763518998452
0.915710215544047
0.957594218349369
1.05593280302198
1.20489811763682
1.39409857107246
1.60332228122123
1.80068278895285
1.93589252409615
2.00111199051949
2.00417094735215
1.9517356965607
1.84616461183944
1.69517757506543
1.49849485580874
1.27514392746182
1.07023356626283
0.896588939860152
0.757703034107418
0.651508216988864
0.573553006744586
0.518982773779533
0.483493574092469
0.463631490973931
0.456741524046839
0.460739121979184
0.473769108664862
0.493753428778144
0.517826761418503
0.541755331645228
0.559671942052938
0.564780292524367
0.551726432259328
0.486113830719707
0.431702189288768
0.646813131329741
1.02654160650595
1.08531366472991
0.877016687489534
0.639910434733963
1.26822377693922
5.94793735069943
21.7250617412005
27.3065879718604
24.8099790458782
19.5116609990908
13.6599549804057
8.84616427676714
5.51918491002003
3.44321143128075
2.21545165326185
1.50602433781961
1.10074966005981
0.874834161601245
0.759745894713134
0.719674521603868
0.73726715627565
0.804976282414479
0.918812009452151
1.07251215499353
1.25184758430059
1.43103422709472
1.56301924919711
1.63564491818144
1.65314837102896
1.61909764734657
1.53542558653345
1.40852677214624
1.23914862585556
1.04549839440943
0.868889744568748
0.721482307901345
0.606276827927729
0.521045910244312
0.461551102451967
0.423455007316869
0.403167994734474
0.398044641764072
0.406235885337257
0.426346631824592
0.456931070429117
0.495800554489482
0.539149462490583
0.580692153268061
0.611411361730011
0.620972760146136
0.601673571772688
0.501918113090082
0.400299737554656
0.65015248866551
1.0038577351788
0.97823032238149
0.894672963500162
0.669535477519708
1.58319604838252
10.5498840223513
38.9126151021598
41.0184509478456
33.6118324189416
23.9793824146184
15.3980925761919
9.26981096336781
5.44336015497422
3.22561890592348
1.98203634593911
1.28991509239547
0.90384111472747
0.690230616314774
0.57870786804453
0.533353453855824
0.537073148481226
0.583000635213569
0.668892835407142
0.792048800098911
0.943809373578978
1.10487378827623
1.23283657267821
1.31251755115151
1.34504767817976
1.33089665208563
1.2714400703508
1.17128961075812
1.03174239002118
0.869284061702336
0.720787059538936
0.597923757340062
0.503648301154599
0.436067993407572
0.391573479350365
0.366647754689805
0.358629818205308
0.365853743968116
0.387442234563832
0.422857906637182
0.471191701235589
0.530124145872705
0.594585190968784
0.655471694587252
0.699451102191758
0.711550884926807
0.681489315860037
0.534594132349181
0.36676847591758
0.657830793204521
0.942493222313421
0.868454988879519
0.909655730918196
0.679289572777504
1.7334655897405
15.8443777623591
53.3289546212111
47.8786784222279
36.0866632584688
23.9284548133077
14.4802006603453
8.32778550153417
4.72029909801091
2.71549852590143
1.62191025847121
1.02420456709285
0.694668879042312
0.513227312588897
0.417617265460441
0.376278674314914
0.374335423088961
0.40624049187123
0.471261908131717
0.569436893381945
0.696732942736065
0.839944035232692
0.962203344811564
1.04676421373096
1.09232845109551
1.096594080555
1.06025143311344
0.985919427430332
0.874968169343484
0.741658379850847
0.618435960134423
0.516734914896838
0.439852368350515
0.386589924026553
0.354222835082297
0.340206886456702
0.342892992825742
0.361643609225161
0.396583640790685
0.448029007527732
0.515509021760237
0.596284075368639
0.683443258987629
0.764195322292774
0.81990200992503
0.830313364617711
0.783290693640681
0.578394825318063
0.328058564547538
0.65629460474231
0.834243600378985
0.764256922537852
0.923266630947906
0.678290636518856
1.60037672347078
17.9735647762074
52.7621615224028
42.6318633772274
30.5428902500901
19.4426708150915
11.4500216805156
6.48008693095171
3.63937331570115
2.07826933410479
1.22867220614938
0.763540645905314
0.506618437457926
0.365054473284613
0.29027597241306
0.257398926201418
0.254721121966263
0.278256643825466
0.328453162728687
0.407209997186093
0.513913560580613
0.640460825505841
0.75566192410065
0.842470254714809
0.897921105696566
0.91749613501694
0.901173388171473
0.849624347866515
0.763950730013123
0.656046728550533
0.554316166888842
0.470154248015729
0.407455671954096
0.365923312682735
0.343842686450986
0.339695408118256
0.35283902029983
0.383598902306795
0.432952561310009
0.501792228026239
0.589632166607387
0.692663797589846
0.801378992700489
0.898702092659407
0.960692049357722
0.962552354318436
0.891540229681973
0.622648368947055
0.295572077625619
0.592766607474897
0.696725696377994
0.670050504745474
0.93839858527676
0.682121068459796
1.35924438195121
14.6946992162856
39.2828403485743
30.1370097454854
21.1328279504317
13.3257491937753
7.8590247975233
4.49122003233028
2.55747893445958
1.47950934484602
0.881056529609042
0.546621419247563
0.358918828552839
0.254660075777265
0.199616865962261
0.175730703973827
0.174485588761071
0.193359224829582
0.233638676357021
0.298331471386187
0.389047347292288
0.501473873944982
0.609478335487717
0.696566753287582
0.75884709407676
0.790239706197176
0.790123117821811
0.757479315046073
0.69300057340371
0.606364677589329
0.522485354358257
0.452833410697737
0.402019731157588
0.370733437615629
0.358306891887377
0.36422369500847
0.388727419264809
0.432825484650047
0.497846095658562
0.584521252231077
0.691447582991603
0.812870218789362
0.936191761122689
1.04046521989113
1.09816673324603
1.08304067720097
0.983805162910666
0.656490228896017
0.281851556261512
0.452990925325389
0.55998626657663
0.588471101737901
0.958356695718033
0.70445930453112
1.25975627069846
9.95074175818914
24.2213344595049
18.2146661462706
12.7627114729377
8.14035897594817
4.9044195379217
2.88425526890459
1.69627253084922
1.01220812159973
0.617606853463771
0.388368337135933
0.255609267398758
0.180582430982236
0.14102820636216
0.12456727960184
0.125328039216861
0.14198056886861
0.176381782818963
0.232109866582153
0.311997823770347
0.414158209826288
0.516315918064139
0.602911290149577
0.66976156758972
0.709868935213085
0.722250127086295
0.704604653744091
0.657283236288757
0.588124782197035
0.51916778220531
0.462001460998035
0.421963467564131
0.400719208080081
0.398599146107685
0.415941145367752
0.453507422606894
0.51225523498376
0.59273797991113
0.694229571949055
0.813358297539031
0.942073613861485
1.06545504949941
1.16086391722865
1.20070372581217
1.161033532036
1.03606949009195
0.672618618827984
0.280911198879049
0.332069162469125
0.444064732194341
0.522175805301296
0.983599601957804
0.75965399396779
1.31487305974093
6.66263998672033
13.7611911845424
10.2331890284838
7.23816659256079
4.71667838027338
2.93603352114177
1.80015149898221
1.10998674252322
0.694786982139953
0.441967972192004
0.286284080171473
0.191483588659434
0.136281405894626
0.107202784085518
0.09602409529521237
0.09880185401455753
0.115101865376431
0.147186159006454
0.198873367624522
0.273445462155221
0.370161762483916
0.469069917503967
0.555553293585622
0.625659233658222
0.672045915539088
0.693689398216883
0.68749792983345
0.653723448999
0.598915693126
0.542878449457087
0.497327791888282
0.468262716061731
0.458219275140967
0.468329725216959
0.499359647368344
0.551709403084846
0.62476513126257
0.716362766588648
0.822856570686605
0.938930279544878
1.05595777141647
1.15964495180072
1.22931477374978
1.24096255827297
1.17584111438019
1.03321543245647
0.663008040694552
0.280059150733633
0.263300186470709
0.358745900483962
0.471650393188145
1.01331642362952
0.853663909352004
1.43496527582737
4.79563790564086
7.92753091871071
5.77104443902678
4.12839330897755
2.76021335724308
1.78758067116407
1.15470305687278
0.757330831734516
0.506043781004368
0.341804011796895
0.231724112319021
0.159284980873273
0.115044083104598
0.09173148348157109
0.08387209989243054
0.08873450327831307
0.106517874539741
0.13980591656806
0.192435348989511
0.267471682819717
0.36411956149037
0.463113222581085
0.550632427671668
0.623423188940162
0.674304726710807
0.702567816736288
0.704834217723164
0.68159979858328
0.638778384747979
0.594593241664745
0.560914917642718
0.544294675808503
0.547904276419804
0.573190965453832
0.620345505074476
0.687587676412611
0.770125689000677
0.860712784551986
0.952776687899425
1.04250586287886
1.12569168186106
1.19268492352241
1.22716609056075
1.20974591860742
1.12625918569288
0.978585183550041
0.628550870534747
0.275547399115413
0.228325420657793
0.304024440356633
0.435138911588267
1.05280590295866
0.997538759791371
1.59563817200185
3.61436406551493
4.59484175133928
3.22778932085472
2.34177426611787
1.62155033051804
1.11002847904242
0.773018724847435
0.556086997192366
0.411403304482919
0.305472911029234
0.221234639841166
0.156432610300903
0.113619935029646
0.09124117284692311
0.08517120876149907
0.09299259127782922
0.115283834372819
0.154906613628881
0.21537032035864
0.298538080074362
0.402065130811107
0.505673078831851
0.596403967836941
0.672484007131004
0.727439895886532
0.761334210728125
0.770919924181351
0.757420430732467
0.726753152740353
0.696171811839594
0.677900067023244
0.678983039325699
0.70276711694378
0.749769603681354
0.816944432221974
0.895753204072724
0.971758114559217
1.03065680443853
1.06971918137131
1.09882996567799
1.12547699373878
1.14505369827694
1.1434797513408
1.10375398161666
1.01412059485584
0.87678843389081
0.574093259305242
0.270081112729453
0.211130122517196
0.269542367698895
0.407403515986702
1.11988774021128
1.25136072936856
1.81077082066394
2.68250563820066
2.509324363526
1.72901058516322
1.31547693868919
0.993078184865411
0.768930219317812
0.626930552470354
0.54366723385708
0.490162839874
0.426383749480391
0.324935315176938
0.21710325534301
0.145880956312512
0.113511104265287
0.108355262813718
0.124601876211529
0.16277694814845
0.225996924134815
0.315891937437852
0.429730952894124
0.560274757834015
0.683922267100856
0.789910003032059
0.880439701857954
0.950043015610386
1.00024470446639
1.02728911184664
1.0341287375265
1.0271959883837
1.02419471547788
1.03945736669943
1.08058759302928
1.14838494500913
1.23526499076112
1.32158289929889
1.37372785405928
1.35523475490198
1.26053035179706
1.1377093608381
1.04338159040986
0.989959779329555
0.959955039558421
0.931349046039504
0.885710910589708
0.8119984191481
0.710472828192092
0.498524359430779
0.273242840372343
0.215225011339937
0.256710360305227
0.388207642860703
1.15388175979946
1.39746000090108
1.78196112461967
2.08492626500118
1.86613059610422
1.47458791750758
1.27630666951674
1.1204279021618
1.01602256866349
0.958690592424561
0.921329519830967
0.83268580335
0.62236578399545
0.371594391203175
0.20934316085529
0.136082698431923
0.112184861929755
0.117287312792567
0.147483327197267
0.206976649492834
0.301926260796149
0.43496306240133
0.602634187814378
0.79800574363463
0.992491153173064
1.17425135429956
1.34978249977739
1.50977405349853
1.65834756573219
1.78417766801253
1.89014426181617
1.97455785981702
2.0486424702668
2.13312412971089
2.23579957602778
2.3467871823399
2.43537296240804
2.45029542739045
2.33336871447503
2.06087733661465
1.69331398867655
1.35167789833322
1.11392387619383
0.972402515675259
0.886978641297045
0.824986489278362
0.766296118165595
0.700593250568648
0.625851015548428
0.483567540773708
0.324589072248053
0.270702400939152
0.294971389415342
0.403901293558439
1.11375215334164
1.31345086268908
1.53098510925525
1.67405746820761
1.60403879774144
1.42076517493731
1.30265690894325
1.17442573148241
1.03255058521159
0.86976106632282
0.683944732973928
0.491608209608971
0.326038781580387
0.209478615088054
0.140131051084334
0.105837336558907
0.09572683025551831
0.104905958699466
0.135043657968788
0.193585607212036
0.292411183008836
0.445624445901994
0.667209352058204
0.969646204026258
1.31818688646849
1.68789637176369
2.08439162207569
2.48340988716194
2.89327872379074
3.2795262300356
3.63656070529794
3.92044557555702
4.10611913870892
4.22153444124081
4.28208616253825
4.28061781968816
4.18980672620327
3.97629824279912
3.62596707325136
3.16713812872583
2.66429213113579
2.18296736166719
1.7710129924151
1.45405337553587
1.22459952983675
1.05671360900528
0.926151041355856
0.817088394861122
0.721482941898697
0.575392996045267
0.426942868635314
0.364257604754965
0.366258168895871
0.444576618286088
1.02594390690556
1.12550705639704
1.21277649972627
1.26213911778584
1.21726146466323
1.10141297971103
1.008487163924
0.895280619486611
0.766117579864629
0.629420557224161
0.496792160596172
0.379453167854006
0.284373998529383
0.214032605563018
0.167665924456737
0.14224609367534
0.1352516757794
0.146924503745266
0.181695348600683
0.249587186976241
0.367553451765204
0.560031391962781
0.857419243148515
1.29048977504172
1.81124587236693
2.37640392837954
2.98444211243211
3.59260534491499
4.20847651145032
4.77257047311077
5.26441858140878
5.59151695068457
5.70918480167285
5.66286608803596
5.49941747990816
5.25220081874447
4.94018882435299
4.57473078828144
4.16680282252579
3.73019639628661
3.28196458105461
2.84346311900225
2.43556515836968
2.07111816388779
1.75677123099521
1.49374035580096
1.27776951077065
1.10181407817888
0.958813235575077
0.766114097725654
0.590565449688939
0.506450253443514
0.480877632155531
0.520731186557059
0.68114606570871
0.843860385088307
1.19367646192332
1.82140147985666
2.82684005469526
3.5802948265588
3.9885107286581
4.33594543901245
4.58931716214639
4.73243416754525
4.77197833870018
4.73662540907215
4.6688579562206
4.61304407874768
4.60492758632686
4.66560743397269
4.79966394580844
4.99524194972574
5.22431468055848
5.44307359771074
5.59443240057552
5.61603035720479
5.45612378086202
5.09452170681726
4.61621535235473
4.11514571931047
3.61041346318921
3.14299590973105
2.70002863540788
2.30713327097272
1.95957518494903
1.68550226685851
1.5136395714462
1.42455612469115
1.40005268101646
1.42368081304964
1.479780779264
1.55289706129012
1.62848576131964
1.69468832836874
1.74404531753699
1.77395320241236
1.78546882753131
1.78106936975424
1.76247650605568
1.72948717961158
1.68020277171965
1.612437671165
1.52561496170113
1.32887474976294
1.00789757237708
0.765084510299793
0.623807734064008
0.591530760357811
0.543669782301222
0.595587141844162
0.819066807260897
1.28321934280223
2.05733214711349
2.60374802624876
2.86511837088686
3.06249135851026
3.18181148664303
3.22549987241114
3.21206589267647
3.17185107705436
3.14058664635848
3.15271879155687
3.23625927937299
3.41001233321242
3.682300437818
4.04894485118411
4.48850266072457
4.95478214562549
5.37049289600349
5.63109601434692
5.63012442043228
5.30689936468278
4.7627409635065
4.15111468507871
3.53009183244909
2.96699368926469
2.45456276318435
2.02501445079524
1.67097567611179
1.41774747497168
1.28152375718147
1.23467481168257
1.25519487981473
1.3233917075584
1.4178098648837
1.51382284766198
1.58708148137031
1.62085904518856
1.61236171712967
1.57261983410219
1.51952539226603
1.4689969769003
1.42939054608293
1.40042051485423
1.37510227899474
1.34315597810782
1.29500315669583
1.1528861656786
0.86053492463913
0.629567309645205
0.511838568258608
0.523463931318825
0.421855646872868
0.364101573671174
0.443103376891419
0.687879039026547
1.16020286374338
1.50595495879365
1.66020598258641
1.76493475134726
1.81412160624715
1.8145732752645
1.78375650019203
1.74537823928559
1.72426795955669
1.74222070311557
1.81591107405774
1.95659983435597
2.17008105130271
2.45510560086031
2.79914092900594
3.17157225023234
3.51717581486884
3.75720452906654
3.80808866221158
3.6197638736999
3.26143637640894
2.8475095488459
2.42651637432138
2.04807339718299
1.70926356399344
1.4325194771974
1.21402470848328
1.07278902418514
1.01850808915051
1.03446696737903
1.10665921295514
1.21866917340012
1.34608275692607
1.45532654381114
1.51175602035832
1.49569506304306
1.41477513338294
1.29976798383414
1.18636264965366
1.0989080384471
1.04600765408059
1.02423489350305
1.02291759743871
1.02751886285295
1.0227204789839
0.955114253333753
0.722341967545798
0.519311097074505
0.434112914547282
0.494786380084963
0.325557391582717
0.206207666763139
0.217742858332036
0.355319879795067
0.690158621456827
0.974902483262727
1.10460500465218
1.19356195896964
1.23441072248938
1.23035180034521
1.19397391711266
1.14398712674177
1.1004369153361
1.080184058265
1.09467982134962
1.15016193514281
1.24850685687923
1.38702120495966
1.55663092131499
1.73908984296215
1.90512599354912
2.0169244809038
2.03824275056949
1.95083262222985
1.78934875131648
1.60393393426279
1.41518827473297
1.24451029947007
1.09092899077862
0.966273125749492
0.872080585553719
0.82310993210105
0.827481587346627
0.879970189031253
0.973743227693913
1.0960231550042
1.22359936092882
1.32310231947096
1.36102461968329
1.32145585408968
1.21809902529818
1.08716219011218
0.966326516597194
0.878871029670117
0.83192548027491
0.822156355397815
0.840469299070596
0.873494997497911
0.903905735414683
0.89306560767465
0.665732093103656
0.437352882210412
0.369768397765751
0.494776071756857
0.29172708337954
0.153288050234503
0.156572975227859
0.288204468648773
0.62002225914989
0.900058571309725
1.02284852704687
1.10357068411959
1.13558608027608
1.12197098834298
1.07454646434472
1.01081503766009
0.949294015483457
0.905129591146497
0.887990158979265
0.902377661812047
0.948796700731692
1.02427198474588
1.12176447230539
1.22902880574337
1.32820286906248
1.39785810566712
1.41862877898833
1.38108695337935
1.30227531373625
1.20799533033274
1.10932246333561
1.01809211907197
0.934897300225278
0.86794313393588
0.82126999005098
0.807740442431933
0.834561948099207
0.899925183068082
0.998434617496029
1.1176944517862
1.23546546985685
1.3216171595686
1.34823372197207
1.30457322320225
1.20533650098742
1.08318136915425
0.971444862863488
0.891773044024705
0.852799192948697
0.854624748128847
0.892335649118208
0.955887241840128
1.02711530908865
1.07836682657948
0.766401990079546
0.407930761464227
0.33319642825926
0.523964724606445
0.288561839571309
0.143056836203024
0.151105674308412
0.312112914115382
0.676194029509408
0.945181892518426
1.05336616408264
1.11834092769271
1.13625766336578
1.11159175774585
1.05627712884543
0.986819860332665
0.920142116674551
0.869873211977671
0.844643169778634
0.848407854531801
0.881529841084774
0.941365009298674
1.02194567513105
1.1131927564058
1.20069478557973
1.26734366182222
1.29754638750798
1.2829715300728
1.23393515675196
1.16974303796498
1.09960225453212
1.03309449316036
0.971769069901963
0.923044915584501
0.89214226001488
0.891781735517993
0.928854242278663
1.00233748513681
1.10663599811218
1.22854237085074
1.34524008610669
1.42725442032064
1.4487877832618
1.40138605037503
1.30039922532747
1.1774060883786
1.06476313585056
0.984716526384797
0.948071338621552
0.958141397899445
1.01400549203241
1.10976101906973
1.22867658600573
1.3688962291352
0.941409136357657
0.399285524384188
0.31523981190936
0.553326541003687
0.296625748710092
0.146052240702025
0.165253600846337
0.386064187968797
0.784405073462783
1.0173806093667
1.09983846980777
1.14197911437781
1.14252122823837
1.10689398642656
1.04655117767738
0.976322811533084
0.910924401532844
0.862078073343128
0.83729357997494
0.840184695439392
0.871311255525129
0.928588432176134
1.00693935802184
1.09755422622576
1.18764967723401
1.2618293476263
1.3056396185538
1.31046947967769
1.28211563494617
1.23697528715121
1.18402341090208
1.13202926245778
1.08347752469626
1.04565732240418
1.02489773133114
1.03437178746616
1.08087085625881
1.16366681696828
1.27649076011358
1.40472469406553
1.52407628027858
1.60446332654457
1.62084469133579
1.56629366319138
1.45732753924088
1.3260764322349
1.2056641928537
1.1200263578755
1.08259992031034
1.10022859656941
1.17676403180898
1.31245988773784
1.49587044395233
1.78247993594076
1.20974750378301
0.395169759949047
0.304575460990745
0.587787454406672
0.315262149036601
0.160865417613463
0.202230810083136
0.535523675178909
0.939533127973539
1.0956849115666
1.14054681053041
1.15431458955777
1.13648416757521
1.09202894818765
1.03077518519766
0.965023799702155
0.906774541121028
0.865630182756746
0.847994059553117
0.857316442475479
0.894616425241865
0.958584949288553
1.04503836490701
1.14604869882263
1.24957086786059
1.3406018207265
1.40444901580596
1.4313760905392
1.42303768171427
1.39456749295243
1.35569149517209
1.31509711886416
1.27640694795693
1.24714891470458
1.23494541785274
1.25379610200569
1.31049164014038
1.40428213400317
1.5277348536185
1.6641669121604
1.78705844317597
1.86498982508604
1.87314243844782
1.8060343577982
1.68193532055721
1.53465379940192
1.39926959651903
1.30227281851394
1.26028389759488
1.28422034009977
1.38376350397445
1.56782787429288
1.83566492515966
2.35038281797141
1.60914835457481
0.396420285361623
0.30205094529667
0.632184514033023
0.344604918083662
0.188676691166803
0.266703692531396
0.763064486150604
1.09809566312282
1.146060035215
1.15100826758098
1.13921605116844
1.10813679078967
1.06075796804041
1.00437137423893
0.948471156356587
0.902495248560801
0.87426733866563
0.869433666725254
0.891588431274491
0.942478253137021
1.02176583031281
1.12618517783566
1.24840457773137
1.37641688364783
1.49453487944689
1.5866368559411
1.64099606464264
1.65485241719108
1.64323870963336
1.61753709181977
1.58692930834404
1.55642709434928
1.53405855072269
1.52882690444676
1.55569039520902
1.62147504102904
1.72505260032443
1.85736297906006
1.99923967201991
2.12172799057819
2.19212877768914
2.18605912374424
2.09973344604109
1.95348691714582
1.78321191193697
1.62632561410789
1.51207381293463
1.46022253731259
1.48551126649855
1.60310288629685
1.8305512282951
2.18005283211329
2.94363904209984
2.04639099733426
0.408282654944901
0.311900628322529
0.687078016064828
0.384365686527555
0.229139178718682
0.35355227603779
0.978671799322881
1.17751006621782
1.13726770708987
1.11648020993853
1.09163948484669
1.05776865484902
1.01544893719502
0.969632387013373
0.927622084241112
0.897120188250158
0.884956929043981
0.896625591066247
0.936288423896537
1.00672678885371
1.10879158161258
1.24020431197451
1.39403097823257
1.55771667671523
1.71390830861474
1.84386716156516
1.93284573755267
1.97285810006255
1.97968314624937
1.967212626655
1.94560707775134
1.92146793470904
1.90345223901092
1.9017326178989
1.93198490761713
2.00119327295019
2.10750746787524
2.24000497177129
2.37719926218187
2.48844614391062
2.54093800631857
2.51181003400672
2.39945170384002
2.22602009896731
2.02878023226825
1.84661060791858
1.71059250468416
1.6425446510893
1.6593718858539
1.77884917329654
2.02223270791327
2.40695559983769
3.27586783865849
2.26355128450821
0.43634598208466
0.337937793539848
0.752300811027226
0.433264582233579
0.278825364453775
0.434090618450187
1.02091013286954
1.12134837945192
1.06351208034364
1.04204466740034
1.02150911800035
0.996439896519181
0.966259927195217
0.934729212867595
0.908165133058359
0.893681422433598
0.89805698089646
0.927309177113457
0.986629410024405
1.08016895865453
1.21022603106237
1.375656742523
1.56984099984793
1.77921624923507
1.98386189006284
2.16119822668171
2.29222567842704
2.36256220184774
2.3893182873381
2.38961099168025
2.37498446048724
2.3536385281778
2.33483089335111
2.32920674167649
2.35252358358032
2.41245643159286
2.50632388796233
2.62166077067206
2.73574447775571
2.81813923048549
2.83816751721019
2.77618086372835
2.63314937954727
2.43203763443191
2.20952689071656
2.00370997190504
1.84535242327799
1.7561580138609
1.75235571991816
1.84960806552652
2.0646099108239
2.40549287193083
3.12569003910826
2.09445585682307
0.4789721400565
0.382675217454624
0.826486042210488
0.489046797202033
0.330117219966239
0.473898878392387
0.883656680286523
0.96496307310084
0.953280733344498
0.952499538259439
0.950319849460426
0.942297350663701
0.928060290982087
0.91141769721139
0.898915036505009
0.898167099099812
0.916749750252228
0.961787401234814
1.03988626911965
1.15685605840166
1.31669919660513
1.51961728142185
1.75936103387541
2.02109605433744
2.28161704976121
2.51335901152155
2.69174063829888
2.79474664747038
2.84113626100591
2.85167070708704
2.83958968369534
2.81438497185423
2.785758302293
2.76362410274896
2.76301643843695
2.79365800195391
2.85248638435784
2.92663691838217
2.99418883640477
3.0276225042647
3.00101923058022
2.89952324302219
2.7265706554749
2.50417112580063
2.26561685089691
2.04513741755543
1.87036871504044
1.7603929193604
1.72807261772004
1.7832318785509
1.9322966641854
2.16795048641029
2.59012294169593
1.70292880996726
0.525771984481466
0.446214560324862
0.906557751952348
0.548444034617888
0.374783521080771
0.466613010770807
0.697882111641813
0.797091156928009
0.851217235084344
0.880636936626511
0.903528210823074
0.915779791275322
0.917399244669597
0.912961236692936
0.910207841442305
0.918181648930265
0.945943552057578
1.0021327958578
1.09497414672454
1.23205463419823
1.41921380358871
1.65817957187262
1.94324160502006
2.25829353449672
2.57648677840248
2.86445296354706
3.09085615750062
3.22513488954962
3.28771957615811
3.3029787899657
3.28604794189423
3.24707434725774
3.19603555235056
3.14068673596865
3.09485499842032
3.07270016898331
3.07196577726024
3.0812475492662
3.08186942717369
3.05175653908082
2.97159301700533
2.83183625486898
2.63743012581898
2.40731166870653
2.16864729627186
1.94900805197232
1.77050252444555
1.64782139820944
1.58932213016789
1.59853657216149
1.67277952616226
1.79528640634568
1.96059102174262
1.31669862949421
0.566082467362745
0.525067731160975
0.987876587208668
0.607913483716359
0.408486596742878
0.43669813167505
0.55676975623442
0.679930324707322
0.795262158090108
0.856629346804233
0.90619254189004
0.93808143955022
0.951980331646771
0.953686209532381
0.953161224375131
0.961874228124083
0.991006058547526
1.05093107679517
1.15141980270729
1.30164376417296
1.50912547513457
1.77711734334466
2.10063315866527
2.46258055457615
2.83264247227555
3.17146347414965
3.44029907968083
3.5998297423313
3.67184850294625
3.68375730866268
3.65264972058368
3.58851018369734
3.50157526074519
3.39632842299897
3.28573073789524
3.19142010766246
3.11359789502696
3.04423630740299
2.96972033132259
2.87458410883856
2.74619042964284
2.57930357724342
2.37872887203754
2.15854948746889
1.93815123799661
1.73700754389992
1.5706212817059
1.44884476796215
1.37609190891073
1.35180585818761
1.36924550776115
1.41138703480789
1.43536277134739
1.02739119959215
0.595810286852384
0.613343689047827
1.06412068431198
0.664414640564091
0.432979361005549
0.409902878425247
0.480604409165889
0.637772816998582
0.814109479766004
0.909716731216462
0.986684941648634
1.03500883250565
1.05352832844411
1.05046525064348
1.03988487287841
1.03721517100262
1.0564802548587
1.10976751033672
1.20790958848679
1.36100527054989
1.57766532808214
1.86233566965135
2.21084373267227
2.60565702897382
3.01381242383687
3.39068205708355
3.69033049615166
3.86535894980736
3.93822155322397
3.93827558030343
3.8844434868443
3.78580699074341
3.65308303492627
3.48720397204089
3.30152949897182
3.12780977926708
2.97009200113896
2.82477130716649
2.68358682919617
2.53691693633545
2.37707667204142
2.20104893893644
2.01183885448338
1.81788565441519
1.63074896400289
1.46209721464603
1.32122921592731
1.21380886069526
1.14162605984876
1.10257331708121
1.089964228411
1.09105467143584
1.06305577667349
0.830994609443801
0.617902377928738
0.703994200392966
1.12822380808004
0.716128471083497
0.45395973205694
0.402086421445424
0.468346507984972
0.68718839102998
0.944546461386168
1.08306573908601
1.18914960398479
1.24622053536855
1.25343229611408
1.22522018063575
1.18378594211471
1.15104436275501
1.14455874495908
1.17754852491984
1.26072975501298
1.40382260882507
1.61538441139708
1.90032044779266
2.25519611048082
2.66278915513298
3.08896248174508
3.48552904197139
3.80063993748286
3.98026852585559
4.04635774941578
4.02877101969878
3.94785041012525
3.81134672404319
3.63082110289279
3.4043615261197
3.14741235693075
2.90281570263476
2.67885450399934
2.47598661767425
2.28999315823566
2.11491247678363
1.94545674270774
1.77871927900402
1.61496866175785
1.45742159737545
1.31115569945663
1.18161599125189
1.07325899500212
0.988677748297493
0.928191851491241
0.889608775403142
0.867873011849379
0.854749560424944
0.818642233168808
0.702156267751808
0.636044283509685
0.790420111554317
1.17353684137713
0.762603357070363
0.477961147101548
0.423169016411517
0.527584751452356
0.870982998149934
1.26303522180119
1.46194117480053
1.59552764940662
1.6393330973472
1.59940108703852
1.50633200456839
1.39825053681731
1.30685184275852
1.25292108545495
1.24876013144675
1.30254956371048
1.42145820867434
1.61227629365243
1.87927025873195
2.21950573836322
2.61694003229543
3.03822439000855
3.43416405498315
3.74924342086417
3.92465353599942
3.98017240986899
3.94454544636278
3.83876758847269
3.66922079216917
3.44856652792876
3.17342618872064
2.86260923364353
2.56872643948241
2.3035031045492
2.06996596464245
1.8658201697973
1.68634705954292
1.52650618332633
1.38225813275004
1.25120492209933
1.13264909939018
1.02720279819426
0.936134704075755
0.86066770676773
0.80138648590481
0.757801376421894
0.728024869498901
0.708549942126182
0.694320696492563
0.664473535484852
0.618353613304964
0.65210221497013
0.867306806666343
1.19499779369261
0.804348093174661
0.51036679221746
0.483718014854598
0.692662889704972
1.30479446111854
1.94274630031286
2.22338190832189
2.35950494970574
2.32613751692821
2.15831368175661
1.92477583020333
1.69121074565327
1.50031626491193
1.37191456480584
1.3121344677102
1.32224119403009
1.40368547676813
1.55933326104086
1.79151824808003
2.09746788755111
2.46316827410859
2.85816967224327
3.2352256623182
3.53800698389448
3.70475064482619
3.75111576794815
3.70315911263303
3.58141831613437
3.39116035955019
3.14605083469536
2.84272465940896
2.50361846851541
2.18786215482487
1.90912613813945
1.67122531060465
1.47192749172941
1.30611862494085
1.16794572490187
1.05205656731326
0.954188946037461
0.87132753347392
0.80157864780742
0.743867907075319
0.697543845273724
0.661953979202942
0.636042562252115
0.618022763632701
0.605233264478421
0.594383624722877
0.571372383720382
0.563706237415408
0.666503290096447
0.930996888742636
1.18988270489407
0.842153105597893
0.554361444074473
0.599728033199321
1.05262367868594
2.27799703305547
3.36415947550292
3.7166930432981
3.74482465983503
3.46617454575598
3.00260607797104
2.49803361469623
2.05340426873057
1.71291074442054
1.48221878273869
1.35087807401491
1.30661699780745
1.3413142465315
1.45171019696839
1.63701170233082
1.89425657127018
2.21210036971625
2.5647954487846
2.90981795787562
3.1929908043021
3.35122091766638
3.39421377555738
3.34404808679341
3.21950179708101
3.02507578095939
2.77490926757862
2.46674039850239
2.12581227739376
1.81371615496728
1.54460985085717
1.32182443300622
1.14222732098707
0.999765601725813
0.887738741566252
0.799999763053073
0.731452114404971
0.678147799753315
0.637175957196555
0.60643677707963
0.584341333859679
0.569459330017354
0.560151062384771
0.554274933904433
0.549157636313657
0.542077777129492
0.52091039792033
0.527830737138052
0.679580727772436
0.979355435291609
1.1580734301527
0.876481507802209
0.609844983365427
0.793997483353482
1.80968398049681
4.47914483774216
6.28853867302733
6.53842289972965
6.11300278616377
5.21375543339666
4.15827295647324
3.19643500655153
2.44236854712321
1.90710974989684
1.55573306180007
1.34598623846496
1.2445608446892
1.23036475505667
1.29249015358735
1.42629877556156
1.6283702489013
1.8902972002594
2.1921309798187
2.49813940710406
2.75893320034084
2.91161543806241
2.9587495396225
2.91760532407699
2.80395487624568
2.62178974169242
2.38487164036178
2.09251948900593
1.77127782416938
1.48151090807477
1.23696178967107
1.04003138478824
0.886639770062026
0.770067711083131
0.683288131901043
0.62007837208402
0.575379110629755
0.545267835666599
0.526762357964955
0.517549551550918
0.515663554400053
0.519115160687157
0.525505479031073
0.531756764180943
0.534249660031597
0.529736909682467
0.502873209057512
0.50406050758787
0.692700180255178
1.01072634093449
1.10200076325661
0.907205597698811
0.671881473472879
1.08853668270557
3.3823984839965
9.37275518679276
11.9170870077833
11.3916192419421
9.70926971421602
7.54343961866115
5.50642736129902
3.9038638244768
2.77433301723549
2.03043347099945
1.56270550186529
1.28308178583904
1.13256336109275
1.07600863968953
1.09484034653615
1.18065451792022
1.32948005123326
1.53570340002341
1.7854020684734
2.05071772274971
2.28905515035517
2.43934851955271
2.49685775766655
2.47375138825596
2.38185216969628
2.22470576311821
2.01474732748449
1.7527842081218
1.46500989029033
1.20795536323264
0.994699743100847
0.826945687476608
0.700174071443045
0.607614505251515
0.542535172782588
0.499231534902427
0.473251036463582
0.461250852767918
0.460704702740336
0.469541421943539
0.48572324493814
0.50675552823695
0.529180826580696
0.548275525945738
0.558413861117705
0.554681987361026
0.51252690251218
0.487744129743354
0.708578430360636
1.02176719385065
1.02644379635885
0.933839706997228
0.729744759394865
1.47576916845805
6.49675309436765
19.23590706472
21.1260341078702
18.2892266337257
14.114908638232
9.98929864572389
6.70584884417746
4.41775398711584
2.94385405260221
2.03387151450007
1.48459051311238
1.16025357324426
0.978737389456782
0.893562115351858
0.880345182585421
0.927862535600083
1.03173021464312
1.1886923753254
1.39032757266604
1.61674061948614
1.83333604976852
1.98264975704668
2.05354031677052
2.05329317521793
1.98929759885687
1.86453170935525
1.68927446681357
1.46535012191398
1.21720413053697
0.996150478593021
0.814810289818345
0.674753308961128
0.571683772732417
0.499378421045798
0.451876643747202
0.424358469112975
0.413279223719505
0.416154612138883
0.431189421880451
0.456803488898548
0.491036002478239
0.530810201272729
0.571158228755511
0.604805374435674
0.622895646130542
0.617699765734478
0.548292497186749
0.474592517736758
0.730421668203139
1.0049317420028
0.938193945511689
0.956186981920995
0.769643770322191
1.86416136909188
11.9494015395034
34.825025302587
32.1376269103358
25.2340361404248
17.7888409054541
11.6218444048987
7.28965829002225
4.53527885163458
2.87572637237014
1.89819556951287
1.3256345384848
0.991718878225031
0.802030634971371
0.704869968209349
0.673299236932387
0.694791210107863
0.764882373837898
0.882134549425938
1.04263820309008
1.23374455349078
1.42919016729651
1.57676379093972
1.66057819833055
1.68365786474846
1.64896623479068
1.55870001186713
1.42041267385493
1.2363181917158
1.02815163556296
0.841610161371069
0.689247023342054
0.573097335892012
0.489654196878574
0.433666004535832
0.400220966028989
0.385559504846839
0.387175186875502
0.403570474687365
0.433821947019514
0.476965199290394
0.531140003530951
0.592463379783003
0.653806638905142
0.704154845101111
0.729994394796354
0.719974552301313
0.609074074906976
0.459250335593491
0.758930197707073
0.948466177449559
0.845362137788632
0.974922846961849
0.78429931437374
2.05476365496613
19.3451499902543
49.4847769723109
39.2118665287911
28.5334980562753
18.7896900604599
11.6129820140724
6.97216152868043
4.18797489239704
2.57501928912887
1.64853906414892
1.11376755051531
0.803596033084591
0.62607246004265
0.531423079380442
0.49359776716445
0.500324815067654
0.547462022354058
0.634890658139539
0.762064001256867
0.922337795024698
1.09728769789119
1.24109988330685
1.33506224973244
1.37881756504671
1.37132560116104
1.31381722548408
1.21085996876133
1.06446050012512
0.893118821984653
0.737136088588871
0.609375753429428
0.512810349075092
0.445106861388734
0.402229178935183
0.380441695961356
0.377106430740975
0.3907940607839
0.421033197990431
0.467805570615292
0.530745164950868
0.607934223308281
0.694255860709954
0.779591587100299
0.847924764519092
0.879409960417475
0.85841273593582
0.690164889590262
0.435214765328077
0.783698268590602
0.84458543281731
0.755956197594925
0.990561031122141
0.786950853985574
1.8898763678693
24.6187819375555
50.7001286271205
37.7098671042683
26.0780681754226
16.5465063496819
9.96708497328718
5.88655220009821
3.49698260255616
2.1278647139873
1.34304458654091
0.888691920381222
0.623833245016248
0.471079498733985
0.388022883451318
0.351997278992487
0.352117475553837
0.384879806168211
0.451087049267941
0.552475424998001
0.686945479830246
0.842790152281541
0.980955394154308
1.08163368562285
1.14206582835666
1.15789693378356
1.12933027237326
1.05796898591648
0.945166106856587
0.806015898509923
0.675946683689921
0.5684132882656
0.487636452100327
0.43268206090386
0.400848842389754
0.389619200114529
0.397472240219454
0.424017688925587
0.469728627481841
0.535335615503942
0.620791392255325
0.723662642331223
0.836932244454286
0.946677953846515
1.03111690620983
1.06387356498975
1.02298528803659
0.780856903383615
0.393270490578687
0.773924935183617
0.703665699864755
0.676565949596528
1.00382020472873
0.813510916884282
1.44753876869998
20.9601746444635
40.9019140340194
28.8534688436675
19.6955146620746
12.4238009836437
7.50368474165518
4.47200665447031
2.68779855886312
1.65091654872355
1.04443325460985
0.685705770876421
0.472826676495961
0.34855527886455
0.280264872857909
0.249750840075013
0.248020489285694
0.272350387250703
0.324167861821246
0.406617335557114
0.520743156058181
0.660107408920596
0.791967024568864
0.896667827077507
0.96998736307475
1.00504239064061
1.00110366986977
0.957040907398927
0.87331340190675
0.761692944669327
0.653350254004795
0.562513767718022
0.494832641770502
0.450889027380585
0.429362925449033
0.428937907776988
0.449120347226434
0.490361503639994
0.553731026910026
0.640185334401479
0.749310096756973
0.877372488621242
1.01472503601663
1.14324763509769
1.23578428101672
1.26086784829577
1.19588877124382
0.859997724562213
0.386790962589366
0.553763910572055
0.587502376009114
0.601343864543798
1.02683643396816
0.834263690440825
1.46178366440066
13.4932236916777
27.3062930874899
18.8026854522047
12.9494906548023
8.30542572891131
5.13896813924804
3.1549894755604
1.95681661113892
1.23596215239775
0.796675001562097
0.525915587014896
0.359827984129322
0.260934571718298
0.20618089683672
0.181682845011322
0.180286434620472
0.200008389541501
0.242689037307978
0.312264212637084
0.411768743456999
0.538563059997942
0.665139184648127
0.772674738193338
0.856280849494805
0.907282560436025
0.924249844240641
0.90366982303358
0.845079443239811
0.757184029781931
0.667497733626253
0.591145736298548
0.535301585105364
0.502108118255181
0.491602307488528
0.503541243618777
0.538156956739762
0.596180746278982
0.678429103747129
0.785050350788972
0.914267144452642
1.06034818048774
1.21088342274323
1.34429885441298
1.42991647143848
1.43429059782076
1.33514487423687
0.942098454517431
0.409489124142364
0.405172794345545
0.479619208634816
0.542470306251332
1.05169252959354
0.900699388506039
1.6206441292247
8.8161730676261
16.1564457641219
11.2687259383556
7.90353338203713
5.21712753422811
3.35403777523408
2.15512468615091
1.40336970422342
0.9276538453434
0.619134900845417
0.416301509226412
0.28521266118323
0.204780526261011
0.159926433487585
0.140201501151791
0.139847734561241
0.1574432106241
0.195098256179845
0.257166336939977
0.347837007435382
0.466983895196949
0.59090251006054
0.701777940199384
0.79466829467611
0.859697510334004
0.895054312447812
0.895227111192784
0.858984794926064
0.792336791308777
0.719693680884745
0.657197008335057
0.613593347086451
0.592548598032384
0.595280572707909
0.622204302625331
0.673489114954348
0.748912665502911
0.847527909585333
0.967385998701752
1.10484287597258
1.25267932626083
1.39716969058318
1.51563118816412
1.57722656612866
1.55065024516615
1.42121565316529
0.986157379698852
0.420679312492127
0.334560119375903
0.399519674430718
0.499024536571104
1.07904721786449
1.01064564147326
1.8071883814363
6.21768676576864
9.47874252935919
6.64587631019795
4.76888192727818
3.26219061381175
2.2007736734972
1.49965330346121
1.04178975425048
0.733099223792375
0.514342375775689
0.355880046984246
0.245300195244415
0.174672251236995
0.135073685632776
0.118200279651517
0.118966437103015
0.136228929216553
0.172271778253283
0.231675477545926
0.319233374116247
0.436318502912516
0.561492636960825
0.677775878824023
0.78062023573113
0.859348368665585
0.912122429729129
0.931767595556
0.916565704626845
0.870260674468505
0.814660069072481
0.76710065904494
0.737926474673912
0.732145675675443
0.751643385628719
0.796452774786663
0.864974630233736
0.953858016505434
1.05857580484957
1.17482997347635
1.29889651810474
1.42500753628401
1.54108181484795
1.62606404254447
1.65173216295711
1.59163961829317
1.43627417459959
0.983988743526314
0.427204711975795
0.303759032192146
0.350753916945537
0.468604351898791
1.11335252332882
1.16841133128452
1.98909681746419
4.53601920482551
5.48177806569586
3.81616649764034
2.81756372521585
2.02312390073826
1.45991363546725
1.08164383800114
0.82539508424961
0.636736876709654
0.480046146639596
0.344379928812049
0.237258046661864
0.165562126816046
0.125726061324648
0.109646780967502
0.11166413168104
0.130472714885653
0.168474944629825
0.230430557846934
0.321427512874848
0.44370238547404
0.576658438963545
0.70381712702583
0.821503825769859
0.918321860579286
0.992837507071538
1.03612537471557
1.04635727654874
1.02503844158473
0.991530589841078
0.964969829479035
0.95758260531938
0.975376128158188
1.01954786323111
1.08696613050124
1.17005951934753
1.25807790990209
1.34167185857087
1.41845707054529
1.49225613482758
1.56467210930023
1.62769158331373
1.66259253277279
1.64443001672846
1.55182375973407
1.38026124595348
0.945116485143694
0.433728414962441
0.294453818186207
0.323699122154702
0.447325259896641
1.16562816931014
1.40994722535712
2.12123548740219
3.10898648690253
2.84983989306363
2.01529338576395
1.58955495000381
1.26519776457546
1.04527530728031
0.909015736659844
0.822719018947537
0.739611017987183
0.61292430022799
0.442729003561624
0.286045040055502
0.184281980355116
0.13328704182379
0.115701354047882
0.12107946407486
0.147093841449961
0.19659310650274
0.274941721207538
0.387674073864407
0.5380659172133
0.704013224084653
0.868621967471055
1.03034609465761
1.17587629976849
1.30528403760615
1.4055120801301
1.47553919646464
1.51207236983084
1.5307687755438
1.5556004069139
1.6020053527719
1.67469763433602
1.7666379139333
1.85808876063381
1.91925254797484
1.92305623048416
1.86702025885565
1.78154531111472
1.7051236445015
1.65399946569419
1.61893769993311
1.57769726381595
1.50632782778504
1.3884159313192
1.22319944523194
0.867337487433612
0.454598142706247
0.315259428338836
0.324043185997111
0.438267385942389
1.17421332892837
1.4786425123724
1.89543751718487
2.16805753681399
1.91906475887026
1.57195596534924
1.41160238186983
1.29934149519932
1.23776991941113
1.20933898065912
1.16418746018357
1.02429598020592
0.762670905486482
0.478274293623977
0.279545995618982
0.17567440443045
0.131565254746078
0.121681256167322
0.136275920823625
0.175656675493404
0.245868649085722
0.3559267717053
0.515828054933871
0.734984336655006
0.987904007682843
1.25489006773823
1.53847906586786
1.82008733924287
2.10494312100117
2.36953523232503
2.61313039309475
2.81385516891025
2.96603653723377
3.09886849655954
3.22986620892651
3.35544869351764
3.44801978062143
3.46044266805818
3.34391301171589
3.08201847109088
2.71990144108306
2.34729889001788
2.03771305631811
1.81002923936768
1.64355068024431
1.50759424279315
1.37746079298186
1.23942860032299
1.09138330436065
0.82316832425789
0.519630160097426
0.39120594525649
0.378114755085456
0.46477373571056
1.11372862022031
1.32873747088639
1.53024175895456
1.62862000937805
1.54081890783383
1.40335620044563
1.32577498866835
1.24551739795096
1.15154753115043
1.02597428629027
0.855942294411088
0.652741145960797
0.454921897629143
0.30024717294846
0.200359089877997
0.145745539406698
0.122599844388344
0.122287972789463
0.143146032551415
0.189958560648631
0.273608437209571
0.410960871166023
0.624371594434873
0.939723420539772
1.32981075647513
1.76797569375675
2.26000263377854
2.77638210760004
3.33014614102267
3.87812830965715
4.41398319554252
4.86780573968641
5.17847168558141
5.37201530298554
5.47178175089128
5.48255524530596
5.38948311294888
5.16984510522493
4.81307680361734
4.33836764346984
3.79564790737583
3.24803772736105
2.75031712891591
2.33323986329106
1.99864667820861
1.72989805166299
1.50684870243304
1.31443135335787
1.14461069334618
0.887487058591799
0.622545309425146
0.494027053560508
0.457993919933247
0.5111570888567
1.01460423390244
1.11174703766564
1.18095799120984
1.20360185560626
1.14958866776107
1.05882285445521
0.98921281415108
0.904274034540586
0.803841351803942
0.690707794742118
0.571799758864458
0.457019603150712
0.356108358428465
0.27575998003705
0.218420441106868
0.183173617854304
0.168148389804049
0.172934901597716
0.200457295784223
0.258627743984067
0.362031637673326
0.533312385877837
0.80298246451678
1.20520748683673
1.7019773286249
2.25506992989532
2.86662489443039
3.49708554915389
4.15951480812473
4.79735349373208
5.39501391154862
5.85088151148732
6.08850344879335
6.13990588488583
6.0489710840977
5.85368227680152
5.58031552288994
5.24582559959562
4.86275859246599
4.44304223712133
4.00021085534348
3.55056229424231
3.11189776176317
2.70042330777374
2.32834753897528
2.00221197162243
1.72278764145882
1.48696235651556
1.29014478178561
1.01942977606005
0.761040025271717
0.627078308692574
0.569681765540914
0.585971865736411
0.774571287815382
0.96406252802534
1.34183716871681
1.99943796730479
3.02312849036781
3.77118569763899
4.16783466522075
4.49787911618885
4.72980306050119
4.84900686061225
4.86289205372548
4.79938967959613
4.69891990838299
4.60338779453376
4.54685428032639
4.55045368505731
4.62110766218041
4.75199558261006
4.92309791156855
5.10156445514325
5.24325702822544
5.29787903084556
5.21963395667232
4.9822576305838
4.63523977395463
4.24906567504413
3.83873914445813
3.43953416753363
3.04191292515177
2.66984719430437
2.32119709065646
2.02545876759607
1.82144040919912
1.69639191776677
1.63535445702955
1.62331667670408
1.64562441498105
1.68801506169728
1.7371427514263
1.7817221543832
1.81376236971336
1.82913319103695
1.82704059987499
1.80862493374481
1.77536992699778
1.72804520345525
1.666564687347
1.5906783736989
1.50105170890871
1.31200414571608
1.01806846244494
0.792527119714313
0.654532961941649
0.615567836665677
0.645070021529854
0.727306825043377
1.00251523236829
1.55658637146975
2.46630797110957
3.11618106950031
3.4308353179295
3.6723912149479
3.82108356193729
3.87407242557455
3.84667041229952
3.76891323713191
3.67860432436933
3.61319620101403
3.60333079624034
3.66960324447194
3.82179905615096
4.05834578672261
4.36398127253914
4.70533584261702
5.02683600403952
5.25258217164998
5.30126363159516
5.11580512081559
4.7455454935076
4.29390823813384
3.80242213819766
3.32634200948512
2.86284254418631
2.44516574598274
2.07246455458228
1.77719008947357
1.59124948893076
1.4936767090311
1.46442662617289
1.48498635216576
1.53704129503789
1.60170483133881
1.66080501895022
1.70016329982353
1.71301419033351
1.70104146006807
1.67192858777461
1.63476889718169
1.59587675080096
1.55671918043656
1.51418583230822
1.46255692383469
1.39630294898398
1.23241697791781
0.929900727810721
0.689546755862369
0.557669882017278
0.552391687277802
0.515261305775154
0.470163456317659
0.589612711485499
0.922887432316247
1.54247600783448
1.99656685596612
2.20605464226256
2.3575286214276
2.44083200282867
2.45869986659796
2.42556143433593
2.36427085994205
2.30141280260221
2.26227034226398
2.26709006208538
2.32955314824177
2.45671013757942
2.64862016253705
2.89621639149599
3.17715420762787
3.45145806992272
3.66158434221644
3.74318487643308
3.64882822614963
3.40894379064114
3.10074229747185
2.76011941191144
2.4293158701496
2.10902301826434
1.82423787593075
1.57610143381507
1.38947909933397
1.28553985657509
1.24992325385103
1.26818810434492
1.32500000499089
1.40217534366473
1.47831618431999
1.53205737645629
1.5485689776052
1.5255141792869
1.47358105509394
1.41049768723479
1.35272138262378
1.30985039031544
1.28322647612067
1.26720230415345
1.2515036293589
1.22429981953321
1.11824312684747
0.838693678096025
0.597372491536145
0.483612297764286
0.521514732756467
0.402464854649677
0.271323288066855
0.298971067933406
0.496222583552945
0.944226928732674
1.30593160810694
1.47049045729141
1.58771275763604
1.65036650880217
1.66121696330976
1.63152563267857
1.57860182790035
1.52230719319759
1.48111915718317
1.46922294113915
1.49550282664937
1.56380999395534
1.67313290926253
1.81670919913385
1.98011074942624
2.13955732003654
2.2629682749957
2.31650994290192
2.27675871539821
2.16008259709278
2.00610765841244
1.83376806681834
1.66464227934061
1.49967190177967
1.35307181759222
1.22788530074432
1.14188953603765
1.10917838832013
1.12402291346303
1.17817064168619
1.25952850494994
1.35055719970864
1.42896534234254
1.47277615849082
1.46882972708221
1.41951938397852
1.34193262014558
1.25934810127175
1.19148396850971
1.14936467513115
1.13508068059128
1.14334990121062
1.1626717346238
1.17628769438229
1.12588511876817
0.814734619583352
0.513079616298494
0.408842173634759
0.510733156728625
0.355936731062684
0.192509951745323
0.199089393113445
0.374034796219529
0.793923491665894
1.12564905093518
1.26823157956107
1.36497185439336
1.41178097452565
1.41291046605295
1.37932860208253
1.32641125483818
1.27093934176204
1.22799072112502
1.20880350388167
1.22013552821653
1.26458068614346
1.34083863420385
1.4433051901907
1.56110775202047
1.67751002323555
1.77119742418495
1.82072836945404
1.81168407179139
1.75252376443367
1.66725822663781
1.5681646066885
1.46864672168958
1.37031931572158
1.28319979784102
1.21188626644946
1.17148333960185
1.17322630360557
1.21471730440434
1.28945422785763
1.38538773184144
1.48387706328767
1.56154282237001
1.59667938962287
1.57839166816679
1.51260990786511
1.41976514996926
1.32546834197675
1.25110750201702
1.20956043602787
1.20553026057299
1.23694734589842
1.29457883142845
1.35917657816971
1.38279398571487
0.943199600198981
0.462642966330423
0.354556254584951
0.525125117209861
0.346637944510385
0.170374421678516
0.174954257135922
0.374101454292196
0.813418728775545
1.1184187088992
1.23978424542275
1.31687116089454
1.3485859514183
1.34058413192278
1.3037892689406
1.25225989246352
1.20068754586123
1.16201576142218
1.14588597746411
1.15819095066348
1.20128491932162
1.27410017212602
1.3717187244909
1.48455814385715
1.59797647747588
1.6935138922957
1.75268488616039
1.76279095039835
1.72830973803237
1.66896536360434
1.59582000635188
1.52023368930787
1.44460590653347
1.37795923830048
1.32598884043368
1.30348784231713
1.3208311141748
1.37653477147245
1.46401955059309
1.5701303727145
1.6744954641976
1.75222175399586
1.78125214696984
1.7518910350231
1.67231252648997
1.56535739926687
1.45877325965491
1.37597237383302
1.33215198845731
1.33505709441713
1.38667627051853
1.48237148657396
1.60504440777581
1.74435033432678
1.15656188457731
0.430583768969747
0.323813504164329
0.543050890769106
0.350151635920911
0.164504514390656
0.171928484271727
0.43091169993751
0.890476312858103
1.14751420414374
1.24103176574907
1.29516557168234
1.31079423302411
1.29425712377539
1.25590991258976
1.20822248306728
1.1637963950085
1.13361485618749
1.12597426835546
1.14617733061596
1.19659486543626
1.27654136093323
1.3816636257495
1.50305090545055
1.62683617826068
1.73539369974829
1.81089522083101
1.84066210661428
1.82585740020962
1.78455919812724
1.72807353690471
1.66711903158514
1.60502857276086
1.55060357749716
1.51064609839519
1.50028285192652
1.52952707897682
1.59723139270267
1.6961505067572
1.81148888499566
1.92071011354166
1.99710196460712
2.01806082303941
1.9749797138122
1.87829244253309
1.75347083671486
1.63080550863546
1.53619353451444
1.48758184605721
1.49627272756402
1.56934792970022
1.70925753933628
1.90647696297526
2.23801031170838
1.50088745675173
0.396165713589482
0.30225783052182
0.565982139241412
0.364658671057723
0.171174129396734
0.187163917484426
0.575622774530268
1.0095502061598
1.18423215881475
1.24243893559939
1.27075695573335
1.27042171185356
1.24735933452254
1.21045206639894
1.17015089100279
1.13689833700838
1.1198648583772
1.12623811323615
1.1609898669747
1.22675515492416
1.32340584853335
1.44713738156408
1.58934307934263
1.73608080279276
1.86924202887031
1.97014413774884
2.02493290777329
2.03112498294928
2.00663624218147
1.96409359328024
1.91439676121247
1.86208445949259
1.81617131041387
1.78468469380407
1.78340708414933
1.82229214499252
1.90014162280972
2.00852193014289
2.13047967384382
2.24097258947236
2.31142502596117
2.31890785656516
2.25622816179101
2.13638248418334
1.98775469735457
1.8434781052341
1.73224514108433
1.67506228732309
1.68720413064843
1.78173978328552
1.97036953938193
2.25660197897493
2.8728485604203
2.06830538072245
0.356887732997286
0.290618867993627
0.597071671551309
0.390462197637417
0.190101039497723
0.226800188663471
0.834160135449461
1.12970524361226
1.19715638140811
1.22151738619818
1.22761853520509
1.21638112086174
1.19179562791554
1.16072653090917
1.13160483514795
1.11307924889419
1.11302744231249
1.13804450882167
1.19321410104714
1.28179296676526
1.4044548034304
1.55798193673709
1.73375400582716
1.91694726695248
2.08768089496866
2.22489169966694
2.31224934779945
2.34282753283866
2.33561586384406
2.30562448161257
2.26465807576894
2.21871544099184
2.17733511725354
2.1496788483734
2.15222188210762
2.19522990850191
2.27709546574936
2.38782155728723
2.50815157256752
2.61082980452972
2.66614757784503
2.65171553260469
2.56231881227424
2.41355263967803
2.23634122276962
2.06614408953517
1.93393320714381
1.86321771339678
1.87249951482022
1.9797990961759
2.20493022759739
2.56261022548043
3.45559685626378
2.68900697976751
0.333966784470467
0.292467892929457
0.637437743596041
0.426753691722429
0.221821318825732
0.287988323482548
1.04923370679991
1.17838735540194
1.16211619692067
1.16402720966186
1.15966487513181
1.14677429393719
1.12736714425466
1.10661944271934
1.09157710809466
1.0898779532934
1.10890488887864
1.15536978522089
1.23505732610347
1.35232727961893
1.50901734737023
1.70265184105472
1.92438154859122
2.15775186027081
2.37979476806949
2.56540445201436
2.69422064748479
2.75363558841407
2.76476020505286
2.74601410985958
2.71077948669656
2.66665204100967
2.62387473617275
2.59226818775014
2.58870209174801
2.62445416493085
2.69730953532798
2.79572049736516
2.89867077589808
2.97791550980142
3.00428229611821
2.95740138262606
2.83464472781102
2.65369001973262
2.44665775359024
2.24967870984135
2.09435494020646
2.004966469219
2.00092277010989
2.10138575842928
2.32787348095128
2.69736506462925
3.64210442718834
2.79517398292626
0.344221795157686
0.311620176700179
0.687283172521123
0.472741089655926
0.263447539899655
0.355296904600678
1.02499732450409
1.10045162808051
1.07475698350585
1.07503791678162
1.07474974497012
1.06993992852643
1.06154446919277
1.05403614466088
1.05403795861063
1.06911043049809
1.10698594852191
1.17521383320394
1.28089156672179
1.43002162152921
1.62607376677073
1.86762224307883
2.14555060763541
2.4411725617905
2.72716813422918
2.97262189679777
3.15132040835869
3.24344330504846
3.27306605342252
3.26288901703091
3.22849982210407
3.17898988209986
3.12537114327333
3.07716489927716
3.05111406202714
3.06090738748947
3.10393984242779
3.16779488385531
3.23112289897666
3.26682254439885
3.24857868387317
3.15969382242641
3.0003904828458
2.78917150589527
2.55705107392631
2.33816934135084
2.16217693795674
2.05156029207329
2.02345250181868
2.09314730702482
2.27526595324896
2.57728508000929
3.26157202659776
2.26596270246641
0.388567648745112
0.350486481464323
0.745519828405618
0.525950015774936
0.310940929437015
0.395507926014351
0.817556340316341
0.938373975410426
0.959404502775186
0.976592651908597
0.991548587988165
1.00126353386869
1.00678776011377
1.01279583692623
1.02636245466815
1.05577563700354
1.10980273498323
1.19738993383009
1.32742573544577
1.50801551286198
1.7447306078121
2.03760982188786
2.37744604301753
2.74300111642797
3.10159127013287
3.41483845557731
3.64876015972756
3.77481736979841
3.82062226680253
3.81368919560555
3.77237095976282
3.70684233199915
3.62890819194361
3.54647329672815
3.47576456893259
3.43527316648392
3.42286960400425
3.42670364777048
3.42718577263927
3.40081378072096
3.32626491657996
3.19155100710592
2.99924691227575
2.76678069657029
2.52132112531243
2.29208883030307
2.10409995522237
1.97567011887493
1.91926118191489
1.94329749835837
2.05153541316912
2.23486124376622
2.55853196455255
1.63476805887832
0.44941392359549
0.408620319631737
0.809984404081275
0.583926216266777
0.357542991304914
0.403809817224518
0.634546004761608
0.77665966042612
0.855507777025034
0.897083543309629
0.932169590402279
0.958411915665119
0.977311222928497
0.994274824909072
1.01747174468349
1.05652453158172
1.12169910653234
1.2236453639241
1.37325484980843
1.58094803021292
1.85468865805715
2.1963561214422
2.59699769896749
3.03289372625864
3.46551557287013
3.84787064342666
4.13658754468765
4.29337814769674
4.34959610990059
4.33758372649232
4.2788986455111
4.18412509514628
4.06597745224541
3.92947653312095
3.79056462302732
3.67578129661528
3.58492215508077
3.50851779025245
3.43074826149786
3.33345710474646
3.20123069149019
3.02652733280396
2.8129091528868
2.57466878270719
2.33284186708416
2.10958136444028
1.92351409948083
1.78759101175138
1.70910937868365
1.6901814810253
1.72616750353727
1.79931487042126
1.86575283627151
1.1992294785978
0.501451314974492
0.483762779876902
0.876311766447136
0.643620329647959
0.399192184554713
0.397690566527826
0.520120417444282
0.670117141481963
0.79660313613088
0.862545646909499
0.917820267747012
0.959016023899569
0.987656396091547
1.01021780127842
1.03659346135742
1.07830324829596
1.14742031546938
1.25633581353692
1.41780105257902
1.64436491765881
1.94630100499044
2.32747025513391
2.77956639233701
3.27689584506687
3.77540724500525
4.21930633912132
4.55503530931137
4.73443131452923
4.79229764834376
4.76518639344004
4.67808506980498
4.5412390054874
4.36858723273895
4.16159545304991
3.9370531047198
3.7328144479604
3.55210273806533
3.38921994945404
3.23307679292478
3.07102052810773
2.89272531307441
2.69351782784805
2.47614780715707
2.25025122802353
2.02967990921599
1.82888138036231
1.6598187185773
1.53030465356967
1.44357834526116
1.39811427017322
1.38635742134605
1.39169272934784
1.34612962263546
0.928876930329453
0.542345485314869
0.569137058501461
0.939648008640022
0.70229039087797
0.436441303748275
0.395736125350659
0.46964508353505
0.636575388457837
0.806959666642779
0.896848673543213
0.970697475966969
1.02260194571765
1.05395837878079
1.07314908571042
1.09289546704503
1.1274017145531
1.19079040232776
1.29694363120011
1.45990160860296
1.69364990064482
2.01017765734028
2.41507520298919
2.90099257065782
3.44119298467971
3.98740992720827
4.47621040788225
4.84435802634885
5.03477975363384
5.08477067808144
5.03383239936236
4.91024338288954
4.72332775656656
4.48871747673777
4.2046093856281
3.89040750295024
3.59723871549287
3.33253811372531
3.0945906813847
2.87643842431805
2.66944429608578
2.4662562122445
2.26293917825013
2.05996307116545
1.86185316570071
1.67569401668017
1.50909472894117
1.36835280607307
1.25727822377158
1.1766424555879
1.1238128493498
1.09209199452047
1.06986075875711
1.00082850614952
0.764344346568781
0.576629071017653
0.657321309176061
0.994378716894546
0.758118199028679
0.473245366716376
0.411066333415386
0.478389942711688
0.688995653824319
0.91536288227168
1.03211294650699
1.12210007200906
1.17626810895397
1.19721260173295
1.1976705771945
1.19543060176056
1.20859202407228
1.25343004666148
1.3446314537419
1.4964107768793
1.72293133057462
2.03675855435365
2.44452626576071
2.94000414679543
3.49670430299934
4.06444251291882
4.57478074905712
4.95682722210108
5.14644629894216
5.18164236431934
5.10306165888693
4.94160221928774
4.70541094771185
4.41219634572099
4.05805273546982
3.66662779071331
3.30187239752037
2.97503350814796
2.68728943368628
2.43401986308843
2.20831683823805
2.00350323779034
1.81470529666931
1.63955737026329
1.47812522280213
1.33221653546442
1.20436315272119
1.09680130227623
1.01067998440679
0.945537686728386
0.898930802708746
0.866117636604829
0.839996436078282
0.782692389044956
0.664712102999591
0.6079242144194
0.741560827055058
1.03511119250324
0.810334949667205
0.514772771928366
0.454409431917579
0.556389499467
0.863850908309213
1.17858079490777
1.32759798843632
1.42594995759473
1.46277299711762
1.44686699453063
1.40108986211119
1.35224581792117
1.32369680910117
1.33329394386569
1.39496844954014
1.5212342775531
1.72458327760356
2.01656231321123
2.40383220735272
2.88131719927442
3.42430193642889
3.98371210690429
4.48991815054726
4.86769064738894
5.04803769902567
5.06706522472506
4.96441922883961
4.77232720217295
4.49782869491266
4.16069795065955
3.75649984916158
3.31379941048507
2.90637688501992
2.54791858176242
2.24072989443008
1.98051989831365
1.76015345538204
1.57212576396411
1.4099681446307
1.26887570152389
1.14579088867131
1.03911828269307
0.948222444681655
0.872850188302045
0.812588065029616
0.766411686696681
0.732342337426575
0.70725249766897
0.686974179866547
0.648893319414445
0.605203082693067
0.637419651343382
0.816290033180991
1.05759687420023
0.858893142188548
0.565694958328881
0.538717439156324
0.74026079532681
1.25591958969751
1.71824407093563
1.89886771670565
1.97692399525466
1.94830633036964
1.84160108537247
1.70094331162789
1.56724007376114
1.46901343427912
1.4230028226717
1.43913174238905
1.52529585714833
1.68992928293725
1.94172066415666
2.28622068805301
2.71946291209337
3.22001554770537
3.74312008227988
4.22224336799414
4.58181783954338
4.75002558920978
4.75796716246693
4.64210848031066
4.43420125880274
4.14043805025737
3.78207354623398
3.35554804174163
2.89371386739929
2.47556354134002
2.11559468542157
1.81569529321198
1.5705769413682
1.37193368674921
1.21104074612554
1.08011295949987
0.972856196535316
0.884549725069029
0.811869863687339
0.752573963287409
0.705115668977619
0.668241295760035
0.640610243665066
0.620492448905018
0.605631360163821
0.593400422008383
0.571228811430758
0.571121612102184
0.664813526296822
0.877408835653572
1.05931426481907
0.903913820964027
0.628879860171929
0.682661130177576
1.11674415286225
2.08786951399495
2.7838087141183
2.95847434098759
2.92681639074873
2.72161323101815
2.42095415963353
2.10610865949137
1.8337549129818
1.63177470898957
1.50857995140457
1.46423341101539
1.49796288335051
1.61146824857449
1.80882010267456
2.09344220356246
2.46235982553553
2.89857106148169
3.36429426264142
3.79994858570632
4.13355047548029
4.29209818170956
4.29875298013396
4.18494168146976
3.97992836991333
3.6893291484393
3.33478381145353
2.91445886037715
2.46381830809584
2.06223445366832
1.72383527225235
1.44935385014664
1.23218580899074
1.06292357863197
0.93204923975934
0.831213681074612
0.753655114757321
0.694176331980281
0.648926976445135
0.615108112209937
0.590643720235228
0.573836361660538
0.563031439051854
0.556352778504291
0.551632454245634
0.546687796246237
0.533728250410161
0.553921318135158
0.6897732614296
0.922273045902747
1.03972412078891
0.945196659384347
0.703849655212163
0.910929840368062
1.87061024090812
3.85148634796817
4.8378723238712
4.84409975850321
4.47080566560062
3.86425671747202
3.19835442792759
2.59940329849981
2.1260024048783
1.78743106767801
1.57002820255798
1.45559911010128
1.43013993748717
1.48624008701113
1.62208358584351
1.83827248914981
2.13259226663479
2.49292277081669
2.88996339856982
3.2737570717923
3.5791408584711
3.73337174140414
3.74969680818821
3.6532681366805
3.46904628888814
3.20221014847096
2.87343666992613
2.48281849835411
2.06631110403606
1.69976958101266
1.39652183205932
1.15626540988889
0.971552064397215
0.832534816506123
0.729649205242246
0.65476138679506
0.601431659966484
0.564764726546779
0.54110986878169
0.527724523152318
0.522430686955174
0.523262616680622
0.528119727273454
0.534503739456821
0.539525319268612
0.540435156574147
0.528959500203069
0.548941555382842
0.713024907945644
0.949045724371411
1.00031846262664
0.982048076211177
0.78483549018953
1.24510593747329
3.36245516228291
7.51485344661208
8.56149706498004
7.93167153560049
6.73742541535484
5.36554874716854
4.11279950071231
3.11705118347358
2.39391426552842
1.90131154828757
1.5853741127506
1.40124898186633
1.31833671008107
1.31896109850422
1.39505156562339
1.54414355134847
1.76442198146631
2.04829830931924
2.37508691574432
2.70562237126085
2.98380248820254
3.1387158820277
3.17320943091559
3.10569503372791
2.95554540983187
2.72745188948775
2.43983224164793
2.09437443158986
1.72553515275906
1.40319881171141
1.14010055318772
0.935564968588985
0.782123985465681
0.670287615009364
0.591130290385959
0.537300912914165
0.503161538674598
0.484543982805418
0.478381875072689
0.482316989494896
0.494292438752179
0.512117220309932
0.533018798267229
0.553306683825186
0.568448451669369
0.574011289119182
0.55543668395358
0.553903203402368
0.736511965916126
0.955267076208812
0.944555265711776
1.01358310416615
0.859717778940275
1.67322066905733
6.18781734178284
14.4927537314721
14.4422379780705
12.2449162391565
9.53036298486091
6.99704473229114
4.98664209777331
3.54419514561515
2.57074628184905
1.93780474135359
1.53824023787359
1.2972764408644
1.16785803592172
1.12296654927112
1.14904000150251
1.2407948534975
1.39641202215586
1.61189127351062
1.87418230711478
2.154714839784
2.40762582888368
2.56565040379885
2.62226238683244
2.58939842626746
2.48025279894116
2.29882154329508
2.06024664611345
1.76716321455565
1.45100433388158
1.17459668153321
0.950617832030843
0.778841786390872
0.652589235887272
0.563375551801831
0.503376567538019
0.466340859528726
0.447664343765288
0.444105586052234
0.453377234613765
0.473687412954593
0.503218895318294
0.539512394240572
0.578783565518348
0.61540364996842
0.642074589961353
0.651418462351918
0.615736711803858
0.567652967592438
0.762042921836821
0.936344264532187
0.877625957276813
1.03944293978539
0.913157548981314
2.09488228219799
11.0007721890309
25.3241110584388
21.6185671513477
16.8142753526841
12.0879158908402
8.27485735538838
5.55415624810238
3.74962353893591
2.597955691726
1.87529311698979
1.42582295000442
1.15123692549084
0.992931377539181
0.917691260107654
0.90822746203195
0.957116475213698
1.06224666067215
1.22207140142125
1.42960887268595
1.66572899041769
1.89499015365204
2.05558709236887
2.13371397563759
2.13565109115122
2.06849445778373
1.93527761782334
1.74723646626238
1.5072019630971
1.24260822638546
1.00911951445871
0.819932569798364
0.675990638913721
0.572014008718517
0.500939612325977
0.456287745406198
0.433040074621249
0.427714739582108
0.43808688830893
0.462758768179932
0.500619610208187
0.550146109228454
0.608478153813746
0.670316100307212
0.727028432627459
0.767029597161884
0.778751842899742
0.713610047384912
0.589301088347431
0.787065101503838
0.886200620268905
0.805821565400032
1.0604828693251
0.937044766028464
2.29810105784213
17.6623576312165
36.4304736139657
27.0575028450108
19.6650285862854
13.3171633543599
8.67634166991187
5.59545559312363
3.65392826687807
2.45590238827064
1.7182627308482
1.26211053805065
0.98091934414147
0.812997934426332
0.723409650954807
0.693394996522657
0.714322078297752
0.783720203814269
0.901523275054411
1.06516771201219
1.26330235040151
1.47024169272459
1.63102225123727
1.7270554058106
1.76010603724031
1.73176767884912
1.64390074575352
1.5035896363657
1.3131745906391
1.09558968147821
0.899781741614892
0.739924931458822
0.618649310808314
0.532465057059072
0.475954602484108
0.444082464732803
0.433100920926273
0.440675742473019
0.465639677804565
0.507542538490102
0.565997786419378
0.639726888085499
0.72519146672212
0.814875935538836
0.895842347790588
0.950084627499476
0.959633940375791
0.846751131323369
0.618996996832791
0.794281223148689
0.803534590423533
0.735216972709008
1.07904877205187
0.944079796332479
2.09590408252367
23.5170892231337
40.3104154239829
27.5972797056442
19.23241040505
12.6024647466606
8.01772737898684
5.08674865149981
3.2808460125093
2.17722684669103
1.49728640261344
1.07344994972231
0.808627384450139
0.646858472958873
0.555803405457734
0.517318199515284
0.522489177007521
0.568614251294844
0.65644694909391
0.786418150930163
0.953165305669539
1.13948439696848
1.29787405356521
1.40726792854562
1.46615694845293
1.47152726934515
1.42399774597222
1.32656776318536
1.18057050353806
1.00427707309866
0.840567920912701
0.704896986007248
0.601912563829188
0.530145601862511
0.485937493189257
0.465731348805611
0.467047765670571
0.488685126498151
0.530507519948035
0.592954992298211
0.676233741644167
0.779032283343171
0.896608278845793
1.01836513588847
1.12583152518865
1.19348932589741
1.19395724777725
0.991961545402701
0.662673390919059
0.731516655943962
0.705787878260942
0.6688288571827
1.09061904492089
0.984262749472001
1.64258174041584
20.696998135147
35.4447216945912
23.0378154039322
15.8896965349583
10.3589708677833
6.60283378403636
4.21857689002566
2.74437851624944
1.8311399995476
1.25630404980486
0.889018131007137
0.654187791726593
0.507766462513406
0.422969369981146
0.383675845708969
0.381369412659704
0.413307483367209
0.480682123743526
0.585835501476081
0.72774571288949
0.896114300102099
1.05069192188756
1.16968438618344
1.24947793855639
1.28343108532129
1.27102556376662
1.21144667090076
1.10472152352957
0.964499414078328
0.828228284173106
0.712824281805497
0.625165394983585
0.565952136574132
0.533353615309075
0.525295578639845
0.540514848589355
0.578822367357597
0.640899678063996
0.727741861016396
0.839667914748201
0.974688012010866
1.1260389935644
1.27910514967266
1.4091446577042
1.48277766229439
1.46911893890265
1.15275029238708
0.661711138859475
0.58195648986238
0.612778150686806
0.609438288397158
1.10859133730593
1.01586054823922
1.79999210561537
14.4557622194443
25.1576066612777
16.5537725882239
11.5017781935748
7.6240862430171
4.97265471111385
3.26550026604899
2.18465266251937
1.4916738816337
1.03628014938736
0.73209933908066
0.530422859630765
0.401629392915714
0.325714644631228
0.289124400842039
0.284026412819523
0.307754519265465
0.361732663985227
0.449468346075361
0.572940380537413
0.727184783734389
0.878333094555476
1.00494524739729
1.10229367473192
1.16100354290922
1.17967942073124
1.15405640351113
1.08277883355468
0.97501509642985
0.863272346427952
0.76605380631885
0.692626462898321
0.645976830706228
0.626136523225745
0.632441512140229
0.664627263751301
0.723108255558694
0.808760372466455
0.922328433450756
1.0633379058726
1.2282097021326
1.40735184452657
1.58162566578636
1.72005198153591
1.78300749592684
1.73235983914892
1.35479906232173
0.66199941126601
0.489148116850114
0.515417899363159
0.567794722992449
1.12812515830213
1.09327458292311
2.04142772246046
9.93959254794886
15.9444267062142
10.7968580722899
7.6736092822162
5.24380284864516
3.55465733389737
2.43967083001754
1.70750571516072
1.21271592273998
0.865018358935972
0.616354486466961
0.442557538538442
0.328235830242935
0.260028296122291
0.226700426029686
0.220965557633326
0.240199698413551
0.28593555090772
0.36238611360491
0.473567287166844
0.618512603423038
0.768479862135096
0.902863221028721
1.01659532165184
1.09827051503534
1.1459916119415
1.15240430049097
1.11489814431653
1.03833019310811
0.950553273930089
0.871787464817601
0.813841450991876
0.782068703454804
0.778285549274649
0.802914142434158
0.85603523784405
0.937658871638055
1.04760353097621
1.18512827069675
1.3480302005021
1.53066379642405
1.72065937051706
1.89513978682757
2.01909074584796
2.05049220293489
1.95864568591128
1.49247159908169
0.677525824463242
0.440740000252447
0.451608750379981
0.536375862667992
1.14842856582181
1.21017317086994
2.25314788242898
7.14594092421361
9.84671384272299
6.80814129254797
4.98089004256897
3.54161762985161
2.52371486631089
1.83470096254191
1.36295912557873
1.02094585145091
0.756021961925598
0.546992492785581
0.390306861389678
0.283790059568871
0.219862281840926
0.18871277751486
0.183060608202089
0.200127151776765
0.241467623775201
0.311767245806315
0.416485662110085
0.557675161542807
0.710345962267582
0.854755315062634
0.986069645175673
1.09131515271467
1.16854518162676
1.20759886076141
1.20491324586493
1.16118181859687
1.09964402850252
1.04242442301603
1.0040355713978
0.992174279376151
1.0100558600698
1.05827145981118
1.13572463198224
1.24008614393812
1.3683366046673
1.51733772345626
1.68344249748533
1.86013250807216
2.03395238269832
2.18058754376224
2.26443710025423
2.24645464025038
2.10161557831533
1.55408514978127
0.697247005572527
0.424699270644654
0.417429891521713
0.516004431793325
1.17204254124683
1.36242365292614
2.39826327925594
5.17305724169212
5.86921334784145
4.11044026246191
3.11935441107857
2.34081741239834
1.7870067291641
1.40680346580579
1.134843635807
0.914382036391917
0.711556233570973
0.52390758222387
0.369350877835085
0.261074886317981
0.196657545036723
0.165961570184908
0.160557003621694
0.177085606270508
0.217072089388212
0.285703255714648
0.389819460736128
0.534307116632607
0.696921785146337
0.858578014482191
1.01522567323436
1.15231627598108
1.26848989269282
1.35042519281809
1.3940830280059
1.39523715474624
1.37147463747809
1.34751212217528
1.34121647060887
1.36266401909887
1.4153939513861
1.49763341055406
1.60325800048638
1.72356166436243
1.85052552920995
1.97988864441576
2.11058872548559
2.23969095276902
2.3560826128691
2.43685354107234
2.44926096176673
2.36064563952307
2.15546928928296
1.55744064742207
0.721734224922246
0.431560188889243
0.405071136794087
0.505105709742764
1.20070958555591
1.55249605174697
2.36837101872514
3.35499599301706
3.01364378555001
2.19740751169997
1.79556799423089
1.49631543394541
1.29852697715637
1.17648345615744
1.08713293273126
0.975457882872331
0.802605378991622
0.587820273274647
0.393943681035291
0.261308542290511
0.187676627474943
0.155381787851
0.151350934608722
0.170804452630272
0.215594577993231
0.292372562683093
0.410841353021498
0.580884103404491
0.782016322728385
0.995062519498506
1.21815921986046
1.43377471721966
1.64341222634109
1.82744374060138
1.98340472696807
2.0962117493106
2.17105991096766
2.23803662441801
2.32077484481724
2.43072149626029
2.5650554804769
2.70662540653198
2.82785009991333
2.90192846673647
2.9185727970354
2.89097363844734
2.84411178681816
2.79488954152219
2.74146710485247
2.66521565576358
2.53993518767022
2.34471924524287
2.07719426508078
1.49765109674703
0.769287934585666
0.480165541570933
0.427683570209376
0.511602553228022
1.17710117523441
1.52006221160698
1.93348445344898
2.1492791996558
1.88043374827233
1.5826499910192
1.45702388728953
1.3797679759338
1.34689230582813
1.33175466839047
1.27983623305648
1.12930168438631
0.874695109495022
0.596279318611196
0.380632393271628
0.249920811645382
0.183596140391773
0.158290744796804
0.161323454172058
0.189925151479452
0.248732896240848
0.348462756928077
0.505131270228404
0.738221694592622
1.02778188172688
1.35337556373518
1.71868431068819
2.10183234080275
2.51361764145292
2.92478472310069
3.33849995922712
3.71474082274284
4.01839679977831
4.27812545364655
4.51793615370186
4.7420863837872
4.92873794945016
5.03346885975797
5.00584388634907
4.81831172820985
4.4915240660632
4.09023071871711
3.68649090143423
3.32324679692889
3.00664382162821
2.72056616511496
2.4443614270936
2.16471955163389
1.88072624030841
1.39248536712984
0.840919562835014
0.582511502456993
0.504680383571873
0.553530865530939
1.09605539490046
1.31076445967803
1.48331445270543
1.53393943716466
1.42847072727427
1.32478133629489
1.27724676750251
1.23514821525646
1.1854456338386
1.10612561096778
0.97679506661158
0.797981103028418
0.600421482954531
0.425944876852435
0.299033966791084
0.220447657737669
0.179782394036856
0.167396016669771
0.17911644651217
0.217078665692309
0.290043196323738
0.414235907236119
0.614183822340233
0.921699847943313
1.31721497826157
1.77768081581291
2.31273475712495
2.89525578802084
3.5475859427306
4.22930394880631
4.94641467444443
5.61742917365373
6.13949089287315
6.52222805023131
6.78383192511937
6.93178600014304
6.9562104368047
6.83622084070324
6.55546658612648
6.11921408101835
5.56275638802644
4.94451934533115
4.32692446771414
3.75619343746354
3.25287331420111
2.81642111923699
2.43659070477445
2.10290068812811
1.80893414124078
1.3713327807652
0.92115038322344
0.688829837682098
0.593321766407109
0.606457619691066
0.989438412206577
1.07781594070162
1.1263443881746
1.12370506740347
1.06253434899665
0.995929577456895
0.949076507096951
0.893751246199504
0.827048865820979
0.746946248908695
0.654559128353183
0.555357708056843
0.45815820606518
0.372184892601449
0.304080325139495
0.256805673570116
0.230757493628038
0.22597057267067
0.244324761302395
0.291463690932923
0.378593759955228
0.524132402356694
0.754360121165034
1.10102057495565
1.53611791402969
2.03029677560257
2.59091453691711
3.18773481221763
3.84169076934487
4.50855553347387
5.1882703681283
5.78511340041138
6.1933723121621
6.42014788329453
6.4919223530766
6.43843358794922
6.2838591029704
6.04512198239656
5.73412576489526
5.36108893664733
4.9376457577247
4.47903419485561
4.00438049315317
3.53457718501165
3.08868667688004
2.68071302901514
2.31834016369332
2.00382375879056
1.73598398541463
1.36287822968592
0.994372798704801
0.793698431035208
0.693143949204816
0.675595715576551
0.897235888835723
1.10805735809116
1.48667562499113
2.10908274840558
3.02569357397952
3.67406729002347
4.00757422642043
4.28130901187135
4.47187924217272
4.5693858752534
4.58063655420732
4.52774780723776
4.4422957436227
4.35746196782537
4.30122113414233
4.29233641381215
4.33901908651946
4.43898724318037
4.57974452056961
4.73875780233896
4.88426101523578
4.97817679110038
4.98256041603612
4.86940787639924
4.65806235212428
4.39670452126141
4.09656580984253
3.78493066440064
3.45466457941753
3.12496722102379
2.79428519755047
2.48933104433102
2.25689061020593
2.09294722506902
1.98801235087125
1.93010927874756
1.90639427981638
1.90407981846575
1.91126205274821
1.91787199745373
1.91655515554418
1.90308717787657
1.87606869892227
1.83599970258976
1.78414718578637
1.72168368975279
1.64938457180041
1.5678760129864
1.47818969538223
1.30084591361083
1.03787031337296
0.832934785161349
0.700636029087053
0.655355205666241
0.787297192459037
0.903559472212263
1.21707426522
1.81082411402197
2.73304302057288
3.37827422592417
3.6854476478761
3.92177654521543
4.06962531126437
4.12577390709908
4.10261902165984
4.02559615689242
3.9276018762722
3.84224207310961
3.79815621621265
3.81579613450563
3.90636319863714
4.07140418085975
4.30155719181282
4.57398070670613
4.84972499064482
5.07429353724387
5.1856606293064
5.13165747087543
4.92240741879733
4.62337641704075
4.26317765018273
3.8837678221275
3.48377018196632
3.09246364981586
2.71156135695766
2.37640066595956
2.13552296063891
1.97869399052407
1.8909327760724
1.85585548570822
1.85678120473689
1.87719475996309
1.9017181223698
1.91786742817474
1.91791995854311
1.89973207405099
1.86577311311779
1.8207115214645
1.76872573459522
1.71170187094603
1.64884828173057
1.57759908277241
1.49527865149022
1.31512247421236
1.01170222544541
0.768324498443041
0.624836746483838
0.601826741032853
0.654635488991742
0.629028290124247
0.792653923746581
1.20534608803807
1.91716767300389
2.41900616163801
2.64772215531099
2.81603611312503
2.91468416532541
2.94553710081378
2.92053785512565
2.85939369082493
2.78619237999455
2.72533444831139
2.69788489939607
2.71937689666306
2.79904247312809
2.93941800232185
3.1351090727176
3.37023919027107
3.61552328888989
3.82772974909737
3.95548803492751
3.95366030581086
3.82323777291328
3.61468445741804
3.35418989082272
3.07574266892043
2.78102524621311
2.49387595439603
2.2177270360765
1.9814697215343
1.82097981965212
1.72855444822603
1.69222950253802
1.69783923603705
1.72949900276372
1.77017104102598
1.80352744273147
1.81715727765761
1.80569158504282
1.77176336814674
1.72380649182784
1.67179620776974
1.62317503174187
1.58053757466791
1.54129752564687
1.49887218309975
1.4449688320651
1.29772787801788
0.977593863480391
0.702907826332001
0.560798032816302
0.573799600015475
0.5247921943405
0.382271252639198
0.433142840102423
0.705358544902336
1.26467568125692
1.67877882753932
1.86146174380929
1.99235596689812
2.06747609801972
2.09121436831329
2.07419579023819
2.03141139930084
1.98019147338614
1.93774971808939
1.91884094530776
1.93426617150676
1.99030767260564
2.08845284200694
2.22464577235854
2.38782755484504
2.55845738252668
2.70874725259999
2.80678530323038
2.82536291665914
2.76370115942818
2.65204564622364
2.50735116899848
2.3498297405525
2.1814613810931
2.01715360014943
1.86097102836703
1.73355084547778
1.65827889105009
1.6321636418516
1.64754365950478
1.69278394711342
1.75247900354942
1.80864841663254
1.84400715196494
1.8468632389916
1.81525886839168
1.75749162159392
1.68827744526423
1.62284148553926
1.57210974136222
1.54042107487601
1.52511802279975
1.51689284986238
1.50074575519757
1.39447581247797
0.998950701069449
0.626339326909586
0.482397090524777
0.558345984720478
0.461780680286858
0.266907316758599
0.279088405419642
0.51397403423066
1.03796391772685
1.41482836004374
1.57034180278443
1.67645910385487
1.73349591211836
1.74828193312366
1.73184063688567
1.6975937511475
1.65975281722992
1.63170738741437
1.62461488760523
1.64651663211768
1.7019448087253
1.79160682659578
1.91172826213627
2.05303624220929
2.20000434812286
2.33157530100109
2.42460497755768
2.46011505131844
2.43598802352097
2.37357242306622
2.28620796753694
2.1879414587902
2.08140563810086
1.97763866227828
1.88174362715334
1.81108683600253
1.78308651632576
1.7967445478844
1.84555840311294
1.91753433275918
1.99549097172391
2.059143571495
2.08982438759108
2.07669772152009
2.02121460284349
1.93669311088458
1.84302465933179
1.75982285661913
1.70156255508198
1.67569765860257
1.68229569848747
1.71310324564807
1.74898953831094
1.7132324521856
1.15217083198644
0.561252395114557
0.414997830454736
0.562761245335209
0.444087675058955
0.227643006451761
0.227910000606083
0.476636871548753
1.01250983905646
1.35688301128973
1.48941224912898
1.57539746969234
1.61794476686063
1.62522788928619
1.60840503286985
1.57989982050475
1.55215642731124
1.53653959147795
1.54243513008202
1.57666272724732
1.643105354928
1.74225460635832
1.87042514511836
2.01874420566834
2.17255254003763
2.31229161007869
2.41683135134324
2.46908129956517
2.46515203632958
2.42430916263183
2.35967405878031
2.28379375719657
2.20016162731527
2.11885915910514
2.04604629370298
1.99847869822031
1.99156663147731
2.02478020948355
2.09128830480184
2.17774697842302
2.2648336755085
2.33006785459802
2.35357220487164
2.32510162686406
2.24854719940143
2.14078270475427
2.02542580105597
1.92545153486248
1.8583982693617
1.83494464640839
1.85897505110913
1.92635322611332
2.01978781993195
2.10301355046688
1.382805521989
0.510896362428843
0.374417227598515
0.572616214556663
0.441262349070407
0.209851597485341
0.201978183348052
0.496482585680989
1.04543461138482
1.3407387743853
1.44691534347206
1.51186488461775
1.54022737770934
1.5410107550063
1.5249216737212
1.50323118711329
1.48684232418702
1.48555798638642
1.50751934887941
1.55879392980629
1.64296493895508
1.76048631734055
1.90767601953919
2.07556458682672
2.24930103778022
2.40916994966034
2.53403908321539
2.60690444617862
2.62166297683641
2.59740805745918
2.54823166285837
2.48642576595567
2.4165219389636
2.34839407109035
2.28927334343727
2.2559574834853
2.26287336988513
2.30952449881255
2.38823919178629
2.4839200239271
2.57493990130118
2.63673762648037
2.6485146064603
2.60086077641156
2.50013061670981
2.36655717666169
2.22721668640219
2.10825519828068
2.03024129866819
2.00730600402174
2.0479498717777
2.15418087460261
2.31569516390237
2.58933532354056
1.75384039426797
0.452700949892231
0.344690397955672
0.587138184912301
0.449914847952284
0.207269695664752
0.190067736665128
0.592102978964625
1.10782816270192
1.3319639684318
1.40850104044074
1.45040098311466
1.46547334013229
1.46187558310184
1.44906308138122
1.43687203514817
1.43478480947393
1.45139856946672
1.49405919083766
1.56852305251503
1.67843959909281
1.82444570026634
2.00282977879784
2.20409997937066
2.41228464277204
2.60609914052242
2.76275237931747
2.86387544324668
2.900284525713
2.89226743178831
2.85600759874393
2.80439819761924
2.74326680220251
2.68272330010197
2.6310330972978
2.60530320366696
2.6196757812612
2.67337610164928
2.75747974867163
2.85483787952328
2.94152905564471
2.99130560021251
2.98309147994216
2.90890156911778
2.7778209402533
2.6133414788597
2.44568895613163
2.30385202098861
2.21119047406118
2.18522845995437
2.23946986923167
2.38352524531162
2.61479701985519
3.13053370732373
2.408882628817
0.377239155403887
0.327327749409531
0.608011083623965
0.469775792442368
0.220411730853199
0.191318590184741
0.838544073839794
1.14471533444898
1.3096828610398
1.35298657583862
1.37611060457532
1.38285455257596
1.37941912824335
1.37357158718629
1.37381984303105
1.38864216778081
1.42602627938844
1.49317871600492
1.59617341642394
1.73926513305055
1.92364595375658
2.14565263816627
2.39488577634314
2.65327044337909
2.89639331383345
3.09793809400787
3.23648871304903
3.2985881374397
3.30704956865969
3.28130410259618
3.23568443603489
3.17748501544302
3.1173823226748
3.06432080774645
3.03569578770267
3.04632751726395
3.09496529480563
3.17129073364324
3.25630091587217
3.32449646952507
3.34910623947062
3.30999842114494
3.20136042288865
3.03494507932997
2.83670091411456
2.6388151427739
2.47186878765667
2.36078753772595
2.32515000974609
2.38186133228354
2.54659416271027
2.82715238359464
3.44195157320266
3.43423544515916
0.294860458407551
0.332214474371892
0.633956484505189
0.504127022207644
0.241172267572031
0.226981705248506
1.13926273934175
1.1478077512766
1.23952060378109
1.26742320536063
1.28316259828672
1.28995171977222
1.29241898371232
1.29721707700398
1.3121108918578
1.3452550533409
1.40477397450649
1.49850017908083
1.63357093545294
1.81553366471893
2.04668592763079
2.32367062833321
2.63492557594619
2.95930899875242
3.26758828443672
3.52778493357148
3.71340338439744
3.8052092251447
3.82983264601824
3.81108352549258
3.76558767161587
3.7020954997178
3.63208799597042
3.56439966818295
3.51647125519671
3.50536517144065
3.52945976624795
3.57740996852418
3.62927888381583
3.6595353205588
3.64276024158708
3.56133579975023
3.4122194619931
3.20916731459619
2.97890029160903
2.75340039794302
2.56261882139988
2.43080773490808
2.37690863797326
2.41714700344673
2.56646286665522
2.83171706171502
3.42376076822268
3.17256621741772
0.299150758043813
0.347016268530363
0.671270848995015
0.546727865186442
0.27630816310237
0.293347433470969
0.923266700865146
1.08410745956855
1.13155628263017
1.15885073681965
1.1791999527604
1.19384558719837
1.20685249831767
1.2245170014934
1.25459263830718
1.30562302347907
1.38657608739872
1.50661696744783
1.67466432226589
1.89828548644726
2.18155808516552
2.52188641288594
2.90651171727939
3.3104243253078
3.69789938668348
4.02899122350136
4.26977470050173
4.3935866541162
4.43206508991652
4.41436576135892
4.36027861027788
4.27973590656677
4.18522928101701
4.084290671912
3.99419692261269
3.93674542215196
3.91057418966746
3.90434778333946
3.8988261419833
3.87054987591536
3.7975266803613
3.66597809680818
3.47563994251464
3.24087612876052
2.98679354929644
2.74240641732774
2.53434290074316
2.38359848732358
2.30556024577864
2.31156025886563
2.40880339222869
2.5923932356098
3.00150496829639
2.10418487456743
0.378751537255049
0.374669628896971
0.718954439321505
0.597330269939327
0.322759737693352
0.344713710143676
0.726554735938904
0.937662815621854
1.01131641223152
1.04900503815055
1.08115538813577
1.10805502645202
1.13346715941429
1.16385692855715
1.20752118942155
1.2739318924754
1.37340541625021
1.51693053715392
1.71572971355162
1.97998426463855
2.31620138266445
2.72312022076058
3.18701215683819
3.67853981490825
4.15411937163886
4.56368545202487
4.86348119922686
5.01796389379119
5.06474662596639
5.03894272283698
4.96435482490763
4.85155639477988
4.71433665456153
4.55760625175896
4.39872774958948
4.26769284109697
4.16461121043564
4.07970799246972
3.99632410491816
3.89498189180506
3.7585118098263
3.5773360688528
3.3530834455216
3.09880082024175
2.83550044466871
2.58669816400077
2.37345402479806
2.2116403351314
2.11149150974109
2.07800308167304
2.10972177920449
2.19314928625396
2.31025234741232
1.45111531069987
0.447165935428427
0.428334989502312
0.768980498728436
0.654075702373627
0.37436327275827
0.375788657234261
0.595126762740917
0.796407408252784
0.906973201876489
0.961262357540176
1.00805662171103
1.04787214856026
1.08457053013666
1.12510515289321
1.17868322839834
1.25603509476298
1.36907661486432
1.53080786881715
1.75494255462727
2.05454561511014
2.43896223333783
2.90878050346913
3.44974032333324
4.02821860758484
4.59209688934683
5.07971646632337
5.43555387829831
5.61440472744148
5.66040893617028
5.61469734196592
5.50580739115536
5.34426376375595
5.1456328834565
4.91124813771842
4.65963099544934
4.43281527563243
4.23384656654031
4.05598551735831
3.88646169323101
3.7105798721624
3.51596149190578
3.29627760184166
3.05341518423079
2.79720959481166
2.5428016292833
2.30676485479803
2.10358010847986
1.94350891892576
1.83185786420016
1.76865866234891
1.747236758824
1.74996221552309
1.69063269557141
1.07714080426186
0.50050792349025
0.498768673706742
0.819813650490564
0.714315960552199
0.426946859911777
0.39724594193558
0.523304062043457
0.707182829829476
0.846599405199905
0.916867750566336
0.977386472560205
1.02785623969849
1.07217489767754
1.11804748938394
1.17591571751562
1.25798943614511
1.37782198711012
1.55028957443488
1.79136407809424
2.11678312282851
2.53868415200565
3.05974304872916
3.6657028534023
4.31930528753744
4.96030829954586
5.51528963582689
5.91616160172234
6.10834374301297
6.14236331922873
6.06472277848851
5.9090967692369
5.68532817214126
5.4114283123919
5.08502700344432
4.72765095216579
4.39637519769645
4.09821475008056
3.83008418621783
3.58310841690022
3.34660605231814
3.11148943480087
2.87278977518703
2.63089652173187
2.39123338084942
2.16254623548203
1.95448422757809
1.77533925034935
1.63052254688759
1.52178766626099
1.44668915736877
1.39756736190309
1.35989698355292
1.24728012005519
0.861945176353044
0.544185937986861
0.57747141267502
0.867755300660661
0.775466069611915
0.479898105094719
0.422693652296598
0.503469843761798
0.685181489669078
0.850300121550716
0.934777264470402
1.00610870871238
1.06259870919573
1.10828027756225
1.15214117021199
1.20639178827773
1.28497723895983
1.4029716874636
1.57667268103426
1.82361970454167
2.16145138854852
2.60446988671842
3.15724843150259
3.80605354612505
4.51129446461499
5.20639147442664
5.80780631626577
6.23580596989962
6.42786829709754
6.43973887339226
6.32186524581134
6.11287254998938
5.82153592652099
5.46895603511892
5.04990616656342
4.59091094420501
4.16484411217898
3.78266528533694
3.4442835037699
3.14337036946161
2.87131921388683
2.62013919998337
2.38430064675049
2.16155550578886
1.9527862414293
1.76107487192092
1.59035582788302
1.44407748535423
1.3241718889958
1.23038029171064
1.15976055832311
1.10620232145244
1.06017295306252
0.957528233488279
0.736668463490647
0.583021951632449
0.656669867567963
0.908508264922107
0.835538084515958
0.535629606469889
0.464323422090625
0.536334448120896
0.742480663599909
0.939964561147173
1.03793893373272
1.11554299039902
1.17001242966829
1.20664006968042
1.2370806785111
1.27634846702183
1.34049390357244
1.44581606875204
1.60921961045464
1.84865078439943
2.18233227907872
2.62554122120982
3.18412343643471
3.84533759690472
4.56918047132619
5.28592927522901
5.90553506887398
6.33944351883808
6.51939852119991
6.50389015448521
6.3451494494875
6.08572822169528
5.73326489561541
5.3122068390073
4.81599274575219
4.27736410768
3.78279387326153
3.34602611416905
2.96833815702888
2.64396087670397
2.36426066456648
2.12051083742164
1.90548125757099
1.71412901084669
1.5436207511107
1.39288482328263
1.26189574170061
1.1508923587793
1.05968334124575
0.987104503688587
0.930620037250313
0.886083958484445
0.8478373688299
0.774827338448065
0.664065103502868
0.61900476237235
0.729574735727227
0.938161669787583
0.893276989604334
0.598063216183844
0.534221892064825
0.636150386512195
0.909264022464668
1.15507751877432
1.2648644025029
1.338998042218
1.37566483584696
1.38460522844558
1.38304831170254
1.39048843736776
1.42538645280542
1.50454901699591
1.64416240299163
1.86093586646233
2.17192584446123
2.59181489239921
3.12682599205453
3.76566306843518
4.47027787404021
5.17204628687859
5.77953288152278
6.19970222826367
6.36085206598126
6.32046148145246
6.1298644298714
5.83361519389159
5.4383919852286
4.97154936008271
4.42682566076993
3.84297605316595
3.31538721186632
2.85886314521649
2.47430244765521
2.15485518193684
1.89052020504536
1.67101725484635
1.48730893578945
1.33222398893795
1.20052876553014
1.08867322098065
0.99435869753007
0.916033542754068
0.852396024255037
0.801958966816284
0.762716317062208
0.731968059239954
0.706399213426503
0.662868223175621
0.623531261527627
0.651778589854064
0.790713192404721
0.95383793081382
0.947939279290572
0.671069728999135
0.647113080882703
0.839083406870543
1.25633598722206
1.57326761480319
1.68443924883525
1.73013992134419
1.71590523933596
1.66302441986014
1.59919739272651
1.55020616294114
1.53637332285035
1.57326366473725
1.67421540754488
1.85256840835789
2.12222949448681
2.49564012731772
2.97849378766559
3.56140297414905
4.21071489586177
4.8634015496082
5.43228295947314
5.82482312502677
5.96762960647482
5.91266041390497
5.70755463079069
5.39628356070954
4.98483852088003
4.50229415841566
3.94392701444264
3.35288219134478
2.82768661914471
2.38272656524332
2.01744795696801
1.72325048781208
1.4885169128017
1.30160643107417
1.15231214889136
1.03236914815305
0.93545283470012
0.856932123345702
0.793515509522446
0.742858251842018
0.703169340622102
0.672850748471998
0.650210350481892
0.633307968405933
0.619996478223015
0.599189939780867
0.603466242539957
0.680006800419036
0.836248782813632
0.954041011111292
0.998888498476693
0.756932406024421
0.822295078847158
1.21945224875832
1.93283435470735
2.33824104990639
2.41150273773437
2.36737678083656
2.23531902652812
2.06115873873159
1.88882466257005
1.75014533782171
1.66411867285611
1.64131168884191
1.68896458698327
1.81450892955947
2.02676780104239
2.33455065791396
2.74232480958723
3.2429996885719
3.80927430767405
4.38743989370335
4.89949300711876
5.25801765005091
5.38901334646542
5.33464127176362
5.13643361539908
4.83503065670184
4.43596284197494
3.96833470029022
3.42955769245818
2.86468649138233
2.37006633939844
1.9589675523735
1.62928370897368
1.37098212682967
1.17142427492399
1.01838502871356
0.901387163934618
0.812049866256872
0.743959671383757
0.692356025522723
0.653768232698973
0.62565323611241
0.606047668435601
0.593246395291223
0.585543003699816
0.581102432463417
0.578044001246727
0.571932713144357
0.597705606383176
0.702730296613482
0.864096972297147
0.938768663502787
1.04524523215079
0.854525985628483
1.08218502054547
1.91670186879929
3.22771073483672
3.68607403807121
3.60887477187182
3.34115763711591
2.97018115059907
2.58298114260864
2.24054886712534
1.97368795582602
1.79175452348763
1.69377079934824
1.67656405876913
1.73904976259957
1.88344096862593
2.11403993242458
2.43367671586871
2.8376725214951
3.30600813471805
3.79638310593894
4.24319858422023
4.56770084980736
4.69606306447433
4.65769065006246
4.48641250142074
4.21718774088986
3.85517220980317
3.4277028905495
2.93429899027781
2.41931922920583
1.97305319822461
1.60777917274789
1.3205119621847
1.10070132694596
0.935639869560782
0.813404356703618
0.724036664110295
0.659739868819494
0.614634853556268
0.584377208277112
0.565763581519277
0.556362122075472
0.554163035818686
0.557247971489054
0.56351637677481
0.570576565479895
0.575961347349245
0.576789334484521
0.603806947431549
0.7201561763547
0.873584745038443
0.909480673223346
1.08581575716919
0.957346976769195
1.44199958044742
3.1647566342957
5.62758020341269
5.91863137867852
5.43376828547926
4.70002122314034
3.90916632340327
3.19455864384103
2.61802072329604
2.18994567292888
1.89560080216079
1.71388519805597
1.62684253274849
1.62293727713996
1.6970569024885
1.84876268187105
2.07905895937526
2.38535039684872
2.75457342010608
3.15600194640009
3.53764165492605
3.83160590524337
3.9652548391341
3.95427881447745
3.82422023728774
3.60280819515391
3.29474429945979
2.92405094529189
2.49187287276885
2.03968707571075
1.64955398715941
1.33340261906858
1.08838885636593
0.904498087571933
0.769858810341032
0.673552609795268
0.606663998085708
0.562375934148883
0.53566155639097
0.522861823841165
0.521263192184103
0.52869406056968
0.543121234882565
0.562238543002934
0.583105138099858
0.602016071105081
0.614931221421679
0.61523542152752
0.622007756971555
0.73343150145046
0.864681665358181
0.868974070261324
1.11942754089917
1.05284632102726
1.88322335251121
5.27518470742013
9.71652975022633
9.2033086342245
7.86898520166229
6.34243423869261
4.93907733562637
3.80362122043438
2.95615481140905
2.35655236050888
1.94979767857317
1.68765047085489
1.53509111825245
1.4698998153853
1.48007534880315
1.56083946412835
1.71131751270862
1.93026113410588
2.21022674625471
2.53068248874531
2.85271383924651
3.12025922375832
3.26335293358719
3.28500902195392
3.20283937366407
3.03673258866786
2.79073017396598
2.48445206173929
2.11994177742603
1.73426185993688
1.40048550136022
1.13097567618629
0.924017866806098
0.771018219282982
0.661599267356295
0.586280547786661
0.537456798337951
0.509462972965823
0.498257256818144
0.500990919202651
0.515558829850152
0.540128920258125
0.572612803117219
0.610067185874947
0.648134576783998
0.680853882876748
0.701412041761784
0.693471102376993
0.654296138013288
0.743095833081019
0.837389579257045
0.821117888917667
1.14557528573698
1.12605793693416
2.31582269088893
8.44429642060982
15.5706294177529
13.1254281553843
10.4745435671616
7.91688940926606
5.82263464890353
4.26659841587836
3.17437240833155
2.43123040399403
1.93463909883055
1.60918124660083
1.40489468311938
1.29111634911714
1.2506441430931
1.27529318107887
1.36238067052141
1.51112498453832
1.71794139924192
1.97032712291066
2.24083466272486
2.48516792476929
2.63778248391249
2.69145881940714
2.65691192662723
2.54641477728074
2.36310529710728
2.12162344103654
1.8241313873079
1.50238186262078
1.22062221307957
0.992306825551178
0.817605174263185
0.689951571926638
0.600853214590183
0.542476311812571
0.508622936902422
0.494831488801947
0.498096882068092
0.516453447662404
0.548489680744681
0.592763722104802
0.647050093526283
0.707398966510252
0.767213671641547
0.81699013918827
0.845746301234767
0.820513893860324
0.703258276643789
0.746105459204109
0.792401128716533
0.770314675496963
1.16491169199063
1.16960198341769
2.57984096985933
12.2153718384683
21.6411335473248
16.3753757470056
12.3558005896501
8.8910720950652
6.27412984208843
4.44218125084259
3.20843029229348
2.38901957097492
1.84514211382424
1.48415949032963
1.24827639506488
1.10294169338035
1.02839676003553
1.01433113368606
1.05649377589945
1.15386766328122
1.30512163249778
1.50355684708428
1.73112129399821
1.95445475152191
2.11396651998669
2.19521203164069
2.20340050446954
2.14400484391367
2.01908021850696
1.83815897082115
1.60283464280367
1.33915015959761
1.10313786656178
0.909769290887759
0.761580579170289
0.654393537503025
0.581797658899512
0.537683392548075
0.517278718463828
0.517334654542666
0.535911398905382
0.571980163258792
0.624880296146722
0.693558773616078
0.775471763140024
0.865112692513687
0.952489055969805
1.02272926445716
1.05888923959828
1.00289935966497
0.769548062305795
0.732940191183941
0.733707730061578
0.720610493406677
1.1784628368414
1.19504924014603
2.58414038210673
14.7857661040372
24.8302700992964
17.3851177581631
12.6677992769888
8.86251793376046
6.12329307744045
4.26870755759994
3.04393310753355
2.23528108308429
1.69469206748745
1.32905814313461
1.08266870078398
0.922703933581374
0.829808582930079
0.792920173078888
0.806624469366774
0.86931498932829
0.980776619027071
1.13825827081586
1.33101961876569
1.53529291959723
1.6983498853239
1.80136563064954
1.8455127193731
1.83058704965211
1.75752236748802
1.6309472548557
1.45138555417222
1.2390942465363
1.04260333872742
0.87860830861497
0.752282650299062
0.662037414230267
0.603646476620278
0.572755386194135
0.566017289586961
0.581390423331952
0.617998657446886
0.675741658435665
0.754659995383799
0.853927518147636
0.970285016750657
1.0958605565615
1.21590607107866
1.30804747366293
1.34701126772862
1.23908175772547
0.844958667370309
0.695073785746537
0.668654854422199
0.675485777711761
1.18843453707737
1.22277463591724
2.50478146953988
14.365472827987
23.1855086504084
15.7144869172734
11.3085660751552
7.86516644990299
5.43421382990053
3.80421682003181
2.72635117335505
2.0051173333704
1.51102212702474
1.16622276752549
0.926080094562848
0.764509533025362
0.665118674049191
0.617272935339429
0.61485319948496
0.65560991196526
0.739786022941404
0.867215168143094
1.03262693045919
1.22026238124355
1.38439512124179
1.50406629920958
1.57776739693785
1.60079960023459
1.57310821485574
1.4948199953736
1.36511977346008
1.19857665329727
1.03680769406556
0.898287004492632
0.79097385519309
0.716004615125804
0.671418020404961
0.654640014856403
0.66372780184934
0.697778411518993
0.756851159264078
0.841564679393384
0.952336103152994
1.08806832757251
1.24402677617863
1.40887922636534
1.56170431347951
1.67163931647991
1.7029877917514
1.51818547323415
0.915142844694796
0.646047943420534
0.605392379619413
0.638328160743672
1.19690840439165
1.27324099337662
2.51096073512886
11.8860144019736
18.2226717404068
12.3907416833718
8.98606562111639
6.33312428499282
4.45920370792501
3.19244013677816
2.33901195523192
1.74923456753815
1.32679632651248
1.01741204168772
0.792784166977333
0.63681451239086
0.537762103385861
0.486172140617597
0.475558816200828
0.503104264380958
0.569181149754189
0.675286618150503
0.820138547672412
0.994424305481878
1.1589014871714
1.29199132930401
1.39064933537074
1.44674865227824
1.45954444325578
1.42514346008433
1.34136835864153
1.21726470184471
1.08786319731101
0.973390806708028
0.884694947605444
0.825765197170028
0.79698334521971
0.797541011708529
0.82675967552376
0.884582046163002
0.971540774005558
1.08834686132947
1.23501694427627
1.40925638196683
1.60377504480311
1.80261614822661
1.97787993311446
2.09027660915371
2.10054345149188
1.80139389658676
0.972827393654479
0.606431746286772
0.556123154499817
0.610460176630376
1.20498256907462
1.35099495901465
2.63109872792229
9.1623438628216
12.8210328609902
8.8944916720169
6.58858658051968
4.77425193956245
3.47793849592605
2.58592574190562
1.96617405293898
1.51562493609247
1.17013748156886
0.898888309400229
0.691161421334798
0.542257443631369
0.445821961448487
0.393784656256957
0.379367633544253
0.399224783905357
0.453698670768766
0.545368556029742
0.675852928058328
0.840946272966448
1.00696018848115
1.15254846980734
1.27404690025066
1.36075826086446
1.41169015025833
1.41940596429169
1.38059395207109
1.29894424988444
1.20287369587727
1.11430809405291
1.047080818458
1.00815547708647
1.0002669655605
1.02416355626076
1.07992596294002
1.167519406725
1.28687171775618
1.43759326857959
1.61814066637667
1.82398287953842
2.04442136811398
2.25846447943994
2.43186670009257
2.52009560335855
2.48206344888751
2.04621757194168
1.02800598057169
0.594149439918984
0.52525021062325
0.593472735239314
1.21229817925111
1.44831151528488
2.72258668465218
6.98369795082399
8.63152867518647
6.11190432601168
4.65740820411593
3.50401292195447
2.67064318457014
2.08673007904949
1.66567192557856
1.3370998487283
1.05914862377441
0.819416646829318
0.623683770550246
0.478948219853059
0.384208005194012
0.332420578307474
0.316270609437587
0.331812443209451
0.37927110464213
0.461978984318206
0.583745460439803
0.74447448836987
0.914943609655696
1.07439273253561
1.21925942426659
1.33689850177576
1.42664086112555
1.47793127056347
1.48681013517096
1.45176192417892
1.39413716227026
1.33750269011603
1.2987681537709
1.28791265137599
1.30978419244683
1.36596897779524
1.4560175712087
1.57816707717563
1.72988140003432
1.90816722245535
2.1090824196118
2.32570051021967
2.54436572542226
2.7403450262267
2.87591048568215
2.90563870882135
2.7922106600445
2.21093327230467
1.08118684919722
0.60530645713875
0.51557085405337
0.586556745500249
1.21841763264454
1.55624095293556
2.71915094186399
5.16623375815372
5.49994206029315
3.97717457307369
3.14617895679966
2.49150504545445
2.01972377020043
1.68743036214494
1.43700957773448
1.21651245869764
0.995984919563909
0.777432720629512
0.584483966972092
0.43783781268965
0.341896032881732
0.289668271027504
0.272544700513854
0.285678839603116
0.329117695684927
0.40692075080865
0.525009188702331
0.687339773499509
0.868569401968663
1.04864945222835
1.22485239484923
1.38276653982174
1.52299063593782
1.63173734598623
1.70533073459705
1.73623773873791
1.73639979075527
1.73120892421184
1.74119150951791
1.77957477810308
1.8526189032859
1.96068462160716
2.09937499639223
2.26114948705259
2.43769129024779
2.62209270303508
2.80897266559812
2.99144487662303
3.15593807029329
3.27763522006811
3.32034177479199
3.24465960671376
3.02532594198212
2.30730714731954
1.13937952181133
0.63942656273269
0.526190920819721
0.58990910537435
1.21375068047691
1.64111917130421
2.45611603346988
3.28532942599748
2.92843261364359
2.23148503645575
1.89649196584342
1.65074752836307
1.49168633402841
1.3933171999226
1.31209495856254
1.19692837458095
1.01754316955569
0.793498293781238
0.579279440518363
0.416590442470391
0.313669572858616
0.259739643628377
0.242620328490691
0.255888556763535
0.299633746297035
0.379464310488853
0.504946728100485
0.686667420684171
0.903461106738062
1.13612727548419
1.3848330729152
1.63285116855151
1.88576892386095
2.12488074523991
2.35123379804784
2.54588133889679
2.69924230400696
2.83871898327962
2.9898345990815
3.16841194322798
3.37659660566105
3.60179453398058
3.81941279782557
4.00101693598346
4.12608809677916
4.19011525842585
4.20215306300581
4.17351283099581
4.10620293925322
3.98823015949162
3.79787352567505
3.51564126756505
3.13959647286631
2.32306449193988
1.2263853719829
0.727768781979116
0.58098376190119
0.61738875106607
1.15390056796076
1.49802727973135
1.86261780323234
2.00852736962109
1.75561505711968
1.51936839314049
1.42721337120237
1.37804043249191
1.36556626372135
1.36437214144089
1.32955464835957
1.21487614251904
1.01220880283745
0.769840907903784
0.553614819654202
0.398577893961482
0.304584681717645
0.257839160132671
0.246583366020917
0.265925984132559
0.318061434274515
0.411860661905419
0.562489291605496
0.789861651072988
1.07641410461036
1.40399734991933
1.77977410756433
2.18577206959972
2.64043420434304
3.1216197537534
3.64450949288602
4.17230861118082
4.6442221890113
5.07628421137232
5.48697400919387
5.88141953241847
6.24175259233438
6.52664479866267
6.68279654426221
6.66753848679778
6.47222858406982
6.12943781182936
5.69636301583727
5.22723351321629
4.75486254748745
4.28930724275888
3.82789803589401
3.36751785100649
2.91282446078658
2.15182904351119
1.2903373910686
0.856332148602568
0.685832073842927
0.677880538827804
1.0556810244309
1.25021708526205
1.38366947670233
1.3950030393497
1.28696357201002
1.21288281162726
1.1878805190637
1.17449585437826
1.16215007595546
1.1313184888695
1.05990617104898
0.937375794414739
0.776959177747644
0.6105363763007
0.468493557397261
0.365363197580815
0.301257088516397
0.270621121909628
0.269047762864984
0.29643201418702
0.358327516007361
0.467008366818981
0.642400639609011
0.911661624428473
1.25904675510773
1.66682008645701
2.1486723818469
2.68658085103467
3.31126679511492
3.99934878563254
4.77699263174823
5.58516451208016
6.30145127542667
6.91239029843126
7.41633093433392
7.80834191531024
8.07139787024253
8.17756963203821
8.09870522468448
7.82209748258194
7.36306456183065
6.76621944899099
6.09316426121379
5.40349778700367
4.74034289468364
4.12676670321887
3.57093519774115
3.07376112786159
2.63438602876934
1.98306997676835
1.31272432925572
0.951635129211325
0.77892720366144
0.735901073642459
0.948325338615585
1.0213037392041
1.04981742469074
1.02967520823304
0.970522248284566
0.92894375496038
0.904164293451582
0.878034287297595
0.846918178568652
0.806083224266642
0.751706555145661
0.683219509080444
0.604702290099566
0.52410183109789
0.450509995231874
0.39132726243536
0.351082429304161
0.332197243614293
0.336820793807364
0.36883890890862
0.435692037705564
0.549902120048606
0.729905103752899
0.999046841938225
1.33726462947539
1.72417387647204
2.1712461776318
2.66030626729922
3.21758127846787
3.81909653789738
4.48253030701913
5.14328009140809
5.68814640880503
6.09990913481847
6.37898125612631
6.53405852076667
6.57475470730844
6.50832289453475
6.33995800073617
6.07525506408802
5.72340159408484
5.299704574082
4.82605733946635
4.32863973371469
3.8336403123067
3.36299490542627
2.93194635991095
2.54890663313797
2.21694861524539
1.7465358288058
1.27016754955228
1.00001930252714
0.851532367319387
0.791757162910046
1.0290261497906
1.24784870299611
1.59391866149696
2.12376215314551
2.85322693680819
3.35028189831031
3.5990680435658
3.8028044832286
3.94741255443418
4.02777134864916
4.04940715318165
4.02748697296818
3.9833646569628
3.9399484629642
3.91746658363843
3.93063521588568
3.9872961979063
4.08794995426997
4.22555172364261
4.38534474329064
4.5451010885967
4.67664689741046
4.74962639263245
4.73775337441814
4.63986928795688
4.48795105367719
4.29073714890459
4.06786340175087
3.81393549456134
3.54182204382456
3.24881811962244
2.95482574808603
2.70868068702414
2.51415134509024
2.36803039703357
2.26281628363114
2.18883044690279
2.13576867155304
2.09390383929741
2.05506340949968
2.01331787848901
1.96522257708664
1.90953504639068
1.84652401917234
1.77714946036417
1.70241620534056
1.62308555483434
1.53975115175021
1.45313440460809
1.29091908368395
1.06022728018544
0.878228292594616
0.754889675241291
0.705212458038441
0.952974206205538
1.0978551443239
1.41697391422534
1.97579814951279
2.77857561373483
3.31561213370162
3.56413638281057
3.75497990438174
3.87742852799129
3.93090798549269
3.92547694177244
3.8799911650299
3.81856807777094
3.76636573902671
3.74585621089791
3.7743618254276
3.86279569919809
4.01486662467031
4.22589442665977
4.48089049126483
4.75255313169085
5.00104573378413
5.17819332760201
5.23781920195452
5.16449960921853
4.99901746267006
4.76208388656284
4.48365943819534
4.16248444500836
3.8201430556195
3.4569228818349
3.10401502486644
2.82031915507746
2.60733531509942
2.4577356215304
2.35945640768205
2.29835219142372
2.25992495609173
2.23078487543593
2.20010865435916
2.16084384550777
2.11013908153132
2.04867754206091
1.97911936057453
1.90430545108323
1.82592541708717
1.74404917718938
1.65752535011983
1.56493492839822
1.37943157520991
1.08871939735092
0.853262784392366
0.705265147666922
0.66652192124262
0.828880954444392
0.828326582705853
1.02311004634391
1.4679326208818
2.16385328784823
2.62203882462424
2.82293961162993
2.96958504213226
3.05756987690413
3.09066727543545
3.07953747388648
3.03994927461845
2.99068773652101
2.95115760281405
2.93905561082538
2.96861855442449
3.04955937974695
3.18624555536977
3.37644975542155
3.60932615878664
3.86311271468853
4.10424035792697
4.29042130109927
4.37963241277062
4.35207135790336
4.24044449814056
4.0650195873032
3.85155670576995
3.60161690820827
3.33415146415753
3.05168984254397
2.78170073670717
2.57150052417526
2.42239629892203
2.32771623228779
2.2760223837583
2.25321662355144
2.24421929060617
2.23491099090553
2.21442268234906
2.17708802088798
2.12304065147614
2.05693835694689
1.98530841683747
1.91369636618363
1.84467746760384
1.77717618894983
1.70703461311875
1.6285588972992
1.44975627738611
1.11124067717673
0.821627266964273
0.659511296420669
0.64788076348871
0.689280248490532
0.54432115294603
0.621226727635511
0.957493499810235
1.56967471415975
1.97564597280549
2.1445854676212
2.26247009387542
2.33046120230166
2.35583429448857
2.34947720431336
2.32433093303495
2.29434664425282
2.27339668946255
2.27406417512951
2.30656378538286
2.37793168193707
2.49128816053656
2.64481296040316
2.83028734365993
3.03164029346594
3.22469753649516
3.37977803482365
3.46811615149423
3.47396714090349
3.41967785466858
3.32094949805771
3.19507842117925
3.04473580394771
2.88289028520406
2.71330501512615
2.55625429249882
2.44309478292735
2.37577724409641
2.34928073582779
2.35326980863061
2.37353988609746
2.39394896152511
2.39936615436425
2.37927393652952
2.3306242459931
2.25834023639804
2.17296497027536
2.08659211816104
2.00894471488212
1.94482515932186
1.89303022175006
1.84630086871461
1.79221963930356
1.62754929557901
1.17978847109627
0.767613603386932
0.590490920860022
0.636807751723562
0.610670829943402
0.389899058175443
0.412470267874734
0.710112356221523
1.30816313616597
1.69101580728193
1.83833870362853
1.93560632023023
1.98843393722063
2.00678672839614
2.00239754150065
1.98736489180387
1.97344555396388
1.97154556687705
1.99117846884561
2.03990648052383
2.12277334525326
2.24160572805255
2.39403177804722
2.57227592880747
2.76222394402805
2.9437244978254
3.09319837215928
3.18888205174197
3.21743177324208
3.19665919489073
3.14106988104739
3.06383733826444
2.96878055445577
2.8661397025274
2.76090798437734
2.67036809646529
2.61686348137441
2.60225219907255
2.62137754625281
2.66288933396899
2.71054856406435
2.74578434033108
2.75183528042529
2.71856215930611
2.64583150968324
2.54351293160263
2.42792411288621
2.31659824435181
2.22375638235164
2.15763740500963
2.11921491068772
2.10105261410809
2.08554678227692
1.96365948894012
1.33825225036637
0.705489309880439
0.521841395778152
0.639181380520638
0.584116713843015
0.330777225554743
0.331694616305934
0.63253366780478
1.2453098056679
1.60228858242008
1.73009845751864
1.81059861968102
1.85189436018357
1.86506844257775
1.86205826794894
1.85438403424651
1.8526701017681
1.86641574313606
1.90375034468266
1.97108694247591
2.07261521987809
2.20953422892701
2.37897202927287
2.57277045612844
2.77670381720771
2.97105555459951
3.13341992294728
3.24376773779412
3.28845224383928
3.28489383553055
3.24828104892809
3.19095618076781
3.11781819626715
3.03845940675148
2.95904592810415
2.89611069051913
2.86869605426165
2.87830088053867
2.91893249913044
2.97768431358627
3.03618832304385
3.07376251625642
3.07241922900379
3.02241908661583
2.92583965666487
2.79608456897299
2.653490213108
2.5194054029324
2.41142599885702
2.34088443759244
2.31177745133951
2.31930402458337
2.34599036148781
2.30688583450422
1.53327925608307
0.654246083969072
0.478523403884461
0.646268136889616
0.574364460175352
0.299043101221271
0.283526514882347
0.605332550411593
1.23564459628216
1.55245051290912
1.65800425980482
1.72166703021116
1.75245163582869
1.76186051639476
1.76148997754617
1.76214374300526
1.77353741577709
1.804235439541
1.86155865488826
1.95132314054577
2.07730065833614
2.24030828163073
2.43694370815914
2.65825218146776
2.88899721215312
3.10849028530108
3.29373839595945
3.4247208065587
3.48642317535609
3.49728858774148
3.47408973938745
3.42935271378973
3.36913840456659
3.30296250999605
3.23804696203079
3.19069142210421
3.17824362030507
3.20172628457392
3.25405693503894
3.32060742411863
3.38095827450267
3.41266266042654
3.39698781398125
3.32496383098298
3.20092001171309
3.04145825533899
2.87035856384834
2.71218077710087
2.58743600568418
2.51038143623116
2.48839889365433
2.52068332859268
2.59393279088333
2.6816556101792
1.7998092024495
0.598967681759329
0.445355502799631
0.65752191477211
0.57693226132025
0.285290067311301
0.253373452279408
0.614076948238202
1.25125028867863
1.50629118368842
1.5872223876654
1.63366291081849
1.65555693480589
1.6636129902174
1.66847210950386
1.68003915723458
1.70728909821027
1.75824805110184
1.83994277374779
1.95812314331137
2.11659544476182
2.31606588897007
2.55256795975473
2.81588228196176
3.08877891036221
3.34814672773113
3.5687179487505
3.72895110250837
3.81134690952123
3.83661721507396
3.82417872631703
3.78754540906701
3.7340861345286
3.67361017333603
3.61411839310208
3.5718580789201
3.56366196362258
3.58998431053124
3.64249142931865
3.70483052991132
3.75485286178022
3.76901206919145
3.72865400402697
3.62623601825443
3.46854944530101
3.27508990608156
3.07241962007691
2.88753308383561
2.74314987210123
2.65592722998301
2.63644245275178
2.68833574738522
2.8031066378725
3.04110921436655
2.15489943779037
0.539498138798631
0.421644985785786
0.675094945751685
0.592018254494216
0.289033742982151
0.243475497433992
0.650807870493808
1.2683417121489
1.44427550398067
1.50146400142028
1.53510887382363
1.55274067680613
1.56357677111474
1.57700806640496
1.60216155676847
1.64764412561425
1.72149744887475
1.83111354367796
1.98286327488391
2.18121239019456
2.42719699349106
2.71637809033846
3.03683318090866
3.36825128384518
3.68341269257343
3.95277891153098
4.15146307781516
4.25818359874666
4.29727525490181
4.29189822583349
4.25740783814029
4.20248058171658
4.13751095809634
4.07062860048577
4.01798535425957
3.99753564210853
4.00926440652437
4.04377875226333
4.08353829447973
4.10566398730469
4.08684109210948
4.00976659161974
3.86904705828845
3.67378765373861
3.44539357198408
3.21171158856951
3.00052524253355
2.83516019853482
2.73308121578985
2.70634567099094
2.76127153490581
2.89385757517917
3.2170699456029
2.40654325438434
0.500662015059348
0.41011807184211
0.701072062163215
0.622384947322336
0.30397736879599
0.266041750613042
0.748682609228189
1.21896936203722
1.34681509438336
1.39311487565023
1.42282751909138
1.4429162651074
1.46120210129592
1.4862627144111
1.52688855867674
1.59185323119564
1.68984315567116
1.82932766651368
2.01806206343237
2.26192165310651
2.56288307556307
2.91630231082343
3.30822884453466
3.71416277615628
4.1009007178441
4.4323133900149
4.67797899887042
4.81141625879386
4.8620261654071
4.85777795221853
4.81679720798585
4.74884667116981
4.66516842592134
4.57296522772481
4.48819820138541
4.43235841326284
4.40543496205306
4.39768899573448
4.391559367235
4.36505362130837
4.29684984153561
4.17235910030274
3.98876697645211
3.75675457898225
3.49791769953109
3.23914500482275
3.00667268341774
2.82216300794783
2.70148379671682
2.65510202678
2.68768633366934
2.79288497555284
3.08183740700039
2.13701598929139
0.504991599153873
0.422694449171679
0.731476136164346
0.660996212972122
0.338733556756778
0.314898146112299
0.739571299499022
1.11109836464736
1.22569312440816
1.27065448968365
1.30491075067982
1.33305946029493
1.36215225632323
1.40041977682683
1.45682195552108
1.54081225568487
1.66227744590674
1.83138718810384
2.05798508999675
2.35011505210446
2.71140299773075
3.13744187989019
3.61212375392332
4.105781245602
4.57733683344604
4.98157145823098
5.28005928677711
5.43977953467662
5.49666029142313
5.48438073022939
5.4248408147797
5.32841835722831
5.20753147457921
5.06714795784043
4.92322583880045
4.80416186490151
4.71091558245835
4.63463326744154
4.55932482858755
4.46567904887942
4.33594866766417
4.15910615502484
3.93465773623078
3.6734769616795
3.39517290015713
3.12319111391903
2.87982015014803
2.68287601884291
2.5444937975544
2.47106063473938
2.46226930774046
2.50796345098462
2.59627044812051
1.6753827722717
0.516485239173872
0.46538575149216
0.763904116518896
0.70891047911426
0.38745889833585
0.367945756607864
0.673511785068277
0.978612121966699
1.10147168131199
1.15326639110043
1.19658255200883
1.23540580690238
1.27616104264976
1.32707620501971
1.39762452238079
1.49828646392371
1.64050458180385
1.83654968610017
2.09884386852529
2.43819904581991
2.86054559408867
3.36224775404974
3.92514899973832
4.51376051611861
5.07754521502193
5.55988226290361
5.91191196629145
6.09315460160125
6.14738904561282
6.11456966662898
6.02139399168218
5.87819764994696
5.69908789787665
5.48560907215244
5.25457254695119
5.04533921464127
4.8611629279099
4.69548150628334
4.53531425868587
4.36525232305219
4.17177064562608
3.94719726765122
3.69226112570233
3.41626789587554
3.13479413978047
2.86586940137251
2.62617015523216
2.42840663757755
2.28013791112635
2.18327239862117
2.13297149211363
2.11408091926184
2.03103655334306
1.28501159649618
0.549224861216856
0.5215745700293
0.801807466627379
0.764134521092678
0.445712317346693
0.41452165273944
0.614451240556123
0.86338952175835
0.99889376839266
1.0606683820732
1.11428888285764
1.16338304992163
1.21416446771249
1.27508362854114
1.3563316272199
1.469571043292
1.62790869363673
1.84581198695751
2.13842472322023
2.51958294792067
2.99791805782636
3.57103383528677
4.2190562632051
4.90055366712597
5.55469053744993
6.11190152354708
6.51106521896786
6.70414021650813
6.74367051033687
6.6759286409449
6.53330048433095
6.32539733312498
6.06876817351812
5.76093898159647
5.42125557522463
5.10388098804925
4.81555760206846
4.55295168354897
4.30664763672268
4.06512473485719
3.81837786237494
3.56078071357923
3.29265593189605
3.02015674205095
2.75355574065936
2.50461241969017
2.283954773832
2.09917627498013
1.95377600576873
1.84649225666567
1.77020426671509
1.70970006183417
1.55282495694387
1.02983623954014
0.587002353685532
0.588424446079629
0.840319457085823
0.824133517375573
0.509701651862222
0.45812350893228
0.585548456161974
0.794521611155467
0.939925752640247
1.01043894874513
1.07265976774255
1.12930698156713
1.18645098249934
1.25296361439588
1.33989486993758
1.46010994627098
1.62825794508514
1.86076332535465
2.17520084142882
2.58819294760971
3.1110136737737
3.74272855530827
4.46224515808947
5.22278942903869
5.95361677063208
6.57213092762086
7.0044085381977
7.19581024930448
7.20774215280299
7.09214109299431
6.88756883376212
6.60240046899199
6.25649765850426
5.8436884247661
5.38801440066506
4.96068734194356
4.57235787852932
4.22280126946229
3.9054443345353
3.61132916191172
3.33220824697617
3.06265491431412
2.80108260747865
2.54963776140456
2.31313713922948
2.09745959129566
1.90790239367338
1.74788424128414
1.61808578630929
1.51582654948892
1.43439214921842
1.36250672169478
1.20728256161704
0.874124653342327
0.625209219171488
0.659567732770784
0.875252689542637
0.886297402928348
0.578177452389499
0.508215953870021
0.595190795189858
0.785749568298773
0.940586223753284
1.01759553592847
1.08496773855053
1.14454558581682
1.20247534181959
1.26837055110263
1.35434232218323
1.47441754489403
1.64446918139328
1.88230645021319
2.20718032890828
2.63769878077667
3.18715800636544
3.85594921559096
4.6223893834023
5.43582219440002
6.21758872134869
6.87398999478121
7.31959375407666
7.49507173356014
7.4694866747096
7.29896846411887
7.02799366800559
6.66348802406289
6.22928684741321
5.71670529580919
5.1563088929778
4.63583700981959
4.16913624096115
3.7578479485436
3.39653445234426
3.07680618656641
2.79020570883338
2.52996346710632
2.29180400757227
2.07397281758323
1.87667716299292
1.70118446099961
1.54883970384907
1.42020455951452
1.31439894035368
1.22861739302238
1.15781836033427
1.09485814968457
0.974709929614138
0.781430856677099
0.662416839948661
0.72774758333574
0.902987206628702
0.948364554911681
0.652426304602926
0.575868946441482
0.652504153649387
0.849730901961897
1.01766130809875
1.0987417748175
1.16611725470796
1.2214501721121
1.27180239529859
1.32826103839971
1.40438472480732
1.51529364486567
1.67756975361322
1.90950787364267
2.23084491978429
2.66085783259397
3.21373225675064
3.89072455532106
4.67033393069539
5.50036751714115
6.29792793014813
6.96228295932585
7.39971383674678
7.54849072572069
7.48245908470516
7.25966026017889
6.92920194875458
6.49664600917318
5.9898492343978
5.39924799655961
4.76256557122837
4.18053563033281
3.66861052692851
3.22850917424653
2.85407417605655
2.53576757725116
2.26360412366006
2.02880368303803
1.82452696334988
1.64599102711104
1.49018177628951
1.35533287088385
1.24031329187193
1.14403458002005
1.06494675230671
1.00066189417634
0.947767201716606
0.901986245798932
0.823151176095077
0.727571115536203
0.696643436627309
0.786365171607833
0.920746528995509
1.00857295972209
0.735224564739124
0.67346991274757
0.774998835896205
1.0115260834543
1.19849394517965
1.27898508723808
1.33698924273507
1.37573655710522
1.40507760688804
1.43894944539774
1.49294107130959
1.5830736457542
1.72583653313722
1.93876783613752
2.24054785134761
2.64946588843861
3.17917708799016
3.83120828952544
4.58520368736392
5.39048008396517
6.16484858014172
6.80622506714154
7.21723784196488
7.33562771900129
7.23552987472267
6.97402536407793
6.60253506447733
6.12553602293818
5.5740998413909
4.93932672831202
4.265147144337
3.65965193361397
3.13816433555435
2.70099740334947
2.34009797945261
2.0439945749255
1.80087099594269
1.60017910895941
1.43329502994148
1.29361204175657
1.17632343980673
1.07804597103566
0.996376382482598
0.929444113528494
0.875507592525424
0.832636592636665
0.798533241064311
0.770571798591486
0.727500780048898
0.697619122640112
0.725199226273301
0.830353933973966
0.926892685029779
1.06554131712515
0.829446391483528
0.815819067444108
0.995691794546918
1.32189802256638
1.53153974133105
1.59901949825107
1.62810257682562
1.62759500211088
1.61365191213103
1.60509825636977
1.62001960858985
1.67466348373717
1.78410651057156
1.96349768888429
2.22870069886181
2.5953000006177
3.07505562859196
3.66929361551394
4.35992746476037
5.10104958873444
5.816466674946
6.40889319123902
6.78236232269033
6.87497476870114
6.75571661745061
6.47769984337777
6.09165425485233
5.60130912122656
5.0393714098349
4.39866441015735
3.72706890191679
3.1338616224319
2.63308618180959
2.22305871296932
1.89368602511361
1.6317843647162
1.42423737842004
1.25952451619717
1.12824246785529
1.02309170500856
0.938616164202768
0.870846469701035
0.816917073607925
0.774691250322883
0.742417790278818
0.718447134553164
0.701044716215422
0.688352825977584
0.67202914994278
0.682802683832544
0.745700985080951
0.856753584347099
0.921048500381827
1.11800645338224
0.936489384721107
1.02048157307688
1.37239512157366
1.87441198949611
2.09651870501264
2.11951027196678
2.07943412609485
1.99902701042857
1.90626387289658
1.82682754177231
1.78067320595855
1.7823893321852
1.84344766525441
1.97455252941305
2.18696583157024
2.49211133173102
2.89887681144467
3.40820923533953
4.00537466629902
4.65199808998418
5.28229954042716
5.80904491090698
6.14211851741423
6.21992020611454
6.10109226712893
5.83220258559657
5.46020835901413
4.98837689724082
4.44906168395683
3.83725566871233
3.20193673916037
2.6482966204488
2.18884994491832
1.8202807088448
1.53116602451307
1.30747995602905
1.13572574067379
1.00432574824383
0.903983213968648
0.827541814742877
0.769651452788649
0.726388822698897
0.694888517175829
0.672998355103419
0.658963656712578
0.651156691183049
0.647889834560878
0.647376675917254
0.648704287416588
0.678795800545526
0.757146588215782
0.864903963245232
0.904046748469572
1.16460408550472
1.05448649385586
1.30496017890007
1.99752553485434
2.82380726638266
3.0065273806653
2.91492919033832
2.73036400659167
2.50390330134015
2.2813576519232
2.09476907538899
1.9624077713361
1.89317718628426
1.89162897501597
1.9616638353899
2.10840313410938
2.33819811234238
2.65665541328276
3.06442314587575
3.55080810647869
4.08649504400405
4.61866043871927
5.07345054597854
5.36977758163308
5.44593714001987
5.34652711192092
5.10990359954067
4.77671494729287
4.34993447707037
3.85961502715374
3.30282922579521
2.7269281361136
2.22941468512199
1.82177698346015
1.50005043203372
1.25260322278126
1.06562358289344
0.92614063359154
0.823265422770208
0.748418040430031
0.695090816153974
0.658458411666329
0.634974844657612
0.62199969885652
0.617451719979351
0.619481208095308
0.626175498859152
0.63536096752846
0.644630377725339
0.655430682763743
0.684773442539322
0.76039404186881
0.856146245100487
0.877764936405826
1.20387078842591
1.17667572732327
1.67717488342167
2.99698510410052
4.38241495432106
4.37883358482439
4.04054346242853
3.5913980741475
3.12823093171474
2.71552457535905
2.38451689802289
2.14344564976484
1.98905572050364
1.9148952010705
1.91587956184385
1.99006842875436
2.1385494766914
2.36377509008236
2.6662256351844
3.03922786936963
3.4624721602726
3.89641217146984
4.28168169926301
4.54799715707862
4.63354680937243
4.56744121340934
4.37926189157338
4.10176004223881
3.73764164526965
3.31310182193673
2.82683372913858
2.32242390509377
1.8878028363314
1.53429391486436
1.25844054161873
1.04951638801051
0.894835505851969
0.782629059164999
0.70317319671614
0.648940064598338
0.614317994092851
0.595200300456273
0.588569105029279
0.592102415076612
0.603788874087937
0.621532436839383
0.642770396066531
0.664223185352817
0.682038908355561
0.695000304067901
0.70263879625454
0.757759681738713
0.833168306916161
0.84488976265078
1.23454841966171
1.29126726937617
2.11716416943882
4.4871122556627
6.73016263758055
6.23726774549167
5.45737125408238
4.59691521566863
3.80561818332696
3.15348616477261
2.65439789322882
2.29412397053919
2.04999939244567
1.90117191686529
1.83249620640419
1.83509619943301
1.90537373436205
2.04311284978759
2.24860273798513
2.51842002687159
2.83984857280882
3.18513158669041
3.50867696928107
3.75161093614512
3.85279208906445
3.82665377633834
3.69443636039082
3.48044611841513
3.18703036603317
2.83552366859821
2.42559063985104
1.99564217699725
1.62348451292588
1.32112118284684
1.08660141617929
0.910972187311042
0.783304719892345
0.693436774061272
0.6330475178137
0.595799712470617
0.577070028926407
0.573547490654554
0.582809930647803
0.60289034845826
0.631801337172093
0.666992478305965
0.704789638741522
0.740031322429647
0.766381113927761
0.774492209038194
0.736141537605606
0.751928021268632
0.799409509489033
0.80860791328556
1.25607028505007
1.38489758354853
2.55905106752793
6.44299441809041
9.75751499212909
8.34710752487208
6.94015961902239
5.5663756549436
4.4076335127857
3.51076570269072
2.85175565400905
2.3832468463592
2.05920962120961
1.84396581866338
1.71339838358436
1.6531904148497
1.65633464144813
1.72061313148565
1.84591257357402
2.03083650116489
2.26815486527127
2.53946732743853
2.81116253283092
3.03553594588004
3.15351462349336
3.16727317982292
3.09083413634273
2.9403913812163
2.71779012067999
2.43905718613828
2.10414762154376
1.74553706849349
1.43117147184325
1.17434092919216
0.975292328505487
0.827406405666542
0.721874194403147
0.650332626824179
0.605947681160608
0.583606298046595
0.579698037435585
0.591742874840226
0.617955906178088
0.656738959235222
0.706042848813465
0.762566633541962
0.820897640234193
0.872985682761215
0.908729900785328
0.904203451667004
0.78970309215421
0.744846381285122
0.758913056281797
0.772207668916037
1.26886513729528
1.45012043101889
2.90452757193066
8.48766955323673
12.740411412913
10.1273969900011
8.07341836068388
6.23295898510949
4.77567646720757
3.69842185803562
2.92958049307516
2.38848105992023
2.0091871826053
1.74535439181467
1.56759841824214
1.45898768436482
1.41090306155217
1.41987760382263
1.48514124353711
1.60610069211075
1.77893271482478
1.99205503651889
2.22165725452613
2.4303867686854
2.56276115946814
2.61182337548037
2.58583852534547
2.4938119970458
2.33697569247659
2.12605973323386
1.86072131308031
1.56722748074459
1.30429506059109
1.08680960825818
0.917601775426758
0.79269112648059
0.70556475126852
0.649730199916312
0.619853928753995
0.612044426371392
0.623710782088416
0.653226643063846
0.699467295411195
0.761178647309867
0.83608445229217
0.919683962727316
1.00394508134701
1.07661653532332
1.1224013513254
1.09462366492444
0.866497013042859
0.737696883202506
0.716390800213745
0.738707676979666
1.2742555083332
1.49204441231314
3.08870013030285
9.85774806012101
14.4562728695329
10.8852004576555
8.44121497794703
6.37002441134782
4.79524352025852
3.66324003838241
2.86700819515896
2.30609981442344
1.90558266491706
1.61639361195232
1.40943334557012
1.26877876795304
1.1862330890584
1.15787815624533
1.18216232519829
1.25840893772767
1.38460433280742
1.55385221410051
1.75003095013362
1.94495575708712
2.08789500511635
2.16581356140683
2.18272674506181
2.1416629749082
2.04323261641653
1.89320150883618
1.6905193960849
1.45528684138339
1.23767133335283
1.05420871867793
0.9104694954928
0.805255228702366
0.734431869368309
0.693405545991332
0.678340560050064
0.68655454993733
0.716462991349963
0.767273409283658
0.83846830246744
0.928992633708793
1.03600055552827
1.15310434345305
1.26847042158543
1.36407371874669
1.41804913346809
1.35069655182912
0.964356134661324
0.731823798000142
0.677246985640566
0.710616718949557
1.27412887090774
1.52545701859529
3.13820576264263
9.97532837274326
14.0923201673252
10.3123581436787
7.91249288464597
5.9365569060972
4.46421792185684
3.41743481730597
2.68081274363153
2.15406339756335
1.76635388592014
1.47440960937286
1.25505004507052
1.09691963342363
0.994169349757731
0.943202124307088
0.941740202783859
0.988557116488856
1.08243442099173
1.21959153973394
1.38977089765437
1.57259628193995
1.72263695235387
1.82328665262062
1.87568249652506
1.87812822377799
1.83074553918479
1.73485512937419
1.58851808347465
1.40588936777018
1.22911140835793
1.07625021369937
0.95563212142818
0.868907413574421
0.814377162859919
0.789368263888352
0.791525926589407
0.819318178547194
0.872059376701194
0.949620289921847
1.05182758589895
1.17741271506802
1.32230756366928
1.47724324681707
1.62526813832522
1.74102693304452
1.79562306066761
1.66194810086369
1.07684549145771
0.7312578142497
0.647249448819785
0.689815764134465
1.27027715378769
1.56380665015513
3.12992668664547
8.98725149994135
12.0040956772233
8.73520371796359
6.73523392284112
5.1046102823199
3.89530645546654
3.03370621660536
2.41904673502999
1.96591758744373
1.61630736704775
1.33831174326046
1.11866447238072
0.953309158221791
0.840258704775552
0.776862239368781
0.76026106785538
0.788512976356502
0.860635528489734
0.974894640114617
1.12543153832919
1.29832641885639
1.45340209484651
1.57228074524778
1.65437633566026
1.69440054744352
1.69226901700838
1.64545636161705
1.55120886032306
1.4180472994891
1.28032992806652
1.15742788410417
1.06036664541674
0.993684291792745
0.95816335482678
0.953040458043861
0.977331029745592
1.03041679678905
1.11213686252168
1.22251391528556
1.36106840191855
1.52550732706964
1.70953473575673
1.89983638872009
2.07323095332518
2.19675582225917
2.23391577666227
1.99981865271765
1.1948228102322
0.742560335920578
0.630518631094762
0.677842969347639
1.26375277973754
1.61055574106736
3.08990204483256
7.51409345277893
9.28282501747722
6.81312963051518
5.34082847364008
4.14167756509071
3.24992594961599
2.60886630488954
2.14072301991859
1.7788825030378
1.47972604614571
1.22397592227718
1.00996890433251
0.842553634947034
0.724553571130136
0.654618553519078
0.629400093054783
0.646196934699208
0.703974190549084
0.802348502199785
0.938753891260296
1.10453099139693
1.26428272282072
1.39900450977357
1.50732148291431
1.58129131627518
1.62105097933556
1.62084268855739
1.57744853980734
1.49412094662632
1.39730969554555
1.307402824362
1.23802334135078
1.19660306725602
1.18638480989899
1.20834397325661
1.26246018559582
1.34835630459197
1.46549088853325
1.61298661986936
1.78895249673987
1.98897181928335
2.20348406416077
2.41434046609781
2.59211241614799
2.69744973262642
2.68995884050685
2.318446401846
1.31104192466346
0.769927028187099
0.62995727568951
0.67520217983856
1.25467200904264
1.65649492747404
3.00289776629087
6.04589032218419
6.81540924362949
5.07863289130989
4.07801592640693
3.26549327448376
2.66099704920847
2.22343291994712
1.894630096318
1.62258138617192
1.37432713148535
1.14122632683235
0.933138367789405
0.764486929420524
0.643289440612881
0.569509331599594
0.539247028423626
0.548999712418024
0.597528353170884
0.685367554452931
0.812466269232224
0.974479182823447
1.14010139083503
1.29034366646843
1.42379585894976
1.53059650895757
1.61167124339548
1.65863583333483
1.66846274267757
1.63956911291312
1.58995697462176
1.54068918012927
1.50781974765902
1.50157213470683
1.52740389231054
1.58744066083121
1.68157996740998
1.80821698819267
1.96474668544095
2.14780481306231
2.35286376730541
2.57264535240344
2.79414411172248
2.99500815129828
3.14154220939736
3.19201071171019
3.10835051736984
2.57909973051425
1.41815370850867
0.813597839503535
0.645332095274616
0.681796538409631
1.24017598821076
1.68934072975001
2.82124353622894
4.62140915684293
4.69210473693471
3.57462600671196
2.96844340482676
2.48488598218861
2.13171615441794
1.87924481753498
1.68301726062114
1.49941460515562
1.30102362094479
1.08776149226713
0.88199563584414
0.709447170410986
0.584006958684891
0.506731723367347
0.47279523352775
0.477673395164959
0.519803955024703
0.600501159789439
0.722044404110223
0.884306788397323
1.05984212150932
1.23004948236435
1.39425952230258
1.54107701117136
1.67324791528916
1.78007549324887
1.86005284607936
1.90660660450872
1.92666145065454
1.9415332531001
1.96971225193133
2.02419033415505
2.11203708740179
2.23490979792207
2.38987069542652
2.57057323120868
2.76892088636394
2.97668236103595
3.18591819094348
3.38726242609632
3.56627350715352
3.69965778148514
3.75454181166335
3.69438258506999
3.49294821380569
2.78891568043787
1.52704510580946
0.879579569975621
0.680354276096616
0.699535998494101
1.20065148065218
1.64995313868406
2.36666615287601
2.97507031266087
2.67231369799827
2.15042569070364
1.90382182605813
1.7269802667858
1.61884196521269
1.55813529993782
1.50750087332932
1.42277229987434
1.27515599275487
1.07357343555672
0.859363754814775
0.674991443148714
0.541352024582164
0.459395729913441
0.422155629337053
0.423530431329028
0.461624339531341
0.53897727901767
0.66125984603831
0.834600369545303
1.03640746069577
1.24906208106013
1.47480816636562
1.7009972484988
1.93623354589734
2.16782635884087
2.40172890027879
2.62452473746877
2.81948426030796
3.00599979977614
3.20412222992254
3.42791685379301
3.68120329110009
3.95568220324161
4.23203418298958
4.48483404659333
4.69043973508399
4.83411739696453
4.91184839465348
4.92554211512324
4.87510726205864
4.75286852107484
4.54438568139531
4.23658438128651
3.82998687431518
2.93554237907027
1.66577125235583
1.00816705212552
0.767997606394185
0.747617458113313
1.10962048969327
1.42188590181967
1.71553926246292
1.80737954433191
1.60497573871146
1.43878383172066
1.38228725678396
1.36350549765769
1.37782656785811
1.40560169685818
1.41180518045132
1.35713692141277
1.22313589061747
1.03072429496169
0.827167402651078
0.653891111553863
0.529141232105511
0.452951931271659
0.41894576559644
0.422151713786077
0.462106369081111
0.54358062713607
0.676280587853837
0.873424446298099
1.1171464491273
1.39179371387644
1.70588394138224
2.04773419200013
2.4383607267613
2.86724140209319
3.35854939769122
3.89398487917825
4.41245650627391
4.91825767635208
5.41879855852293
5.91373995075385
6.38657144641576
6.80207159809634
7.11234371337538
7.2714735304755
7.25331652423659
7.06233489469021
6.73013669564806
6.30031900105843
5.81212267120581
5.29202033888555
4.75501307330616
4.21150091942134
3.67383448341216
2.76919950879168
1.72149826978423
1.15211516123835
0.895240558725419
0.823320845796813
1.00159641086851
1.16415930293366
1.26156555890928
1.25378050016308
1.16473309264678
1.12308101195369
1.11988863090005
1.13301393429156
1.15557253867537
1.1724151515276
1.16261741537942
1.10814195015872
1.00561171672228
0.871031281479659
0.731212027416566
0.609616449128404
0.51877710802111
0.461825951355893
0.437795578607423
0.446133405684251
0.489374959292566
0.574587019217544
0.714065469297539
0.924995181615213
1.19244066005547
1.50243814418181
1.8683837945433
2.28058794510468
2.76952625621462
3.32821712720838
3.99386114295403
4.74237322878818
5.4710337204598
6.15788821694477
6.78671995244897
7.3393000637311
7.78938282225599
8.10236723179622
8.2420656670785
8.18272464870588
7.92101145915656
7.48127111667493
6.91026755035259
6.26392246694612
5.59334713903942
4.93662972615708
4.31786325693063
3.75060753434565
3.2419454557273
2.47662023761296
1.67428733024601
1.22064375244673
0.982566221917807
0.880774883057497
0.900328146316536
0.95608223895584
0.970837930269165
0.945765614282382
0.900468453662665
0.884910040190735
0.88116869688456
0.882056321043424
0.884546678322199
0.88328377555735
0.871665995394642
0.843991863828393
0.798100155618191
0.737052608723096
0.668545328272163
0.602279927496176
0.547064779215912
0.509351176263384
0.493574087768839
0.503592476267812
0.544385590879153
0.62348881259361
0.751827221337988
0.943449451393144
1.18313964226167
1.45635000876658
1.77441333982414
2.12788241343477
2.54167574332252
3.00762889455343
3.55259148263691
4.14657272899663
4.69715723024885
5.17936722000854
5.57747938530949
5.88200477722516
6.08624369003425
6.18436488330274
6.17166743058839
6.04664826464001
5.81383724917277
5.48597690381267
5.0841722178245
4.6354180352486
4.16824347425753
3.708215250398
3.27493961792716
2.88118216873764
2.53364850111485
2.02943995236482
1.50537407070797
1.19565014828212
1.01342261126546
0.91432577087394
1.26721314111372
1.46087764459644
1.69210025937495
2.00498387179493
2.39112219224526
2.62925983321841
2.75017732997129
2.85062393615674
2.92719434889771
2.97977417888122
3.01203284319948
3.03107189849835
3.04636054504797
3.06826191565988
3.10653126841305
3.16907151564506
3.26102874844153
3.38413265756511
3.53613233859234
3.71026933098796
3.89492883929798
4.07383792555177
4.22731110498393
4.33491718052214
4.37332066389568
4.36245703358511
4.30598492357593
4.21508972860395
4.08723534027896
3.9238435805115
3.72276307667074
3.48443908982461
3.25204027867965
3.03691952600161
2.84468740533024
2.67619228414485
2.52903832488262
2.39913362569633
2.28199519400199
2.17368595503002
2.07133778007173
1.97327426885642
1.87881298046602
1.7878850213004
1.70063095898853
1.61710310525215
1.53713961906968
1.46040336326327
1.38651848731206
1.26003855554972
1.09008307638422
0.954957399483801
0.856367453196893
0.803162780838825
1.28037914249427
1.44489133075813
1.68882243814751
2.05906466418354
2.51682974392731
2.78536168853725
2.9061851658963
2.99852239672866
3.06156086421063
3.09840332608868
3.11591158577775
3.12392686369752
3.13413582463944
3.15879771333756
3.20953797643029
3.2963362159585
3.42667655436194
3.60467003908947
3.8299108128923
4.09596544378795
4.38874344278584
4.68550518599841
4.95572021871913
5.16496792488811
5.27099074785707
5.29373499219465
5.2447083366351
5.13905111603491
4.9765515681088
4.76227021120349
4.49370076171861
4.17936507195671
3.87772841415195
3.60479401163176
3.36712728492457
3.16399963284026
2.99008936491494
2.83799527843206
2.70027210449593
2.57087771960563
2.44595537760316
2.32392046513341
2.20494701513388
2.09010186794588
1.98045290404962
1.87643198471426
1.77759845539859
1.68279656155153
1.59056614721393
1.42739915266248
1.19243807504664
0.999489723359383
0.865185595794715
0.805176508857026
1.20847662516086
1.25263238849911
1.4370079608308
1.79838378254996
2.26519989728131
2.51776346482071
2.62000513879002
2.69032001939111
2.73185668838424
2.75099314315858
2.7562664138319
2.7574861748073
2.76508762489259
2.78956235567739
2.84087354407465
2.9278476950963
3.05751324903522
3.2342584809368
3.45862430375042
3.72564687547704
4.02298830080685
4.32961734014388
4.61631448669085
4.84931383103469
4.98346272185147
5.03529463905684
5.01795018733054
4.94537134015023
4.81989141267731
4.64661647666211
4.42551187712403
4.16527766984105
3.91700978270798
3.69516409457006
3.50483507472395
3.3438085890184
3.20522542649014
3.08023577805756
2.96037443815858
2.83942510791658
2.71448073344781
2.58598037160427
2.45678060282427
2.3306513570985
2.21074906780019
2.09852927711914
1.99332573926364
1.8926065888666
1.79275785613564
1.6063827382396
1.30150849620597
1.04016054831297
0.873522967088422
0.820168463834728
1.0854958080247
0.968860027728344
1.07001322766212
1.42123819101959
1.92501987118698
2.17857998330838
2.2698233346955
2.32476687365289
2.35135074507981
2.35947269411459
2.35920002544638
2.36004297702596
2.3708541996202
2.39987752625195
2.45468324216912
2.54190947783708
2.66678881289727
2.83240961273034
3.03864267324047
3.28075643279378
3.54800175545722
3.82282758518554
4.08169096151621
4.29829519310261
4.43501407199332
4.50495131900399
4.52154892786682
4.49564708245655
4.43194513205816
4.3346281155208
4.20656155654037
4.05451577175768
3.91209904139947
3.78918484422218
3.68780251502759
3.6034441786743
3.52720567576202
3.44843140902158
3.35756689891833
3.24869055102498
3.12100646193027
2.97876045602068
2.82962085678466
2.68218905750093
2.54354344083405
2.41747415408392
2.30362541261806
2.19749817512447
2.09129558663929
1.87569659043848
1.44638745302105
1.06180229752719
0.860782505582981
0.841739716430829
0.991013390457573
0.769134266939793
0.812966647817015
1.16343180486552
1.71203588343608
1.97669493695715
2.06082840116676
2.10642273992907
2.12500420685529
2.12880356497696
2.12895561650299
2.135016716017
2.15512705610828
2.19632490350981
2.26472804801384
2.36545956028694
2.5022722491409
2.67684824324505
2.88778929111067
3.12943539564187
3.3908726032998
3.65574186810388
3.90354776111295
4.11284720289501
4.25248803624588
4.33338582783156
4.37110371353888
4.37453784389479
4.35026101780131
4.30279354528312
4.23624985298905
4.15835207147208
4.09005795378213
4.03766849228452
4.00030123619379
3.97081884971537
3.93779168729268
3.88836529864576
3.8116745023983
3.70199101476534
3.56052753342534
3.39514305458656
3.21805520502933
3.0425102136256
2.87960423475987
2.73601209289789
2.6126962659707
2.50428117216929
2.39903407766302
2.16321263920982
1.5893340250775
1.04851218883198
0.830643833998822
0.863022396760797
0.95339990725608
0.680651558568219
0.695762953273434
1.05434079395816
1.63121827992645
1.88915200062172
1.96449394842095
2.00236444178067
2.01607056997771
2.01862148731589
2.02138576008917
2.03382162167402
2.06375315353128
2.11777020459619
2.20146948925968
2.31940433705711
2.47468667847129
2.66823042063918
2.89769918696689
3.15637001060728
3.43234102406979
3.70869789694378
3.96521994153279
4.18175869907415
4.32859694819184
4.4175705345216
4.46570372890145
4.48190291117014
4.47399565329905
4.44675213245351
4.40569864949875
4.35856666651393
4.32169771183083
4.29966046770094
4.28978883761773
4.28307659255821
4.26622744355126
4.22480975951631
4.1470860626514
4.02752368879816
3.86871751226515
3.68088962696377
3.47915965164015
3.27972875496792
3.09633833620557
2.93780038052008
2.8065631838871
2.69770180476753
2.59785901842376
2.36638326918185
1.69378454004296
1.02605640723704
0.809340929571868
0.87952638588063
0.933798316408653
0.626190455848295
0.619532337209873
0.988286966455588
1.57961024719154
1.81900622005561
1.88399561775651
1.91498176610543
1.92571843926689
1.92919279325705
1.93664749093965
1.95735374308705
1.99895463790428
2.06788380984331
2.16959826773034
2.30848245972883
2.48735852206196
2.70660227058544
2.96297287005282
3.24844593230815
3.54956150713227
3.84793276211884
4.1224121500402
4.35284133434434
4.50940541538418
4.60596293093644
4.66120256403983
4.68471210476319
4.68540220521279
4.66830555011357
4.64010601989712
4.60826655356117
4.58693295052351
4.57947971851697
4.58185724709714
4.58357683462539
4.56994213287875
4.52548276814999
4.4380816849312
4.30267460647236
4.12315432420898
3.911644929073
3.68543999363217
3.46288269060013
3.25964094959364
3.08618657359455
2.94636249130104
2.83633841512541
2.74282003142509
2.5274748910044
1.78353536479647
0.998220847974458
0.794143640192288
0.897161408737662
0.926540703498566
0.593658647608634
0.569711394990528
0.946511649416229
1.52954420316016
1.74023845749116
1.79449667235315
1.82042423443862
1.8307615425347
1.83806751557685
1.85316034513088
1.88508703567434
1.94146159723183
2.02885584771344
2.15296788399437
2.31841683383757
2.52808307096993
2.78200099927777
3.0759645886541
3.40023794671243
3.73900576618467
4.07128060304452
4.37369504320335
4.6248685932907
4.79387215026754
4.89755141189325
4.95690280784725
4.98275688596386
4.98497169775988
4.96895943194189
4.94193957080065
4.91104684003194
4.89001202433054
4.88140704340955
4.88017222538275
4.8748212303233
4.84991716665329
4.78973064522205
4.68249031932815
4.52404327238277
4.31957185141989
4.08262148760799
3.83183904213689
3.58675797009852
3.36408106977698
3.17523266682753
3.02503145818968
2.9106290008926
2.8203953235249
2.62315179640475
1.84199466249811
0.967403773038323
0.787220525529694
0.918576768990096
0.932427373510618
0.583254694518861
0.551178200247099
0.919487482541058
1.4663245973002
1.64311519022097
1.69053265883473
1.71470950118751
1.72826215087333
1.7427654551842
1.76850190041244
1.81435701090014
1.88815037508617
1.99695362411221
2.14715558416867
2.34409486335527
2.59115140360662
2.88830347386594
3.23037052663539
3.60547130306828
3.99451503116474
4.37257462562092
4.71252271766905
4.99033526165289
5.17302394764428
5.28158260950575
5.33993894561543
5.360816036516
5.35470239496599
5.32749462987752
5.28601509906775
5.23695953047728
5.19596512252409
5.16539405834386
5.13985259085676
5.10772775919232
5.05391382243404
4.96355027221647
4.82612704935063
4.63881819960568
4.40784169191256
4.14727457007559
3.87580451255775
3.61270036618977
3.37432942996713
3.1719023797925
3.01026134697024
2.88699583048564
2.79027169098955
2.60021133268918
1.8086257431382
0.946027400832133
0.794433134006783
0.94367310799552
0.950304606957866
0.59668220381486
0.558788835696857
0.899898876154868
1.37487714773817
1.5299175752471
1.57345039615967
1.60011799519381
1.6204644624967
1.64509731204696
1.68376049271911
1.74535120997211
1.8381729488501
1.97017276561103
2.14888785771559
2.38088475878549
2.67053458358048
3.01811538220184
3.41752660745101
3.85432288817017
4.30514697012855
4.73962976744554
5.12512807634535
5.43335819252883
5.62853186552334
5.73712231792526
5.78654924054194
5.79217711923447
5.76460926321541
5.71039563278228
5.63478890954254
5.54412944339427
5.45893276834141
5.38221293345724
5.30921752933734
5.22935783764734
5.1291187365026
4.99566761569735
4.8205236473836
4.60231286930336
4.347677327129
4.06998825325107
3.78637078616709
3.5141513406751
3.2678243616452
3.0570797574441
2.88573499211021
2.75085036658803
2.64167828906257
2.42095107060886
1.69808811739593
0.931551859811905
0.818283211496816
0.972470789350755
0.980771009328501
0.629632109001497
0.585816013915453
0.879293210036089
1.26537975092209
1.40807363688283
1.4526980031662
1.48507284751218
1.51461409581827
1.55092753342023
1.60338904953725
1.6811000450147
1.79309706556364
1.94851346745414
2.15641764369413
2.42505136672145
2.76024206674856
3.16294236385078
3.62624247646317
4.13277844954957
4.65396773900111
5.15247047707624
5.58829747272683
5.92721758540784
6.13029386269826
6.23091441355835
6.260417388528
6.23764710594361
6.17265070639531
6.0729606188223
5.94107620652466
5.78354790719984
5.62927306612159
5.482988308784
5.34167878862442
5.1968953218303
5.0377317322435
4.8541058514496
4.6397912816526
4.3944841393522
4.12429951809471
3.8405550627583
3.55730648591025
3.28849267511127
3.0454993477369
2.83553179615384
2.66066279900983
2.51709379201408
2.39382410214204
2.14330442832075
1.5105022859808
0.922834907291854
0.860281382199933
1.00307150166217
1.02084961563299
0.681187475531948
0.629125391639335
0.854247135288071
1.1608146077564
1.29396133720879
1.34229547251678
1.38179189621302
1.42094622368854
1.46865271451456
1.53408145545582
1.626692039096
1.75640596854293
1.93372014057187
2.16946070144115
2.47383449620618
2.8544609341045
3.31327427867654
3.84268800271969
4.42218330239885
5.01718602517126
5.58208029877049
6.06791593666887
6.43302166573362
6.63557180492796
6.71724909570457
6.71351472065501
6.64755343612501
6.52814385834578
6.36436198483598
6.15509129004383
5.90832472178625
5.66486177247741
5.432177451447
5.20983813569557
4.99215858503444
4.77115060355934
4.5393840871507
4.2923584514121
4.02995926528702
3.75669728354031
3.48073449395088
3.21206658818806
2.96044827956872
2.73359474423406
2.53591541645771
2.36770304514978
2.22443603258347
2.0956421860091
1.8394739792821
1.33984132679317
0.937430867721172
0.914484061439936
1.03309575930494
1.06840069193573
0.747330404220247
0.682991197866219
0.842503742208457
1.08153369759729
1.20572875672861
1.25720519337174
1.30293056958934
1.35017448313523
1.40725185776299
1.48325998627086
1.58808956674433
1.73257462492765
1.92857861108584
2.18869290404835
2.52513105059423
2.94739859565458
3.45854376827332
4.05040395597533
4.69924649305262
5.36414477127955
5.99048277936358
6.51937916226777
6.90081744484966
7.09110035879158
7.14123540013433
7.09068533174485
6.96769972058914
6.77918990854192
6.53653745359661
6.2347678245666
5.88510238386782
5.54288662401881
5.21888080228496
4.91540455621582
4.62931217651953
4.35491230007473
4.08647654123593
3.82010683839746
3.55479225202826
3.2925777850563
3.03792859813987
2.79655018177979
2.57402341300035
2.37457378654676
2.20013907996333
2.04971202792162
1.91881302798968
1.79918035939457
1.57261616617615
1.21680062187927
0.966418618014544
0.974632011247497
1.05933700492869
1.12073231924601
0.824626153249972
0.747876673903164
0.855028626394443
1.04245534644431
1.15754566455051
1.21014677873811
1.25951135193966
1.3118138758705
1.37488907982155
1.45784972722163
1.57102104230005
1.72605341626164
1.93599141434372
2.21494116300481
2.5768479013995
3.03286265605533
3.5870113522804
4.23057999550452
4.93681333854007
5.65872024413758
6.33294950552289
6.89084700032251
7.27414689855158
7.43899354556325
7.44597061627874
7.33798089569883
7.14867510246237
6.88274599904937
6.55465522418555
6.15605276384023
5.70324228765203
5.26691955574415
4.86087210175821
4.4894827772531
4.15107848913553
3.8409342665338
3.55361644621109
3.28458406123633
3.03106708769679
2.79228837789453
2.56914851127439
2.36354990599209
2.17756642555087
2.01264097096594
1.86892162985016
1.74476935457502
1.63647854945658
1.5384821327239
1.36404510242232
1.13712042502686
1.00268349356608
1.03333175974733
1.0786148162256
1.17502124325393
0.910957981449248
0.828223628887258
0.901130177472567
1.05392995537005
1.16015218765021
1.21130371345584
1.26070263082548
1.31388149422801
1.37845065294338
1.46365532174077
1.5802181715984
1.74039912767043
1.95804921689822
2.24826679741332
2.62610897812528
3.10375832763179
3.68578071858955
4.36286634725182
5.10577339652564
5.86260277417689
6.5628565771941
7.12975821611701
7.4981406009816
7.62602309440125
7.58256283141731
7.41300998065213
7.15608400252007
6.81421094893815
6.4054114679481
5.9190060470198
5.37762052949191
4.86572570502776
4.3990761080542
3.98279060132042
3.61518846786962
3.29103928326815
3.00393792606161
2.74783510951802
2.51787045489711
2.31066735514086
2.12423376167231
1.95760176020171
1.81033034443141
1.68197912942502
1.57163396726311
1.47754800029971
1.3969929824711
1.32648362296733
1.21007241239803
1.08844891816826
1.03890635261024
1.08293046912256
1.08859175044062
1.22860440538087
1.00572480917431
0.931078128898496
0.991710451648948
1.12680044929369
1.22405860833113
1.27042289663565
1.31506993037177
1.36356410606725
1.42374198409322
1.50518305480047
1.61895070774108
1.777599645064
1.99522579459295
2.28713846387876
2.6685730374887
3.15180794884286
3.74128095140528
4.42705997545163
5.17839530534786
5.94060604203337
6.63904480029108
7.19198287208827
7.529861549074
7.61428271116216
7.52039956879626
7.29418540096795
6.97824866169947
6.572970326894
6.09982641763813
5.54707676576197
4.94376852769124
4.38442338832503
3.88529978992805
3.45083637970224
3.07806637022185
2.76022250210137
2.48925410934855
2.25737090158525
2.05785650758422
1.88538198522403
1.73599331719614
1.60689573609994
1.49612429494892
1.40217045520026
1.32362324742011
1.25888248661613
1.20601222090318
1.16279224671649
1.09942709062767
1.05859172148918
1.06784028710129
1.11686323153054
1.08812479372593
1.2791583809614
1.10936291834703
1.06538408937217
1.14196351952834
1.27722497743456
1.36321949675212
1.3993955537452
1.43213105159472
1.46798526275942
1.51569687688854
1.58546798430167
1.68860140728632
1.8374963774524
2.0457435267156
2.32786841286269
2.69814112582753
3.16783698733492
3.7405515816371
4.40587274215842
5.13300236937387
5.86743588199185
6.53446118213037
7.05164132290691
7.34821491917106
7.39008319325839
7.25432374807294
6.98563597381606
6.62854552785027
6.18179357289588
5.66952066042533
5.08007516045002
4.44779176713678
3.87229560994713
3.36905787981004
2.94088598744397
2.58290352509363
2.2865075326427
2.04202565784155
1.8402604298564
1.67324628146524
1.5345118555769
1.41905461035602
1.3231564655537
1.24411685848252
1.17995158184442
1.12909445065674
1.09013662741889
1.06163633847322
1.04200919463409
1.02153770028405
1.03797453101403
1.0835403144493
1.13098485348991
1.07733978570989
1.3247263147934
1.22238852045174
1.24134938151374
1.37359109558365
1.53039758732316
1.59748606466098
1.61370339018116
1.62287981949588
1.63407721786659
1.65788473928558
1.70543183384041
1.78801150548675
1.91720716601284
2.10515853177738
2.36448114701624
2.70730060762988
3.14287090889526
3.67343301237809
4.28854065489232
4.95917320877798
5.63434046719034
6.24368949672386
6.70853640853642
6.96007421890607
6.96790683675671
6.80608176556849
6.51597871367442
6.1416001587386
5.68054242286381
5.15827423808035
4.56405412468418
3.93548832388639
3.37230697730602
2.88849953692798
2.48502910365938
2.15523934182213
1.88905981801764
1.6757295147483
1.50528971746131
1.36924279206741
1.26072086960631
1.17439880964483
1.10628742462551
1.05347648240372
1.01386074337176
0.985867131529322
0.968196980689519
0.959594537174953
0.958640226098911
0.969307293105153
1.020630100181
1.08285132736966
1.1243831925985
1.05751867665595
1.36363479067093
1.34416935305775
1.46898627152635
1.71565466841421
1.92215705778766
1.95228517904608
1.93113894751006
1.89794402813329
1.86661070874985
1.85073641843545
1.86247740799441
1.91250504545129
2.01059596388183
2.16629960366143
2.38918536102528
2.68823818596075
3.07001495365253
3.53529656992968
4.07436212030944
4.6618387576257
5.25326508209506
5.78643749290805
6.19013859395024
6.40001047699746
6.38769983870026
6.21939856230192
5.9314650586756
5.5649536218928
5.11681853900496
4.61228678005513
4.0419706103977
3.44441262630003
2.9153216681251
2.46719989740538
2.09961644867777
1.80481439342864
1.57201176055903
1.39010402337504
1.24906514477106
1.14049475313531
1.05768977271741
0.995490527884236
0.950039136310227
0.918512580673289
0.898851220202109
0.889486304025318
0.889068226580715
0.896203373207156
0.909212177770304
0.939592022605816
1.00464306114322
1.06637738201079
1.09942025365951
1.03085014744011
1.39440541667197
1.47164640680886
1.75472872443519
2.20140212737528
2.49501588322809
2.45258557756124
2.36558773190696
2.26197485043372
2.16369347927618
2.08830533850333
2.04842945565776
2.05283586988624
2.10806307978464
2.21979111899129
2.39356272792546
2.63462403842387
2.94668520178952
3.32942110251315
3.7747316581194
4.26234380137888
4.75630073907651
5.2048852091826
5.54663034891498
5.72316807223368
5.70618997839489
5.5503735920323
5.28600620225314
4.94923945376191
4.53682634647084
4.07228106803803
3.54768539632034
3.00036681660362
2.51918086128754
2.11563098786735
1.78871886352933
1.53049625798449
1.33031247726768
1.17743200153214
1.06233478171258
0.977170097751822
0.915756235461532
0.87337906371546
0.846523030878693
0.83258826543353
0.82960339038665
0.835927211246602
0.849938658667562
0.869740572619519
0.892935893562112
0.932883854851995
0.991972268464311
1.03837751005512
1.06102304203154
1.00010218848952
1.41576800740112
1.59842742001661
2.09531900218133
2.85592798791586
3.28139567960136
3.10692408479889
2.91365580749762
2.70362877093789
2.51004470789892
2.35427682211764
2.24759601929757
2.19471625789802
2.19711929802409
2.25537981614084
2.37040073007041
2.54364743254477
2.77639305952804
3.06788216489232
3.4123639472906
3.79529415272904
4.1897478992783
4.55505689793434
4.84020586909243
4.99348704273543
4.98511254183804
4.85640699809381
4.63129674221729
4.33981848929678
3.9788494142497
3.56905228997871
3.1038541572609
2.61769255346037
2.19099674816959
1.83494630746094
1.54886470943672
1.32548000605015
1.15499818634563
1.02760348908605
0.934675516559773
0.869186727913818
0.825667064542212
0.799981568649631
0.789045746335195
0.790522319365748
0.80249822657057
0.823127313948053
0.850244887313575
0.881022043129479
0.911810503866216
0.952763679131302
0.98759960434085
1.00560791550895
1.01552262302865
0.968277444944843
1.42681919858285
1.71498275270326
2.46997006923159
3.66919438929982
4.26654506814453
3.88027642245497
3.53551477606947
3.18370766911257
2.87069529572534
2.61939091166584
2.43647769544949
2.31986137080257
2.26417482301533
2.26406425699153
2.3157870717049
2.41760861081329
2.56921788979097
2.77017962009615
3.01739539448153
3.30172770485943
3.60444673107113
3.89498587824948
4.13222597316252
4.27120428073052
4.28008984669631
4.18690067070378
4.00957421812203
3.77160525992027
3.470184176442
3.12241255897943
2.72279215293219
2.30175338611227
1.93069251755062
1.62106456424838
1.37324811578791
1.18132056676482
1.03686769414464
0.931355165619191
0.8572913580727
0.808608881339884
0.780629683898134
0.769844915697462
0.773622561986077
0.789875090769392
0.81667458526092
0.851794531605597
0.892199736897075
0.933622486591835
0.970528276507446
1.00527733447645
0.998243440277513
0.975660688538533
0.969465856453334
0.938299153379512
1.42726156374141
1.81065824901186
2.83580056519191
4.55867279205134
5.33848155981693
4.66740297568884
4.14070764166145
3.62978931886206
3.19072766418549
2.84362851139633
2.58686811307108
2.40923912004829
2.29755428872185
2.24060112949886
2.23079016754085
2.26435454628767
2.34050808410691
2.45975677457148
2.62147828610466
2.82088991371156
3.0457559581733
3.27378956923217
3.47249841874374
3.60343317850508
3.63311507549275
3.57775032419537
3.45010045418478
3.26734495589395
3.02706042756076
2.74249266205808
2.4088923076012
2.05206924382729
1.73439204708371
1.46797197080552
1.25472490064475
1.09051408041002
0.968627879570564
0.882017295161221
0.824430623875567
0.790812177319653
0.777294911543977
0.780997859498119
0.799727095877713
0.831598958568869
0.874560000085329
0.925778215832344
0.980952695832043
1.03377905453136
1.07610044525141
1.09807182692894
1.03088059663421
0.955452672723265
0.928730616183477
0.91276073810905
1.41755748630927
1.87730345456278
3.13460343559554
5.35241951290271
6.26851544890015
5.29673090038874
4.59896433398724
3.94895862608502
3.40687065488036
2.98554735816176
2.67290422444548
2.44818178501525
2.29099311297834
2.18553822909639
2.12200469668401
2.09621358621126
2.10810385791872
2.15955897307896
2.25194734588214
2.38349465170216
2.54652551631031
2.72499885199301
2.89355306389603
3.01985400508736
3.06976789976549
3.04996748687447
2.96905238118441
2.83855352938187
2.65644280648395
2.43215524272684
2.16139308527451
1.8651283621233
1.59701831422193
1.3699617689461
1.18764207996805
1.04793472167262
0.94599709127961
0.876361670931438
0.834056954079543
0.815043811223216
0.81625163763074
0.83539997941153
0.870686966055262
0.920346485835415
0.982033177901874
1.05200989241296
1.12422707070077
1.18966344463874
1.2367436780901
1.23885238513328
1.09102939757237
0.950188499710966
0.898059005276531
0.893761643218062
1.39893784794349
1.91194315771662
3.31643369933543
5.84396312132425
6.78397873758157
5.59137647056287
4.78796261901631
4.06191243241584
3.4702911328992
3.01681019625602
2.67997130488953
2.43154006034031
2.24620302849515
2.10583976347441
2.00059033539353
1.92770852401372
1.8890470082443
1.88819411010112
1.92798119562803
2.00841471280414
2.12469147187717
2.26521440656298
2.41032938008175
2.53330554647269
2.6004897438778
2.61146229287772
2.57168770544439
2.4879389322039
2.35858858595601
2.18954931299289
1.97677536029197
1.73647085412142
1.51399527190478
1.32295478266414
1.16882555908019
1.05156357884206
0.96825568561456
0.915046333645183
0.888242730736717
0.884794424324247
0.902377807755384
0.939241137876951
0.993869789714166
1.0644524117163
1.14809024544853
1.23973188109805
1.33100414978457
1.40946314572375
1.45943891419157
1.43230018632438
1.18182635362765
0.963314770588451
0.880937239592801
0.88281924457104
1.37303033321269
1.91736709667691
3.35967507335605
5.8993960867821
6.72120677769442
5.46458569222507
4.65635414671436
3.94170645161592
3.3690738010938
2.93455302843997
2.61096744903303
2.36625007900041
2.17312614627196
2.01363360503951
1.88005176750921
1.77284831788972
1.69690241002125
1.65783145339282
1.65956053921511
1.70299258728761
1.78495969536885
1.89691290185557
2.02367934063898
2.14353112336899
2.22423734900889
2.26046917261541
2.2554818019398
2.21223195342649
2.12954284715931
2.01024567871187
1.85049440688694
1.66199656293961
1.48218796697925
1.32515226477524
1.19803609489684
1.10283361044782
1.03854979891549
1.00292343542755
0.993495449993502
1.00812190880948
1.04510252605082
1.10304517217987
1.18049877507392
1.27530867305602
1.38362032474466
1.49854179292368
1.60874530728979
1.69784212457481
1.74570087040559
1.67647902107611
1.30165482780293
0.996168354341223
0.879442508224488
0.880895666200618
1.3415663114981
1.898514951717
3.27593881423382
5.54036384754694
6.13170940571372
4.97217465225863
4.25345713071958
3.62853616213088
3.13465865503556
2.76335242775704
2.48587313340256
2.26957555161266
2.08745255726568
1.92342288961341
1.77352216740573
1.64288012099806
1.54038346602948
1.47404842732284
1.44874264698175
1.46574384734917
1.52271673693269
1.61315684995959
1.72536520545282
1.84196784006942
1.93275842574597
1.98922892402295
2.01320219351966
2.00469926804243
1.9631158521702
1.88872467269974
1.77800563966212
1.63858798039192
1.50023768157853
1.37719309310964
1.27804533434873
1.20669942655236
1.16399974637275
1.14919376970813
1.16092219099842
1.1977421079945
1.25829324646242
1.34118727589867
1.44461625524996
1.56559990443911
1.69878728767585
1.83487877979744
1.959135637741
2.05105171520522
2.0870292712463
1.95803089303053
1.44467122081014
1.04851293222817
0.894444863277654
0.888257238688186
1.30596311448242
1.85932469343258
3.09554121959131
4.90824420376854
5.23490410620697
4.2736429966026
3.69891970923762
3.20792926090791
2.82675613449345
2.54484947560931
2.33437550996424
2.16357528398489
2.00629507404098
1.84872745641359
1.69137742869437
1.54499548452664
1.42327454373361
1.33702174592889
1.29206189336827
1.28979080870594
1.32821983813136
1.40218955046644
1.50266912170307
1.61599603739936
1.71426167870395
1.78703029566691
1.83531789418254
1.8569737531887
1.85216969408888
1.81918102913606
1.7551363493134
1.66413011680166
1.5683525124325
1.48182021341253
1.41426004494646
1.37127017853732
1.35535245826529
1.36704070817859
1.40575179851175
1.47029216203542
1.55907416015308
1.67007366345549
1.8004692448472
1.94583264230139
2.09878544885928
2.24729432833303
2.37330277946875
2.45312593014846
2.46162047241672
2.25343566860856
1.59908839863991
1.11777035347553
0.925152474647458
0.904574885871932
1.26721253657281
1.80155009037252
2.85184886740104
4.17422083610726
4.27585871044656
3.54077458245921
3.11978192195712
2.76980059743367
2.50747097884441
2.32149669400368
2.18551729522495
2.06831672529165
1.94364876980897
1.7991452197909
1.63962937089668
1.48193005307302
1.34512183817107
1.24315435962622
1.18290057321466
1.16576943472973
1.18983273681909
1.25079376896779
1.34166209169799
1.45190270367999
1.55593848702742
1.64224799511117
1.71153575497943
1.7601144965555
1.78921440772829
1.79569342757031
1.77785510023565
1.73693277486721
1.68747347812812
1.64286332804234
1.61356859502769
1.60653206863149
1.62554722323039
1.67195397710742
1.74528060904023
1.84372997058409
1.96452114664608
2.10404719999235
2.2576869133187
2.41905395019546
2.57861265257959
2.72200395720086
2.82907618977881
2.87530111941304
2.83744962944408
2.5322986275625
1.75153436020724
1.19913495344465
0.969382848247592
0.928757727260502
1.21921606763717
1.71308330047797
2.53151259404984
3.36149954441129
3.29448948542081
2.79277575417499
2.52581507980459
2.31773022059345
2.17753999233219
2.0938141864322
2.04120263663168
1.98744167057288
1.90394367765412
1.77807561207807
1.61880005948903
1.4501283417101
1.2978586720853
1.17993545235605
1.10457739834869
1.07316941460046
1.08364853437076
1.13231606016886
1.21396875296971
1.32109676131625
1.43070071587974
1.53064060863034
1.62175510273171
1.69921299642149
1.76591735834079
1.81782520988853
1.85551661712782
1.87795739117341
1.89054933358564
1.90540617785504
1.93320878871171
1.98175807769728
2.05548712772556
2.15551785609007
2.27999897515746
2.42466758464403
2.58360779611596
2.7500032532014
2.91646635537228
3.07453691733804
3.21332812551994
3.31797820308393
3.36928413606648
3.34626048446667
3.23265025691248
2.80511573028151
1.9103921508747
1.30054074120864
1.03293906956723
0.964429302774259
1.1312164178075
1.52105101738789
1.99222625557901
2.29446961644057
2.13971569018361
1.91308740387945
1.81855972955111
1.77223295993249
1.77737112849069
1.82349282921271
1.88533727334322
1.92566497241722
1.90756067446165
1.81355864924459
1.65666146853791
1.47177874606928
1.29579890157302
1.15348042810681
1.05549207809039
1.00332359970984
0.994605796475611
1.02618432085156
1.09499683945368
1.19756982402103
1.31499277900125
1.4347576371378
1.55897364537852
1.68203851653859
1.81087840569884
1.94185126260024
2.08215989349735
2.23008844540241
2.37474246470388
2.5245850274611
2.68835510614912
2.87229500966845
3.07800403534142
3.30122783975636
3.53191571077586
3.75581332351156
3.95736765284086
4.12291579690829
4.24266255400353
4.31045266647075
4.32168548867652
4.27101425390355
4.1518503751494
3.95887227635483
3.6927756431604
3.08932129763822
2.10380943408939
1.46290876886571
1.15363965105533
1.0360120759698
1.00655929080803
1.23318033913138
1.41371359602626
1.46215519724787
1.37508576524556
1.33822905943702
1.35147901528602
1.40288411142414
1.49394102093697
1.61576652495711
1.74507829138524
1.84507956188206
1.87721747809622
1.82118544268567
1.68778010336285
1.51194689412131
1.33301886663433
1.17937702929664
1.06506071235536
0.994023775486194
0.965656725826296
0.978541289378528
1.0321438001856
1.12702433457043
1.24907875793359
1.38616589614079
1.54278711243411
1.71402227113212
1.91318637943292
2.14012606308606
2.4142764973621
2.73822972345781
3.07964875632384
3.43783280603318
3.81178329103539
4.19677044787424
4.58114229807972
4.94487470803087
5.26115462755472
5.50135707072755
5.64208378181095
5.67134534452632
5.59091304968154
5.41386828655402
5.15912239801171
4.84608384876702
4.49185955407715
4.11131917440223
3.71842158410048
3.03438478147536
2.15196486362531
1.59153162771663
1.28276860940713
1.11689473876179
0.896634175176195
1.00308758677653
1.05975783593811
1.05519602404363
1.02866950519472
1.05846926653205
1.10155510201803
1.17174673000894
1.26891259156237
1.38591030655285
1.5060519013414
1.60392106807932
1.65248876083977
1.63502952806042
1.55403960297389
1.42976059136205
1.2898478818896
1.15864206625687
1.05214421467309
0.978580210927965
0.941434436114445
0.942449802098081
0.983613444343458
1.06803973456889
1.18532301036508
1.32399107003029
1.4900405958269
1.67960295060132
1.90965559117988
2.18313575505167
2.52684450962766
2.94644909811583
3.3950967005242
3.86109533677959
4.33082233931435
4.78703733459019
5.20744260786129
5.56495810613496
5.83072181793764
5.97963428851493
5.99673641474389
5.88172861489171
5.64941459251014
5.32579359755158
4.94169829600704
4.52675876729099
4.10563699265672
3.69682052409209
3.31294056015888
2.71293625784305
2.02494360141024
1.59110988858221
1.32743036147568
1.15149729201385
0.810937051514492
0.845290351068635
0.852037424051067
0.838976375824159
0.835109559675505
0.874121123797132
0.908953344487613
0.959351362712641
1.02488375941662
1.10194422693181
1.18271859687826
1.25522346561135
1.30541632045754
1.32148835119773
1.29860828737485
1.24125705988531
1.16156968128287
1.07491871745711
0.99555414998801
0.934279381601484
0.898327870727379
0.892505866443445
0.92058872006828
0.986325215364988
1.08254940355252
1.19782316581215
1.33770413074928
1.49822421675898
1.69343989312104
1.92545024854649
2.21485550061894
2.56275062578328
2.92414815423242
3.28395753567759
3.62688500745179
3.93772706721366
4.20142689466069
4.4034953721323
4.53120289698333
4.57550157649189
4.53314715228853
4.40817842785014
4.21198006469266
3.96165638569735
3.67715891320191
3.37812141191118
3.08135678823921
2.79951256135312
2.54077946138158
2.15747704228128
1.72316091912926
1.44630828116629
1.26546554394909
1.12776056421104
1.5245095090479
1.61035525802821
1.62158212680663
1.63155429617068
1.64901986833122
1.66347899799755
1.67304859378119
1.6834761094969
1.69539184296297
1.70984724811698
1.72835081373538
1.75282745994979
1.78551275103072
1.8287914828931
1.88499180906408
1.95614362264561
2.04370277902253
2.14823661621958
2.26906945599945
2.40390665483236
2.54849501449312
2.69642961877529
2.83926265805864
2.96707289764924
3.05860764713926
3.119005994849
3.15248873938048
3.16156062030819
3.14654705649107
3.10360080523968
3.02864291693694
2.91286938249752
2.77477104532245
2.62368262472512
2.46787774218922
2.31388014945019
2.16630317407045
2.02805409759039
1.90071293634597
1.78493345696289
1.68077617634542
1.5879402555826
1.50590066733226
1.43397707609177
1.37136548204746
1.31715874352091
1.27037308308521
1.22998816443538
1.19499885050249
1.14162344343415
1.08243096751096
1.03801993117199
1.00206095821876
0.968049315402312
1.70568818280481
1.80493825882537
1.80033768475085
1.79883319071207
1.80076115593571
1.79768112679725
1.7960742132409
1.79523004159251
1.79681466782151
1.80295454268007
1.81618388224479
1.83936964201981
1.87562782818429
1.92822237471088
2.00042908812818
2.09534089233194
2.21558254329214
2.36289706618848
2.53757318141061
2.73771767453583
2.95845199631596
3.19122844646143
3.42358904245892
3.63975832803524
3.80402466187134
3.91907921762035
3.99304627412044
4.02802863359625
4.02576007952224
3.98057644228551
3.88599209303381
3.73088739586044
3.5406865092872
3.33041295373815
3.11307763630153
2.89860052956636
2.69369901647674
2.50238210656663
2.32668183856524
2.16735481931016
2.02441458214051
1.89746054163563
1.78583513326979
1.68866944442993
1.60487923812481
1.53315969922094
1.47200868874249
1.41979020025478
1.37483040739287
1.30658931580552
1.22571227249037
1.15992956178046
1.10398069613109
1.04577629614739
1.7910509521661
1.84763861214904
1.82225165731832
1.82235348670504
1.82357610650044
1.80687916940535
1.79475820651046
1.7821349844031
1.77192037676411
1.7673400373147
1.7717280122061
1.78841859516426
1.82072294703412
1.87193444164984
1.94530451209074
2.04393914158512
2.17057098172367
2.32716395617356
2.51431761794781
2.73047526437426
2.97101976148338
3.22746707072701
3.48710938968841
3.73354225824498
3.92681942130295
4.06830094758738
4.16757265801277
4.22624753890585
4.24778422406671
4.22595265049024
4.15551655231222
4.02388955956194
3.85331689761419
3.65845852728147
3.45202247507483
3.24372467302164
3.04023964707198
2.84575719468008
2.66275523832441
2.49270258116273
2.3365413475161
2.19491831989248
2.06821501197001
1.95646351555046
1.85923576336138
1.77557241823335
1.70398984924473
1.64257778632812
1.58916998618618
1.50656870988988
1.39850262657311
1.30434401321139
1.22515310656141
1.14239265588723
1.8078288142537
1.78355992334296
1.73649382910473
1.75967855359631
1.78865748177269
1.77084256364373
1.75251530382722
1.73090600434827
1.7106742665112
1.69648537586192
1.6925901942375
1.70271238018401
1.73012991353946
1.77781166642471
1.84850634990665
1.94472065570707
2.06854789415691
2.22132256160406
2.40309436882837
2.61195357363556
2.84330914359512
3.08931763065428
3.33875069936578
3.57761177147236
3.76933192319848
3.91504823519757
4.02528093088032
4.10142283844127
4.14889556098523
4.16248000912578
4.1401218605797
4.07007234134913
3.96489877574469
3.83472837872452
3.68824242612886
3.53202895464057
3.37068608578222
3.20738282565135
3.04455756042364
2.88449363066985
2.72961965378111
2.58250341485223
2.4456088474423
2.32094062744621
2.209703561564
2.11207058349175
2.02711183444812
1.95290632063525
1.88682452696268
1.78072872858027
1.6257551409186
1.48602240100221
1.37774199908401
1.26834652237204
1.76545606852249
1.68525427948414
1.62679616582236
1.67370861902893
1.73507355737617
1.72610246752626
1.70659451453102
1.68172958067257
1.6575393607654
1.63976877373788
1.63330418061022
1.64211182175055
1.66941807610624
1.71792914296506
1.78997172817723
1.88749573071227
2.0119143030439
2.16377915881761
2.34231469981096
2.54487502574303
2.76644536130258
2.99936985605679
3.2335167689002
3.45704686183643
3.63845723895872
3.77848856873466
3.88909820992477
3.97149839712874
4.03236317457946
4.06834215765084
4.07893457055727
4.05611417851512
4.00447677196031
3.93034336139157
3.83870294775653
3.73296868594854
3.61529171418951
3.48721299088756
3.35038555327382
3.20712071608899
3.06059600858195
2.91468591392756
2.77349758914043
2.64076878196436
2.51929266714705
2.41048933829798
2.31418953366239
2.22867737578833
2.15105883978398
2.02027702622355
1.8182072889838
1.63527922756806
1.50461608942958
1.37160559877587
1.7471707368484
1.63551190903127
1.5686660847635
1.62278928497919
1.69907140885037
1.69418936655574
1.67451379589842
1.64877334073666
1.623796014991
1.60584021585499
1.60004764525809
1.61047001619043
1.64031148493627
1.69217829811465
1.76822487851874
1.87014520939884
1.99899521777599
2.15485855291579
2.33639888276661
2.54038402316785
2.76131694474347
2.99134695803586
3.22062846654952
3.43820629146477
3.6146978426257
3.75153559382883
3.86122427480353
3.94525825283624
4.01094116813091
4.05574620633076
4.08046101047547
4.07839329208349
4.05122119331481
4.00357016214987
3.93865431280404
3.85823997219149
3.76308958495746
3.65369909608414
3.5310746877907
3.39730255362752
3.25574130050508
3.11079247162776
2.96733675149809
2.83000928491655
2.702497798421
2.58699480640849
2.48386457767274
2.39156841153419
2.30700527180831
2.16210434461524
1.93320055593781
1.7303239026255
1.59111945668657
1.44221008809983
1.73545873832265
1.60270354934127
1.52915030000024
1.58111946385272
1.6639383683002
1.66085306891025
1.64120083740906
1.61553257551911
1.59118107945842
1.57463902587798
1.57113098121614
1.5847314870418
1.61863815730133
1.67542467537596
1.75716999566256
1.86541996976242
2.00097503769857
2.16352893321837
2.3512198542829
2.56020039651208
2.7843757463719
3.01547764022901
3.24360408509476
3.45823775702339
3.63133001831265
3.76532234258318
3.87314712837929
3.95673101299699
4.02378448666788
4.07234497679307
4.10419981642268
4.11345495283705
4.10043323340237
4.06873941667953
4.02045733325669
3.9562527910173
3.87591648196334
3.77916805463494
3.66647669070338
3.53965480299869
3.40205194463348
3.25830153073842
3.11370926141056
2.97346328616514
2.84185867788659
2.72167160168378
2.61374018642957
2.51674478239416
2.42738574354112
2.27277439283417
2.02597703728847
1.81697644992087
1.67409300557387
1.50768613779591
1.72608590971665
1.58059193399465
1.50173273160097
1.54298349505361
1.62370252775845
1.62046862292929
1.60109786774425
1.57648472056927
1.55422739815921
1.54076642305348
1.54127623423475
1.55981140135769
1.59958611228952
1.66320424988471
1.75275029647955
1.8697011947189
2.01465903507483
2.18694182871416
2.3841142360163
2.60158957104892
2.83247155097411
3.06780045822399
3.29729648587168
3.51054429380944
3.68054654091403
3.81097337595478
3.91527764176718
3.99592789301455
4.06084143233058
4.10857266001717
4.14146572908037
4.15438610588172
4.14735202739021
4.12340013510599
4.08392522124592
4.02889370208097
3.95745913172079
3.86880591141406
3.76298821862629
3.64153189880385
3.50763314050819
3.36590785535367
3.22177792079958
3.08067045388341
2.94721997307411
2.82460801753317
2.71408410691026
2.61467993734586
2.52290385605842
2.36312224705538
2.10891951163007
1.90892840565538
1.76504043956397
1.5754049200513
1.71961573085926
1.57075253740722
1.48528017540343
1.51485159749894
1.57848733107973
1.57379029106819
1.55472527080848
1.53228867142134
1.51358217043759
1.50479402575944
1.51093002021945
1.53600066281941
1.58326984919862
1.65544037145414
1.75468695855481
1.88249941251032
2.03933944618728
2.22416062190994
2.43389644128515
2.66307844189916
2.90377818254192
3.14603932468605
3.3788551550534
3.59156153953181
3.75801790688507
3.88339860173896
3.98173330487836
4.05616352593728
4.11454996510393
4.15591684010307
4.1826438262776
4.19030082908506
4.17978227588053
4.15402717270726
4.11422299837847
4.06010004026987
3.99058572315589
3.90464891042699
3.80211843101598
3.68426592340959
3.55400503442853
3.41566753479161
3.27443558479773
3.13559064245298
3.00375314256669
2.88223644392259
2.77256395961332
2.67408801286134
2.58400978676751
2.42506053064432
2.18960385003566
2.0063976701125
1.86346285845996
1.64395019358766
1.71617746634125
1.57240985511307
1.4790435333397
1.49033477997337
1.53380589109236
1.52289554748126
1.50491459176027
1.48558120655182
1.47159556942244
1.46870218197705
1.48167948342662
1.51448821406926
1.57047906294783
1.65251679947173
1.76294125127066
1.90332588688486
2.0740394771081
2.27367229022046
2.49845827937135
2.74189221802872
2.99476906538098
3.24581898766304
3.48295564641538
3.69492619514933
3.85639520984168
3.9743558794047
4.06342895630698
4.12757787178192
4.17429171204578
4.20304329473723
4.21569066118214
4.20850732262571
4.18451977888063
4.14703183665542
4.09749813587745
4.03587177857723
3.96126354050044
3.87274747861399
3.77012100206596
3.65444232794251
3.52822533975761
3.39526318055233
3.26014908090779
3.12762922177412
3.00193400701055
2.88619460396045
2.78197947155475
2.68896249255371
2.60449232844709
2.461734207851
2.25598861746256
2.10315323632586
1.97004123260749
1.71075698902531
1.71466454363858
1.58510091976141
1.48391329737864
1.47447131902766
1.49167241308259
1.47346343090787
1.45656393412298
1.44083305277182
1.43214759609384
1.43575679115439
1.45618151595045
1.4973410940278
1.56270257116821
1.65533664448817
1.77779823060554
1.9317895604728
2.11761123287124
2.33347482858597
2.57483805776151
2.83400506446244
3.10026097132829
3.36072771742262
3.60192116877711
3.81170828337403
3.96568518144834
4.07299486222711
4.14881023277554
4.1980764791376
4.22757134036318
4.23724052248
4.22790320322341
4.19664110404226
4.14985209873667
4.0916177043858
4.02406375922514
3.94773855302786
3.86225159919928
3.76701438434007
3.6619196341217
3.54782065971109
3.42672324404042
3.30167333130795
3.17639561949025
3.05478655407689
2.94037430257468
2.83582902739092
2.74256250721184
2.66040005074592
2.58741887650967
2.47196966037259
2.32236347388552
2.21029564155049
2.07945087309561
1.77336639425561
1.71433448566824
1.60596379427732
1.49847646407764
1.46877235805754
1.45763802117534
1.43207951247454
1.41595515693149
1.40362145954907
1.40008514812104
1.41006533941699
1.43782953411156
1.48726404724062
1.56196371153265
1.66521760872369
1.79980725690791
1.96756937892456
2.16872764566552
2.4010791418389
2.65922816143556
2.93415847866725
3.21346177776263
3.4824288525717
3.72594709728603
3.93080731791326
4.0738520025624
4.16667845381505
4.22491070201958
4.25462812297659
4.26157160117314
4.2462375095531
4.20801105184645
4.14501040809913
4.06808441667677
3.98239947526178
3.89101725603591
3.79529022308629
3.6954715563311
3.59138788915429
3.48304013840486
3.37103169631042
3.25676697641266
3.14241377775821
3.03067052633342
2.92441100446176
2.82628575472026
2.73834310795706
2.66170620366533
2.59635082696305
2.54125544536385
2.46395535454451
2.38072504651898
2.31209819096494
2.18937432165798
1.82851206893383
1.71361960866661
1.63319194503602
1.52495451491337
1.47526499327338
1.43827815273584
1.40542209809328
1.38949849442877
1.37974573795561
1.38049316658231
1.39599238134825
1.43028351194922
1.48722352490717
1.57052032464544
1.68365340649596
1.82959355630323
2.01026797795873
2.22577399646891
2.47343907253162
2.74695137426556
3.03590147745252
3.32610395196036
3.60092874845078
3.84355256020334
4.03963707431227
4.16774635476414
4.24214471074589
4.27873736476586
4.28485137473997
4.2649219222002
4.22011449424615
4.14817021180432
4.04856138983374
3.93733567867565
3.8208894331441
3.70329420870802
3.58671107039131
3.47198415482114
3.35926669430784
3.24856875760363
3.14015692933426
3.03477318617578
2.93367381054135
2.83851734868932
2.75114885640604
2.67333268569539
2.60647976899857
2.5514107841177
2.50823185497736
2.47646718474628
2.4458100923004
2.4342956232637
2.41312652108528
2.29234239121818
1.87326355499326
1.71095964326157
1.66486762555272
1.56348913225601
1.49852223695012
1.43996143855189
1.39965286889823
1.38299441816886
1.37450846636738
1.37808136252814
1.3976267964484
1.4370057177045
1.50003990388959
1.59050503979748
1.71199706732841
1.86758376303134
2.05918406212732
2.28667833842417
2.54685873608222
2.83247207144846
3.13173988723648
3.42877087060561
3.70511884852387
3.94236956142286
4.12517685121376
4.23438471984521
4.28696389072878
4.2988584821705
4.27867671802559
4.22937075884781
4.15289849871514
4.04535363891035
3.90788498390607
3.76200604407667
3.61529601485286
3.47271294058159
3.33704331346142
3.20950887716927
3.09038324140368
2.97952338801188
2.87676799736559
2.78218705786326
2.696189125242
2.61950738373251
2.55309454110837
2.49795980467705
2.45498085927904
2.42472719081092
2.40734357616521
2.40253730623559
2.42417570050751
2.48635168261686
2.50920729697451
2.38067323567045
1.90503106676536
1.70492366424009
1.69934019128373
1.61468045430757
1.54319776233881
1.46838077872589
1.42003549912538
1.40133033575291
1.39235761329447
1.39680510970489
1.41840086244721
1.46088315271536
1.52801785847297
1.62356871485003
1.75112545808301
1.91370477289137
2.11306665290379
2.34875190189258
2.61695956542107
2.90953711118461
3.21349848194843
3.51151836932326
3.78367510690827
4.01030992911596
4.17536106462889
4.26247074797221
4.29110319054257
4.27693047183192
4.2297562287579
4.15098268949018
4.0434390076466
3.90174957536819
3.7289605562365
3.55177015265902
3.37871920113937
3.21538001619966
3.06486654747443
2.92849006266822
2.80640529748317
2.69815941277735
2.60310925316318
2.52070350338204
2.45064160441213
2.39292776692676
2.34784068543322
2.31583986324179
2.29742901154045
2.29299585055329
2.30264220857318
2.32601464865214
2.40152145085664
2.53374852933682
2.59116513292992
2.44674790755004
1.92208453736309
1.69436608556844
1.73534630483047
1.679605533255
1.6135137268634
1.52842686479191
1.47090175651733
1.44841291822842
1.43675085084204
1.43965590266186
1.46082682521107
1.50392911865338
1.5726289832551
1.67056016206074
1.80113527428531
1.96712209814542
2.16993227991396
2.40863343796152
2.67880942022174
2.97154851051332
3.27298374413493
3.56484583044855
3.82631379666605
4.03703419134678
4.18064507145056
4.24392123061213
4.24830758921394
4.20884137598761
4.13629545151007
4.03056616300147
3.89534442565604
3.72408557743773
3.52176819171338
3.31949288678491
3.12643315927205
2.94844306261343
2.78865064656777
2.64819082794613
2.52690854696314
2.42394531042014
2.3381830384846
2.26855155042991
2.21421819601658
2.17467943750845
2.14977119287475
2.13961073121656
2.14447821069676
2.16463823176974
2.20009078770821
2.25025740732388
2.37612592414585
2.56846387651701
2.64820362096012
2.4841823436047
1.92390216223694
1.67850552312489
1.77182708818031
1.75917588951493
1.71296074509271
1.62414279272706
1.55556976631858
1.52705109385528
1.50998467836643
1.50843624066202
1.5262318754234
1.56699732009881
1.63422381725206
1.7312559305953
1.86111515302574
2.0260877394953
2.22703373884889
2.46243493782412
2.72730562144988
3.01223481590784
3.30296660638818
3.58096706830129
3.8252705233501
4.01550491127231
4.13546249456267
4.17508170967704
4.15698861897061
4.09520453145703
4.00111515768008
3.873251471293
3.71604841107843
3.52214516507415
3.29827280891087
3.07879947158167
2.87318388838341
2.68726224326238
2.52393429972484
2.38398507137269
2.26685466848523
2.1712665254341
2.09569393824137
2.03868023629607
1.99903878839359
1.97595664026227
1.96901790565641
1.97815405956121
2.00351838874405
2.04526933075002
2.10323680664535
2.17648489490309
2.34430463652891
2.58143215957014
2.67121704864185
2.48929539593752
1.91127262435103
1.65691766648279
1.80756149546857
1.85329052646347
1.84360925536039
1.75818489124184
1.6758467885188
1.63847652384802
1.61273891126253
1.60333412303163
1.61437184777747
1.64944554180577
1.71175730438063
1.8041624865151
1.92904613081243
2.08797003140396
2.28106023203631
2.50615811946442
2.75784796568455
3.02659838413648
3.29838127300874
3.55518489887106
3.77672146211106
3.94328772067412
4.03922979139521
4.05733179193127
4.02040148502759
3.94109216353497
3.83095991879658
3.68738308117478
3.51532688457178
3.30696134793164
3.07040746795482
2.84201141849653
2.63122822661785
2.44367330003155
2.28189215664841
2.14626369739513
2.03582991340404
1.94895775182506
1.88381795212979
1.83870457501022
1.81222912296487
1.80341766282139
1.81172752710115
1.83698673945162
1.87924532754208
1.93851299284888
2.01435095249877
2.10534556468657
2.30308578914415
2.56636546305027
2.65565805002729
2.46215812396915
1.88617751544008
1.62947167234955
1.84075860403149
1.95982481019656
2.00474636523214
1.93041864294033
1.8308310102241
1.78129489103038
1.74319489259569
1.72221275481528
1.72288866465437
1.74875426145551
1.80256367520255
1.88644777909358
2.00189793622009
2.14953018940532
2.32861319106189
2.53638326358503
2.76723623568377
3.0119856530498
3.25749189662776
3.48703842363489
3.68176931665326
3.8232316172737
3.89660238604733
3.89689953167787
3.84605955131167
3.75509346388349
3.63526552622522
3.48305684463381
3.30369147249955
3.08917365802295
2.84854285155238
2.61886509329428
2.40940042982523
2.22545592894729
2.06921310034358
1.94069075099586
1.83861690782869
1.76111029384229
1.70615983209934
1.6719329225851
1.65695283247274
1.66017740481756
1.680996111838
1.71914595744958
1.77453094084736
1.84691621642161
1.93546805936162
2.03818505633585
2.25218260314053
2.52233777069618
2.60311790588211
2.40676603005147
1.85150759735494
1.59625334347203
1.86876470214912
2.07356059255698
2.19081644302584
2.13556388310161
2.01500457735427
1.94991071036501
1.89581098199131
1.85972359627546
1.84673063836367
1.86021988239185
1.90229265152531
1.97409819337817
2.07599126901613
2.20747650998005
2.36693273964348
2.55113168278029
2.75460679094231
2.96900745525161
3.1826847135133
3.38085033954079
3.54664625163776
3.66326522323659
3.71685231711859
3.70389722804293
3.6445241524263
3.54793975860029
3.42470272438095
3.27066345485126
3.09102433903575
2.8778662111745
2.64065115007589
2.41606850286601
2.21308693754025
2.03671239204622
1.88883671044353
1.76922974140971
1.67643113996951
1.60843640162815
1.56316734432077
1.53876247593179
1.53373183249769
1.54701068443773
1.57792909144269
1.62609652878149
1.69118609314351
1.7725939612665
1.86895822923976
1.9776011328034
2.19468410652134
2.45437438255288
2.52104831860288
2.33026504774362
1.81068089206231
1.55751249207203
1.88804530198449
2.18541851561295
2.38916037211317
2.36039586628374
2.21611906831488
2.13290340127389
2.0601890765029
2.00661672888541
1.97784185851313
1.97695983389969
2.00517691746775
2.06240437575759
2.14766086918174
2.25925708674729
2.39475621848833
2.55070336016996
2.72214084571126
2.90199991342354
3.08057636723622
3.24541588927678
3.38197363375739
3.47527855430432
3.51247354849442
3.49079115941208
3.42784927492422
3.33100813642374
3.20980629867923
3.05971091898565
2.88565657480216
2.6799789990846
2.45211288597766
2.23749785145085
2.04477807503105
1.87871892389311
1.74103711000981
1.63138920158303
1.54826041601467
1.4896415446624
1.45348346858796
1.43796644289957
1.4416303430575
1.46340062054659
1.50252631185017
1.55842940040506
1.63045416458291
1.71750458600194
1.81757585573755
1.92726046893824
2.13641825550892
2.37199931911597
2.42079568944947
2.24152315885158
1.76723623462492
1.51365023396165
1.89456000107118
2.28263536092153
2.57886205268544
2.58197186216242
2.41408338602198
2.31237393646993
2.2208465187785
2.1498635393542
2.10555624310627
2.09051150970417
2.10478386980527
2.1468196050476
2.21416804277773
2.3039568398211
2.41310712157034
2.53824524484064
2.6752939314303
2.81881588972829
2.96131564431051
3.09283211351146
3.20120940880146
3.27333665993695
3.29733715181485
3.27065046879997
3.2080094840223
3.11498555591794
2.9999046640299
2.85805451781491
2.69391835717417
2.50020684981809
2.28596734263433
2.08474521862245
1.9048494434813
1.7508753588956
1.62447946079896
1.52533277923112
1.45198500823086
1.40252030806376
1.3749909243736
1.36766444764716
1.37912985536101
1.40829567535927
1.4542954480943
1.51630106208128
1.5932404367863
1.68342679775885
1.78413447592682
1.89121432241736
2.08442523581279
2.28651067965457
2.31479983475521
2.14952929414385
1.72446778350758
1.46523534697951
1.88451734170631
2.35054798212534
2.73261463389508
2.76913912008585
2.58253159866344
2.46555875715346
2.35882314395302
2.27420412269402
2.21805345243757
2.19218627168339
2.19526616028514
2.22409724709704
2.27469301800964
2.34308370111329
2.42578894133051
2.51985688501496
2.62243228163938
2.72995350267283
2.83722955345935
2.93675807263624
3.01867863049295
3.07166855730493
3.08482343992812
3.05553859551403
2.99559028127432
2.90887791135956
2.8024400161659
2.67152955872252
2.52006865187828
2.34121532873837
2.14337840544571
1.9577632414016
1.79232077508891
1.65152381183815
1.53705614700701
1.44870244471201
1.38516753940215
1.34469998077845
1.32550060725547
1.32594780007994
1.34468107837329
1.38057340776741
1.43260579415663
1.49964687693404
1.5801443935185
1.67175941422016
1.77101198909533
1.87303765955334
2.04522321984843
2.20820696438887
2.21402796743289
2.06206468924617
1.6851444183609
1.41302496172938
1.85527814931668
2.37607915482711
2.82275991928935
2.88892975591111
2.69414702577424
2.56941674822363
2.45550411469003
2.36524964639608
2.30483039817691
2.27501607680797
2.27287849804928
2.29344134601656
2.33114102826311
2.38101224320141
2.43942414026934
2.50418314323417
2.57396513389818
2.64726134748709
2.721189096228
2.79057512127508
2.84768900195327
2.88290033222038
2.88631139230619
2.8553174725144
2.79890475327458
2.71942966417005
2.6226616398215
2.50389930119718
2.36646446668332
2.20400030623065
2.02413445866926
1.85544119118035
1.70545827471101
1.57854205559967
1.4764490846043
1.39913807478143
1.34552545274787
1.31406554659328
1.3031297546636
1.3112099301165
1.33698206817492
1.3792563415494
1.43682502758507
1.5082138295994
1.59135479353582
1.68323745175341
1.77964122893131
1.87505408406781
2.02341448786925
2.14464928472616
2.12650825649811
1.98489319277905
1.65132912726384
1.35793698329181
1.80621838367547
2.3510980056237
2.82933016830806
2.91670836215955
2.72869661291125
2.60720225024823
2.49775861389476
2.41334591439595
2.35950574383669
2.33571564399526
2.33728192167482
2.35728846729713
2.38848438559537
2.42492519952023
2.46301213850675
2.50160984250515
2.54122450531335
2.58258201599561
2.62512285403835
2.66588834355473
2.69913289397924
2.71685255036835
2.7102398206587
2.67697878019824
2.62356876370527
2.55092038733656
2.46361085871709
2.35700380517937
2.23383957714522
2.0882625809046
1.92707339569349
1.776034577633
1.64217797092626
1.52970326196467
1.44043896808257
1.37453633012238
1.33114338409063
1.30893039330857
1.30643468538631
1.32224221944741
1.35503467516046
1.40352252478296
1.46627317024465
1.54144267763257
1.62644174519761
1.71761330566073
1.81006668691346
1.89775075324134
2.02101757243091
2.09952527763421
2.05652746996929
1.92152480990011
1.62429175532661
1.3010261031136
1.73880641754342
2.27561741062503
2.74789654871856
2.84526999896461
2.68019521550921
2.57415965365255
2.48219957456194
2.41657732688951
2.38179325797072
2.37584295491331
2.39207965567777
2.42136875209773
2.45445855700532
2.48422075804515
2.50710591010862
2.52326831416206
2.53536856636475
2.54663605934695
2.55896258855994
2.57160066961695
2.58073488128857
2.5799840756178
2.56175274533394
2.52446430164071
2.47246390856173
2.40524727834227
2.3262976001414
2.23101006431851
2.12160267589579
1.99272662253622
1.85038880576597
1.71743255285277
1.60025980322691
1.50283204366271
1.42700530343684
1.37310032601572
1.34047906490004
1.32800407337594
1.33434396392181
1.35813370270059
1.39800984891535
1.45253433586715
1.52001275523313
1.59821905021506
1.68406881503204
1.77334237463872
1.86060349405929
1.93949485711585
2.03701363899203
2.07357967409731
2.00566753736098
1.87330419219189
1.60449108838006
1.24336795422265
1.65649185485407
2.15697465449899
2.59032077657748
2.68769205880122
2.559088822893
2.47916585197108
2.41626197622316
2.3813301414839
2.37761039147517
2.40151997308369
2.4442232510956
2.49387812277574
2.53858152395219
2.56945235076078
2.5827359843983
2.58000243838917
2.56644866690159
2.54824004416606
2.53004838245238
2.51351864185497
2.49684830268947
2.4753523578748
2.44278853636184
2.39884112362914
2.34596755806888
2.28219014132152
2.2099834829293
2.12469843689384
2.0281109068362
1.91538195532998
1.79181803528516
1.67728156267866
1.57740321386076
1.49579423427562
1.43425619078456
1.39321647921551
1.37219376221171
1.370181354448
1.38590947686334
1.4179867578574
1.46493123071967
1.52509600393975
1.5964914255303
1.67651869518701
1.76166955908747
1.84730774380099
1.92770398238958
1.99641287582826
2.0679200235545
2.06400740841983
1.97239343513677
1.83981739290712
1.59163489432304
1.18599891600683
1.56379795487751
2.00802564277486
2.38077248264089
2.47184515112723
2.38804967143408
2.34122769807364
2.3153738842222
2.31997711059501
2.35710584776684
2.42164875334493
2.50231513491491
2.58383028815354
2.65057245375844
2.69085988082663
2.70010505059975
2.68126995906439
2.64254930505951
2.59370330927527
2.54278295441624
2.49424514031839
2.44854847989657
2.4028560029669
2.35241598707676
2.29867702795599
2.24233366974942
2.17977671294284
2.1125180402797
2.03575725033989
1.95091184798841
1.85365837356114
1.7487369075616
1.65299753265463
1.5711586161363
1.5063523013921
1.46021385850644
1.43317661892861
1.42481697306921
1.4341550977913
1.45987361127819
1.50044695170915
1.55418059354585
1.61915462676743
1.69306749321258
1.77299718453437
1.8551452334933
1.93469356476815
2.00593981278028
2.06276841191777
2.10785199637513
2.06665628580522
1.95383744659428
1.81917613881352
1.58476446599223
1.12983926085446
1.46556917684754
1.84334962951413
2.14707092260683
2.23028727100912
2.19383981630806
2.18283338868278
2.19768160835447
2.24675789665778
2.33138612581759
2.44518406084751
2.57419375088125
2.69882031585214
2.798258717407
2.85645306593085
2.86690623656266
2.83374875687632
2.7687163499112
2.68609059507458
2.59822028802156
2.51306513567873
2.43376718739982
2.35955351917213
2.28726386787719
2.22050911521979
2.15815333661829
2.09470713282207
2.03071012044397
1.96108653476557
1.88696940487261
1.80456117927763
1.71819321921319
1.64169941037982
1.57876407962373
1.53190911045985
1.5024701570978
1.49075068719147
1.49624318116794
1.51784647500246
1.55404669793837
1.60304802802552
1.66283932243203
1.73117698063507
1.8054706241454
1.88258922567288
1.95866189576915
2.02900983601987
2.0883596793218
2.13134736310573
2.14994850054482
2.0755017532934
1.94559346045284
1.80846079935365
1.58239331082027
1.06672012595465
1.35006125279581
1.64913954159025
1.87634117485517
1.95272115048023
1.96831061974799
1.99766630927268
2.05951085142432
2.16186484689278
2.30610964809292
2.48502908128591
2.68150459736564
2.86975205871728
3.02068045854273
3.11047915598564
3.12842335277898
3.07941590954619
2.98012443943545
2.85167433960058
2.71305232175941
2.57754217702095
2.45214485028008
2.33878804279155
2.23617323568449
2.15063016639216
2.07860072391443
2.01196179971367
1.95005266394727
1.88731396261368
1.82461510214721
1.75878343382009
1.69390048004728
1.64033669171935
1.60046920540863
1.57595931146328
1.56760874428046
1.57535778319588
1.59836926268678
1.63515979390099
1.68375646504979
1.74185814857361
1.80696798070647
1.87645392846369
1.9475070577222
2.01701160117063
2.0814073283822
2.13667990420887
2.17860127683603
2.20320879811836
2.19100634285561
2.08521885335741
1.94275746803187
1.8047237589157
1.58460478657008
0.965582417394036
1.16361056145152
1.34822705156386
1.47747192502156
1.55223525260354
1.63994359353895
1.72545213154219
1.85584060950694
2.04100750767838
2.28519084184696
2.58230429797053
2.91105944775625
3.23345763239656
3.50096493678688
3.6689438891102
3.71285764177043
3.6363170130173
3.46634738463209
3.24045611224495
2.99400419436857
2.75313815030874
2.5334425092412
2.34188987700935
2.17974271673743
2.05738118055623
1.96563857578717
1.89102268808983
1.83045396533943
1.77726877131382
1.73209916493207
1.69264542051527
1.66342174051821
1.64907719077111
1.64974270519449
1.66536061461857
1.69538189954493
1.73855400935797
1.79283213093063
1.85543688279447
1.92306014588965
1.99217990201653
2.0593987288648
2.12169952488173
2.17654153902375
2.22179695966602
2.255616970962
2.27636342840552
2.28270403713357
2.27385481674504
2.21442863430503
2.07753191287701
1.93465916273883
1.80560249909106
1.59652251447361
0.854984632247765
0.961634137602325
1.05081144755582
1.11797861294089
1.20792986255926
1.35230132968687
1.48183903812013
1.6663424944024
1.91922593945904
2.24976927495772
2.65622065662142
3.11695877084002
3.58440447150388
3.98928356540522
4.25957071961644
4.34738352232196
4.24756080188954
3.99595846997596
3.6508521890373
3.27113244525572
2.90225316801896
2.57218349989062
2.29389050353618
2.07010224556183
1.91309005775344
1.80504816969758
1.72649839037647
1.67131284049349
1.6319303121129
1.60880138530462
1.60104940199494
1.61394626438783
1.64597247132829
1.69479626421089
1.75806342226908
1.83300036591066
1.91611603025082
2.00310184593625
2.08900057517452
2.16864839138107
2.23729809862783
2.29124587178634
2.32826320092128
2.34770609970073
2.35030514768134
2.33776083979597
2.31231351645378
2.27640738801753
2.23246961387921
2.13728307506135
1.99343864325683
1.8711504025504
1.76241177119693
1.5694772363095
0.775914183873394
0.825573046522534
0.869783542650174
0.916274690852162
1.01545674588255
1.17381093097531
1.31046281680809
1.49923436037959
1.75253840394798
2.07955298871124
2.47990659902451
2.93528697302431
3.40279414634335
3.81687593232296
4.105014016966
4.21328984200508
4.12776368139054
3.87799379487582
3.52178159304939
3.12262357858605
2.73242614061266
2.38453015433419
2.09495582287283
1.86736695053047
1.71324757876603
1.61186716577654
1.54305823851665
1.49976492052126
1.47515675625351
1.46972025947765
1.48392276342609
1.52322802962159
1.58249168032806
1.65798233726975
1.74575822049113
1.84137248235872
1.93972258639329
2.03513175659392
2.12170999713756
2.19396151899614
2.24750531290401
2.27970393479298
2.29000067971857
2.27985906425229
2.25233924418313
2.21146195342445
2.16154733701622
2.10666767616262
2.05026077391699
1.95167414900363
1.82915054046411
1.73854018086118
1.65770430405721
1.49699418924006
0.727919047805888
0.747870437470473
0.770588736351322
0.806994762768567
0.896519473372057
1.03092840351186
1.13858813891051
1.28085943009408
1.46371609181929
1.69037244947434
1.95792751730761
2.25340809181358
2.55106415915969
2.81383057303592
3.00104879100707
3.08092728033241
3.04190808039763
2.89644186778044
2.67526610246064
2.4162061443227
2.1536728942364
1.9127191401365
1.70791830851412
1.54523721722742
1.43580930345275
1.36515971456264
1.31970822876636
1.29412071313891
1.28404286038876
1.29034104185909
1.31365848113796
1.35914961703491
1.42006450064657
1.49244034687212
1.57205981792954
1.65440654953633
1.73473611976324
1.80828651421228
1.8706245504796
1.91808182789605
1.94818898945101
1.95999296415818
1.95415757165593
1.93280497633807
1.89913266764577
1.85690391735471
1.80993209489377
1.76165490303956
1.7148377561066
1.64119057052294
1.55782371180414
1.50283582301948
1.45555747420967
1.35609116814721
1.52872477219411
1.50066681483881
1.38772650567554
1.26668289646929
1.15883190162565
1.1101496713211
1.08828043476016
1.0724333601233
1.06283985983644
1.05968424682959
1.06313320587337
1.073360732973
1.09055947218751
1.11493488378117
1.14667983378241
1.18592716787642
1.232677982823
1.28670445659614
1.3474292172838
1.41378942097511
1.48410366091134
1.55597283690659
1.62625879655224
1.69118970034657
1.74146019907216
1.77737247136794
1.80202309268813
1.8155786557966
1.81847498919113
1.8086875820857
1.78296621951497
1.73720054728953
1.67702650186983
1.60662846923055
1.53041246408477
1.45248892305985
1.37632216993069
1.30456608504038
1.23905592905681
1.18090283764902
1.13063693193794
1.08835764662809
1.05386623416099
1.02676947234892
1.00655314089278
0.992629048998656
0.984361670735024
0.981081881932901
0.982098853392275
0.988544965079234
1.01756180775155
1.04931726714604
1.07445688660682
1.07562730375011
1.76776727884376
1.74940351151646
1.57940141074469
1.39678360070977
1.23560395194579
1.1574023078177
1.12357657973868
1.09802912164912
1.08104260935482
1.07282704020856
1.07357272708921
1.08350110597416
1.10289397443289
1.13209810491718
1.17150273034627
1.2214852713349
1.28231893620106
1.35403568315436
1.43624113012873
1.5278866439843
1.62702029125262
1.73056297208042
1.83418455832008
1.9323754036464
2.01055407988652
2.068421854236
2.11025568095651
2.13593227148878
2.14634062213024
2.13829293575437
2.10741092521955
2.0475206880293
1.96636219252416
1.87038915734252
1.76633314741234
1.66035344259807
1.55749720872767
1.46148702670007
1.37476611356085
1.29869753800049
1.23382190798351
1.18010679489665
1.13715225981365
1.10434063524944
1.08093292863239
1.06612054969239
1.05904260408209
1.05878027079625
1.06435198325358
1.08327864034141
1.13275932168835
1.18243816974874
1.21585393727226
1.19523313855927
1.96071589951815
1.94096014258493
1.72635886916863
1.49570618210149
1.29153776242946
1.19018437105336
1.14600096482561
1.11172504671023
1.08760697793291
1.07378865941281
1.0703830895357
1.07753946944351
1.09548095801591
1.12451568476635
1.16501901597775
1.21738175819089
1.28191669974636
1.35871531705556
1.44744927728411
1.54712017845595
1.65577854269772
1.77026032888597
1.88602203151161
1.99718155635912
2.08726509893512
2.15555450381779
2.20683915734192
2.2407868631452
2.25876426591632
2.25717173514966
2.2316641711464
2.17524380573778
2.09514419690279
1.99818512722468
1.89157507722578
1.78198023473852
1.67492514299986
1.57454717570008
1.48363171928702
1.4038165578241
1.33586195562324
1.27991369413396
1.23571977554047
1.20278712127136
1.18047987901973
1.16806764931393
1.16473298028164
1.16954690304746
1.18143396634514
1.214188079491
1.2869446075202
1.35480904576677
1.39272876915436
1.34043397653326
2.11888526495144
2.10309803178703
1.85592995339323
1.58687376949504
1.34544128624303
1.22225901947762
1.16801147521373
1.12491132878172
1.09317957045597
1.07288246427016
1.06402887100018
1.06664155827235
1.08079869429645
1.10664772413958
1.144390136092
1.19423303247788
1.25630208696325
1.33051069844515
1.41638331266529
1.51283904346576
1.61795673958148
1.72876450124639
1.84112110421781
1.94977351535413
2.03916634820007
2.1084326360639
2.162608226676
2.2013021139622
2.22645702332318
2.23485907073766
2.22311773948928
2.18477991032495
2.1243140653065
2.04722112339284
1.95951887074325
1.8669833139564
1.77462352358705
1.68642296507876
1.60530599030926
1.53325244968247
1.47148225487136
1.42065008294216
1.38101379564479
1.35255981179379
1.33508153807157
1.32821336325855
1.33142411444468
1.3439726184786
1.36483665019155
1.41683155450511
1.51957815998182
1.60803632052094
1.64355653763289
1.5332144924451
2.15551443724731
2.1683460119737
1.92132652795253
1.64165487879472
1.38483306379098
1.24828126442253
1.187956049534
1.13915465405399
1.10220332665802
1.07718751813617
1.06408636322644
1.06285196601326
1.07345409385767
1.09589597943555
1.13020045892179
1.17636430559188
1.2342787992299
1.30361594861389
1.38368337213552
1.47325792029688
1.57041936117771
1.67241976624998
1.77563745475345
1.87566902968762
1.95888069887079
2.02440126537054
2.07738044409542
2.11744719776938
2.14698949166715
2.16352626263545
2.16472779522109
2.14546943900196
2.10741888561009
2.05450720300849
1.99118849049409
1.92191807862159
1.85076390153196
1.78118286927108
1.71594668740745
1.65717494355028
1.60642739195882
1.56481481453874
1.53310044662829
1.51177598547696
1.50110499162866
1.50113158605263
1.5116534710166
1.53215280994966
1.56166634857627
1.63249276942967
1.75882487944249
1.85869340584314
1.8777380372781
1.69021420552103
2.17622671135226
2.20127469628262
1.9554242914933
1.67070415653963
1.40506081934609
1.26157843140995
1.1979315529983
1.1461004623123
1.10640651493007
1.0789224224131
1.06359950022319
1.06034236310525
1.06905338619045
1.08964871308199
1.12204437520289
1.16611168238119
1.22160218913122
1.28804446170146
1.36461844847347
1.45001934524194
1.54233155516668
1.63894330161931
1.736540086344
1.83121442340199
1.91041766195042
1.97340000366743
2.02526623900821
2.06571887305992
2.09738515127644
2.11817049777242
2.12651653904313
2.11798219474913
2.09289671753751
2.05437587241164
2.00602062113235
1.95152005792389
1.89434588228698
1.83756497105402
1.78376174080876
1.73504206931662
1.69308471567933
1.65920997902623
1.6344433770003
1.61956031626639
1.61510407154545
1.62137361959914
1.63838058423825
1.66577310714524
1.70270453788549
1.78872149939838
1.93444299546192
2.04211643725476
2.04612428314439
1.8002532448529
2.18741215953406
2.22290001265745
1.97999424549469
1.69284798719893
1.42049968091418
1.27169657179188
1.20556795977669
1.15148987742864
1.1097732337264
1.08047742909664
1.06352900206867
1.05879308890497
1.06611770595319
1.08534916385237
1.11631743548397
1.15879183540641
1.21240928609637
1.2765797248936
1.35037666318992
1.4324260315754
1.52081294997193
1.61303247758482
1.70601377536041
1.7962434288884
1.87205627576927
1.93281315496576
1.98357225858849
2.02410965108573
2.05723630733022
2.08117524953475
2.09501961686357
2.09492249642923
2.08025916685173
2.05355617805878
2.01777284813202
1.97599631134306
1.93120368654705
1.88611065409619
1.84310102836367
1.80421726392562
1.77118699973167
1.74546281052662
1.72825760275988
1.72056363805125
1.7231475932414
1.73651763444171
1.76086178953995
1.79596323654207
1.84108277493521
1.94388012932016
2.11026616824468
2.22417903842072
2.20973962109927
1.90303283461344
2.18635651985212
2.23401088549143
1.99707509087936
1.71067400285741
1.43370205111071
1.28053266457529
1.21243550144957
1.15658526850591
1.11327248762282
1.08254908188474
1.06432071856076
1.05841913776883
1.064645541978
1.08278486230062
1.11258967934322
1.15373560155281
1.20575228846599
1.26793687673799
1.33925983524601
1.41827738113703
1.50306893509039
1.59122123552604
1.67988046348445
1.76588790815748
1.83840784660271
1.89691333509575
1.94641640933446
1.98676976089227
2.02093977839947
2.04745701245372
2.06601884789493
2.07339051392843
2.06818562030834
2.05245949792443
2.02863496475844
1.99927445847935
1.96690292270712
1.93389337874278
1.90241033203381
1.87439610857439
1.85158179395424
1.8355057046045
1.82752572877759
1.82881540396615
1.84033644428169
1.86278312892902
1.89649936696204
1.94137364340908
1.99677293935924
2.12063832797284
2.31127530406425
2.42930219447601
2.38906606505681
2.00952899104727
2.17256280306289
2.23328208866026
2.00597272736509
1.72250535171315
1.44428986005721
1.2879322687743
1.21853508973657
1.16148074254345
1.11708263876757
1.08538637691245
1.06628395943044
1.05958206606827
1.0650449236411
1.08240654539347
1.11135255512455
1.151474716001
1.20220416672228
1.26273214143259
1.33192999701953
1.40828345767624
1.48985827880223
1.57431471925654
1.6589848826893
1.74101970331575
1.81035206318422
1.86657108882296
1.91464209281916
1.95449738923565
1.989223400144
2.01764122603282
2.0399872885549
2.05363840130812
2.05665556103753
2.05074854528874
2.03792383504366
2.02031779600892
2.00007068568502
1.97924680444618
1.95979514574729
1.94353848439891
1.9321768364772
1.92729222112694
1.93034388722758
1.9426452728972
1.96531558367457
1.99920128373466
2.04476779223346
2.10198338904846
2.17019985834131
2.32063779311862
2.53745524056045
2.65752125161105
2.5829555872367
2.11777119535714
2.14596746744675
2.22000483292262
2.00586378376177
1.72892220145364
1.45168783466916
1.29410545410129
1.2240909212912
1.1664697957897
1.12154402013719
1.08936552874428
1.06982125596378
1.06270368552206
1.06775150610377
1.08465926439573
1.11305658893621
1.15246151551448
1.20221552992408
1.26141091232878
1.32882377758676
1.40286830793481
1.48158805893934
1.56269779082544
1.64368342773421
1.72195955211775
1.78817035961106
1.84202762936579
1.88844617237803
1.92744084108547
1.96217643471877
1.99174324144686
2.01683767241777
2.03543204885016
2.0452470030902
2.04776975513065
2.04471479022276
2.03790283732787
2.02917529748537
2.02034406588549
2.01316978730375
2.00935780209042
2.01056017152838
2.01837310959735
2.03432062258421
2.05981628638199
2.09609596182642
2.14411633049777
2.20442254481692
2.27700355724551
2.36126040248506
2.54366773549499
2.79135057691057
2.90965259697373
2.78829854588143
2.22543947048313
2.10713629657074
2.19385926385225
1.99614150681701
1.72915851643054
1.45640492595295
1.29944575460408
1.22962535927145
1.17209915014906
1.12721348099987
1.09503976586176
1.07547482767502
1.06831031503566
1.07327193462774
1.09002624344966
1.11815724429863
1.15711850847551
1.20616990158854
1.26431108316804
1.33022651977337
1.40225792466219
1.47841869026771
1.55646018068303
1.63399186559234
1.70864859975412
1.77173836516182
1.82310461906388
1.86760305486027
1.90533381424593
1.93949365400184
1.96941809904421
1.9961759842314
2.0183059281313
2.03339255455646
2.0428124888448
2.04810692384953
2.05089317553891
2.05280917924646
2.05548686136598
2.06054613376112
2.0695992193569
2.08425487720415
2.10611293545815
2.13674042905461
2.17762107989904
2.23007026085428
2.29511019120548
2.37330902645872
2.46461893389159
2.568330947392
2.78935541724253
3.06946173477428
3.17975447082594
3.00142901516849
2.32974825202482
2.05705693705075
2.15559002192284
1.97721637839206
1.72368405192287
1.45913703823654
1.30474476414898
1.23593015944118
1.17915770096881
1.13485110287805
1.10313038995907
1.08392225576174
1.07703364825572
1.08219028515315
1.09904136227974
1.12713410681571
1.16586520752325
1.21441950378236
1.27170948445019
1.33633145340817
1.40655453053955
1.4803557792395
1.55550813513936
1.62971832722471
1.70080313789901
1.76069925523423
1.80939233005444
1.8516646296444
1.88770388778625
1.92068960808335
1.95017736898631
1.97751762334597
2.00177541368481
2.02058695503143
2.03531322259332
2.04742713305198
2.05844717524979
2.06990307827041
2.08332667652951
2.10025869051065
2.12226113837667
2.15092526957623
2.18786548426006
2.23468999911635
2.29293885396946
2.3639799959692
2.44885703451578
2.5480936772439
2.66149120427889
2.78803848801435
3.05430995030881
3.36938502749676
3.46500378722942
3.2158040662455
2.42781296823761
1.99727157967058
2.10650187706779
1.94960003455433
1.71364735541948
1.46096496492002
1.31106677486358
1.24401547130732
1.18860318490713
1.14535648707922
1.11447379867787
1.09593561328725
1.08958166699849
1.09515025626578
1.1122821918348
1.14049457669521
1.17913262425643
1.22731107277052
1.28385990761739
1.34729112120619
1.41580276822186
1.4873323928416
1.55966373920904
1.63057998202426
1.69804792190146
1.75461040671255
1.80040606003176
1.84012356948484
1.87403974976805
1.90526694614739
1.93355534765521
1.96044763189529
1.98548718223658
2.00652621698729
2.02498437178442
2.04235179883457
2.0601372211269
2.0798479454851
2.10299318831208
2.13110068036986
2.16573602303887
2.20851440921278
2.26109441408949
2.32514314018656
2.40226114474372
2.49385534078095
2.60095126754252
2.72394851359485
2.86235815891256
3.01471558993257
3.33200148339558
3.68280484404713
3.75477180510791
3.42391252902298
2.51671158222954
1.92964675312222
2.04848240316454
1.91511561776886
1.70050059158792
1.46315757962064
1.31957486916947
1.25496880114492
1.20144759536511
1.15966974345696
1.12994053317863
1.11231808673277
1.10669198188862
1.1128240929659
1.13035345211068
1.1587710399651
1.1973736331566
1.24520920697776
1.30102949766677
1.36326704332747
1.43005286825057
1.49928575429035
1.56875472245004
1.63630487013809
1.70002810777528
1.75306204163005
1.79570826323988
1.8325362508925
1.86391228270037
1.89283275267122
1.91921742182818
1.94471670623918
1.96929837619676
1.99116827833587
2.01185702226361
2.03293468411771
2.05596816816208
2.08251088937894
2.11411500479679
2.15235557849829
2.19885570661469
2.25530146304959
2.32343493422494
2.40501228519392
2.50171204888069
2.61497806279345
2.74578500877431
2.89432966593801
3.05970339123838
3.23983639109696
3.61172220482364
3.99628271553701
4.03591529774532
3.61674815835564
2.5937835998518
1.8562190579769
1.98374090290968
1.87578673905147
1.68578257123957
1.46693990707881
1.33133977160002
1.26978537046479
1.2186176375393
1.17865730052746
1.15034337014419
1.13383318099827
1.12908084800016
1.13588006933103
1.15387163544908
1.18252142293901
1.22107841050981
1.26852580003902
1.32354138284296
1.38448472087095
1.44942701915327
1.51623361618206
1.58269896675055
1.64672208046385
1.70650202711695
1.75576928861472
1.79499723468183
1.82860566377738
1.85704954721855
1.8831627495462
1.90701045316231
1.93027319006063
1.95328554899419
1.97471749931178
1.99624159267435
2.0195468684367
2.0463023518342
2.07815353977791
2.11674140628934
2.16373277542381
2.2208504303502
2.289890670657
2.37271459314735
2.47119695679877
2.58711364973894
2.72194740005341
2.87659590123811
3.05098790683371
3.24368814348468
3.45188544778614
3.8784838223678
4.29212548841315
4.29276835600762
3.78472534284193
2.65682889582394
1.77902644997744
1.91450501652856
1.83344797319899
1.67079194503228
1.47325243508623
1.34715053257453
1.28920416002742
1.24081704822881
1.20300019793512
1.17634981401439
1.1611400652
1.15740024338364
1.16496006456286
1.18346170717783
1.21234353496859
1.25080485447276
1.29776488118838
1.35183213069747
1.41130166173876
1.47419556889805
1.53835581110374
1.60158812431384
1.66184375904325
1.71741765416256
1.7626402717098
1.79816505883293
1.82822741350491
1.85336943525487
1.87621815841257
1.89696141185433
1.9172393880559
1.93769467485976
1.95754783279152
1.9786252381166
2.00275162197172
2.03171781539324
2.06728241550273
2.11119645476206
2.16523933654855
2.23125354564326
2.31116440417783
2.40696878554758
2.52067310062344
2.65415685593512
2.80893624715041
2.98580874859305
3.18438946204408
3.40264955480417
3.63695637245781
4.11389221750596
4.54956693584885
4.50840000115444
3.91876216762682
2.70426971713857
1.69996546187011
1.8427731940141
1.78953838776074
1.65635158551024
1.48254365092649
1.36735078151207
1.3135655339507
1.26840700761218
1.23309838893331
1.20841050737054
1.19474583411098
1.19221344463643
1.20067753883814
1.21977611559844
1.24891328942157
1.28723375413158
1.33359204377845
1.38653232259979
1.44429555893209
1.50486885174634
1.56608542547481
1.62577363152437
1.68194146647656
1.73297508298679
1.77382293811723
1.80532839387297
1.83150365554695
1.85297644874631
1.87212376885762
1.88923539273964
1.9058467114399
1.92285100393653
1.94008816931818
1.95953449348453
1.98314770633295
2.01283781306425
2.05047300532365
2.09790940389652
2.15703222352024
2.22979486242812
2.31824061649501
2.42448849037726
2.55065986783264
2.6987177466137
2.87018828128613
3.06574356499983
3.28466358172044
3.52431812339715
3.78026548626129
4.29823628342637
4.74727317829966
4.6668344339706
4.01142030876366
2.73524850912193
1.62069068577512
1.77014811076941
1.74496046415716
1.64265222439385
1.49462095847392
1.39171201892572
1.34270068903457
1.30131444484106
1.26900054889836
1.24671247661464
1.2349833382464
1.23399782270818
1.24364484288834
1.26354523928818
1.29305594756395
1.33125754978641
1.37693658920035
1.42857723416741
1.48437813165018
1.54230852071687
1.60021194774445
1.65595632118957
1.70761757153651
1.753676000777
1.78973263972133
1.81683563450691
1.83873046327615
1.85613037335893
1.87111769709006
1.88406662582935
1.89634703950501
1.90905055516014
1.92269616639586
1.93939396881944
1.96121623080391
1.99017057535509
2.02820953290388
2.07726492383503
2.13929390491452
2.2163221322859
2.31046725955511
2.42392210036305
2.55887124201777
2.71730915886084
2.90072621286494
3.10964109465012
3.34300582839467
3.59765168289226
3.8684504331911
4.41371600868637
4.86694693382873
4.75567578356454
4.05790278035602
2.74964213340837
1.54256113879648
1.69776220252009
1.70001869756869
1.62918121052425
1.50857008253115
1.41935894721811
1.37586569047717
1.33897952004077
1.31036944266227
1.2911661605917
1.28202272234953
1.28318260208038
1.29453753274707
1.31566699472723
1.34585804286159
1.38410993704887
1.42913275215034
1.47935260450958
1.53293786378795
1.58785976443777
1.64199613842606
1.69327830965944
1.73987011657348
1.78035933421851
1.81106116153331
1.83325311704014
1.85036362780304
1.86319438282747
1.87348321939552
1.88167593012232
1.88891715019999
1.89645371401654
1.90554435834741
1.91840789153384
1.93720048739744
1.96399090661804
2.00077335900452
2.04950615828721
2.11216220367559
2.19077577865507
2.28746773120135
2.40442689709895
2.54381971442051
2.70759409316424
2.89714265994454
3.11280540231883
3.35324578843183
3.61488925279563
3.89214605808646
4.44804118802306
4.89701684595729
4.76836544007432
4.0566798739993
2.74799542867855
1.4666299115847
1.62629400719936
1.65446195640034
1.61476042206134
1.52276695907227
1.44876949773683
1.41174042945126
1.3803592863086
1.35649645390969
1.3414367764226
1.33592485286253
1.34022822649236
1.35420156287654
1.37734120731564
1.40882544450174
1.44754138661381
1.49210419298558
1.54087822621139
1.59201249109928
1.64350326436996
1.69329376841761
1.7394132686857
1.7801471849878
1.81422009993167
1.83876600792956
1.85533134747124
1.86696631674304
1.87456852530435
1.87947130495076
1.88218590703418
1.88357019470091
1.88499735508793
1.88853676963907
1.89648390079042
1.91103879743284
1.93428373994621
1.96819955491689
2.01470840963781
2.0757283503703
2.15322334492309
2.24923027616237
2.36584024025882
2.50510576463803
2.66884010817809
2.85827486033754
3.0735589168114
3.31313917620905
3.57322209246426
3.84804913756953
4.39721566316969
4.83513686211772
4.70535202951636
4.00959037589064
2.73139524980935
1.39366759002873
1.55605963021655
1.60763373634535
1.59771483699247
1.53501422450262
1.47787923239342
1.44851828984123
1.42400822357682
1.40638047959142
1.39703017232646
1.39674277785513
1.40575083938743
1.42380558604381
1.45025071640113
1.48408975001124
1.52404287508332
1.56859358636979
1.61602995546501
1.66448996118684
1.71202347030878
1.75668289223764
1.79664856187181
1.83038413528236
1.85680590876191
1.87403631877347
1.88394991145751
1.8891397501744
1.89061222385352
1.88921995437625
1.88554225158408
1.88008456812208
1.87433716776951
1.87126806830563
1.87321059330895
1.88236057714675
1.90075793490819
1.93030737634414
1.97282572240123
2.03010045763154
2.10394292468919
2.19621766841106
2.3088258493735
2.44361556973568
2.60218739259744
2.78556443521278
2.99371403648616
3.22496465977483
3.47551549240453
3.73974580702652
4.26647982157847
4.68859669358605
4.5738225752913
3.92141467343749
2.70131521035546
1.3242068362822
1.48715179496537
1.55870852241
1.57616951015739
1.54282129967258
1.50431219528485
1.48410587154852
1.46825021772781
1.45888010259376
1.45743658507311
1.46467021097347
1.4806881175158
1.50503368466081
1.5367851438546
1.57466034101008
1.61711647683874
1.66243642285536
1.70879849345219
1.7543343216733
1.797187142805
1.83558622600767
1.86794928125217
1.89301353940159
1.90998225561731
1.91822884314588
1.92003714836356
1.91743577486568
1.91155730940723
1.90267432232275
1.89144717326331
1.87795754482053
1.86382782911779
1.8530318673167
1.84789323173735
1.85054690979834
1.86292779868569
1.88679780695224
1.9237987534218
1.97551535981086
2.04353189759322
2.12946478837374
2.23495063735667
2.36156506282979
2.51064423388382
2.68298297474507
2.87840035842804
3.09521618033111
3.32982283094852
3.57700184034431
4.06908003787928
4.47256574267128
4.38615837712515
3.79906304394749
2.65946096811457
1.25859530525333
1.41959201827961
1.50696567473376
1.54843109282551
1.54380904967733
1.52573039181446
1.51642660872929
1.51143517684549
1.51292986005911
1.52231999865517
1.54022198900255
1.5664900381568
1.60030268064271
1.64029384382514
1.68471196412316
1.73158575891366
1.77887362400361
1.82457917094484
1.86682854853753
1.90392096491345
1.93437443110868
1.95698829447228
1.97093222359401
1.9758533379965
1.97276422530888
1.96445854778048
1.95224891035966
1.93741228865227
1.91951093137225
1.8993099721723
1.87638931860038
1.85254557420229
1.83287998203045
1.81964535968996
1.8148483807348
1.82024958628484
1.83739981182542
1.86770023116838
1.91247047781201
1.97300918590699
2.05063074016561
2.14666003185686
2.26236391044304
2.39879563240254
2.5565310581108
2.73529076870189
2.93348799058428
3.14786520174018
3.37378892304802
3.82337894763945
4.20688082651619
4.15766631446887
3.65060071608554
2.60763811787074
1.19704574751317
1.35346299907375
1.45202762085761
1.51336977310812
1.53616924474963
1.54024545405762
1.54378054489888
1.55223905581662
1.56778335715478
1.59171758481912
1.62441153615279
1.66530042183029
1.7129721234102
1.76534017790981
1.81988504502197
1.87392770720976
1.92488709083014
1.9704763371808
2.00881493919865
2.03846491821084
2.05842401982949
2.0681155315371
2.06740129235121
2.05661970275194
2.03897123173759
2.01786729214597
1.99368629849314
1.96786005920352
1.93907075093306
1.9082205240398
1.87430228554761
1.83935472723341
1.80972913602559
1.78752660177166
1.77454373367938
1.77228990636205
1.78203627585984
1.80488439203915
1.84183979067817
1.8938764155506
1.96197775281432
2.04713924051666
2.15031424027994
2.27228429632845
2.41343696106002
2.57344775132717
2.75090036018058
2.94298183067277
3.14572968943722
3.54935725175831
3.91241581619763
3.90419320877221
3.48432257335516
2.54765355562639
1.13967908944141
1.28897682494291
1.39406618996573
1.47075480509704
1.51905446715948
1.54679061590259
1.56517129676914
1.58993136511181
1.62321749395097
1.66618981807461
1.71886885633408
1.78007401164615
1.84749325889095
1.91790646433488
1.98755232254748
2.05258357225004
2.10951707962812
2.15557969686378
2.1888868302991
2.20845198190136
2.21408025793804
2.20622133604681
2.18584298598962
2.15434856926219
2.11786612450725
2.08051307087503
2.04141827590761
2.00215581271051
1.96030954620326
1.91695319286102
1.87039944449424
1.82301561212576
1.78250471702195
1.75070812227424
1.72911322553385
1.7188935224493
1.72097257065831
1.73610138800428
1.76493662855725
1.808107678515
1.8662611099583
1.94006996165122
2.03019356258874
2.13717256011794
2.26124621355484
2.40208981588852
2.55850081897808
2.72814041633494
2.90772071628238
3.26550313028032
3.60824305310762
3.64033276509372
3.30799836245165
2.4812506942537
1.08654911028668
1.22651272960576
1.33377384415589
1.42131198577243
1.4927896663176
1.54533370165635
1.5804949139418
1.6245187509724
1.67961791814741
1.74684755429941
1.82582566024482
1.91455150173075
2.00941348409549
2.10546110138755
2.19696022662349
2.27815506500854
2.34406545620105
2.39111361431865
2.4174308249213
2.42281588739706
2.40843634819579
2.37642211530065
2.32948470221798
2.27063039501171
2.20985915212999
2.15201337032933
2.0945210560921
2.0390394341695
1.98177887701633
1.92401020795947
1.86326335596223
1.80232524042094
1.75030301785537
1.70863856456086
1.67839302991169
1.66031304969884
1.65490940380588
1.66254096675453
1.68349449680269
1.71805144080032
1.76653301848258
1.82931383051664
1.90679267006953
1.9993084066026
2.10699084877169
2.22954522434319
2.36599204127018
2.51444892281054
2.67223304190881
2.9868635421126
3.30954041418261
3.37798092089112
3.12840119630436
2.41006877878545
1.03766345267448
1.16655599869849
1.27233821567281
1.36667419426687
1.4588016870598
1.53685225659079
1.59051181300692
1.65669298403974
1.73787794572926
1.83518664142795
1.94788752233702
2.07299301641718
2.20511183271858
2.33673774215008
2.45907266791752
2.56329693454917
2.6419855328201
2.69025728596931
2.70632469697235
2.69135198372407
2.64878657242067
2.58346756463835
2.50079317676965
2.40610305738604
2.31439486680459
2.23110737188692
2.15133672738227
2.07668642743573
2.00165587666665
1.92771332805398
1.85149256284134
1.77627516559223
1.71254647999668
1.66117868427276
1.62267640410542
1.59726744941325
1.58499153237443
1.58578509352449
1.5995571957979
1.62625122298533
1.66588646698472
1.71857224279763
1.78448553479771
1.86380243502726
1.95657532508876
2.06255443481543
2.18097037648057
2.31033945452942
2.44850512550187
2.72413627241806
3.02728909166117
3.12619654238649
2.95100447095196
2.33561694403955
0.992988292270224
1.10964744615818
1.21118450258075
1.30901599986861
1.41931371505377
1.52305993823144
1.59659180950526
1.6875633796409
1.79908346510895
1.93268682850689
2.08752138391461
2.25955410469933
2.4410921031539
2.62099035375601
2.78582340267136
2.92196902541909
3.01809997912042
3.0672815337738
3.06796875215121
3.02366657013985
2.94156395554126
2.83076008919101
2.70066038605008
2.55985658765897
2.42956556226139
2.31543971991049
2.20939491120363
2.11273239853469
2.01784348410734
1.92635065433543
1.83386733197423
1.74420640648484
1.669105594927
1.60867753491542
1.56273827262783
1.5309133322856
1.51272636291106
1.50767548321372
1.51529749018466
1.53521829731603
1.56718613093112
1.61108189178491
1.66689925254724
1.7346863446952
1.81444227762471
1.90596686970522
2.00867476600369
2.12141743279551
2.24245909610903
2.4839188884329
2.76811533625158
2.89091299372873
2.7799675916943
2.25924392097253
0.952455555102225
1.05629753439115
1.1517707548221
1.2506958348385
1.3768780853402
1.50596532774674
1.60028787468908
1.7182209018817
1.86401406893392
2.0401816888453
2.24622425258
2.47720432375594
2.7226423354774
2.96642626574034
3.18837710035525
3.36757359150481
3.48664459540987
3.53552767951853
3.51325666725221
3.42723900993635
3.2906184326964
3.11896106381832
2.92740147785741
2.72882148414052
2.55181208937883
2.40147414483294
2.26547547192907
2.14442687548909
2.02817272711142
1.91839060651346
1.80953938254726
1.70594822203177
1.6203739948025
1.5519825313032
1.49978508857729
1.46274234140286
1.43983760765716
1.43013255359948
1.43281069521551
1.4472101112966
1.47284353837117
1.50940116995578
1.55672946799673
1.61477866100489
1.68351285048132
1.76278054058131
1.85215219885454
1.95075285448277
2.05718613694092
2.26929660979286
2.53538426858961
2.67563656460869
2.61813423986089
2.18209775742457
0.909587238153745
0.998621065299487
1.08585048390249
1.18413441105725
1.32637899644667
1.48412144378167
1.60314600778097
1.75441459416583
1.94432917119057
2.1775542883038
2.45499688212836
2.77125098535371
3.11219227814875
3.45401401016458
3.76516810717923
4.01183674066171
4.16572637161517
4.21122978020123
4.14884355801032
3.99357037856334
3.76956633634381
3.50371186346272
3.22045666711533
2.93897714594755
2.6973244319509
2.49878973471173
2.32419883517287
2.17278163325894
2.03082650879151
1.89980989312683
1.77277907801648
1.65443168632393
1.55838942710317
1.48251264563909
1.42477244536147
1.38331648234369
1.35650085422937
1.34290536138541
1.34134202626279
1.35086025157487
1.3707471964537
1.4005184912996
1.4398924033463
1.48874019516239
1.54700670409679
1.61459815167875
1.6912396945591
1.77631557297165
1.86871994673316
2.05337258068445
2.30071955203431
2.45506406039119
2.44772007253506
2.09821945677537
0.844666808844699
0.911408778422113
0.98459805412862
1.07981248862303
1.24416216454889
1.44635783925664
1.60563274536417
1.8142019923622
2.0842787710288
2.42721819490953
2.84991597559507
3.34924481998033
3.90543648580968
4.47726744392152
5.00347582207919
5.41377556268389
5.64783527158748
5.67424999740083
5.49964373479209
5.16350727781358
4.72290215167583
4.23564437336661
3.74870858520721
3.29377490458271
2.92372935281977
2.63531505106147
2.39216697195005
2.18955465729975
2.00652914703229
1.84338673361226
1.69074260495333
1.55319063525485
1.44489163728356
1.36126603962669
1.2984835581889
1.25338217874616
1.22337436561318
1.20636170592299
1.20066707905765
1.20498476265461
1.21834345780662
1.24007413195601
1.26977344247013
1.30725404465448
1.35247477284472
1.40544575186817
1.46610551063606
1.53416996729235
1.60895908186726
1.75949772344769
1.98202728143353
2.15041245621955
2.20597540847941
1.98105599407348
0.784573784851581
0.826908742372587
0.885883904465893
0.977296392218495
1.15914874238311
1.39782461292959
1.59306868152472
1.85489567351185
2.20291718105343
2.65782359217411
3.23624832984498
3.94137668506905
4.74988057354038
5.59986360885912
6.38926370010032
6.99416349661129
7.3063430974687
7.27323522727804
6.91662368316445
6.31925667384869
5.59026650863008
4.83064247910302
4.11325659110628
3.47906855032609
2.98938218130259
2.62402406673218
2.32784350564153
2.08956067971943
1.88128485254527
1.70162067256861
1.53861989118543
1.39663056584399
1.28813479246996
1.20643729750239
1.14630075856789
1.1036446957437
1.07529024621249
1.05876140317595
1.05213992010778
1.05396425975543
1.06316003147831
1.0789886635325
1.1010019108651
1.12899180181076
1.16292815924071
1.20287799548358
1.24890214419781
1.30092566462361
1.35859257944457
1.47245856617797
1.65676703727668
1.81571090839831
1.90436516621601
1.78302156575268
0.747181893694329
0.773513379634001
0.823302435779691
0.910428750290189
1.09309934085762
1.33389901340609
1.53122815103432
1.79518391726129
2.14506606736214
2.60112997744477
3.17936524983072
3.88199895528102
4.68435516194634
5.52284370497957
6.29367017332733
6.87185490047209
7.14979608522929
7.07797342770605
6.68335455558864
6.05446786776919
5.30483217285551
4.53716781303481
3.82343409185022
3.20196304529935
2.72913750963256
2.38061390010695
2.10135075836146
1.87904415609903
1.68671965645139
1.52262098671907
1.37524235808366
1.2485253220422
1.15284891631923
1.08160472918441
1.02970000168021
0.993219418508105
0.969147955531131
0.955160279571944
0.949469517156703
0.950722967335315
0.957930855629434
0.970414638980087
0.98776292129909
1.0097852974034
1.03645683537198
1.06784771684621
1.10403372282664
1.14498766076516
1.19047685696655
1.27866861383579
1.4281917686938
1.56474551336697
1.65623952612394
1.59655585852334
0.731604357104154
0.751434546951921
0.793084082129375
0.869356685411141
1.02594708048131
1.22098500688406
1.37399014982672
1.57097378542046
1.82135455627543
2.13331932079387
2.51058351268935
2.94756996605764
3.4239136616011
3.90083126447216
4.32315755787801
4.62982002600748
4.7710576454329
4.72505174277795
4.50503062036742
4.15307674038431
3.72488453497888
3.27384432574195
2.84078644058641
2.45085880853166
2.14385818951881
1.91213373226177
1.72200445043434
1.56764568285009
1.43165473833177
1.31358921568753
1.20571111140906
1.11162222336301
1.0396313986691
0.985433632978005
0.945575307398923
0.917309524616509
0.898459745981187
0.887307465048492
0.882506893579714
0.883023053901114
0.888086774132034
0.897159307971302
0.909899827863122
0.926130377116714
0.945794590608909
0.968908231672253
0.995501319368116
1.02555472185884
1.05894335255543
1.11899082652958
1.22775172393909
1.32816141935343
1.40252588565357
1.39293346938008
