K
0.921295335180641
0.921742645751021
0.921514045541692
0.922336838552474
0.925996119648913
0.931034027105956
0.934870881643727
0.939490028798916
0.944877575785233
0.950983493071249
0.957721455756776
0.964971282712404
0.972584247738046
0.980391093828465
0.988212130744149
0.995868392529004
1.00319257475364
1.01003844145062
1.01628761072841
1.02185304491912
1.02667908489407
1.03073837256701
1.03402643782637
1.03655504171156
1.03811966617388
1.03909099084493
1.03957662612892
1.03968143745125
1.03941719241854
1.03868313308698
1.03740011386097
1.03520152376507
1.03226481177329
1.02857503699252
1.02412927735645
1.01894391779743
1.01306114385706
1.00655339103419
0.999524796680443
0.992109138416446
0.984464271733356
0.976763631784268
0.969185825347498
0.961903598482833
0.955073466058676
0.948827048452311
0.943264756036886
0.938451976437711
0.934417389943702
0.929112185905683
0.925068413717726
0.923925805211683
0.92369149505612
0.922355009789028
0.923751919198969
0.92460346710253
0.92420764029969
0.924806781026716
0.928639979484578
0.934350158020878
0.938801839744528
0.944241633249413
0.950663758393875
0.958016205312424
0.966198995885736
0.975065740977445
0.984429314119222
0.994071751623666
1.00375773407759
1.01325025932343
1.02232657111513
1.03079223873883
1.03849155753998
1.04531308280316
1.05118993914379
1.05609536474429
1.06003464809103
1.06303523226948
1.06491392866559
1.06604242708634
1.06660727627037
1.06671169243845
1.06636856066304
1.06548169831603
1.0638965107662
1.06125275745034
1.05770705950753
1.0532290876169
1.04780477944819
1.04144721537468
1.03420624731929
1.02617484880985
1.01749076896189
1.0083328017273
0.99891185491664
0.989457901731977
0.980204605183576
0.971373728454751
0.963161298300056
0.955726941920348
0.949187054215315
0.943611630999233
0.939023605616322
0.933146248254315
0.929062830369288
0.928111934367066
0.927719983452594
0.925310945602728
0.92583368301465
0.927326876974317
0.927136689571002
0.927780735682898
0.931659135634378
0.937499270193794
0.942091974762791
0.947732229559158
0.954420430882398
0.962106952038037
0.970689455791553
0.980013791622436
0.989879607070273
1.00005095489625
1.01027127326356
1.02028118393858
1.0298368468523
1.03872634685708
1.04678188569941
1.05388631888551
1.05997356824224
1.0650234069806
1.06905190870271
1.07209958941381
1.07399726561443
1.07512918858306
1.07569165310682
1.07579026768176
1.07543825723908
1.07453906397818
1.07293046563632
1.07024426778917
1.06662587326041
1.06203279312277
1.0564400607515
1.0498532260808
1.04231969728618
1.03393610483071
1.02485010187256
1.01525584680962
1.00538344671739
0.99548371081754
0.985810401838878
0.976602519160832
0.968068901040094
0.960376716330389
0.953644469948769
0.947939230475131
0.94327683102824
0.937385937159177
0.933325334010378
0.932222108369374
0.931292968307058
0.927720491909223
0.928033356782973
0.930459038908132
0.930917102402322
0.932080675006681
0.936298641991786
0.942195705924195
0.946765526061481
0.952337616250683
0.958912358209077
0.966441335049757
0.974824589369721
0.983911425386833
0.993505919371069
1.00337741679069
1.01327539316666
1.02294712852293
1.03215594325195
1.04069747984467
1.04841180480231
1.05518986057551
1.06097377726717
1.06575151190805
1.0695470591369
1.07240816980219
1.07418610340707
1.07524764195607
1.07577990692151
1.07588290942258
1.07557066416307
1.07475315635665
1.07327960525007
1.07080176745845
1.0674443347358
1.06315856081369
1.05791209366381
1.05170233953377
1.04456802732104
1.03659675348044
1.02792697023253
1.01874368026824
1.00926811477
0.999742723136396
0.990413629164905
0.981513053010468
0.973243961514375
0.965768511847223
0.959200933888985
0.953604635631234
0.948992601395194
0.943067119689056
0.93855098963153
0.936697203067271
0.93485044001659
0.930111023414711
0.92969218332048
0.932998906107328
0.934231832471909
0.936129954119672
0.940882935039586
0.946897314575795
0.95140434443002
0.956816904128757
0.963128619268485
0.970289652872564
0.978203935705695
0.986730171752176
0.995687176047396
1.004863640038
1.0140316914951
1.02296283521444
1.03144426982821
1.03929337288779
1.04636840799215
1.05257415861223
1.05786204366068
1.06222509710459
1.06568882437552
1.06829943223045
1.06994409409795
1.07091883724448
1.07142166232687
1.07153177479726
1.07126364261161
1.0705478943662
1.06922306763275
1.06701252879393
1.06400296697203
1.0601478379965
1.05541414672485
1.04979513259854
1.04332100016909
1.03606596126625
1.02815031299603
1.01973691244809
1.01102227215655
1.00222340705677
0.993562278960551
0.985250006422506
0.977472852623552
0.970381454236879
0.964084035256163
0.958643743274755
0.954079881811088
0.947945880663267
0.942725547493118
0.939973839126904
0.937306576034793
0.931816340767957
0.930682125852612
0.934548343096397
0.93632026941276
0.938765120274914
0.943958216242405
0.950094447250376
0.954581531977419
0.95990093380266
0.966040587018997
0.97294880541668
0.9805319270933
0.988655635690344
0.997150181884221
1.00581952727187
1.01445379563991
1.02284374029437
1.03079543603696
1.03814324289885
1.04475932682728
1.05055859544722
1.05549865461511
1.05957512761813
1.0628132425104
1.0652567098203
1.06680319613623
1.06772167561329
1.06820230818318
1.0683164742086
1.06807879439209
1.06742731587211
1.06620832600346
1.06417171806313
1.06139256464387
1.05782712450211
1.05344327162281
1.04823240362355
1.04221928203906
1.03546858504651
1.02808702825702
1.02022046862093
1.01204616656339
1.00376117512871
0.99556845713321
0.987662631962216
0.98021715027477
0.973374248982522
0.967238421636401
0.9618735716393
0.957304051961608
0.950982105548641
0.945205779565785
0.941846324315661
0.93869918798628
0.932835321266223
0.931531163440736
0.935900152037598
0.938173665575472
0.941140343950152
0.946770390910094
0.953039408196992
0.95751991985739
0.9627635265092
0.968752279696733
0.975432372471926
0.982712281149447
0.99046433765735
0.998529791872482
1.00672731256824
1.01486433383205
1.02275007861203
1.03020867301714
1.03709063918585
1.04328126997503
1.04870488970594
1.0533246568245
1.05713820934167
1.06016994915348
1.06246086594768
1.06391356590344
1.06478003592036
1.06523759716615
1.06535312347789
1.06514113629233
1.06454369973487
1.06341941020598
1.0615342722479
1.05895805194049
1.05564997338719
1.05157931404207
1.046736242539
1.04114080867209
1.03484901570045
1.02795496470875
1.02058854371261
1.01290879348634
1.00509377108139
0.99732828693459
0.989791169318889
0.982643647060272
0.976020083662393
0.970021779157854
0.964714073399794
0.960127214371828
0.953619319649732
0.947329768506456
0.94343514668913
0.939885371705556
0.933728410554648
0.932362726720027
0.937254698325542
0.940058828981285
0.943584039474939
0.949691906953505
0.956116918606975
0.960599210734674
0.965771397838592
0.971609011541145
0.978055858503339
0.985022676716504
0.992388928762621
1.00000763651839
1.00771314787345
1.01533127778635
1.02269078951583
1.02963484270624
1.03603094210482
1.04177811197285
1.04681044966359
1.05109676710357
1.0546365819212
1.05745314826544
1.05958429556905
1.06093789716367
1.0617480138708
1.06217873296496
1.06229220580388
1.06210251295681
1.06155588417233
1.0605228775162
1.05878642319686
1.05641155171341
1.05336090593308
1.04960557031385
1.04513476975472
1.03996395074652
1.03414033574329
1.02774507326663
1.02089151626092
1.01371972031898
1.00638783783693
0.999061560347413
0.991903012279864
0.985060470087319
0.978660002997003
0.972799710031766
0.967546844257015
0.962938417019856
0.956233598578268
0.949427340602371
0.945008355887455
0.941072113696295
0.934633864134737
0.933163576641283
0.938594295289278
0.9419512708182
0.946061791290477
0.952677441706903
0.959276311112078
0.963768003044912
0.968874262166826
0.974563842795994
0.980778119309978
0.987430255160086
0.994407168388743
1.0015740695788
1.00878142628027
1.01587384606418
1.02269998409054
1.02912231254884
1.0350255244308
1.04032251057588
1.04495720813582
1.04890408235068
1.05216446837241
1.05476036299558
1.05672630886791
1.05797583434368
1.05872506679453
1.05912441841965
1.05923133422989
1.05905903121013
1.05855786001817
1.05760991222793
1.05601501002797
1.0538342909298
1.05103398330664
1.04758718359258
1.04348239106085
1.03873066380505
1.03337063926266
1.02747066942277
1.02112766199262
1.01446268340345
1.00761386506436
1.0007275544109
0.99394887323892
0.987412840944647
0.981237009464747
0.975516220476736
0.970319790220148
0.965691797368399
0.958795448815157
0.951491857704659
0.946574134136412
0.942270252554905
0.935552553245515
0.933918344658675
0.939898284590521
0.943824452193504
0.948538745003984
0.9556824254336
0.9624679334478
0.966975647306454
0.972022174947111
0.977569568238961
0.983556934074136
0.989900065406338
0.996493511959602
1.00321475750397
1.00993034178859
1.01650348065436
1.02280242979881
1.02870862927266
1.03412362289129
1.03897388900998
1.04321301501145
1.04682102820416
1.04980107914605
1.05217397432385
1.05397107851453
1.0551121730744
1.05579595967689
1.05615894458667
1.05625399564505
1.05609298617857
1.05563026710385
1.05475873846205
1.05329465038602
1.05129612860095
1.04873294529619
1.04558025057507
1.04182598071534
1.03747711337351
1.03256415966614
1.02714326313649
1.02129555308129
1.01512377836112
1.00874664357519
1.00229159904469
0.99588702555126
0.989654764949263
0.983703789652208
0.978125537591259
0.97299120156388
0.968351697248186
0.961283682796784
0.953520906177586
0.948139489107171
0.943486091845199
0.936481931859069
0.934610055686259
0.941143151080118
0.945649404331452
0.950978956363737
0.958662617796553
0.965643091302385
0.970172489731289
0.975166014536258
0.980579381010843
0.986349768686837
0.992395827079043
0.998619771896599
1.00491114779437
1.01115209686261
1.01722375412884
1.02301314855253
1.02841982857495
1.03336140488695
1.03777732255531
1.04163041463102
1.04490609612708
1.04760936765483
1.04976004146451
1.05138659629726
1.05241579938007
1.05302984152735
1.0533513060468
1.05342870894064
1.0532720694766
1.05283955152916
1.05203388695051
1.05068695242367
1.04885476281762
1.04651043250411
1.04363108909555
1.04020423422578
1.03623315507571
1.03174091169994
1.02677237970115
1.02139404820936
1.01569157620772
1.00976542716798
1.00372516839619
0.997683179841626
0.991748534722447
0.986021695414047
0.980590456940372
0.975527389341307
0.970889533528886
0.96368135568416
0.955511284463083
0.94970641521556
0.944719390975408
0.93741534552824
0.935220872275388
0.942302969751185
0.94739442502028
0.953344415957299
0.961573020940743
0.968753294560664
0.973309394294758
0.978257278783183
0.983546923552893
0.989114042531679
0.994880361127454
1.00075565537068
1.00664106093455
1.01243350530451
1.01803095299372
1.02333796339215
1.02827094030049
1.03276243761908
1.03676398457656
1.04024708579832
1.04320229528313
1.04563651054166
1.04756882553592
1.04902524686941
1.04994029517197
1.05048088366595
1.05075586321752
1.05080970155391
1.05065005023768
1.05023864099399
1.04948686302064
1.04824114792763
1.04655631984804
1.04440852719828
1.04177672537488
1.03864809634449
1.03502269605369
1.03091697430796
1.02636574366091
1.02142234501089
1.01615699633518
1.01065356085133
1.00500518263495
0.999309366959557
0.993663102201785
0.988158529655666
0.982879498871773
0.977899210761587
0.973279717651486
0.965970980126564
0.957454483606717
0.951268881858285
0.945961942116825
0.938341611184689
0.935733092738698
0.943350388883615
0.949025400945085
0.95559460742204
0.964367073714385
0.971749589636246
0.976337229966143
0.981247761159843
0.986426163479335
0.991807200638744
0.997315846473714
1.002869190346
1.00837927073649
1.01375671296216
1.01891492531231
1.02377445873485
1.02826704512126
1.03233882295825
1.03595234000535
1.03908707433945
1.04173840634862
1.04391516826538
1.04563604638919
1.04692505216972
1.04772516516379
1.04818949127866
1.04841353962126
1.04843809385921
1.0482679465861
1.04786810182656
1.04715728451703
1.04599519594066
1.04443640595874
1.04245973132501
1.04004576983561
1.03718150099133
1.03386426218207
1.03010484727109
1.02592938740493
1.02137980401412
1.01651280958485
1.01139762624974
1.00611275811292
1.0007422565294
0.995371936026328
0.990085928610105
0.984963827415791
0.980078569511164
0.975495829960084
0.968130458248362
0.959333375464222
0.952810939346379
0.94719692285738
0.939244990492967
0.93613036855003
0.944258250962536
0.950507143660071
0.957687284042207
0.966996938454679
0.9745827322808
0.979207047462024
0.98408976644506
0.989171673650515
0.99438707968759
0.999664292966686
1.00492732692136
1.01009825447418
1.01510011281741
1.01986016881174
1.02431323831117
1.02840468659424
1.03209273640579
1.03534977560614
1.03816247519377
1.04053067702137
1.0424651610908
1.04398451453609
1.04511124426645
1.04579735123807
1.04618376881451
1.04635324564151
1.04634328963568
1.04615538811347
1.04575747777532
1.04507419708904
1.04397706516161
1.04252133977632
1.04068812054288
1.03845945431584
1.03582224595607
1.0327716620685
1.02931385914651
1.02546776537239
1.02126574253146
1.01675309764519
1.01198656400165
1.0070319998289
1.0019616340876
0.996851204819793
0.991777281033882
0.986814946832034
0.982035948215091
0.977508070858754
0.97013065371271
0.961120620327555
0.954306166250627
0.948399137875174
0.940105634613545
0.936399049430979
0.945001795693515
0.951805855385117
0.959580770949088
0.969415323608214
0.977204677226889
0.981871407949341
0.986737297365069
0.991739704946375
0.996812903864595
1.00188850649008
1.00689692323005
1.01176925065708
1.01643951855904
1.02084715066477
1.02493940365235
1.02867350146114
1.03201818462698
1.03495444687827
1.03747532367622
1.0395847121749
1.04129531826074
1.04262590954351
1.04359795572281
1.04417283899057
1.04448105682214
1.04459335643473
1.04454440729566
1.04433200878119
1.04392665226221
1.04325740946011
1.04220603747048
1.04082941042408
1.03911053032421
1.03703270849878
1.03458291531939
1.03175471055864
1.0285506533588
1.02498397722359
1.02107938731542
1.01687294775754
1.01241114230948
1.00774929099034
1.00294956836996
0.998078882235607
0.993206828899358
0.98840385023209
0.983739653162535
0.97928264374367
0.971935141786224
0.962779179269415
0.955718700067754
0.949536262082197
0.940900537241063
0.936529517640005
0.94556121117674
0.952892367348075
0.961237404458967
0.971578797549809
0.979571410456315
0.984286906521926
0.98914827157111
0.994090117296534
0.999046974552124
1.00395360103409
1.00874615302835
1.01336363603125
1.01774957635521
1.02185380301791
1.02563416104713
1.02905794298434
1.03210282941457
1.03475717100514
1.0370195164569
1.03889737974327
1.04040533005039
1.04156254895262
1.04238988846682
1.04285823241216
1.04308942791717
1.04314314081339
1.04305165480497
1.04280877668803
1.04238714169046
1.04171875519146
1.04069393657827
1.03937206425481
1.03773768024298
1.03577519188917
1.03347178458908
1.03081997429392
1.02781975054643
1.02448013942317
1.0208200692523
1.01686850837547
1.01266393435196
1.00825327097105
1.00369047827608
0.999034990729552
0.994350164977462
0.989701826599318
0.98515695810771
0.980783252423136
0.973502270303666
0.964264677225341
0.95700569107663
0.950571131141173
0.941604984673304
0.936517331535955
0.945924232908221
0.953745074423578
0.962627201791875
0.973452131436629
0.98164665019614
0.986417491105123
0.991287436678062
0.996188892980087
1.00105683250431
1.00582888060078
1.01044619075606
1.01485449890866
1.01900530249203
1.02285708383366
1.02637644267817
1.02953897657559
1.03232975123141
1.03474323555724
1.03678263263671
1.03845860798245
1.03978748775758
1.04078904507817
1.04148387194812
1.04185221903332
1.04200907307885
1.04200407896437
1.04186759057961
1.04158920549794
1.04114326503633
1.04046322455068
1.03944622205246
1.03815495697639
1.03657517132992
1.03469221705377
1.03249364836061
1.02997148610557
1.0271241424512
1.02395786825934
1.02048762706288
1.01673736957106
1.0127397550254
1.00853542672961
1.00417198706505
0.999702824032531
0.995185913831165
0.990682663943282
0.986256846095206
0.981974321879044
0.974789497559277
0.965527992074448
0.958119756688751
0.951465291463988
0.942194334416989
0.9363640583011
0.946087891900521
0.954355436569067
0.96373420414555
0.975012141099347
0.983405577542714
0.988237863748598
0.993129342141877
0.998010701419261
1.00281745941703
1.00748974271224
1.01197289723893
1.01621818853419
1.02018356894386
1.02383445517506
1.02714441445229
1.03009563376906
1.03267904772377
1.03489402569911
1.03674756466353
1.03825299142933
1.03942823740137
1.04029378451408
1.04087025441443
1.04114687676466
1.04123353508595
1.04117102997064
1.04098823405224
1.040670412697
1.04019315498855
1.03948993029478
1.03846290935962
1.03717882756615
1.0356243080444
1.03378551038563
1.03165051069118
1.02921136063628
1.02646583861552
1.02341877888521
1.02008289966623
1.01647911179855
1.01263635093289
1.00859102679556
1.00438621328273
1.00007070678132
0.995698054739164
0.99132560859382
0.987013631056401
0.982825326227137
0.975757468198562
0.966526620492804
0.959019438152576
0.952181677067749
0.942646286341289
0.936077545147986
0.94606019427725
0.954726591565236
0.964555875512238
0.976251972728431
0.984837643237486
0.989736079547646
0.994660618617364
0.999540895694521
1.00431300705494
1.00891919295275
1.01330818187271
1.01743558734161
1.02126433980178
1.02476512475858
1.0279167483201
1.03070632572263
1.03312918539441
1.03518840060764
1.03689389934733
1.03826115350998
1.03930950162475
1.04006019058691
1.04053409258156
1.04072879155668
1.0407507610289
1.0406332231463
1.04040400128119
1.0400440007832
1.03952958670041
1.0387928823958
1.03773928849115
1.03644016259391
1.03488270779627
1.03305376541028
1.03094208226143
1.02854024012589
1.02584627393749
1.02286487986121
1.01960814817485
1.01609581311038
1.01235506819022
1.0084200405168
1.0043310427076
1.00013372159281
0.995878197597848
0.991618239997616
0.987410528406871
0.983314734414432
0.976377608998334
0.967221427688259
0.959665557346777
0.952690931761431
0.942942299910692
0.935671780380724
0.945859490488808
0.954877372289348
0.965108271895831
0.977180828577219
0.985948149240101
0.990914560242564
0.995880984411289
1.00077640919986
1.00553761868589
1.01010861917836
1.01444076412732
1.01849289062518
1.02223149294124
1.02563092441302
1.02867356294519
1.03134984287468
1.03365804784704
1.03560377462739
1.03719901307218
1.03846083586781
1.03940974400159
1.04006774582606
1.04045611879656
1.04057996631937
1.0405439552733
1.04037505526813
1.04010044820187
1.03969674433139
1.03914060716172
1.03836155429629
1.03726642237749
1.03593162939224
1.03434467173079
1.03249295494446
1.03036603968543
1.02795751019717
1.02526649562715
1.022298753304
1.01906726046673
1.01559232011895
1.01190124329891
1.00802771359894
1.00401096243267
0.999894880897597
0.995727165436591
0.991558545553313
0.987442130253962
0.983433679636953
0.976633309719433
0.967591542195345
0.960035733164025
0.952971731043237
0.943069856137385
0.935166133692201
0.945513719556531
0.954838580561361
0.965421117400434
0.977824559203422
0.986756846821953
0.991789455826535
0.996802616061064
1.00172527891993
1.00649510461837
1.01105763167838
1.01536617903331
1.01938177140839
1.02307313229469
1.02641675332088
1.02939697856221
1.03200600054617
1.03424365083772
1.03611688083354
1.03763886380054
1.03882769993532
1.03970476272357
1.04029276190514
1.04061347310655
1.04067850833605
1.04059222002897
1.04037668092854
1.04005880898407
1.03961107080737
1.03900995358653
1.03818122962022
1.03703141417499
1.03564226637344
1.03400130274517
1.03209638354733
1.02991802102857
1.0274612488429
1.02472707784105
1.02172344935346
1.01846564220736
1.01497615568269
1.01128415208301
1.00742458848254
1.00343718945452
0.999365406804677
0.995255478611268
0.991155643225382
0.987115553659166
0.98318671596356
0.976524417919244
0.967628713685333
0.960118886484528
0.953015029093635
0.943022973387704
0.934584216148659
0.945058057982443
0.954651186549558
0.965536982354282
0.978221353678883
0.987295437088062
0.992388067188349
0.997447970332698
1.00240481595405
1.00719749146157
1.01177297771502
1.01608602810462
1.02009892724258
1.02378138496599
1.02711057948985
1.03007127983977
1.03265592523898
1.03486451984264
1.03670421327525
1.03818847607392
1.03933583621554
1.04016820786583
1.04070888972689
1.04098019145104
1.04099908540445
1.0408709733134
1.04061438583668
1.04025631981425
1.03976532642486
1.03911725355202
1.03823312404631
1.03701744041089
1.03555742938958
1.03384037066405
1.03185447988115
1.02959135517281
1.0270479024924
1.02422775244908
1.02114207666205
1.01780976841852
1.01425702939133
1.01051647453675
1.00662591876353
1.00262703265843
0.998564045861301
0.994482636156587
0.990429077624148
0.98644970668273
0.982591535491027
0.976065367394759
0.967342005959087
0.959919882346922
0.952823261172715
0.942802740137963
0.93395238481104
0.944532119872772
0.954362149058526
0.965505552842401
0.978417210471747
0.987603164972083
0.992744956925927
0.997846372867018
1.00283873931379
1.00766269442118
1.01226672537165
1.01660662209987
1.02064511586632
1.02435175931279
1.02770305255763
1.03068272324375
1.0332820064085
1.03549974661822
1.03734215823795
1.0388221244532
1.03995798250561
1.04077181971955
1.04128736391065
1.04152744173837
1.0415131410659
1.04135213425575
1.04106073343075
1.04066631963477
1.04013382058141
1.03943800328819
1.03849428271604
1.03720355535102
1.03565850463054
1.03384593986988
1.03175434842665
1.02937654792534
1.02671171513386
1.02376678538027
1.02055712339285
1.01710643819012
1.01344600626676
1.00961335003635
1.00565057832677
1.00160262251296
0.997515590565902
0.993435413339313
0.98940688304785
0.985473159925136
0.981676567282059
0.97528302799724
0.966753851692487
0.959456286445122
0.95240935787281
0.942416850038542
0.933298017370985
0.943976706787943
0.954019900252657
0.965378211799716
0.978460225008412
0.987721711034718
0.992897319996003
0.998029975731812
1.00305375470792
1.00791171242291
1.0125540326572
1.01693725797459
1.02102386013792
1.02478219497508
1.02818682112375
1.03121905424306
1.03386755900833
1.03612875568044
1.03800683489289
1.03951322760339
1.04066545658423
1.04148538807906
1.04199697695529
1.04222349972439
1.04218885917694
1.04200406577866
1.04168447584724
1.04125812100105
1.04068664541429
1.03994332533897
1.03893726081486
1.03756428232503
1.03592241229503
1.03399779194244
1.03177912089992
1.02926057254645
1.02644396562549
1.0233401624544
1.01996958449885
1.01636182552404
1.01255445175766
1.00859117641349
1.00451966642184
1.00038927045722
0.996248943769826
0.992145589400787
0.988122949683684
0.984221143529017
0.980477650351589
0.974212857928244
0.965896104816098
0.958754901179367
0.951794283193672
0.941878557968448
0.932647642204834
0.943430347298438
0.953669586766576
0.965202376073507
0.978394748947237
0.987690011894924
0.992880332573247
0.998029699027745
1.00307611337306
1.00796578598921
1.01265085388361
1.01708840204507
1.02124002642672
1.02507195462156
1.02855566289676
1.03166881230234
1.03439625313826
1.0367308216681
1.03867367500264
1.04023397381833
1.04142781667256
1.04227643925268
1.04280378434556
1.04303346197432
1.0429908732715
1.04279127014071
1.04245022640364
1.0419966513439
1.04138927558645
1.04059951727456
1.03952960787627
1.0380690235875
1.03632094397118
1.03427069703028
1.0319071707563
1.02922603660447
1.02623209311421
1.02294067345449
1.01937799573763
1.01558044393406
1.01159289623201
1.00746633299727
1.00325503942707
0.999013754693304
0.994795103613497
0.990647582296523
0.986614270660438
0.982732388702737
0.979034471125448
0.972894694294189
0.964805571922794
0.957847662766535
0.951003904484064
0.94120519613889
0.932025005478087
0.942925758186732
0.95334828971435
0.965015957489766
0.978256015711786
0.98753966381314
0.992723073933574
0.997871698021258
1.00292861814
1.00784390666149
1.01257189462545
1.01707002101916
1.02129845956503
1.02522049456178
1.02880353090625
1.03202050320514
1.03485137432353
1.03728439023251
1.03931678637615
1.04095471607949
1.04221228159873
1.04310967670648
1.04367056096565
1.04391871218535
1.04387973532952
1.04367385235453
1.04331791075954
1.04284188574791
1.04220197543508
1.04136742647005
1.04023320125818
1.03868134694232
1.03682000467418
1.03463361613225
1.03211128188468
1.02925032269541
1.02605881251529
1.02255700001211
1.01877748476852
1.01476414362734
1.01056995285724
1.00625398604141
1.00187796420088
0.997502777396599
0.99318537887829
0.988976378549111
0.984918549474293
0.981046385879194
0.977387459401692
0.971369007345379
0.963519778441183
0.956767565024527
0.950065750927022
0.940416486116754
0.93144917250956
0.942486370400503
0.953080467757897
0.964842409525002
0.97806576643925
0.987291418863475
0.992445483365842
0.997574757366273
1.00262842011428
1.00756096123032
1.01232904163003
1.01689023832254
1.02120281347993
1.02522642598643
1.0289236099407
1.03226172290302
1.03521499380785
1.03776627979848
1.03990817623455
1.0416432112307
1.04298298271519
1.04394624379652
1.04455607283307
1.04483620135741
1.04481120374543
1.04460681205797
1.04424205987745
1.04374813851532
1.04307908681386
1.04220173216514
1.04100351978491
1.0393582523854
1.03737887422589
1.0350489574447
1.03235789952628
1.0293048320673
1.02590134641812
1.02217292821093
1.01815895358297
1.01391124979039
1.00949139501362
1.00496708612598
1.00040801411015
0.995881735748044
0.991450009140741
0.987165975312705
0.983072438257135
0.979201398482905
0.975575555446798
0.96967416025223
0.962073683311463
0.955545284320154
0.949006145213943
0.939532864923463
0.93093279954602
0.942123163185307
0.95287400679802
0.964686937284495
0.977829354150929
0.986953208820486
0.992056675054937
0.997148889607034
1.0021858419965
1.00712670836669
1.01193043380708
1.01655446091521
1.02095471204836
1.0250866992718
1.02890751973141
1.03237837728259
1.03546720271135
1.03815092725566
1.04041700515076
1.04226387924245
1.04370022664597
1.04474298898851
1.04541434281791
1.04573771561944
1.04573552765134
1.04553933840385
1.04517111936805
1.04466339111323
1.04396838118652
1.04305032689844
1.0417890525821
1.04004962369313
1.03794969816161
1.03547209728706
1.03260667033592
1.0293545300149
1.0257309595549
1.02176685511047
1.01750854135602
1.01301596915735
1.00835949831397
1.00361564203423
0.998862274987482
0.994173861791769
0.989617238570597
0.985248383203833
0.981110460587294
0.97723330257433
0.973634977829135
0.967844817367231
0.960497639859702
0.954206879107135
0.947848021054794
0.938573990946521
0.93048075507651
0.941832176927649
0.952717378324255
0.964534562035131
0.977534513726768
0.986520120178955
0.991555045719378
0.996595594418009
1.00160469225344
1.00654605530447
1.01138065892414
1.01606548958513
1.0205537883311
1.02479659692175
1.02874528686495
1.03235465313242
1.03558609430075
1.03841038575415
1.04080959825927
1.0427778224597
1.0443205176372
1.04545248936117
1.04619467467659
1.04656986631042
1.04659754287185
1.04641487066486
1.04604755517177
1.04552943242621
1.04481122678631
1.04385458912434
1.04253154867427
1.04069858640417
1.03847790796243
1.03585184375653
1.0328109252702
1.02935841750989
1.02551338572174
1.02131213929685
1.01680787320868
1.01206852131172
1.00717305070576
1.00220661839468
0.997255150128825
0.992399961998477
0.987713018167454
0.983253311135034
0.979064683076996
0.975175239583018
0.971598935864425
0.965911185292038
0.958816328849634
0.952772501312417
0.946609503569691
0.937557495404582
0.930035358555232
0.941562710845521
0.952564272591686
0.964333533454562
0.977108272968342
0.98588789969475
0.990829844587461
0.995800619128344
1.0007703482826
1.00570728539152
1.01057425701343
1.01532730543567
1.01991627691865
1.02428690040997
1.02838391993069
1.03215480752123
1.03555353472368
1.0385438653076
1.04110168077241
1.04321596808976
1.04488827124821
1.04613060774992
1.04696204511734
1.04740439744406
1.04746889762185
1.04730670017505
1.04694303207447
1.04641575242052
1.04567409888661
1.04467434130359
1.0432846102572
1.04134449895395
1.03898538944176
1.03618930746449
1.03294796087794
1.02926730936026
1.02517079947375
1.02070080507776
1.01591808361627
1.01089927282596
1.00573268299832
1.00051285014837
0.99533446816541
0.990286384383139
0.985446312438091
0.980876800869546
0.976622826003867
0.972711206425145
0.969151927623559
0.963577089503675
0.956761610435975
0.951007815055891
0.945091716966036
0.936336850126576
0.929414574221014
0.941107779149938
0.952140329730416
0.963684673759337
0.976012019098492
0.984345999699278
0.989141137005299
0.993999783263699
0.998906552344181
1.00383664368117
1.00875456674088
1.01361388737924
1.01835869191363
1.02292651677542
1.02725231683895
1.03127297784513
1.03493181615012
1.03818248686049
1.04099177344582
1.04334086344139
1.04522490866359
1.04665090042922
1.04763416027017
1.04819418353107
1.04831311171594
1.04819045103681
1.04783357082532
1.04729426287052
1.04651965936437
1.04545031017196
1.04396516786445
1.04185298260818
1.03927450470911
1.03621228727025
1.03266078222153
1.02863076474817
1.02415258282816
1.01927752598033
1.01407703721486
1.00863977862252
1.00306682539228
0.997465499061296
0.991942522295734
0.986597251320823
0.98151570577443
0.976765981816586
0.972395419148468
0.968429546517106
0.964871879155527
0.959474164041193
0.953062496670391
0.947786084699242
0.942339966459661
0.93421778001676
0.928518521090058
0.939821382429607
0.950264536086337
0.960990749324185
0.972399421445337
0.980198468990951
0.984753105039579
0.989421722729351
0.994192975316482
0.999042749854304
1.00393388109836
1.00881642368519
1.01362957597834
1.01830502396113
1.02277125844816
1.02695835908785
1.03080268500292
1.0342508984501
1.03726280970084
1.03981267251676
1.04188876032195
1.04349128847688
1.0446290302998
1.04531544392224
1.04551766121355
1.0454452392362
1.0451115959547
1.04457175759059
1.04377222560123
1.04264902532296
1.04107260222978
1.0388186859936
1.03606169847899
1.03278883316843
1.02900012472808
1.02471255527357
1.01996310169072
1.01480995633651
1.00933161499359
1.00362382445621
0.997794649145094
0.991958157311749
0.986227405478029
0.980707478953436
0.975489312714288
0.970644883983236
0.966224154640745
0.962253788543821
0.958736692484566
0.95349772306457
0.947580198312515
0.942941340674682
0.938224643100821
0.93115079964289
0.927214371511758
0.937253181930748
0.946391657939071
0.955857964952985
0.966167105440818
0.973398879117725
0.977677620072208
0.98209646969065
0.98663916130111
0.991276899185802
0.995969485786151
1.00066589465372
1.00530600163549
1.00982354784642
1.01414996538947
1.01821858243003
1.02196868633598
1.02534893713
1.02831970089119
1.03085401271175
1.03293706451764
1.0345643282534
1.03573868811453
1.03646733232571
1.03670649640991
1.03666437348817
1.03635486488701
1.0358334733594
1.03504856830628
1.03393615637346
1.03237018412491
1.03012876091141
1.02739223286706
1.02415398499387
1.02041946964173
1.01620953649978
1.01156295702915
1.00653744359549
1.00120884085749
0.99566844706492
0.990018665893585
0.984367406279356
0.978821811100044
0.973481975406384
0.968435297405965
0.963751996813749
0.959482142241227
0.95565418693699
0.952274263253242
0.947273514914718
0.941811609283626
0.937769166365364
0.933854154943728
0.928064039762237
0.924755275151358
0.93232119801774
0.93916960529399
0.946537265969237
0.954983794211692
0.960944342805897
0.964597492055921
0.968373454600143
0.972251135064762
0.97620038989803
0.980183361019444
0.984155373156454
0.988066383940581
0.991863150081716
0.995491906032127
0.998901223349763
1.00204468665341
1.0048830468768
1.00738558516305
1.00953053152414
1.01130451650266
1.01270117966062
1.01371922000203
1.01436033498037
1.01455182383376
1.01452648358255
1.01425933486782
1.01381407690521
1.01314682924008
1.01218784753479
1.01086581089507
1.00894169271321
1.00660396908747
1.00385207605959
1.00069464793832
0.997151786508073
0.993256756252838
0.989056685709813
0.984612031941468
0.97999474553274
0.975285240565036
0.970568427077929
0.965929184704457
0.961447725055662
0.957195295227438
0.95323061507545
0.949597316221604
0.946322426757626
0.943415543827868
0.939154136812526
0.934503069021554
0.931262903586724
0.928380975043071
0.924302729105188
0.928882922127645
0.929163480603523
0.926263542113048
0.923531109627847
0.92427880888516
0.928905424382001
0.933291166746252
0.939126932244016
0.946446961124151
0.955212411266142
0.965303499567572
0.976517618232599
0.988575660954849
1.00113780796694
1.01382809145098
1.02626482582117
1.03809224957983
1.04900817656421
1.05878333039645
1.06726998806391
1.07439985209369
1.0801729790424
1.08464074341696
1.08788625757388
1.08976888464237
1.09079284595526
1.09115912344491
1.09100448045584
1.09032231608286
1.08899242990771
1.08681361490293
1.08331570814513
1.07869019440875
1.07285761956114
1.06576088190758
1.05738658603386
1.04778449592931
1.03708121072927
1.02548472153731
1.0132777909017
1.00080013651911
0.988421800718864
0.976512104024548
0.965409474028479
0.955396862638297
0.946685657625786
0.93940866229405
0.933620689350743
0.929304254726985
0.924946079370947
0.924761894610104
0.928021386037381
0.930925181584743
0.929806206321494
0.933348628965771
0.934220314851826
0.92995011269126
0.924951542192216
0.92374433848876
0.928039072823195
0.932797353358048
0.939475822379291
0.94815850692667
0.958835912217346
0.971386982908433
0.985567566266931
1.00101130036599
1.0172474030128
1.03373612311618
1.04991762028551
1.06526569233496
1.07933598719488
1.09179991734111
1.10245962306298
1.1112441083698
1.11819030753322
1.12341456630607
1.127080206165
1.12914596357251
1.13018343577262
1.13048498106092
1.13019929737499
1.12931242611277
1.12770267882547
1.1250694718331
1.12089735770477
1.11531723305665
1.10817072471445
1.09933258304133
1.08874671072888
1.07645879741171
1.06263904127882
1.04758896486789
1.03172842931651
1.01556289054441
0.999635892861618
0.984475940621496
0.970548354650476
0.958220752527455
0.947746239278312
0.939263142983689
0.932806017236075
0.928320734729708
0.924802107265525
0.927561996092805
0.933792721119369
0.937686964582681
0.934656675439558
0.936539079946399
0.938383041594213
0.933922522073232
0.928026422040436
0.925724066991893
0.929489901826833
0.934138775342078
0.940873593796344
0.949810513367459
0.960964969015832
0.974227165046682
0.98934378335037
1.0059141757637
1.02340789490596
1.04120562677616
1.05865869189806
1.07515601315379
1.09018477993425
1.10337312431696
1.1145087648495
1.1235340315824
1.13052231044915
1.13564274844857
1.13911987611471
1.14099600185405
1.1418798346452
1.14206949411748
1.14171874617378
1.14081063737432
1.13922500167132
1.13665382012296
1.13255809952003
1.1270046844709
1.11977443441536
1.11068684726379
1.09964513096451
1.08667663957806
1.07196095782195
1.0558382269265
1.03879260668078
1.0214107694139
1.00432196676505
0.988131826012491
0.973363935414021
0.960420374592362
0.949565850650785
0.940932903426925
0.934540185031815
0.930312876401076
0.927722620490948
0.932271216645734
0.939765513913042
0.943157707033376
0.937930393492084
0.939390379028683
0.942504228882272
0.939072676656956
0.934062930047455
0.932305935405647
0.936105234706858
0.940671256597106
0.947246428706091
0.955950550118883
0.966803440793933
0.979700145697552
0.994392604411414
1.01048583129436
1.02745546698214
1.04468878728659
1.06154436471874
1.07741930617404
1.09181031174771
1.10435685781137
1.11486039018873
1.12327979099004
1.12970792406892
1.1343358157091
1.13741086232776
1.13902453684809
1.13975894179991
1.1398905487801
1.1395633145968
1.13876302495455
1.1373807219541
1.13513662246665
1.13152164073287
1.12654806755228
1.11997440830244
1.11159748952463
1.10129878142729
1.08908541861305
1.07511852675755
1.05972172509091
1.04336484106364
1.02662271888276
1.01011554477488
0.994442711879915
0.98012420998669
0.967560703325675
0.957017005523258
0.948626419415691
0.94240772346624
0.938282671489313
0.935691647061357
0.939491010368587
0.945575946188881
0.947326605551097
0.940503231455242
0.941315391939521
0.945535365211308
0.943605847630124
0.940445059182837
0.940361056866066
0.944812401423954
0.949479904477056
0.955947053856206
0.964310464577435
0.97457430320704
0.986629757046151
1.00024110167299
1.01504494074975
1.030567734733
1.04626277148416
1.06156222445246
1.07593506625036
1.08893953585384
1.10026050561242
1.10972652880266
1.11730643540253
1.1230891039744
1.12725166255486
1.13002140707458
1.13150210906026
1.1321818409432
1.13233414754309
1.13207729925619
1.13140209966172
1.13022222730382
1.12826896997012
1.12512163476859
1.1207608944068
1.11496574654729
1.10754795882348
1.09839373633326
1.08750003428202
1.07499943545879
1.06116780301229
1.04641079198331
1.0312292553959
1.01616879700779
1.00176322763483
0.988483343119551
0.976700322074594
0.966668012297385
0.958522525730497
0.95229302253677
0.947915915330446
0.944254823613869
0.94550632548102
0.948968623092041
0.949253941130673
0.94201815064366
0.942440434919387
0.947370702121233
0.946510442452229
0.944739455116823
0.946007329991513
0.95105306913351
0.955860660899392
0.962305215786821
0.970462074995669
0.98032121965418
0.991770106052879
1.00458323449039
1.01842353210083
1.03285948175163
1.04739854153477
1.06153291836309
1.07478988093394
1.08677719224142
1.09721558956558
1.1059538118236
1.11296582808132
1.11833311306266
1.12221635563827
1.12482097147634
1.12623611962005
1.12690288013737
1.12707984936923
1.12687355599719
1.12627814899148
1.12521625238946
1.12343895789827
1.12056712943865
1.1165817647538
1.11128377267075
1.10450230268072
1.09613212462571
1.08616586853114
1.07471609977726
1.06202234150592
1.04843984826966
1.03441025273199
1.02041846630945
1.00694387712782
0.994415301152503
0.983177544636224
0.973473462598934
0.965440688279261
0.959118595619773
0.954460828235915
0.949856637263302
0.949153549785805
0.950811146393288
0.950204585177053
0.942910915029619
0.943407774685094
0.948994193539162
0.949118329416665
0.948635273492202
0.951195026375837
0.956837323621249
0.961801796441935
0.968249363528763
0.97623393485328
0.985731577147321
0.996626609112841
1.00870410621377
1.02165287554147
1.03508184215912
1.04854994556812
1.06160603154684
1.07383217436403
1.08488263958746
1.0945117930748
1.10258711710584
1.10908686345223
1.11408455913666
1.11772400761185
1.12018860232338
1.12154771478293
1.12220627651302
1.12240460983595
1.12224097611718
1.12171218893611
1.12074641910032
1.11911654330549
1.11647412438272
1.11280762748425
1.10793984614393
1.10171771992148
1.0940453258471
1.08491229994945
1.07441333598199
1.06275465653196
1.05024486080374
1.03727031611628
1.02425871313997
1.0116373584765
0.999793969150572
0.989046562357723
0.979625955356552
0.971670673231277
0.965231221264917
0.960279919593663
0.954768346508526
0.952279031931092
0.952393473430365
0.951056624957674
0.943727097544223
0.944362539376846
0.950652908697609
0.951798423392868
0.952641618273796
0.956556206165264
0.962845500715403
0.967988699242302
0.974453900833219
0.982271834067001
0.991404147268001
1.00173269962607
1.01305470778547
1.02508688342362
1.0374806728406
1.04984836894672
1.06179703864428
1.07296489096087
1.08305381582757
1.0918526915244
1.09924827652263
1.10522315728179
1.10984242550838
1.11323204476946
1.11555215885755
1.11685169539866
1.11749846429592
1.11771409294822
1.11758842896071
1.11712047331869
1.11624396436497
1.11475289668742
1.11233015288175
1.10897339596744
1.10452840048963
1.09886090916305
1.09188509223183
1.08358807469417
1.07404685218288
1.06343422253483
1.0520116746809
1.04010941693466
1.02809644722212
1.01634588362571
1.00520175573721
0.994952653368472
0.985815347397882
0.977928664836608
0.97135557648119
0.966090754723797
0.959639879143441
0.95539180859895
0.954047181769472
0.952010296202754
0.944607862200697
0.945289744672668
0.952329283915229
0.954515113146099
0.956688580062725
0.961974868723042
0.968930726422741
0.974262638836513
0.980753371706014
0.988410152201771
0.997180747269458
1.00694571222316
1.01751571724948
1.02863634257191
1.04000181548495
1.05127726407152
1.06212689710215
1.07224380742747
1.08137646582178
1.0893476486314
1.09606322632775
1.10151028596642
1.10574582511327
1.10887837922065
1.11104529330538
1.11227645697924
1.11290324101883
1.11312809673929
1.1130326192583
1.11261730172524
1.11182131440899
1.11045883498373
1.10824335723982
1.1051823339368
1.10114399506778
1.09601252916799
1.08971211586055
1.08222768690043
1.07361937410801
1.06402792436365
1.05366947735038
1.04281987765726
1.03179078688422
1.02090163745046
1.0104522674198
1.00070056136685
0.991847790122316
0.984032213327127
0.977329624571532
0.971758775649948
0.964400544476674
0.958503649164424
0.955822352217851
0.95311550756852
0.945569452550227
0.946166072525208
0.953991836469137
0.957225350997797
0.960711876428724
0.967352531387675
0.974968426502912
0.980488236134845
0.987005828342907
0.99450593575324
1.0029238943613
1.01214043673602
1.02198065872177
1.03221898320752
1.04259114378109
1.05281268165846
1.06260181523719
1.07170330267254
1.079909489961
1.08707525771803
1.09312483722761
1.09805001410378
1.10190062456261
1.10476920125032
1.10677197507418
1.10792282180683
1.10851841999475
1.10874175926349
1.10866651873971
1.1082938413736
1.10756813035502
1.10632241026891
1.10429928296956
1.10151564800873
1.09786050840069
1.09323514721747
1.08757304913728
1.08085717967836
1.07313216590064
1.06450922154806
1.05516258060402
1.04531758421728
1.03523214887128
1.02517468406341
1.01540216721779
1.00614178073678
0.997578375214389
0.98984843467221
0.983039670001809
0.977194628644545
0.969010811128557
0.961624339528933
0.957743579000502
0.954395902060683
0.946616501676702
0.946960937833993
0.955595454274376
0.959876103365421
0.964647476706516
0.972602791228537
0.980852535080393
0.98655101667443
0.993091681142368
1.00043890303651
1.00851772758092
1.01721069180883
1.02635789121437
1.03576170677869
1.04519691620723
1.05442568208277
1.06321568773376
1.07135880965705
1.07868743407821
1.08508592333698
1.09049566592361
1.09491329944054
1.09838276694546
1.10098264939249
1.1028105302395
1.10386822959147
1.10442023902545
1.10463005805845
1.10456392285887
1.10422270834543
1.10355579144405
1.10241336544942
1.10056507436418
1.09803639759277
1.09473472472395
1.0905764870858
1.08550341685194
1.07949672958639
1.07258729000026
1.06486007454757
1.05645198579498
1.04754313005602
1.03834285076402
1.02907281008599
1.0199499184215
1.01117175081242
1.00290630466246
0.995286767357294
0.988410672716639
0.982342100352547
0.973449658983282
0.964759251847768
0.959815846204154
0.955851643564433
0.947741259741708
0.947638488441018
0.957082966464567
0.96240262628334
0.968425636509921
0.977642955254609
0.986487670606127
0.992350373450102
0.998907621743469
1.00610638416194
1.0138639535393
1.02206624730795
1.03056849804822
1.03919945878422
1.04776965277941
1.05608320583398
1.06395189276783
1.07120940971558
1.0777237046284
1.08340550080024
1.08821182835032
1.09214423272548
1.09524214500569
1.09757252531333
1.09921714893021
1.10017004103796
1.10066651890624
1.10085086597407
1.10078245614624
1.10046097277614
1.09984043958689
1.09878626612128
1.09709268072472
1.09479270847128
1.09180942844855
1.08807222248163
1.08352988716804
1.07816215395719
1.07198811461003
1.06507024882307
1.05751333494666
1.04945832278238
1.04107212030405
1.03253498661675
1.02402762087074
1.01571996540331
1.00776320791133
1.00028558228241
0.993391485898439
0.987162729134236
0.977701315202269
0.967905034193435
0.962027208465605
0.957462423543043
0.948923715074274
0.948160518390881
0.958388301674203
0.964728209659837
0.971965988030602
0.98238592849117
0.991780854821563
0.997791638012029
1.00435926409021
1.01141667751143
1.01887603170821
1.02662795683658
1.03454250545767
1.04247267840109
1.05026092905082
1.05774825084777
1.06478478725974
1.07124047078249
1.07701408529714
1.08203937411569
1.08628731194023
1.08976428614218
1.09250654720663
1.09457177998442
1.09602884533579
1.0968680437774
1.09729883680722
1.09744689931684
1.09736540361483
1.09705197278283
1.09646487893943
1.09548258638921
1.09392118262961
1.0918202781201
1.08911592460687
1.08574825659048
1.08167198726918
1.07686570883584
1.07133885259504
1.0651353100365
1.05833316943705
1.05104062024721
1.04338871897521
1.03552225568347
1.02759026768667
1.01973772630708
1.01209956293188
1.00479754457118
0.997939607339994
0.991620591386757
0.98174209944011
0.971042691213321
0.964347502329551
0.959189089266032
0.950132525456771
0.948490126496324
0.959441584189094
0.966766526467847
0.975175614453287
0.986735380809317
0.996636132077466
1.002780646895
1.00935580704379
1.01628394388878
1.02347445583158
1.03082362366818
1.03821556387554
1.04552502595383
1.05262233319661
1.05938015030713
1.06568127590041
1.07142635304
1.07654031916569
1.08097658648194
1.08471830434067
1.08777651423844
1.09018546810677
1.09199576180877
1.09326607703157
1.0939865358887
1.09434421462535
1.09444713282895
1.09434297724858
1.09402654640879
1.09345988918007
1.09253221846877
1.09107857361593
1.08914438304868
1.08667611530586
1.08362261312265
1.07994348451542
1.07561660653488
1.07064388045876
1.06505447568445
1.05890514938643
1.05227767566209
1.04527388883807
1.0380092463372
1.03060605093254
1.02318747560268
1.01587328974875
1.00877770406736
1.00200902277386
0.995670179564041
0.985529057753748
0.97412892918274
0.966724112116493
0.960974114948368
0.951326750434069
0.948595800361302
0.960176443813796
0.968428201926511
0.977952746135456
0.990587066006401
1.00095459809851
1.00722316455084
1.01380891383096
1.02062663927636
1.02758492103344
1.03458615781574
1.04152739569146
1.04830241904096
1.05480533339213
1.06093541825936
1.06660266269677
1.07173317217175
1.07627358472168
1.08019375824082
1.08348725269847
1.08616946801284
1.08827364348145
1.08984521976567
1.09093515792194
1.0915362358802
1.09181665410248
1.0918680690895
1.09173343072596
1.09140409094385
1.09084533222155
1.0899547286921
1.08858323788026
1.08678154886957
1.08450423815396
1.08170703548188
1.07835358111886
1.07442152074775
1.0699072929675
1.06482902535946
1.05922722686748
1.05316330079214
1.0467162509164
1.03997824845773
1.03304990351791
1.02603609457132
1.01904303441741
1.0121768887588
1.00554370308991
0.999249925753011
0.988993285552278
0.977088856246086
0.969077703686252
0.962742496600642
0.952458497547349
0.948455446997765
0.960539165429451
0.969632903749324
0.98019890890273
0.993837816420116
1.00464083451965
1.01102997743098
1.01763645206312
1.02437003471613
1.03113986437122
1.03785446002024
1.04442238828552
1.05075368557935
1.05676227988114
1.06236929581347
1.06750682668879
1.07212158043062
1.07617776335701
1.07965865388563
1.08256650975402
1.08492070292931
1.08675423948212
1.08810905369501
1.08903052276517
1.08951613028965
1.08971866821561
1.08971503760104
1.08954421194695
1.08919364353563
1.0886312388424
1.08776052677855
1.08644525945591
1.08474098528496
1.08260834328947
1.08000836166325
1.07690800381002
1.07328519999563
1.06913287739713
1.06446153579068
1.05930013301245
1.0536953043754
1.04770920320837
1.04141646987864
1.03490096699647
1.02825292357791
1.0215669929531
1.01494142752208
1.00847813119016
1.00228314918105
0.992041057082274
0.979816880096787
0.971303742507488
0.964405281878073
0.953476547484691
0.948059794151175
0.960498060245969
0.970325855806837
0.981838493788342
0.996400639914614
1.00761467341572
1.01412652123254
1.02077004087222
1.0274519391702
1.03408266379892
1.04057648564116
1.04685193116518
1.05283254775893
1.05844834131159
1.0636378576177
1.06835062102742
1.07254948869029
1.07621243535243
1.07933334406987
1.08192152107908
1.08399984556531
1.08560167333338
1.08676680325839
1.08753684832568
1.08791527459711
1.08804283270118
1.08798355435358
1.08777318991446
1.08739502465707
1.08681892099316
1.08595199680848
1.08466761099615
1.08302583014323
1.0809915458592
1.0785297013749
1.07561000113027
1.07221118307365
1.06832447427356
1.06395586948189
1.05912705479085
1.05387500972425
1.0482505286027
1.04231607146058
1.03614345057636
1.02981185320906
1.02340657417445
1.01701857101759
1.01074447931629
1.00468699712905
0.994562876580316
0.982195783087576
0.973288188925869
0.965866032972845
0.954331170729294
0.947414648991548
0.960050997934466
0.970484634647132
0.982827678992226
0.998223845453323
1.00982495485761
1.01646405632782
1.0231640409903
1.0298296807338
1.03637295324957
1.04271330423744
1.04877760803648
1.05450028720041
1.05982391726595
1.06470037162808
1.06909230447171
1.07297462391702
1.0763355575298
1.0791769521098
1.08151356123036
1.08337123125656
1.08478407289252
1.08579087195394
1.08643101417141
1.08671451917481
1.08677332181315
1.08666070193856
1.08640991573962
1.0860000076082
1.08540207989043
1.08452457028676
1.08324721403145
1.08163420191483
1.0796530524246
1.07727140029116
1.07446120275582
1.07120251945201
1.06748655148478
1.06331763981591
1.05871408930091
1.05370787015816
1.04834342477272
1.04267594601627
1.03676956433018
1.03069586096902
1.02453299799352
1.01836548430868
1.01228424766894
1.00638621663034
0.996458271923794
0.98408587758654
0.974898667487413
0.967038464510374
0.95497797737932
0.946541274340663
0.959227794102931
0.970136940709284
0.983179705963971
0.999299763753253
1.01126069579088
1.01802884934589
1.02480307699522
1.03148599775858
1.03799125681397
1.04424278487183
1.05017421844223
1.05572834195264
1.06085699948347
1.06552156168391
1.069693793262
1.07335681415589
1.07650578793011
1.07914799617662
1.08130205238476
1.0829961498014
1.08426540185135
1.08514849421845
1.08568388913698
1.08588812759522
1.08588738221561
1.08572647545544
1.08543685914569
1.08499345600524
1.08436785687284
1.08346769751432
1.08217583831999
1.08056003595487
1.07858893523804
1.07623174918101
1.07346226237369
1.07026235530079
1.06662476308832
1.06255480276628
1.05807096932455
1.05320448024575
1.04799801309451
1.04250400430204
1.03678293224487
1.03090197298979
1.0249342758201
1.01895884574318
1.01306056866906
1.00733029144893
0.997644381755862
0.985397818046086
0.976050670946723
0.96784849267028
0.955385289506119
0.945475608315648
0.958088157716343
0.96934903578926
0.982952837263741
0.999675768468312
1.01195365098324
1.0188465448608
1.02570541314537
1.03243194619112
1.0389414744609
1.0451617937947
1.05103179195643
1.05650022229941
1.06152505050631
1.06607348846113
1.07012256534623
1.07365992189864
1.07668444195175
1.07920635208614
1.0812465105251
1.08283474769762
1.08400728995699
1.08480346804412
1.08526194567543
1.08540527195472
1.08535671653477
1.08515505646251
1.08483057736524
1.0843543842492
1.08369778356704
1.08276567852091
1.08144080777858
1.07979367540983
1.07779262117676
1.07540738851031
1.07261320205267
1.06939425024616
1.06574628185853
1.06167806228245
1.0572116163236
1.05238137492879
1.04723251447874
1.04181890045784
1.03620109435011
1.03044483268557
1.02462022926654
1.01880166695847
1.01306796291467
1.00750237849321
0.998088289829348
0.986063145870377
0.976676501785479
0.968259941880782
0.955534621599678
0.944265500867388
0.956714897479025
0.96822266374596
0.98225367690974
0.999442015138228
1.01197749391816
1.01897915332069
1.02592130530812
1.03270592562833
1.03925053237656
1.04548635360852
1.05135616826714
1.0568124258059
1.06181617297396
1.06633690107095
1.0703531347957
1.07385339570986
1.07683708830583
1.07931487029693
1.08130816579692
1.08284763603763
1.08397061178009
1.0847176857346
1.08512872134521
1.08523141239207
1.08514877423751
1.0849160052701
1.08456280158204
1.08405692276625
1.08336861158876
1.08239833364049
1.08102549339634
1.07932219573992
1.07725506844077
1.0747933685815
1.07191339547606
1.06860212790275
1.06485976126432
1.06070088358749
1.05615423831047
1.05126123949583
1.04607359833418
1.04065055569994
1.03505626217591
1.02935778300774
1.02362402264356
1.01792555811819
1.01233493062839
1.00692686018184
0.997801853140834
0.986085501816079
0.976775666952559
0.968269161580935
0.955424786576944
0.942967445753154
0.955205723052659
0.966880213998775
0.98121498528319
0.998723370060013
1.01143652514773
1.01851732928015
1.02552680808476
1.03236925174125
1.03896540475976
1.0452498753226
1.05116819495823
1.05667437226357
1.06172957668253
1.06630206432638
1.07036810603065
1.07391345736937
1.0769348099585
1.07944067858321
1.08145129215682
1.08299723994175
1.08411684811088
1.08485249319364
1.08524615300556
1.08532958159863
1.08522796637738
1.08497538417673
1.08460144996976
1.08407119363182
1.08335302407987
1.0823415125706
1.08090958815195
1.0791294535888
1.07696461628562
1.07438284311121
1.07136115811985
1.06788981592254
1.06397486829444
1.05963904067906
1.05492088453566
1.04987243027087
1.04455579540175
1.03903936341014
1.03339420191305
1.02769131041082
1.02200007388661
1.01638794819228
1.01092090320246
1.0056640033631
0.996844639625422
0.985515818368109
0.976390841699101
0.967908881812105
0.955070403094357
0.941642740637098
0.953665275723748
0.96545400670608
0.979984501920136
0.997662551762194
1.010453195971
1.01756948560998
1.02461513321069
1.03149957005008
1.03814843813298
1.04450010570119
1.05050198264635
1.05610765134848
1.06127553211363
1.0659691784081
1.07015887656868
1.07382396255715
1.07695514951765
1.07955617948891
1.08164425055189
1.08324889256609
1.08440923424132
1.08516988467093
1.08557579381382
1.0856615868797
1.08555681816468
1.08529682589174
1.08491158078743
1.08436410816657
1.08362023778417
1.08256744678096
1.08106916453169
1.07919585717961
1.07690650306851
1.07416639169201
1.0709529427698
1.06726018094435
1.06310140574479
1.05850973950674
1.05353653560991
1.04824794188228
1.0427201943512
1.0370344138357
1.03127174328893
1.02550956907026
1.01981931399402
1.01426588198426
1.00890827294938
1.00380069775237
0.995309606636613
0.984445134947118
0.975602389504049
0.967239348742031
0.954499518843177
0.940353575488407
0.95219863935342
0.964077333129833
0.978712215327617
0.996405729687067
1.00915537295282
1.01625076076239
1.02328753211581
1.03018377026955
1.03687219903645
1.04329567479389
1.04940283277951
1.0551449914979
1.06047506452581
1.0653485336573
1.06972605353537
1.07357694842103
1.07688271915424
1.0796397027188
1.08186019540029
1.08357162010088
1.08481364347006
1.08563348700239
1.08607987495782
1.08618909921585
1.08609703482038
1.08584252714727
1.08545626850564
1.08490007123332
1.08413648120448
1.0830449313768
1.08147650221106
1.07949784937269
1.07706205019234
1.07413097850993
1.07068216155651
1.0667138990196
1.06224809261041
1.05733042723313
1.05202790209795
1.04642408692357
1.04061282213414
1.03469132691971
1.02875376123643
1.02288617243729
1.01716344996588
1.01164843709083
1.00639272879998
1.00143845384952
0.993306953685769
0.982985843781466
0.974511654677979
0.966337016967798
0.95374953070623
0.939159099604953
0.950905908996916
0.962877999691828
0.977540948929879
0.995091019615391
1.00766567745921
1.01467350889945
1.02164533509559
1.02851174249246
1.03521491389932
1.04170302564655
1.04792537020144
1.05382927910801
1.05935956352453
1.06446046469355
1.06907957250686
1.07317280700146
1.07670938237033
1.07967569980421
1.08207731932164
1.08393848570909
1.08529907126455
1.08620920037927
1.08672208441749
1.08687450873884
1.08681036756234
1.08657406185896
1.08619730485467
1.08564150249306
1.08486526863561
1.08373926876893
1.08209963524439
1.08000707280617
1.07740750345412
1.07425856148982
1.07053767108184
1.0662479209732
1.06142108855982
1.05611740968171
1.05042210822417
1.04443914891703
1.03828309624448
1.03207026598386
1.02591045834706
1.01990041917579
1.01411980421515
1.00862987230335
1.00347445726953
0.998682500420167
0.990949225617795
0.981253037881044
0.973223524894198
0.96528237352905
0.952862311987432
0.938111396037825
0.94987661954362
0.961972305363304
0.976598757842434
0.993839378837699
1.00609313257322
1.01293996641173
1.01978389826546
1.02657169594499
1.03325708205339
1.03979412777717
1.04613210380946
1.05221270338784
1.05797027473012
1.06333499882957
1.06823837101329
1.07261991331917
1.07643382281243
1.07965428554228
1.08227842875057
1.08432627087384
1.08583748323385
1.08686524482242
1.08746780224595
1.08768128320338
1.0876590189348
1.08745276121323
1.08709548482914
1.08654895318307
1.08576727435402
1.08461181388585
1.08290150453335
1.08068915187715
1.07791251332315
1.07452437298274
1.07050197069717
1.0658537003354
1.06062233916805
1.05488436070345
1.04874535930374
1.04233214209047
1.03578255063958
1.029234448249
1.02281543393706
1.01663466594661
1.01077772653644
1.0053048246017
1.00025190323248
0.995633930317864
0.988340335381748
0.979350093471936
0.971831965557677
0.964148811918043
0.951879215581973
0.937251309632665
0.949182645615606
0.961456659637024
0.975989749608885
0.992745914972431
1.00452648348625
1.01113685597094
1.0177884389896
1.02444706401778
1.03107923179939
1.03764484918194
1.04409219731567
1.05035574170518
1.05635735367584
1.06201087239844
1.06722930239727
1.07193341324559
1.07606022156149
1.07956985291488
1.08244956719667
1.08471418578765
1.08640268197132
1.08757122573151
1.0882833675878
1.08857338107177
1.08860512911072
1.08843920526632
1.08811004048707
1.08758041635214
1.08679945491716
1.08561883759493
1.08383851958996
1.08150198359781
1.07853822372194
1.07489489966302
1.07054917415513
1.06551524915886
1.05984778769024
1.05364073226469
1.04702155773531
1.04014160420131
1.03316374093265
1.02624906609649
1.01954449754361
1.01317288534341
1.00722672749436
1.00176583266048
0.99681848947399
0.992385420695252
0.985569063654046
0.977358976325756
0.970409199412994
0.962993500215064
0.950836560666901
0.936604267719487
0.948868611043384
0.96139413285953
0.975779728278808
0.99186978178485
1.00302857411967
1.00933144557225
1.0157312689693
1.02221446331766
1.02876021884137
1.03533333298202
1.04187977509582
1.04832532518406
1.05457786587642
1.06053336209656
1.06608480733064
1.0711327535516
1.07559567413281
1.07941841659201
1.08257733546074
1.08508122324036
1.0869677493947
1.08829570372497
1.08913379126765
1.08951309069959
1.08960869105145
1.08949117885958
1.08919659866177
1.08868925092838
1.08791291371295
1.08670929967372
1.08485824915803
1.08239337957639
1.07923491314268
1.07532557480652
1.07064279739079
1.06520705246879
1.05908543413108
1.05238996580624
1.0452706680601
1.03790411448148
1.03047891528515
1.02318011234033
1.01617464678446
1.00959977952515
1.0035556786164
0.998102527453956
0.993261659111519
0.989019952305564
0.982706429905218
0.975334798044892
0.968998438425211
0.961850696030012
0.949762068947173
0.936176511491853
0.948939989703307
0.961794333410573
0.975973899681884
0.991222554183019
1.00163202331699
1.00756874263487
1.01366993573678
1.01994198929355
1.02637523069616
1.0329375078408
1.03957093158781
1.04619143764336
1.05269209394913
1.05895040786081
1.06483893132428
1.07023764014317
1.07504610713314
1.07919348696086
1.08264471556201
1.08540193046058
1.08750077725551
1.0890019054862
1.08997844581319
1.09045684167263
1.09062337904496
1.09055958832173
1.09030318465605
1.08982028057442
1.08904918019732
1.08782124512904
1.08589610832601
1.08329804310734
1.07993926437392
1.0757583130287
1.07073350095787
1.06489194314976
1.05831326642986
1.0511274198478
1.04350661168007
1.03565216661077
1.02777792153745
1.02009241924517
1.01278236492852
1.00599946652744
0.999851982820466
0.994401310302811
0.989662995641623
0.985611351796224
0.979805564703117
0.973304269681758
0.967610315134812
0.960727761568058
0.94867250269772
0.935940204852603
0.949458161132442
0.96277119821685
0.976630373651041
0.990740048361561
1.00014424319843
1.00561082426527
1.01133146529006
1.01733413313395
1.02361823876677
1.03015220969038
1.03687182752513
1.04368075605007
1.05045484327787
1.0570507526745
1.06331825581513
1.06911451115447
1.07431809911659
1.07884057468242
1.08263374641258
1.08569158150749
1.08804636329761
1.08975941231266
1.09090745986039
1.09150592005415
1.09176010125797
1.09176026736348
1.09154825108992
1.09109230273177
1.09032234144117
1.08906173704472
1.08704127009474
1.08428015933807
1.08068315208155
1.0761856154661
1.07076794322223
1.06446525965659
1.05737123692744
1.0496353981034
1.04145390096941
1.03305464828041
1.02467852457998
1.01655931398886
1.00890509192025
1.00188346358019
0.995612070297338
0.990154646860652
0.985521963902867
0.98167604186287
0.976446656746469
0.970945914087848
0.966005227372733
0.959431546474894
0.947408675063181
0.936007710787635
0.950919806472006
0.964966146606472
0.978117874087702
0.990115156777292
0.997726624236949
1.00242018619736
1.0075217264106
1.01308778455836
1.01912391890162
1.02559351285828
1.0324192856154
1.03948516680935
1.04664181338727
1.05371681119916
1.06052894123898
1.06690464579616
1.07269415830789
1.07778475365971
1.08210911770444
1.08564765353212
1.08842437911426
1.0904968633743
1.09194160934156
1.09273656222781
1.09313806283393
1.09323547323677
1.09308396197853
1.09265452642939
1.09185775025127
1.09051797602922
1.08830199257235
1.08524417725741
1.08124437418372
1.0762384860744
1.07021357729941
1.06321811296871
1.05536587321012
1.04683273048773
1.03784616990143
1.02866841300039
1.01957514505304
1.01083275885038
1.0026773130303
0.995297877501254
0.988825756398347
0.983329667471552
0.97881573764578
0.975230351469337
0.97084123467925
0.966804476649715
0.963044231966844
0.957040236078029
0.945238509403735
0.936090188995902
0.951655999761834
0.965350131086594
0.976913327180641
0.98656219380923
0.992753471337409
0.996809083663879
1.00140066290474
1.00658947482016
1.01237876270972
1.01872469819122
1.02553960968187
1.03269517517458
1.04002894171081
1.04735523106442
1.05447981990674
1.06121653899079
1.06740327443303
1.07291486992322
1.07767100893952
1.08163802654402
1.08482449128723
1.08727122820682
1.08903741119105
1.09006034936147
1.09061038623652
1.09079413470412
1.0906719461698
1.09021605743538
1.08932860669919
1.08781657137663
1.08532509531033
1.08191830076197
1.07751055370411
1.0720527811187
1.06554662795953
1.0580543011038
1.04970246786439
1.04067920674713
1.03122373174093
1.0216096473376
1.01212368663662
1.00304283780221
0.994613069243333
0.987032343861142
0.980439429514596
0.974908599720187
0.970449081337869
0.96700706601697
0.963062932186472
0.960121054831692
0.957536672031803
0.95254272401681
0.941791195320509
0.935108878537181
0.949023313117632
0.96046057948899
0.970147953877275
0.978846521081267
0.984829251248107
0.988781053996098
0.993244820326814
0.998268139968588
1.00385039576451
1.00994784112733
1.01647655081486
1.02331647149874
1.03031834907857
1.03731400866473
1.04412929854465
1.05059811370651
1.05657546137358
1.06194760032933
1.06663779726089
1.07060699806313
1.07384950989722
1.07638455494601
1.07824534674279
1.07933589177454
1.07992000248276
1.08010457948481
1.07995195648503
1.07943300873045
1.0784510846594
1.07681242150066
1.07417579066772
1.07064894461591
1.06617416856607
1.06072495707661
1.05431731280235
1.04701797040154
1.03894791249809
1.03028012123694
1.02123121562084
1.01204754368773
1.00298730152284
0.994301039861384
0.986213198546086
0.978906952926796
0.97251378355943
0.967108089863856
0.962706114489411
0.959267142994883
0.955223851130954
0.952324974411785
0.950271340057235
0.946461995481
0.937717521345208
0.931727830672672
0.941686679088593
0.949459947768341
0.95676738890428
0.964546613469237
0.970265301564127
0.974002822174058
0.978109091790996
0.982601331789508
0.98746857138033
0.992671760726682
0.998144631945329
1.00379679035241
1.00951926410703
1.01519212089537
1.02069333328564
1.02590777054162
1.03073509139857
1.03509545584181
1.0389323301525
1.04221213578231
1.04492099297898
1.0470592945081
1.04863530921072
1.0495244700959
1.04999249825487
1.05009435077468
1.04989820203781
1.04937515208965
1.04843261954843
1.04693593581059
1.04456598620448
1.04147783882761
1.03764570892873
1.03306496952938
1.02775915229581
1.02178527064504
1.01523626921302
1.0082398172116
1.0009531583337
0.993554312390579
0.9862305284153
0.979165371351857
0.972526043333599
0.966452430501548
0.961048970317143
0.956379869849968
0.952467549075175
0.949293403830545
0.94531352485118
0.942105146696739
0.940231321309586
0.937718298926399
0.931919675083768
0.94017176787733
0.941234602856154
0.934668818956497
0.926065005092891
0.920981352977077
0.92341372313249
0.92749443630945
0.93385525594212
0.942625493131783
0.953817417711388
0.967299353616564
0.982777235637757
0.999793782677298
1.01775295557061
1.03597115507509
1.0537479853814
1.07044213478436
1.08553563454019
1.09867364876351
1.10967493979341
1.11851630055337
1.12529929559819
1.13020872746731
1.13347073941511
1.135124917503
1.13581017732296
1.13578427380943
1.13521111966846
1.13405495404826
1.13218928768503
1.12931141990268
1.12486456605116
1.11898509698471
1.1114613006714
1.1021067054697
1.09080615230959
1.07756148221044
1.06252801208692
1.04603209821817
1.02856172769483
1.01072745363824
0.993199138402973
0.976631682964685
0.961596432585801
0.948532380091191
0.937723922654119
0.929303286138464
0.923269337044825
0.919512665521836
0.917721274703054
0.924124363317935
0.934067878483269
0.941415417300022
0.940262347053449
0.947392163121213
0.94980792158367
0.939715608421706
0.924465927590172
0.91303114336281
0.913002169386458
0.916723169729426
0.923556710263396
0.933776974050979
0.947536796756721
0.964797713096661
0.985259749856718
1.00831769114967
1.03307245132011
1.05841285784421
1.08315686937255
1.10621493429
1.12672831685896
1.14414801971516
1.1582459955734
1.1690734489487
1.17689088832393
1.18209150945343
1.18513031973644
1.18635112641602
1.1865530983583
1.18607698143337
1.18511465542925
1.18360841534623
1.18143346983745
1.17817748218029
1.17317672608138
1.16636820236315
1.15730566627791
1.14558178410211
1.13091065787642
1.11321297884888
1.0926896672434
1.06986250120463
1.04555879298748
1.0208281884921
0.996802827226525
0.974536776611662
0.954871300331778
0.938361122352254
0.925270598046827
0.915623847124767
0.909281311278738
0.906017598356934
0.907074893442759
0.921577410528605
0.940647443727921
0.95119546601075
0.947131036335376
0.951611097639906
0.955533242328079
0.944202118996248
0.925425624080269
0.910396286759196
0.908657389671771
0.911768950668113
0.918293482392876
0.928599874730768
0.942954172215183
0.961418300056753
0.98373848635378
1.00926245244876
1.03693180406439
1.06537962783135
1.09312220171885
1.11878885905323
1.14131587418028
1.16005178801597
1.17476526738772
1.1855825130153
1.19289311369162
1.19725412127538
1.19930464910578
1.19966847359913
1.1992367387037
1.19833892979166
1.19717766748721
1.19568664735019
1.1937512554037
1.1909637282045
1.18660241858069
1.18037184938121
1.17163197109044
1.15979791013419
1.14444257283709
1.12540399122299
1.10288326702331
1.0775038931174
1.05029625218995
1.02258473424071
0.995791010552438
0.971208357794252
0.949819736190181
0.932211635669109
0.918591266341691
0.908876283609767
0.902813362143776
0.900094478952457
0.902817575114891
0.922712162280716
0.948110470503181
0.958272398114908
0.950668211979226
0.954461809145621
0.959441344321959
0.949404581687727
0.932114412970765
0.91808868495769
0.916430581975896
0.919420231991071
0.925705109510263
0.935665374498161
0.949577485778536
0.967514033613876
0.989231325413158
1.01408544635734
1.04102376537902
1.06868226869902
1.09557785278057
1.12033964297014
1.1419050538309
1.1596278003036
1.17328881076093
1.18303692095566
1.18929782846876
1.19267994690201
1.1938873751928
1.19367407217554
1.19290537854639
1.191872872227
1.19076402138289
1.18951796439215
1.1880368072845
1.18596322718216
1.18260564574286
1.17752603281688
1.17001974788558
1.15944774455972
1.14533997096321
1.12750084874325
1.10610508945009
1.08175588291854
1.05546936576129
1.02856212068058
1.00245432181095
0.978442916215224
0.957517788755049
0.940273673927481
0.926926066498951
0.917400493974708
0.911451330260506
0.908780454885151
0.911580592226839
0.930469159589413
0.953428324896239
0.961276674719706
0.952404142424953
0.956008997937483
0.961552183100778
0.954030837964717
0.941100882515768
0.931175072828102
0.931206415629071
0.934694295946821
0.941118673908085
0.950798730617885
0.96393803538486
0.980545948521491
1.00035474421074
1.02276349292752
1.04684300579528
1.07142161943261
1.09524110360215
1.11714051459468
1.13621361792694
1.1519004056215
1.16400366158832
1.17264774507322
1.17820667731316
1.18122310800595
1.18232755012253
1.18220128850457
1.181576734495
1.18073060236116
1.17981730773321
1.17878779995819
1.1775638459201
1.17582137110743
1.17298043432668
1.16862950804483
1.16214457816651
1.15295904591166
1.14065615803795
1.12505937751197
1.10631002246399
1.08491088317184
1.06171007913029
1.03780986033024
1.01441104951834
0.992633201580705
0.973364113713927
0.957179416646623
0.944341974202286
0.934861588895586
0.928582072396275
0.925264244217934
0.925956247504538
0.938641526325383
0.954432192389642
0.960621930875562
0.953013493393483
0.956936874134849
0.962949568869006
0.957286833655914
0.947504765365573
0.94072383450788
0.942228293812683
0.94619890169465
0.95282280944109
0.962362357322426
0.974961955271473
0.990584934668012
1.00895137983901
1.02950109764098
1.05140662372681
1.07364903841029
1.09514658185735
1.11490367918998
1.13213952069935
1.1463658321577
1.15740524853317
1.16536132257466
1.17055973455241
1.17347759483179
1.17466956576684
1.17471901364974
1.1742758646089
1.17359980440166
1.1728276105854
1.17191842499339
1.17080148529785
1.16918096201035
1.16654255224812
1.16253690339543
1.15661955421611
1.14829415212313
1.13719496371535
1.12316541647965
1.10632284918938
1.08709261895538
1.06619271542696
1.044558771786
1.02321873153075
1.00314762598777
0.985142823510718
0.969751467224319
0.957259790592395
0.94773172134228
0.941071707517882
0.937083672042262
0.93585205416965
0.943966748319536
0.955177010631203
0.960265464190397
0.953452128144057
0.957793697216445
0.964367161246218
0.960406743701645
0.953374560393447
0.949455484640046
0.952389854859099
0.956847209719969
0.96368632265991
0.973113996297602
0.98522214474865
0.999937856854626
1.01697785076337
1.0358257511651
1.05574991771813
1.07586960381036
1.095260470318
1.11307474697953
1.12864551233852
1.14155187079092
1.15163724113321
1.15898750340958
1.16388293853268
1.16673712200005
1.16803090168328
1.16825062756436
1.16797754875821
1.16745368703873
1.16680245449509
1.16598996929192
1.16494997493131
1.1634131940846
1.16091839588101
1.1571809982677
1.15173225892249
1.14414292162159
1.13409554869778
1.12145217510593
1.10630824587808
1.08901953373432
1.07018836333543
1.0506026901426
1.03113589489446
1.01263030126975
0.995794575167684
0.981139437494064
0.968960646169026
0.959361505853909
0.95229638876268
0.947615450149754
0.94448229427811
0.948729109541147
0.956411732258079
0.960310537693954
0.953990022568925
0.958703962195689
0.966005643573185
0.963778763399242
0.959408153943076
0.958346839965692
0.962773799932013
0.96774738965513
0.974817591348826
0.984132776678274
0.995734790018364
1.00952105052183
1.0252130059179
1.04234447233744
1.06028179187277
1.07827994361153
1.09556691376221
1.11143803790212
1.12533820966807
1.13691474684241
1.14603421156603
1.15276684520543
1.15734809667923
1.16012720251979
1.16151008782945
1.16188741753602
1.16177276108286
1.16139053340117
1.16085134619168
1.16012769699458
1.15915768090173
1.15769718293644
1.15533678663504
1.15185636455148
1.14686270087395
1.13999375547632
1.13098016570307
1.11970199588874
1.1062327465638
1.09086039562658
1.07407591795393
1.05652549386249
1.03893281742823
1.02200832548221
1.00636714628416
0.992473978781565
0.980622726943577
0.970946805524253
0.963447867902855
0.958028967567463
0.952931585750347
0.953552009738583
0.958150435292412
0.960803323492002
0.954722430210573
0.959650626606052
0.967841531432288
0.967337609855495
0.965472308769534
0.967155052412457
0.973055298749212
0.978539342353881
0.985832904385976
0.995026640929414
1.00611759092925
1.01898154549141
1.0333522980495
1.04881751062844
1.06483889505513
1.08079847430115
1.0960645762574
1.11006429367502
1.12234673672997
1.13262461483486
1.14078864731779
1.14689649478235
1.1511424451839
1.15381521677919
1.15525009723495
1.15575075004744
1.15576680508858
1.15550445857565
1.15506230128893
1.15441819185292
1.15351449905682
1.15213096938261
1.14990680325262
1.14668063373791
1.14212942125689
1.1359538691494
1.1279292311459
1.11795175174659
1.10607397526274
1.09252122755107
1.07768275570229
1.0620754643737
1.04628527448794
1.03089810940621
1.01643591361682
1.00331098701257
0.991805212866911
0.982072656278333
0.974157927769628
0.968020703659918
0.961035848283883
0.958375734980711
0.960329511322661
0.961782646154042
0.955677092276791
0.960593356173126
0.969806574285216
0.970990074018232
0.971450653415844
0.975703054953509
0.982996313936493
0.988957211905485
0.996447673543523
1.00550478064262
1.01608794345414
1.02805948666597
1.04117157848274
1.05506652070922
1.06929523911568
1.0833543669797
1.09673684255722
1.10898651196103
1.11974575852342
1.12878727444081
1.13602564366434
1.14150931273068
1.14539696317807
1.14792363319306
1.14936168761248
1.1499407015387
1.15005156163009
1.1498814005293
1.1495176080509
1.14894209743418
1.14810152793809
1.14679806073012
1.1447154127059
1.14174249726292
1.13761806572863
1.13209826052228
1.12499754362601
1.11622588733383
1.10581672941234
1.09394000176379
1.08089584490586
1.06708796347856
1.05298042630969
1.03904633937115
1.02571913853939
1.01335607731035
1.00221929989054
0.992474512287868
0.984202746320995
0.977418331861254
0.968718694333558
0.963168596801259
0.962884206220608
0.963230741562049
0.956855269991556
0.961471722174702
0.971794880032903
0.974618527428737
0.977231378221755
0.983857068813529
0.992425557896089
0.998811679917959
1.00646091701816
1.01536365020304
1.0254498719221
1.03657587884344
1.04851624839575
1.06096622386283
1.07355750606288
1.08588715006391
1.09755560577459
1.10820713266726
1.11756494463222
1.12545481637543
1.13181385303291
1.1366844447104
1.14019596529617
1.14253805019232
1.14392948311753
1.14454019637928
1.14470826946611
1.14460100884135
1.14429545928516
1.143776150876
1.14299403345443
1.14177200746596
1.13983378926488
1.13710937563929
1.13338968973547
1.12847779416717
1.12222118380241
1.11454104702916
1.10545418073917
1.09508340890841
1.08365355899715
1.07147250249151
1.0589000567525
1.04631060657804
1.03405689853837
1.02244187455819
1.01170286303404
1.00200892946172
0.993468822892763
0.986144450684796
0.975963198090402
0.967920451021713
0.965757164804412
0.965097389592974
0.958232732381799
0.962210637696036
0.973670182137288
0.978080526801819
0.982693684403191
0.991500494674276
1.00120913675763
1.00796058771978
1.01572659134951
1.02445940410591
1.03406792066477
1.04440858201848
1.05528042873871
1.06642805685503
1.07755431258971
1.08834215241358
1.09848265315684
1.10770437484512
1.11579876575613
1.12263721308175
1.12817728869472
1.13245798108771
1.13558554488325
1.13771269375464
1.13901423071172
1.13961453299351
1.13980511485871
1.13973306381495
1.13946598041239
1.13898957913864
1.13825901460316
1.13711594366944
1.13531938542213
1.13283179354214
1.12948668603176
1.12512551116605
1.11962272581178
1.11290851654485
1.10498586877528
1.09593898890133
1.08593109685215
1.07519137512953
1.06399309047039
1.05262694024086
1.04137478476675
1.03048867318682
1.02017854525378
1.01060972752629
1.00190891439201
0.99417500007181
0.982782160716482
0.972632833445093
0.968896966963913
0.967311354329316
0.959762314759824
0.962727765991928
0.975273548564008
0.981206731809666
0.987694771199805
0.998509103748394
1.00922148335754
1.01627915220481
1.02412400471177
1.03267918448634
1.04183998490167
1.05146755381202
1.06138570353579
1.07138355055299
1.08122512474188
1.09066535989189
1.09947022842998
1.10743763324676
1.11441536540448
1.12031304947173
1.12510628428522
1.12883270467392
1.13158100943501
1.13347488357067
1.13465414069927
1.13521019729344
1.13539428690331
1.13533344429796
1.13508678410316
1.13463989067929
1.13395189981873
1.13288091397885
1.13121648201763
1.12894608471334
1.12593704571614
1.12206137096768
1.11721502490182
1.11133543241892
1.10441473798239
1.09650667494767
1.08772570441641
1.0782383465436
1.06824814298631
1.05797705421427
1.04764687115479
1.03746413769998
1.02761116850476
1.01824430629919
1.00949893136476
1.00149889958467
0.989188401756394
0.977306960225077
0.972251756737644
0.969782770840396
0.961377155201164
0.962942473066073
0.976433967065458
0.983800506318641
0.992060043288769
1.00473217626922
1.01632439151827
1.02363862687179
1.03153643537265
1.03992002932421
1.04867705908452
1.05767624980177
1.06676513820945
1.07577189514592
1.08451207003367
1.09279979873789
1.10046185156948
1.10735213166889
1.1133640462391
1.11843858652317
1.12256681166016
1.12578646685543
1.12817340944595
1.12982920488058
1.13086661968961
1.13135465432636
1.13151042538082
1.13144172604746
1.13120019576471
1.13077017487013
1.13011439770885
1.12910481062892
1.1275566826058
1.12547645214017
1.12275757206893
1.11929580596616
1.11500399639399
1.10982552460057
1.10374462951376
1.09679205011605
1.08904508077563
1.08062203148393
1.07167212401568
1.06236277968017
1.05286679725297
1.04335191108005
1.03397465906013
1.02487954651593
1.01620342985837
1.00808398731978
0.995165117354268
0.981927497138951
0.975756676146738
0.972399147038162
0.962994610311338
0.962785644423786
0.976985291580641
0.985645255000037
0.995581385946728
1.00998594114678
1.02236085780351
1.02989947136027
1.03784315379577
1.04607975289783
1.05449344235814
1.06296197213538
1.0713546989066
1.0795332671401
1.0873557944397
1.09468426002903
1.10139392763219
1.10738310525853
1.11258141856991
1.11695505371106
1.12050800792862
1.12327910269561
1.12533519314993
1.12676153942212
1.1276506197255
1.12805735443035
1.12817068556869
1.12808062617074
1.12783238625189
1.12740820606617
1.12677387499482
1.12581236835748
1.12435983802102
1.12243684903733
1.11995646108009
1.11683246787282
1.1129907880739
1.10837988937579
1.10297888259905
1.096802181388
1.08990010826718
1.08235548097608
1.0742769382281
1.06579040036512
1.05703044016218
1.04813335258255
1.0392333517501
1.03046265141079
1.02195535874187
1.01385456396825
1.0006377616949
0.986436620586734
0.979311007881077
0.975017959400555
0.964521623860424
0.962209241884919
0.976791776096617
0.986530620258422
0.998032911536427
1.01406854947251
1.02716776613342
1.0349209750588
1.04292563023928
1.05105987968305
1.05920714418545
1.06725476496988
1.07509163140935
1.08260752716598
1.08969510258916
1.09625427619741
1.10219822127818
1.10745970561909
1.11199645627189
1.11579440873076
1.11886810387774
1.1212580056422
1.1230250138577
1.12424286450326
1.12498937783171
1.12531161144583
1.12537599617344
1.12525683034248
1.12499395116951
1.12456693729472
1.12394393964283
1.12301603227895
1.12163537945163
1.11983280105167
1.1175354705391
1.11467044043579
1.11117362007168
1.10699800694123
1.10212013696296
1.09654394605795
1.09030162286937
1.08345152252164
1.07607373622819
1.06826436262754
1.06012979330839
1.05178233562433
1.04333823545428
1.03491868354787
1.02665350485168
1.01868661726378
1.00545631338425
0.99069038534506
0.982742057610091
0.977462600712119
0.96586242057748
0.961194200388877
0.975777644978945
0.986312639781074
0.999222912283597
1.01680151735783
1.03060488010002
1.03858384135695
1.04668416899839
1.05477712382964
1.06274751217938
1.07049240533512
1.07791783382869
1.08493679201202
1.09146934240059
1.09744474230904
1.10280496629772
1.10750868983504
1.11153470848459
1.11488389156199
1.11757906141174
1.11966257141193
1.12119174663029
1.12223269572238
1.12285324030149
1.12309690791996
1.1231129742134
1.12296261666613
1.12268134125479
1.12224581913166
1.12162573739935
1.12071732763232
1.11938385109807
1.11766312132952
1.11549175496894
1.1128060561522
1.10954940051763
1.10567897691697
1.10117106511652
1.0960242368578
1.09026019704497
1.08392237557406
1.07707278656544
1.06978801012191
1.06215534251706
1.05427015195119
1.04623526556583
1.03816276993498
1.03017805560322
1.0224233549747
1.00940908008149
0.994403710026816
0.985769565544016
0.979536624003972
0.966927210340354
0.959753201886969
0.973957916341454
0.984972325665903
0.999083762544449
1.01808208529434
1.03258917572716
1.04081710571731
1.04905762165362
1.05717776704761
1.06506574677099
1.07262811561249
1.07978564089811
1.08646997495603
1.0926222196909
1.09819338135598
1.10314623926686
1.10745785608006
1.11112185545573
1.11414967504063
1.11657023119709
1.11842774489341
1.11977781137225
1.1206821054246
1.12120234093311
1.12138127271386
1.12135606076861
1.12117779269341
1.12087864478727
1.1204324594921
1.11980952496461
1.11890838039477
1.11759841260104
1.1159214125611
1.11381935637112
1.11123434299104
1.10811509222196
1.10442279180949
1.10013558901646
1.09525122994867
1.08978765703391
1.08378172571388
1.07728655055612
1.07036827049773
1.0631031660737
1.0555760263508
1.04788043613746
1.04012127173408
1.03241873566084
1.02491329011968
1.01224134837034
0.99731055138176
0.988135854051699
0.981034693649438
0.967647016037385
0.957934290725313
0.971428338871234
0.982645897220199
0.997699758365949
1.01793338836636
1.03312085515257
1.04161787419311
1.05003815814329
1.05824931953638
1.06614400306196
1.07363774052179
1.08066358119461
1.08716753006183
1.09310584032421
1.09844431928068
1.10315924435892
1.10723916680367
1.11068675273252
1.11351986742891
1.11577131085785
1.11748690296593
1.11872193713773
1.11953632834926
1.11998902051348
1.12012352209575
1.12006960340646
1.11987163042022
1.1195593886373
1.119104293781
1.11847621448403
1.11757333454358
1.1162661319328
1.11459725316652
1.11251030307709
1.10995006280452
1.1068687343217
1.10323141284368
1.09902011740326
1.09423593466431
1.08889914807262
1.08304757658061
1.07673368890689
1.07002132269628
1.06298295665298
1.05569841335405
1.04825560278779
1.04075341091353
1.03330610280414
1.02604584770737
1.01377839203388
0.999070833436983
0.989531889230673
0.981829455069199
0.967973315037138
0.955811332941868
0.968360194490691
0.979560841905942
0.995281256135637
1.01649168587528
1.03229506992138
1.04105570954852
1.04967670723669
1.05802551902144
1.06600008377991
1.0735240942399
1.08054040770227
1.08700518813607
1.09288417068733
1.09815129229181
1.10278929980347
1.1067915566208
1.11016410592392
1.11292709274496
1.11511485476945
1.11677429988784
1.11796153386231
1.11873704069241
1.11915999041428
1.1192753002113
1.11920977354659
1.11900465498616
1.11868819544555
1.11823009721628
1.11759872874807
1.11668952734154
1.1153689647427
1.1136769981033
1.11155526754767
1.10894828364949
1.10581001042258
1.10210943753298
1.09783443406171
1.09299343572191
1.08761487377865
1.08174464718716
1.07544231759479
1.06877699176047
1.06182396986446
1.05466312847784
1.04737965302479
1.04006713338384
1.03283193628027
1.0257963627389
1.01392826090643
0.999573228923739
0.989877262016781
0.98185855417065
0.967895150021237
0.953481176982563
0.964952962964077
0.975986941961576
0.992102768057607
1.0139874282592
1.03027673696734
1.03926460882136
1.04807747546016
1.05658370917104
1.0646867444566
1.07231768725587
1.0794267944722
1.08597625812568
1.09193565489585
1.0972803690118
1.10199252982775
1.10606352550795
1.1094969470429
1.11231086243843
1.11453856389917
1.11622729357746
1.11743486024629
1.11822445967656
1.11865834158467
1.11878298107354
1.11872635086532
1.11853029606444
1.11822228954454
1.11777132071844
1.11714314252588
1.11622839672503
1.11488439619135
1.11314417122323
1.11094375427939
1.10822443914836
1.10494028136797
1.10106422184664
1.09659202209721
1.09154351041673
1.08596106062305
1.07990569675149
1.07345167450677
1.06668073396108
1.05967734693294
1.05252612743674
1.04531211517946
1.03812387659891
1.03105826515741
1.02422435524202
1.012750905374
0.998838139391001
0.989203505799389
0.981175366071708
0.967432830421471
0.951053764946057
0.961410025783769
0.972176081897062
0.988445998402904
1.01068466574889
1.02727684994722
1.03642218346297
1.04538470864149
1.05403621011796
1.06228676331475
1.07007458011571
1.07735521058889
1.0840928623393
1.0902552738003
1.09581242471313
1.10073847336309
1.10501571630616
1.10863910754233
1.11161993404998
1.11398755302792
1.11578855046048
1.11708318274359
1.11793945201633
1.11842557699874
1.11858959815774
1.11856452868525
1.11839654322778
1.11811297997407
1.11768336421755
1.11706970738668
1.11615619767961
1.11478579703843
1.11297947432526
1.1106638167528
1.10777385049665
1.10426204039306
1.10010540468721
1.09530977145293
1.08991057804187
1.0839701252686
1.07757178489879
1.07081224181168
1.06379329653989
1.05661491973429
1.04937104547105
1.04214900182018
1.03503255777562
1.02810736261947
1.02146615637472
1.01041045143064
0.99705488244963
0.987698522570163
0.979913635300184
0.966637961159513
0.948644811767444
0.957923807145698
0.968350118423143
0.984566544646885
1.00684745221507
1.02352284435686
1.03272754096798
1.04176630297604
1.05051937330051
1.05890633018145
1.06687320067584
1.07437928285159
1.08138704207523
1.08785671088525
1.09374583561741
1.0990129358238
1.10362370492847
1.10755785481115
1.11081479271398
1.11341672570231
1.1154083729731
1.11685309549641
1.11782585110766
1.11840389444999
1.11863704573944
1.11866699215417
1.11854785666388
1.11830736403999
1.11791701457381
1.11733396183236
1.1164346919645
1.11504260904502
1.11316047708398
1.11070132351949
1.10759070263479
1.10377777679535
1.09924384466651
1.09400713738301
1.08812314490351
1.08168034651123
1.07479195713557
1.06758506306432
1.06018911700277
1.05272599111226
1.04530352214696
1.03801373062887
1.0309357737819
1.02414231000506
1.01770639344228
1.00713355339078
0.99449192161018
0.985620265459931
0.978259064730022
0.965586146595988
0.946369168527504
0.954674270761114
0.964711757830622
0.98069587389447
1.00272268469844
1.01923922797889
1.02838396240806
1.03740029246674
1.04618428437385
1.05466970471597
1.06281227729355
1.07057419987194
1.07791282258505
1.08477535893336
1.09109985839626
1.09682135039075
1.10188112979044
1.10623673023996
1.10987025159788
1.11279325244114
1.11504717941515
1.11669909008486
1.11783314335123
1.1185389502468
1.11886883415305
1.11897658288082
1.11892766141185
1.1187505782994
1.11842035784439
1.11788820244495
1.11702203299314
1.11562050995278
1.1136610665323
1.11103879380703
1.10766646161981
1.10348823545309
1.09848999647647
1.0927048616297
1.08621299105337
1.07913548022668
1.07162305683445
1.06384130928897
1.05595498911729
1.04811425204407
1.04044535567352
1.0330473510371
1.02599490340343
1.01934576359078
1.01314972251621
1.00316594757998
0.991435138791349
0.983242772310419
0.976417879994255
0.964367507811128
0.944335144912401
0.951832435384795
0.961458307936837
0.977053541368935
0.998538770927382
1.01463918320768
1.02359004460563
1.03246746449377
1.04119200739481
1.0497173500368
1.05801151503628
1.06603928338445
1.07374995429161
1.08107256296898
1.08791884641446
1.09419262196503
1.09980301105772
1.1046783661515
1.1087779210584
1.11209891843432
1.11467796017405
1.11658629158576
1.11791955445576
1.11878325247011
1.11923363958362
1.11943985103808
1.11948175946461
1.11938893815199
1.1191414886879
1.118683595909
1.11787405696132
1.11648168183192
1.11445069957626
1.11165378758533
1.10798768956407
1.1033900325137
1.09785172403809
1.09142332497617
1.08421427887481
1.07638465907927
1.06813023332033
1.05966298110632
1.05119032221704
1.04289677005381
1.03493125484652
1.02740205289442
1.02037947448362
1.01390458510045
1.00800048873342
0.998744245265945
0.988154946638628
0.980827114562969
0.974592254844645
0.963075955494231
0.942638933514831
0.949562751537857
0.958792086175514
0.973859408582014
0.994511102465213
1.00992414938368
1.01853816951826
1.02715031499406
1.03571402431403
1.04420815214655
1.05261535793066
1.0609027810669
1.06900914106423
1.07684073101416
1.08427681444797
1.09118289316918
1.09742866182051
1.10290667238691
1.10754794818336
1.11133177789132
1.11428821416436
1.11649296792652
1.11805527909333
1.11910008071155
1.11968967509046
1.12001161280292
1.12016282983665
1.12017415239887
1.12003218656465
1.11967305298669
1.1189460291063
1.11758515437503
1.11549337826247
1.11251675054958
1.10853316389309
1.10347255219601
1.09733149417597
1.09018049126059
1.08216256389486
1.07348259603189
1.06438824288159
1.05514498679325
1.04600947269743
1.03720589279839
1.02890954476572
1.02123991510892
1.01426333655983
1.00800308097443
1.00245304605026
0.994082203804879
0.984890480114101
0.978605051934262
0.972961798114118
0.96179852538667
0.94135818805498
0.948020887627689
0.956926436597895
0.971342917598258
0.990846751128082
1.00528583818975
1.01341661175157
1.02163599888153
1.02993624894041
1.03832430905599
1.04679840155227
1.05532739008228
1.06383725331444
1.07220785479416
1.08028098219711
1.08787797388442
1.09482304425841
1.10096733824634
1.10620903541938
1.1105061599969
1.1138804375527
1.11641192863882
1.11822505210866
1.11946725316514
1.12020932986119
1.12066006186322
1.12093563646151
1.12106825916238
1.12105219424761
1.12081447192666
1.12019442811978
1.11888681860072
1.11674600943629
1.11358807698971
1.10927016299873
1.10371404527618
1.09692286485994
1.08898928079724
1.08009341309766
1.07048963224657
1.06048291709872
1.05039783556314
1.040545313712
1.03119324170814
1.02254607860936
1.01473621846475
1.00782687819562
1.00182368129605
0.996690535232319
0.989365796513083
0.981840245830008
0.976765864756922
0.971667491316812
0.96060573687705
0.940544358511028
0.947343820902127
0.956086344915807
0.969747798929176
0.987741635995256
1.00090537084423
1.00841105197121
1.01611975535056
1.02406323874858
1.03227553843969
1.04076916161457
1.04951336588406
1.05841961283902
1.06733882366649
1.07607201239322
1.08439248365317
1.09207491484791
1.09892521135476
1.10480541199501
1.10964969902576
1.11346974269325
1.11634924896718
1.11842836412574
1.11987896252207
1.12078228256818
1.12137065440925
1.1217811793603
1.12204756217256
1.1221724544568
1.12207280831886
1.1215773952365
1.12033801609733
1.11815539431126
1.11481397411748
1.11014976355858
1.10407690185835
1.0966062070434
1.0878541227368
1.07804006307054
1.06747065815522
1.05651138317976
1.0455490899337
1.03495178632979
1.02503320319469
1.01602849779172
1.00808425076291
1.00126201407087
0.995551525266743
0.990888289349667
0.984751894942955
0.979151665565801
0.975439702240793
0.970795272341193
0.959543746731339
0.940214451079357
0.94762697073921
0.956497389391141
0.969325610851489
0.985360930631047
0.99694635378363
1.00370298864469
1.01080500980116
1.01831816064763
1.02629789070544
1.03476760969818
1.04369493835435
1.05297548717808
1.06243015358796
1.07181808483978
1.08086335830268
1.08928985448171
1.0968569688474
1.10338931510682
1.10879587490877
1.11307680922408
1.11631806641599
1.11867452942864
1.1203423455899
1.12141342700995
1.12214484648617
1.1226958353358
1.12310168257358
1.12337361092035
1.12341770526425
1.12305111310158
1.1218807440921
1.11965264669944
1.11612057255269
1.11110103427148
1.1045021711265
1.09634366682321
1.08676640259382
1.07602936722911
1.06449157098014
1.05257905366965
1.04074094140877
1.02940217665209
1.01892210590796
1.0095665673313
1.00149701532417
0.994775250275432
0.989378456235353
0.985217815013651
0.980367629071542
0.976904684202531
0.974673136509692
0.970359203658292
0.958628933742264
0.940412402796415
0.94919202769626
0.958815137896474
0.970638418234913
0.983664345429399
0.993055544480678
0.998824087738363
1.00514360403742
1.0120991048296
1.01976031236717
1.02815723995407
1.03725227472471
1.04692143428716
1.05695126955254
1.06705404264697
1.07689910985075
1.08615402736611
1.09452657286128
1.10179952631318
1.1078530179922
1.11267275747022
1.11634473704032
1.11903734764994
1.12097121252427
1.12224432150178
1.12314663994978
1.12386049742801
1.12442462282611
1.12485963883022
1.12505701656564
1.12482199143807
1.12370538402242
1.12139841215376
1.11762433921275
1.11218188290177
1.10497552963869
1.09603650349928
1.08553321727188
1.07376802098961
1.06115692449898
1.04819178379312
1.03538935283121
1.0232363286778
1.01214152920751
1.00240436399229
0.994203549568636
0.987603799344706
0.98257323057694
0.979002224942962
0.975701924689623
0.97487511382905
0.974432636116246
0.970325335131385
0.957746178913573
0.941853916316969
0.954302576997382
0.966691817197361
0.976702194563038
0.983480850795075
0.988423635471745
0.99249546123648
0.997490802758153
1.00349581967054
1.01058386289743
1.01877960782492
1.02802725432796
1.03816911190689
1.04894181995652
1.05999391008482
1.0709226714221
1.08132263967093
1.09083499425935
1.09918798518661
1.10622240221767
1.11190068587228
1.11630114367218
1.1195987917476
1.12203275210383
1.12367417694906
1.12487367588439
1.1258390062229
1.12661934866363
1.12724748122076
1.12758756436053
1.127432914949
1.12623988145895
1.12366154629256
1.11939614052012
1.11323172964814
1.10507703682813
1.09498345746764
1.08315708841339
1.06995620509238
1.05586911279839
1.04147088980552
1.02736397500376
1.01411375909912
1.00219295395391
0.991945905004397
0.983577305101923
0.977161872233015
0.972664905793957
0.969957264726231
0.969065522274381
0.972401966959201
0.974737393969698
0.970681226224097
0.956479227702108
0.944201640772403
0.960695410895366
0.975216523448667
0.982381052913776
0.98316483308671
0.984591060661556
0.987180415786593
0.991005779758758
0.996138027103166
1.00262636024005
1.0104664499008
1.01957186594633
1.02975516221617
1.0407258078912
1.05210868616542
1.0634811641587
1.07442112348466
1.08455530262264
1.0935981139354
1.10137497594341
1.10782885082321
1.11301176649297
1.11706362874893
1.12017966297896
1.12232910335047
1.12387197473476
1.12504737936001
1.12591088511489
1.1264994324714
1.12666303546446
1.12616669943684
1.12444067898346
1.12121350818157
1.11622393129128
1.10929411118897
1.10035948504255
1.08949204605162
1.07691444114622
1.06299944543722
1.04824936301659
1.03325378784112
1.01863072439956
1.00496229748035
0.992738856583082
0.982322613064708
0.973935205423364
0.96766571526537
0.963489180367274
0.961280242483988
0.961687511870614
0.967646324972087
0.972024687136773
0.96854141268121
0.953954465631983
0.944622717600856
0.960294547618958
0.971298391402835
0.976721185450747
0.978311375744387
0.980354369057022
0.9828520829958
0.986484914489196
0.991347773613505
0.997478420938947
1.00485187809582
1.01336689703643
1.02283776235756
1.03299808313462
1.04351906062092
1.05404036922717
1.06420788526252
1.07371047663399
1.0823086701444
1.08985070765741
1.09627483834736
1.1015992343731
1.10590208120562
1.10929476892462
1.11163490880032
1.11325210571234
1.11438080877261
1.11508176712182
1.11538278079684
1.11514110793062
1.11411500628234
1.11178702844895
1.10804220909414
1.10270474939748
1.0956602353665
1.08688137863194
1.07644926119172
1.06456648393118
1.05155763452312
1.03785324368539
1.02395653690788
1.01039701250291
0.997679208334921
0.986236805373889
0.976400411704509
0.968382698551345
0.962279003375943
0.958077061502835
0.955667655980505
0.955271021353857
0.959842512865378
0.963781786927807
0.961720749805167
0.949665946246221
0.940714841325178
0.951790991103222
0.958176429432476
0.962460461773427
0.966478697070362
0.970189902720198
0.97315863045594
0.976876460699567
0.981417948752894
0.986806231913683
0.993009530515733
0.999939161473475
1.00745188037325
1.01535834203293
1.02343790439756
1.03145820460559
1.03919646504016
1.04645885590453
1.05309464869794
1.05900312156983
1.06413272341133
1.06847337619276
1.07204377038131
1.07487626589694
1.07677436318087
1.07803338911571
1.07881057141713
1.07917321200015
1.07913065987036
1.07856135576173
1.07728285073707
1.07487062150026
1.07137045909246
1.0667003923943
1.06081455386073
1.05371937399104
1.04548720503904
1.03626454826153
1.02627235441924
1.0157967250842
1.00517001201698
0.994744456440442
0.984862389297723
0.975827857618853
0.967883967528884
0.961198469054997
0.955857878704318
0.951868592213285
0.949162370474667
0.947117314636257
0.948217445848861
0.950118431135213
0.949336094925453
0.941822805780421
0.953587323063111
0.95692248099023
0.947460514515623
0.933201294470755
0.922173121126645
0.922204259349947
0.925800332729077
0.932469726620001
0.942462639602563
0.955876398906685
0.972598849978956
0.992257582459093
1.01419921772762
1.03752047840577
1.0611582866454
1.08402432789668
1.1051503049101
1.12380429459941
1.13955028013292
1.15224537684318
1.16198968112709
1.16905269861189
1.17379749434655
1.17661525834428
1.17775647656652
1.17795049290681
1.17747416573669
1.17650622730073
1.17498553783196
1.17279482735386
1.16957729223023
1.16473754205628
1.15831872594708
1.14995338504665
1.13928029374605
1.12601776635667
1.11004521101175
1.09147880002469
1.07072052777277
1.04845860677144
1.0256067865025
1.00318992002639
0.982203885913453
0.963487998184827
0.94764161268922
0.934998016089216
0.925648059583725
0.91949258559028
0.916300101833634
0.916777717926816
0.928580764500131
0.94392782599576
0.954432355112403
0.952328504893171
0.963899237127422
0.970212011016838
0.954953107161492
0.927774376485408
0.905107318082621
0.900537155321215
0.902900966564092
0.909421956055525
0.920661997184956
0.937118682950831
0.959056825796023
0.986296278036292
1.01802287678009
1.05273094697401
1.08838606726063
1.12279220510243
1.1540223658994
1.18073517346912
1.20228177678129
1.2186272663183
1.23017704257062
1.23759410935669
1.24165484253262
1.2431533218119
1.24289795657903
1.24186518552021
1.24038758527001
1.23869312980359
1.2366874189277
1.23427412744381
1.23100444388125
1.22613493172187
1.21931254317652
1.20972789168133
1.19656695349115
1.17913352060005
1.15700694098497
1.13022352196288
1.0994347741621
1.06596154854657
1.03166475823631
0.998621992499006
0.968711916549612
0.943276826911752
0.922988935035706
0.90792480975261
0.897757639853904
0.891964375736699
0.889992420171089
0.894615018754874
0.918887134380589
0.948965840991697
0.966305549066508
0.961030574037785
0.968860818886134
0.977504174525794
0.959777581959416
0.923488425328618
0.894437712002952
0.887579331450219
0.888860751099554
0.894502874300861
0.905312863189094
0.922147107132303
0.945676940853755
0.976046407395809
1.01250155973199
1.05319095092859
1.09535256345099
1.13590549004071
1.17217659349158
1.20240481454794
1.22585901558037
1.24265583508411
1.25346573128966
1.25925163317203
1.26109938483091
1.26013557578719
1.25776866335287
1.25518032734605
1.25269028678977
1.2505699796924
1.24871805186755
1.2470592243326
1.24515775824144
1.24213040102492
1.23707759017575
1.22880268899347
1.21613671507085
1.19805922974261
1.17388503696114
1.14352170455785
1.10773770726654
1.06830089160458
1.02781659182375
0.989206541033653
0.955008777959742
0.926841061703962
0.905263676406112
0.890001149871119
0.880309417764273
0.875302439657261
0.874164754409458
0.87966522035977
0.908120336224294
0.958896730649192
0.972473816756451
0.964288586041248
0.971038367454639
0.979403381462579
0.962503213063463
0.928700904700552
0.901790347127757
0.89543789931064
0.896714343472649
0.902153882962253
0.912580764738459
0.928876909229341
0.951743821390727
0.981356440999611
1.01698661230439
1.05679710937186
1.09802424398422
1.13757012987809
1.17273528342464
1.20173147016747
1.22380719274639
1.23907140191406
1.24820566814779
1.25221212948599
1.25225773571106
1.24960669875467
1.24599027927218
1.24262387022472
1.23979111198449
1.23775456993486
1.23642020473377
1.23572163130027
1.23527677965069
1.23417504925215
1.23117897344946
1.22495881670385
1.21426259737258
1.19801984091434
1.17551309700362
1.14662687335243
1.11211390488225
1.07373620370788
1.03410603680487
0.996163700592687
0.962471107750453
0.934666914639011
0.913323986360594
0.898171114396561
0.888463898787881
0.883314450641423
0.881898762282752
0.886509530054875
0.914120345695685
0.960557920246854
0.972280072282395
0.964582790003168
0.971723766071575
0.978865455978828
0.965100595912061
0.940594169204398
0.921089195845028
0.917358248832604
0.919671830106817
0.925787199140026
0.936371413924399
0.95206181317754
0.973279289986199
0.999975097201634
1.03138740064949
1.06594147126632
1.1014153707151
1.13536478695218
1.16563518519915
1.19073872173175
1.20998034637841
1.22336926017121
1.23142953160139
1.23501175252329
1.23515550755671
1.23300119161893
1.2300545816003
1.22731875337407
1.22502669585548
1.22337719896901
1.22228863008968
1.22171174451579
1.22133368519879
1.22041127738865
1.21787987175228
1.2125758901256
1.20340364849045
1.18944934024312
1.17013160890401
1.14539059636147
1.11586779654647
1.08297962446146
1.04877956245492
1.01558240881942
0.985469458472407
0.959889315396318
0.939512917144726
0.92434119434018
0.91394478181265
0.907708219072
0.905014613541874
0.907816409681755
0.927398806885015
0.954962410131369
0.969260906229417
0.964025854804534
0.972265470879984
0.979137221249258
0.968064085670121
0.949621945510802
0.935455319108037
0.934058172055882
0.937282220070985
0.943986349319494
0.954709037935353
0.969909609190382
0.989819175146559
1.01425556382442
1.04246560560947
1.07308499360524
1.10428407321478
1.13408361088319
1.1607272881286
1.18296746846942
1.20018156248669
1.21233065273003
1.21982996452403
1.22340258541043
1.2239564683238
1.22248835769145
1.22025736620657
1.2181181596564
1.21627688543116
1.21489644905859
1.21390547474542
1.21326092031336
1.21268841683774
1.21155906970866
1.20900595286029
1.20403097437491
1.19568746418657
1.18319478441029
1.16607224997729
1.14428846625158
1.11838811756891
1.0895286582874
1.05936238055628
1.02975632048214
1.00243272842132
0.978668639045881
0.959161299328484
0.944072079781121
0.933182024740694
0.926073981997831
0.922286867388071
0.922556437609648
0.936134163193304
0.955691998628851
0.967880362636914
0.964012571871131
0.972926094052838
0.980031525030837
0.971518745468556
0.957921869816111
0.948429557224311
0.949304540531364
0.953407011472883
0.96064612765885
0.971444993516876
0.986118958612032
1.00475992864994
1.02710517477117
1.05243959390803
1.07959049428764
1.10705195398189
1.13322095535667
1.15667019887476
1.17636448196402
1.19176204017092
1.20280055814748
1.20980911831223
1.21339475031439
1.2143347653316
1.21348208420582
1.2118707960908
1.21023763197621
1.20877275914063
1.20761519063411
1.2067033644716
1.20599599715886
1.20524499815236
1.20390874842472
1.20129643113338
1.1965659597755
1.18891289665665
1.17767796016287
1.16246367533393
1.14325242646059
1.12049626531502
1.09513243859988
1.06848600747648
1.04206111701651
1.01727835464541
0.995248186663727
0.97665253294365
0.961751316507509
0.950478418247031
0.942570724589863
0.937678523575656
0.935327392544538
0.943592828504699
0.95756531337108
0.967565140436904
0.964344641604151
0.973781720263778
0.981566283735121
0.975672592406529
0.966431619397652
0.961415837808749
0.964628587704764
0.9696222203997
0.97736956425397
0.988178245307466
1.00223787352539
1.01953399499102
1.03976040818383
1.06226448775925
1.08606175520692
1.10993777065272
1.13262128585869
1.15297999660888
1.17017996749123
1.18376877765052
1.19367697592619
1.20016037673368
1.20371437888668
1.2049834026293
1.20467450875348
1.20361107095895
1.20242401166972
1.20129231784619
1.20033618457732
1.19950380495676
1.19875411417753
1.19786005203499
1.19635567099987
1.19371050387761
1.18923443643306
1.18226391840994
1.17225660165063
1.15888905145234
1.14214788860961
1.12239214693553
1.1003570811285
1.07707787202285
1.05373844221153
1.03148387965191
1.01125347146605
0.993681779160735
0.979083939340348
0.967508274769584
0.958820643622365
0.952785704886526
0.947686889846414
0.950934252849837
0.960283897275
0.96813432114704
0.965061807913035
0.974807610136078
0.98366707901497
0.980334352166933
0.974938656136594
0.974039579520928
0.979497675822723
0.985329687151023
0.993517826998826
1.00426043782639
1.01764354165845
1.03357933341337
1.0517500682231
1.07158083713686
1.09226244079173
1.11283210617813
1.13229898983292
1.14978305265578
1.16463023438203
1.17647734644544
1.18526017768814
1.19117624804456
1.19462131013564
1.19611604119463
1.1962320938659
1.19560941328925
1.19478575790723
1.19392972449385
1.19314604828632
1.19239164609373
1.19162556144882
1.19063934306989
1.18903215681384
1.18640948674753
1.18221815449708
1.17592334130494
1.16708753075566
1.1554493708661
1.14099279645117
1.12399030666476
1.10500180141038
1.08481754835309
1.06435099325536
1.04450666279385
1.02605904494307
1.00957345642997
0.995382465721044
0.98361107981338
0.974230271258014
0.967115692130882
0.95937414000315
0.958111660139002
0.963660773463394
0.969558047462939
0.966190869744527
0.975933881602907
0.986176008740628
0.985292397818513
0.983265867206494
0.986057189284446
0.993566450183716
1.00014059404715
1.00867881386946
1.01928211920824
1.03195580997604
1.04656683526613
1.06280878101556
1.08019028802142
1.09805900951968
1.11566368224851
1.13224426396872
1.14712970766282
1.15981991966278
1.17003441176978
1.1777218281867
1.1830357600818
1.18628824114618
1.1878922984643
1.18830165817649
1.18800472231098
1.1874576017352
1.18681672032962
1.18617339556387
1.18549163254026
1.18473120328402
1.1837016107435
1.18205849892729
1.17951739422453
1.17564179759085
1.17000752507086
1.1622658791212
1.15220534713181
1.13980336110042
1.12525673840087
1.10897936383425
1.09156124459869
1.07369382643873
1.05607796587327
1.03933725340459
1.02395705744582
1.01025996738247
0.998416055972715
0.988476759130565
0.98041694954712
0.970289135332653
0.965097851336882
0.967555434959893
0.971747286499679
0.967714455085785
0.977052522518213
0.988874882582333
0.990313794567265
0.991241973916512
0.99730137186724
1.00662090882167
1.01382124522366
1.02261249923699
1.03301435402403
1.04497307001803
1.05833222463801
1.07281087339175
1.08799983786586
1.10338293211421
1.11838334243099
1.13242767438925
1.14501424598695
1.15577062509542
1.16448892106503
1.17113420744205
1.17582843858898
1.17881658610795
1.18042271179942
1.18100252441476
1.18092429670482
1.18057292769236
1.18009010990398
1.17955508432248
1.17893703645548
1.17819729381317
1.17716305482849
1.17553916266502
1.17312735372439
1.16958661040153
1.16458362651215
1.15784184953738
1.14918862503803
1.13859363656015
1.12619075064364
1.1122762370341
1.09728039748069
1.08171636106064
1.06611667464376
1.05097218031335
1.03668667109303
1.02355545939859
1.01176866902535
1.00143350818944
0.992605367550216
0.980428351521929
0.971879567194586
0.971852163740467
0.974582007486198
0.969575083110819
0.978028315216499
0.991497848948049
0.995134710134582
0.998674999324269
1.00762916940949
1.01851307465305
1.02622341769843
1.03517854207483
1.04533459311605
1.05659792592373
1.06880462963946
1.08170650222359
1.09497059929014
1.10819613679369
1.1209480791726
1.13280197747384
1.14339115705031
1.15244653570877
1.15982148450999
1.16549826286705
1.16957692821098
1.17225069253204
1.17377289836692
1.17442061172726
1.17447027297611
1.17424526083467
1.17387037104823
1.1734138836398
1.1728482625825
1.17213704295177
1.17112448331044
1.16955803744865
1.16730529357928
1.16410102577724
1.15968414004892
1.1538349537158
1.14641063802646
1.13737364324164
1.12680770541611
1.11491708411069
1.10200754230351
1.08845180977654
1.07464645292049
1.0609695064736
1.04774786650781
1.03524046834007
1.0236389219849
1.01308311944746
1.00368588420054
0.989833910624374
0.978447840833643
0.976448516761227
0.977921398735399
0.971680658240775
0.978712859040602
0.99373952755341
0.999448703949954
1.00532867585118
1.0168773761494
1.0291026794355
1.03722176081003
1.04627179047084
1.05616245987982
1.06677558920917
1.07795036284887
1.08947375848471
1.10108074197612
1.1124664703271
1.12330969357998
1.1333034865881
1.14218735467974
1.14977432573178
1.15596796669418
1.16076678806583
1.1642562666957
1.16659084473724
1.16796934983362
1.16860751950128
1.16871397373098
1.16855970896076
1.16825142823661
1.16784754846736
1.16732209878304
1.16664116459013
1.16566476068
1.16417664884749
1.16209364931288
1.15920921706792
1.15531821037833
1.15024485814357
1.14386915618821
1.13614787457109
1.12712650584543
1.11693943568729
1.10579760061304
1.09396559114638
1.08173275477548
1.06938441227225
1.05717922106941
1.04533702652051
1.03403888265388
1.02343838564581
1.01368193404523
0.998550825214447
0.984788682153286
0.981248007806285
0.981603574546623
0.973910339094211
0.978961185111271
0.995266540553646
1.00289522981415
1.01090361017039
1.02482925560817
1.03821699116325
1.04667213177074
1.05578026582831
1.06541834094586
1.07545460548854
1.0857377849841
1.09608950342763
1.10630356485219
1.11615367672723
1.12540889785528
1.13385407003991
1.14131119968151
1.14765751556655
1.15283676832061
1.15686192154874
1.15980916882138
1.16180468038831
1.16300636976448
1.16358334536743
1.16369583650234
1.16357109381783
1.16329768809912
1.16292532852545
1.16242820224042
1.16177494146216
1.16083933893812
1.15943525083653
1.15751554445676
1.15491804992439
1.15148006265312
1.14705922238046
1.14155313020081
1.13491493060761
1.12716236781143
1.11837860374443
1.10870445858383
1.09832348069525
1.08744289796825
1.07627451160992
1.06501960828151
1.05386097190812
1.04296335575512
1.03248191380072
1.02257746711185
1.00658792808749
0.990876361442672
0.98615213603438
0.985437159589247
0.976121126377133
0.978649632765816
0.995744431020713
1.00505155249135
1.01502898766798
1.03120023337514
1.04563928799029
1.05440021158912
1.06357208743223
1.07300811180314
1.08257074639274
1.09212221148802
1.10151678057148
1.11059832979368
1.11920411651791
1.12717413652583
1.1343641185159
1.14065936962199
1.14598653495079
1.15032087166206
1.1536876593381
1.15615754888267
1.15783668055896
1.15885309813028
1.15934138248796
1.1594284318083
1.15930588454643
1.15904527678436
1.15868882506307
1.15820984374533
1.15757917904509
1.15668187469981
1.15535566215711
1.15357911742351
1.15122271359338
1.14815521262681
1.14425934921783
1.13944651671911
1.1336684351579
1.12692409930288
1.11926092313561
1.11076996573016
1.10157628817513
1.09182656136046
1.08167670141134
1.07128233818797
1.06079429418975
1.05036020616787
1.0401318162101
1.03027579341298
1.01387578263036
0.996671557669007
0.991044616855455
0.989185536656711
0.978156748459617
0.97769195417877
0.994896760482142
1.00543922736154
1.01727625973914
1.03566087541647
1.05113669183093
1.06022370520345
1.06950909399708
1.07882986443695
1.0880495083978
1.09704632352414
1.10570461829519
1.11391039044632
1.12155177951988
1.12852385713827
1.13473635803512
1.14012236043118
1.14464580111797
1.14830605937217
1.15113852797806
1.15321090427846
1.15461567930132
1.15545985503846
1.15585330057249
1.15590076247453
1.15576589549296
1.15550531981068
1.15515500673931
1.15468678386846
1.15407308669632
1.15320731062699
1.15194478225
1.15028158159511
1.14811122077364
1.14532505952963
1.14182436295985
1.13753153479075
1.13239901724639
1.12641466910869
1.11960293593266
1.11202184231632
1.10375665412053
1.09491178694023
1.08560297245119
1.07595169567593
1.06608348909459
1.05613088245386
1.04624144521403
1.0365871125849
1.02021432826038
1.00212197559127
0.995754213484359
0.992546951493805
0.979861629794653
0.976050755647354
0.992601505026905
1.00359334458947
1.01722014810461
1.03793358546166
1.0545214792586
1.06399518149172
1.07347535597107
1.08279358458118
1.09181995601259
1.10045005770379
1.10859536470694
1.11617692301416
1.12312305878473
1.12937081901491
1.13487011827808
1.13958906387464
1.14351880921237
1.14667651777279
1.14910551020758
1.15087227163817
1.15206057443732
1.15276343283429
1.15307397014028
1.15308269975733
1.1529324312782
1.15266785742345
1.15231994761215
1.15185886763828
1.15125776986086
1.15041531552956
1.14919804140132
1.14761271840017
1.14556790369504
1.14297027409841
1.13973435889303
1.13579150848983
1.13109690618682
1.12563375127481
1.11941417818804
1.1124770534004
1.10488342119296
1.09671090966398
1.08804871267839
1.07899473329639
1.06965608684551
1.06015364425665
1.05063015475676
1.0412647073219
1.02523074990681
1.00711371941263
0.999965029213048
0.995143445588946
0.981104848951966
0.973757553075768
0.988885094225862
0.99959906172864
1.01481092783513
1.037908829778
1.05571573065643
1.0656419644253
1.07540718045497
1.08484429007663
1.09383217516692
1.10228386624273
1.11013487378467
1.11733485041556
1.12384299460388
1.12962712500265
1.13466557829398
1.1389506187502
1.14249190446575
1.14531872301062
1.14748010286328
1.14904241077196
1.15008454568182
1.15069126217936
1.15094552115385
1.15092892112052
1.15077010800221
1.15050554598437
1.15016240575915
1.14970946601267
1.14911952056048
1.14829340237742
1.14710232890476
1.14555762141001
1.14357598079995
1.14107320783762
1.13797271919379
1.13421323398624
1.1297545948303
1.12458102030185
1.11870150484845
1.11214760907134
1.10496943841993
1.09723106879934
1.08900691855012
1.08038049811307
1.07144658998267
1.06231720096494
1.05313140392803
1.04406343843872
1.0285610098089
1.01079747107843
1.00281497630008
0.996666476212913
0.981778267499275
0.970883772935479
0.984030425097007
0.993963608040466
1.01042316488
1.03571924967401
1.05477478107752
1.0651912058178
1.07531600177702
1.08497989325061
1.09407151751419
1.10252013387519
1.1102817206393
1.11732827019203
1.12364122371299
1.12920896945968
1.13402760391219
1.13810364217707
1.14145719325497
1.14412425835518
1.14615718245979
1.14762277775094
1.14859813401343
1.14916456428747
1.14940052334515
1.14938207527163
1.14922997222666
1.1489767024119
1.14864676795046
1.14820828686492
1.14763245929622
1.14681935187853
1.14563815303802
1.14409859444189
1.142119227575
1.1396194171477
1.13652763247625
1.13278870887809
1.12836906236069
1.1232592023738
1.11747333467051
1.11104639793282
1.10402945059731
1.09648479045781
1.0884824178526
1.08009935036285
1.07142283095664
1.06255777540881
1.05363759036953
1.0448391638153
1.02980732286631
1.0125767758148
1.0038223304815
0.996850520726079
0.981839026471299
0.967561247673049
0.978377226926829
0.987515003693161
1.00478724717775
1.03169553051539
1.05186676076232
1.0627742251697
1.07329268097414
1.08325707852069
1.0925648386968
1.10115941169221
1.1090131032618
1.11611380618595
1.12245664918107
1.12804059129502
1.13286904451393
1.13695300619341
1.14031497367205
1.1429920685721
1.14503721576242
1.14651777121798
1.14751155240545
1.14810071653256
1.14836437379944
1.14837515122722
1.14825181955177
1.14802754251195
1.14772518142108
1.14731336447683
1.14676034448654
1.14596278778071
1.14478093328096
1.14321616647037
1.14118276275964
1.13859832239388
1.13539278439092
1.13151606428465
1.12694319169984
1.12167623050141
1.11574278192401
1.10919151712814
1.10208586215383
1.09449750951168
1.08650169341369
1.07817602008644
1.06960406340936
1.06088397100758
1.05214133381842
1.04354260660879
1.02889318756527
1.01199446927447
1.00271173012228
0.995714376279168
0.981281248309497
0.963942904994871
0.972320770450497
0.980705002681477
0.998375736839197
1.02623889886668
1.0472666049477
1.05859980605509
1.06949334322754
1.07978400755753
1.08937800224144
1.09823086274556
1.10632702234618
1.11366366579686
1.12024078614573
1.12605753515134
1.13111371616641
1.13541448847031
1.13897609194765
1.14183060490653
1.14402827994196
1.14563669062503
1.14673661006144
1.14741513828538
1.14775711838951
1.14783321125819
1.14776582256339
1.14759368499978
1.14733891766457
1.14697225354991
1.1464575642994
1.14568591422917
1.14450143579364
1.142889235378
1.14075295677533
1.1380029915094
1.13456717593099
1.130399606713
1.12548622170826
1.11984625561018
1.11352930513501
1.10660855025797
1.09917155286872
1.09131077993983
1.08311634589938
1.07467327264295
1.06606477819157
1.05738181631426
1.04873724847953
1.04028004245029
1.02593106712205
1.00933275805455
0.999904611753755
0.993425067832844
0.980163156137182
0.960205818873655
0.966187802572696
0.973798144593611
0.991499944565723
1.01974240010364
1.04128709819277
1.05292266920521
1.06411601904458
1.07470590436154
1.08460797526619
1.09378905895256
1.10224222668417
1.10996751970723
1.11696066440192
1.12320993942914
1.12869967420401
1.13341782014163
1.13736469658454
1.14056030323771
1.14304831863837
1.14489582027575
1.14618864778228
1.147023070569
1.1474950491671
1.14767479805337
1.14769375025087
1.14760117779855
1.14741920203581
1.14712263843584
1.14666949640427
1.14594356836165
1.14476546245916
1.14309440243739
1.14081647708889
1.13782902746392
1.1340540368145
1.12944895813128
1.12401328181011
1.11778965790162
1.11085914550912
1.1033312168808
1.0953303353759
1.08698194332905
1.0784011913337
1.06968747100468
1.06092672721387
1.05220174070892
1.04360824945026
1.03527177739393
1.0212349251199
1.00507976509754
0.995906147052406
0.990293087773753
0.978591914226462
0.956533322155178
0.960244393367127
0.966994657231895
0.984400508656476
1.01254041424624
1.03423663481677
1.04600972713136
1.0573785896384
1.06819049820564
1.07837472671368
1.08791089512392
1.09679871640875
1.10503530132035
1.11260287005028
1.1194670378869
1.12558365653007
1.13091078380203
1.13542188683413
1.1391168020994
1.14202800726428
1.14422101963423
1.14578889237526
1.1468416860948
1.14749253160017
1.14781347274186
1.14795022914435
1.1479674845724
1.14788793016223
1.14769275401641
1.14733259590299
1.14668289119494
1.14553301184643
1.14380461763681
1.14135849845512
1.138072527418
1.13385879890293
1.12867733217897
1.12254420527327
1.11553250017117
1.1077653278435
1.09940158486902
1.09061676436041
1.08158262113942
1.07245022283314
1.06334053745779
1.05434518748356
1.04553762691348
1.03699216619903
1.0288049584918
1.0151936331232
0.99974571258934
0.991205475989839
0.98668682001634
0.976711307396601
0.953103743836265
0.954724055601365
0.960487998545338
0.977297275960106
1.00491663554359
1.02639810620373
1.03811969991603
1.04950384858999
1.06041934391974
1.07081794815913
1.08069670261834
1.09006201239005
1.09890339625772
1.1071805810932
1.11482421927033
1.12174762655741
1.12786496960812
1.13311064165931
1.13745516678435
1.14091446948642
1.14355111361531
1.14546761965059
1.14679302276288
1.14766463757251
1.14816010628176
1.14844468877707
1.14860307837024
1.14865890921545
1.14860223181828
1.14837477860811
1.14784309952444
1.14675726108701
1.14498732601334
1.14236011842782
1.13872705427957
1.13398605656654
1.12809896863147
1.1211018570974
1.11310599131283
1.1042882393035
1.09487142390731
1.08509756787638
1.07519915342014
1.06537462204159
1.05577377293257
1.04649653389541
1.03760537175458
1.02914809756654
1.02118411603498
1.00819547983853
0.993804250030334
0.986257459139808
0.982980481873647
0.974685963288016
0.950083221547522
0.949848669073815
0.954487040760657
0.970413261089101
0.997127121862457
1.01803276822472
1.02950136705896
1.04071801808695
1.05158950310571
1.06210245970871
1.07227879925556
1.0821338183758
1.09164626251645
1.10074509690386
1.10931365924633
1.11720801193029
1.12428345310446
1.13042206625453
1.13555505230512
1.13967580030933
1.14284217312037
1.14516842461622
1.1468082649678
1.1479312984416
1.14862675522798
1.14908488302294
1.14941455944746
1.1496405423487
1.14976426490981
1.14971692925717
1.14935606251542
1.14838386903939
1.14660237735372
1.14379502114069
1.13977951527987
1.13443536673624
1.12772566007062
1.11971011748559
1.11054642797291
1.10047769121849
1.08980614545791
1.07885679300288
1.06793785213226
1.05730663506122
1.04714856355191
1.03757378870422
1.02863142083045
1.02033701586443
1.01270512006365
1.00059875329322
0.987681467657894
0.98148287466781
0.979529318840991
0.97268380415346
0.947619330324241
0.945838262786864
0.949222796908987
0.963986593385631
0.989423502401139
1.00939741406037
1.02040707098697
1.03126301106331
1.04192691652328
1.05243358966482
1.06283858724955
1.07316993848046
1.08339406756887
1.09340215461121
1.10301852145893
1.11202736053281
1.12020989263648
1.12738231324032
1.1334261327913
1.13830582810757
1.14207236627815
1.14485364788765
1.14683384365895
1.14822383099613
1.14913322423427
1.14978322505712
1.15031060405635
1.15074127248164
1.15109035972115
1.15127669127386
1.15114862639481
1.15035122378713
1.14859998546783
1.14562540040155
1.14120478776937
1.13519566598464
1.127562179933
1.1183914447221
1.10789572758795
1.09639683150511
1.08429200428973
1.072005697793
1.05993652667743
1.04841131969953
1.03765673987555
1.02779404471581
1.01885622204983
1.01082128605757
1.00365188072122
0.992728446081324
0.981760452373057
0.977271037312303
0.976655499711144
0.970858850734009
0.9458331258507
0.942912386191108
0.944950332797703
0.95827809037107
0.982072668873834
1.0007651916255
1.01111314743105
1.02141709973936
1.03170797780755
1.04207977333902
1.05262971904299
1.06340316775709
1.07435422959633
1.0853310517596
1.0960888398333
1.10632659419816
1.11573729085565
1.12405850036385
1.13111223081811
1.13682773571066
1.14124632511174
1.14451041786268
1.1468394987314
1.14849470590464
1.14961772447766
1.1504676585815
1.15121259242079
1.15187964412002
1.15249943110886
1.15297602882044
1.15314774311757
1.15259216196015
1.15091884915416
1.14779702789211
1.14295890112062
1.13623809126601
1.12760035512404
1.11716366920155
1.10520207298543
1.09212727000315
1.07844574430573
1.06469637522404
1.05138107808827
1.03890483205588
1.02753922417077
1.0174162715214
1.00855026047199
1.00087836729071
0.994307641304179
0.984884701166918
0.976389781199708
0.973981125153005
0.974633783710321
0.969335334729594
0.944808334824454
0.941285675518147
0.941951751279284
0.953578923837499
0.975372446392703
0.992442528427703
1.00193858189536
1.01151556739185
1.02128140357833
1.03139468445882
1.04200007834615
1.05316447845198
1.06483084640871
1.07680125341997
1.08875445177016
1.10029388683764
1.11101303099389
1.12056069854048
1.12869153062331
1.13529411101835
1.14039679154915
1.14415548574493
1.14682729009464
1.14873071859563
1.1500529101011
1.15109914928942
1.15207246368009
1.15300150830884
1.15393329682089
1.15475388150795
1.15528882188536
1.1550368366529
1.15348385796411
1.15023304130411
1.14497063310727
1.1375072111715
1.1278116580837
1.11603546323825
1.10251944329031
1.08777336040061
1.07242370555505
1.05713515521763
1.04252224929041
1.02907346663974
1.01710645853769
1.00676242967001
0.998035087869266
0.990820622616017
0.984972138814883
0.977353761508733
0.971890973245228
0.971939208254714
0.973669723315037
0.968193806614975
0.944577459129031
0.941157471196909
0.940543303385817
0.950221831980638
0.969662522199346
0.984773551713334
0.993252709949033
1.001962037042
1.01107839944734
1.02082651855153
1.03140054832341
1.04289118529983
1.05523168159173
1.06817737852684
1.08132726099052
1.09418386034227
1.10623516352038
1.11703594136256
1.12626934892309
1.13377991523977
1.13957965685455
1.14383456481515
1.14683736576399
1.14896634071696
1.1504655682556
1.15169543438494
1.1528980511934
1.15410457072194
1.15537806521685
1.15658218560035
1.15752452407235
1.15761375620402
1.15620116888269
1.15282542594432
1.14713150092861
1.13891109729653
1.12813851869503
1.11499982919828
1.09990402810776
1.08346198067769
1.06642494995518
1.04958858677953
1.03368372881795
1.01928327521285
1.00674938755773
0.996230128421114
0.987697946872973
0.981011182512658
0.975976867267628
0.97041281361643
0.9685565982584
0.971420041932979
0.973862826498497
0.967460851421517
0.945261907198876
0.943112878248937
0.941394789199406
0.948549448580463
0.96478023658523
0.977137332589887
0.984299748282143
0.991874724932522
1.00012626312383
1.00935025823731
1.01979266798917
1.03156928395573
1.04460239614813
1.05859491563475
1.07305537821936
1.08737123501338
1.10091017357842
1.11312010655321
1.12360307792844
1.13215263568203
1.13875888088137
1.14359287103204
1.14697987677124
1.14936095807761
1.15104851573914
1.1524770913855
1.15393788218928
1.1554672870111
1.15714494770298
1.1588019899292
1.16021786439394
1.16068548836935
1.15940507079838
1.15585305436147
1.14963948425217
1.1405426803022
1.12854610882648
1.11387426218512
1.09701101677676
1.0786796543436
1.05977165002836
1.04123029632763
1.02391669215308
1.00849659170385
0.995379278555624
0.984718539412163
0.976463899553443
0.970437685460878
0.966407309957102
0.963453660301933
0.966442728239713
0.972932356121178
0.975497036949178
0.967091234836389
0.948314983436808
0.951152014002477
0.953106443280181
0.956083883379502
0.961417135264284
0.968896295574549
0.973598448323804
0.979133996583093
0.985848390430853
0.994091618466813
1.00414884373846
1.01614904750696
1.02998763775383
1.04529158987247
1.06144732675815
1.07769063879306
1.09323308832408
1.10738587011826
1.11964830921558
1.12974834547207
1.13764290727283
1.14349664571191
1.14765514495574
1.15061418663828
1.15272839525511
1.15453992616875
1.15641415667341
1.15839796566486
1.16059032384219
1.16276576283399
1.16465268108865
1.16537290552053
1.16398086508859
1.15990848573901
1.15274900581779
1.14227962106842
1.12850106060421
1.11168609199713
1.09241140752177
1.07154231274376
1.05015035788336
1.02937022893553
1.01023250546544
0.993524246876369
0.979718212080493
0.968981285430745
0.961243441445398
0.956295580676451
0.953890472070204
0.955390492990306
0.967154667555316
0.979603716900672
0.980472140483102
0.967217035521928
0.953501683454938
0.964768341842752
0.977969066815063
0.976130797550126
0.966426574471399
0.9675015386266
0.969605137571374
0.973124489541517
0.97834752197047
0.985559433364557
0.994977364117121
1.00666490952357
1.02045954003251
1.03594092832973
1.05246007397248
1.06922860625775
1.08544317683115
1.10040650334604
1.11361259040561
1.12478332558027
1.13386367640503
1.14099297443659
1.1464678348159
1.15070026861535
1.1538177493963
1.15632893587334
1.15863068968188
1.16076694686349
1.16284261468767
1.16461790114196
1.16579310308658
1.16549386539635
1.16296141019868
1.1577120316761
1.14939104797157
1.13780490493614
1.12297041778816
1.10517047440896
1.08499071345475
1.06330729111082
1.04120652861916
1.01984318501966
1.0002740930159
0.983318959150981
0.969488797900294
0.958992245727376
0.951800884056755
0.947741704232187
0.946590691459211
0.951293281125957
0.969168722279408
0.98501533884246
0.98389455021946
0.966576034782236
0.955612632242039
0.970432831957251
0.976740790490993
0.975697008632045
0.971550572229558
0.970777765633738
0.972234467419142
0.975236858329691
0.979992581500094
0.986677919778767
0.995388012023913
1.00608504476484
1.01855856989256
1.03241523226022
1.04710884135026
1.06200818491849
1.07648543267761
1.09000053001076
1.102160655209
1.11274540926459
1.12170056403448
1.12911002102241
1.13515566383374
1.14007041385014
1.14369745466603
1.14643583299816
1.14864940957532
1.15038719972769
1.15173979462368
1.15250630240068
1.152400751344
1.1507030817928
1.14701237757556
1.14100322045182
1.13242969025778
1.12116612574906
1.10725411909474
1.09094675006133
1.07273335597977
1.05332659401234
1.03360145920145
1.01449253912707
0.996873941915431
0.981455318479454
0.968720946798262
0.958920773848684
0.952103318262408
0.948169112396138
0.946919052109435
0.950640211293588
0.96481978921333
0.97733351280246
0.977923604975903
0.962795592511792
0.951255313992208
0.962786797950682
0.966864057322458
0.96743021664599
0.96734519596532
0.969097114181446
0.971287470557112
0.974594605405432
0.979155645872774
0.98504274697452
0.992248927217067
1.00067560341586
1.01012856635226
1.02032740662016
1.03092993712016
1.04156850432655
1.05189103708478
1.06159801110753
1.07046787919958
1.07836710813174
1.08524502704859
1.09111666155841
1.09603804489188
1.10007886976254
1.10297556443563
1.1050444175601
1.10653774161684
1.10751741903835
1.10803440473959
1.10793861820555
1.10701067648407
1.10472169233297
1.1009851509446
1.09564638622074
1.08859449991291
1.07979088768384
1.06929717970405
1.05729700067406
1.04410472985008
1.03015522007313
1.01597218104737
1.00211884268714
0.989140244379237
0.977509301279501
0.967587203420682
0.959603455733108
0.953654425595324
0.949714301202926
0.94765103506151
0.94792705009143
0.954203806799304
0.960767256481863
0.962289827655312
0.953071595771891
0.966179815279941
0.972580521433529
0.961961772456016
0.944294279843012
0.929432400260135
0.927873353223498
0.931201297397121
0.938177060780619
0.949159202970426
0.964329724066537
0.983604870724111
1.00654808309586
1.03232941260479
1.05976612026733
1.08745448653335
1.11397012491718
1.13808309464514
1.15892337327589
1.1760509391072
1.18942520490901
1.19930698801387
1.20613896346829
1.21043854336011
1.21271735504784
1.21337789128005
1.21316733744099
1.21235822886113
1.21112869105649
1.20940241601777
1.20708215748097
1.20379870481404
1.19897927586117
1.19259455168402
1.18416320917435
1.1731724379563
1.15917006566672
1.14187816488358
1.12131209300487
1.09787258260292
1.07236943324356
1.04594905670728
1.01993416093368
0.995620113890294
0.974088035977196
0.956083601644379
0.941982025242123
0.931829760107346
0.925430015489898
0.922430561921792
0.92405698556844
0.938370475877524
0.955910910956316
0.967402545476848
0.963545484936252
0.979250020511164
0.990420734521065
0.972614283042622
0.936564485474261
0.90598715441127
0.898464496519268
0.899846807870536
0.906000652837674
0.917802847265786
0.936179621882523
0.961858470754255
0.994971717172551
1.03460548381544
1.07856313456229
1.12363384799808
1.16636698922575
1.20395872858499
1.23478069975792
1.25839702331109
1.27525054292709
1.28627406459879
1.29257930260035
1.29526546860473
1.29533195506696
1.293854445092
1.29184039369493
1.28957289007736
1.28729767697643
1.28490495492142
1.28235705737852
1.27924560654505
1.27487854821294
1.26873134985261
1.25973945666383
1.24673133887813
1.2285556530803
1.20428890788663
1.17353944308407
1.13680276601931
1.09571851640434
1.05299619981883
1.01186888760033
0.975250618198473
0.945041993907304
0.921927140973879
0.905633162203489
0.89536862754417
0.890193908857525
0.889241517126752
0.896002195582685
0.92496244548815
0.959897352902558
0.980227508610009
0.973789422756384
0.984622682104282
0.998658097893081
0.978917142135761
0.924793653042349
0.887539369449931
0.878272868228639
0.878130031725231
0.882628533064137
0.893038704870476
0.910945208660835
0.938006055634398
0.975348834368893
1.02257980108952
1.07690830333532
1.13335161112231
1.18633695911927
1.23159870665334
1.26706311503186
1.29258141809489
1.30918044262263
1.31838525087083
1.32179423872637
1.32088840753537
1.31701497824968
1.31206158753951
1.30738004998693
1.30332422978153
1.30030881068162
1.29825048614405
1.29711522093767
1.29644263694243
1.29525889475046
1.29220665288821
1.28573998705767
1.27422052743624
1.25597528676717
1.2295046759659
1.19390281167106
1.1494928783435
1.09847719571219
1.04506603443815
0.994513738613056
0.95130384428577
0.917740885247454
0.893888325178767
0.878462696820534
0.869768006124171
0.866233890050145
0.866627305442913
0.874954862718441
0.904044636370557
0.96224487166345
0.984122317221933
0.976604147350847
0.985852506829337
0.997386990044465
0.976441008889134
0.926272918245209
0.893275459790524
0.885509149195224
0.885680477713165
0.890142403854221
0.900210757774188
0.917519240080703
0.943787998521266
0.980218526654419
1.02648929335507
1.07985703386334
1.13533906196439
1.18731088926874
1.23142653149109
1.26553546677235
1.28943213424345
1.30410669709567
1.31106588967646
1.31191613088179
1.30819951194773
1.30143276802967
1.2941102306195
1.28781948063788
1.2829838205816
1.28008192445284
1.27903639331611
1.27974258093649
1.28169143144419
1.28368540856684
1.28375197558349
1.28018928750845
1.27130132168261
1.25539696376452
1.2309674475311
1.19709548661587
1.15409405083829
1.10416963459532
1.05156262327655
1.0015796267687
0.958758167284629
0.925435332015019
0.901676255478677
0.886177054257749
0.877215138948506
0.873197046322934
0.87286959557
0.879191867538574
0.904379521880052
0.957637374253082
0.980380723686314
0.975526936527454
0.985612252647506
0.99367724113875
0.974957470518557
0.941627157901254
0.917731098695485
0.912899535433925
0.914784250409579
0.920780772003167
0.931929994705464
0.949415774493011
0.974299134638359
1.00705270209998
1.04696282918513
1.0917287832794
1.13770779455984
1.18088001534364
1.2179849710995
1.24716978294588
1.2679797095488
1.28096552434812
1.28723771438104
1.28814473140861
1.28511400131551
1.27962197626687
1.2738483039531
1.26901493751539
1.26533052498014
1.26306639885592
1.26213229243067
1.26250037646806
1.26388309920424
1.26540767755091
1.26542438043046
1.26237711941994
1.25474323453102
1.24109827022594
1.22028676643896
1.19173649758909
1.15587776222762
1.1144942623863
1.07069375937063
1.0282568012929
0.990551333819613
0.959644334548516
0.936106700607655
0.919416637360106
0.908530941601849
0.902320011152471
0.899804577182108
0.902557400899584
0.923574248414415
0.955460318493022
0.975541667634136
0.974023108910032
0.98578052993614
0.992759545566515
0.977320780340209
0.953283894709975
0.93608306124795
0.934091008742324
0.93731039030987
0.944406575130168
0.956204608505087
0.97354937836976
0.997070269075363
1.02683375428324
1.06198437940631
1.10058147076645
1.13983365655231
1.17672037540687
1.20871365175549
1.23424952678483
1.25280661785922
1.26469867781468
1.27077601937594
1.27217489580427
1.2701634287597
1.26606522300203
1.26168328129773
1.25799570710037
1.25513457497786
1.2532812393367
1.25234831486475
1.25233157189818
1.25302354228164
1.25375103730287
1.25320549055062
1.25003780909568
1.24291936117221
1.23064573507512
1.21230145931443
1.18750669778362
1.15670094864207
1.12133179816981
1.08376653114342
1.04683273467607
1.01313087193235
0.984452047508529
0.961566561163692
0.944386991303564
0.932311821221535
0.924553340621007
0.920359135595065
0.920071418318044
0.934316591573555
0.956943463366168
0.973940013312558
0.973678786968895
0.986285091120198
0.993191765909536
0.981144860855753
0.963827303712267
0.952502907905955
0.953336717800736
0.957775622360946
0.9657576563234
0.977921679064264
0.994845009034286
1.01685427577671
1.04378282970686
1.07476238315381
1.10817393176591
1.14184649096899
1.17347331743492
1.20108718388351
1.22340022691051
1.23990509621293
1.25077225074246
1.25665366857269
1.25849113146048
1.2573739998201
1.25444121717772
1.2511588660567
1.24833812790536
1.24609087783956
1.24455775426093
1.24366045422686
1.24339405048079
1.24357718829309
1.24365870154694
1.24261423679561
1.23930905793873
1.23261566896342
1.22153092112559
1.20532732478939
1.18374465285184
1.15718080102202
1.12678999739392
1.09438529121154
1.06211430518513
1.03200751540212
1.00558338598282
0.983660125973648
0.966402784419367
0.953521657198659
0.944503448658783
0.938791993911402
0.935345791443681
0.94353409672611
0.95970423985814
0.973767478556689
0.973923487036237
0.987152891472289
0.994761842205947
0.986162213145966
0.974563516533671
0.968786002865184
0.972501465067672
0.978117548288588
0.986854387314164
0.999171088805312
1.01542181511944
1.03571495534201
1.05975616101032
1.08673758413458
1.11534294567534
1.14390435601326
1.17068205366154
1.19417723183744
1.21336944075121
1.22781112163881
1.23758474857702
1.24317977887315
1.24535170179648
1.2449989752853
1.24306247944813
1.2407023504451
1.2385973785017
1.23685875102591
1.23560356327263
1.23476458256215
1.23433008014028
1.234127273898
1.23369315106042
1.23224750426006
1.22886858645348
1.22263412473836
1.21273361173599
1.19859867382745
1.18004698636281
1.15740678396263
1.13156367523209
1.10387564227338
1.07595057865982
1.04934972788713
1.02532001765026
1.00464179705751
0.98762119962975
0.97419423244165
0.964076313020422
0.956896893079288
0.950198089426669
0.952684285982334
0.96352669313756
0.974792805985969
0.974745638219766
0.988348847529538
0.997308842587957
0.99203329163482
0.985282594625009
0.984478973957123
0.990896400871696
0.997559977056366
1.00688027267477
1.01915204812394
1.03455580832823
1.05305836502114
1.07431587893148
1.09761955227851
1.12192118466002
1.14595198983381
1.16841233138546
1.18817926765918
1.20446971851003
1.21691724654061
1.22555870734465
1.2307587463988
1.23310898648162
1.2333278511955
1.23217021175883
1.23053679733494
1.22899764701328
1.22766606124812
1.22664266738457
1.22587083336086
1.22533225673803
1.22485985966529
1.22405927654031
1.22234859568471
1.21899667505186
1.21326915428614
1.20452533857127
1.19232404820809
1.17652912397958
1.15739023016444
1.13556404511076
1.11204859544715
1.08803306190928
1.06470197951846
1.04305305473318
1.02378053294688
1.00724740480977
0.993535217685491
0.98253636685667
0.974049699103344
0.96430050608201
0.961714594224514
0.968208566438386
0.976964292908847
0.976164800413723
0.989770519582338
1.00056766237567
0.998429026114474
0.99578268273081
0.999304345504394
1.00810866549981
1.01564378240929
1.02536783463288
1.0374349381716
1.05189780122442
1.06864007042653
1.08731748411775
1.10733338456071
1.12786828746218
1.14796747203426
1.1666703120145
1.18314889713235
1.19681924455375
1.20739918316745
1.21490747020661
1.21961735198299
1.22198560104173
1.22257476924499
1.22197836473386
1.22088618701186
1.21977556529259
1.21875807041254
1.21792065391074
1.21721552080343
1.21662006140721
1.21597485939276
1.21494326691382
1.21309990684908
1.20987385488043
1.20469051893958
1.1970498418623
1.18660840107062
1.17325556533736
1.15716664126555
1.13881258494701
1.11891273585198
1.09833446688448
1.07796350934734
1.05857999156585
1.04077229373581
1.02490599544611
1.01114568088929
0.999511494863064
0.989945598456719
0.977521247931814
0.970583876233624
0.97358296252806
0.980155756707398
0.978141233151626
0.991259787484599
1.00419921779055
1.00500111215512
1.00584085133947
1.01307124002994
1.02390440509234
1.03212699093271
1.04209132908899
1.05383847545138
1.06733240592451
1.08241443021033
1.09876708499213
1.11590398782395
1.13319614671874
1.14993489381239
1.16541988328702
1.17905184753478
1.1904078856496
1.19928314145161
1.20569403354241
1.20984911726226
1.21209946399006
1.21288027631435
1.21265202309558
1.21193850315142
1.21113683971662
1.21035151878079
1.20965725432211
1.20901289045298
1.20839369247926
1.20765052122453
1.20649702630687
1.20462887506074
1.20160454807659
1.19697875094104
1.1903629450664
1.18148706475079
1.17025403416691
1.15677552157587
1.14137698674266
1.12456525354851
1.10696211700756
1.08921862856491
1.07193128447479
1.05558036526796
1.04050287564213
1.02690140485026
1.01487997460109
1.00449136217105
0.98984103176196
0.979250762645375
0.979492579936347
0.984194959813753
0.98058147693373
0.992619318948001
1.00780264429121
1.01135890492978
1.01518421227573
1.02560239043753
1.03812863153751
1.04687428774542
1.05694834622196
1.06830651003884
1.0808554321129
1.094421185206
1.10872614323611
1.12338478863235
1.13792407917215
1.15182731201409
1.16459342570249
1.17579880429106
1.18514779584916
1.19250172580598
1.19788262630312
1.20145438257819
1.20348803630833
1.20431884420048
1.20430146295126
1.20383290330481
1.20324112716072
1.20261894445011
1.20202983337534
1.20143706458341
1.20081550500336
1.20002800916763
1.19883216618052
1.19701544665219
1.19423789329806
1.19015541559353
1.18446541324628
1.17695227017937
1.16752626516027
1.15624821856873
1.14333281960548
1.1291272151203
1.11406759037349
1.09862290465851
1.08323891077551
1.06829540380907
1.05408546816451
1.04081907098687
1.02864710861863
1.01769735962038
1.00128658087839
0.987659248547175
0.985777296378137
0.988873496669982
0.983345825110664
0.993633081754244
1.01092047563687
1.01705099469938
1.02346244673499
1.03667602273194
1.05062339638074
1.05976697322837
1.06986594218109
1.08081541236973
1.09248829746858
1.1047124383836
1.1172545909008
1.12981770456628
1.14205480040095
1.15359829619791
1.16409922115697
1.17326793852233
1.18090761802435
1.18693384931722
1.19137757298573
1.19437243585498
1.19613042130654
1.19691063803526
1.19698590654432
1.19665913817892
1.19619947289543
1.1956850460068
1.19516909647922
1.19461735609014
1.19400539919768
1.19320850212871
1.19202195627532
1.19030152245817
1.18778510883656
1.18420596035376
1.17932650235819
1.17297152117968
1.16505596614202
1.15560232088077
1.14474332447903
1.13270831272426
1.11979520653817
1.10633399731959
1.0926500146257
1.07903534545012
1.06573446035955
1.05294616339831
1.04084018598857
1.02958521738592
1.01187735967414
0.995725594606442
0.992268768066101
0.993945404446571
0.98625666803353
0.994090894900375
1.01304745815562
1.02154892105079
1.03022380127789
1.04598443520023
1.06117610479744
1.07064859462789
1.0807458435067
1.09132144114944
1.10223091293823
1.11331416097291
1.12438241594568
1.1352144137974
1.14556422435452
1.15517964881585
1.16382735669074
1.17131922007494
1.17753412665026
1.18243087574243
1.18605005695184
1.18850525946103
1.18996582138019
1.19063424945719
1.19072159710373
1.19046284306629
1.19007812423062
1.18962967965096
1.18916161928522
1.18864055668769
1.18804328297404
1.18725669057723
1.18610735419054
1.18450076742111
1.18223321048183
1.17909585704238
1.17489971971092
1.16949978836746
1.1628149945305
1.15484068430769
1.14565105111551
1.13539068141335
1.12425672246262
1.11247551615071
1.10027905750216
1.08788676741364
1.07549671172093
1.06328801084467
1.05143278255681
1.04011545724585
1.02158100846756
1.00332821294757
0.998786235286103
0.999116172061236
0.989108540843578
0.993815621560708
1.01366056687031
1.02423219679615
1.03490175796754
1.05311818846855
1.06951032067502
1.07931567801116
1.08945254617236
1.09974624398562
1.11004724763463
1.12021449503569
1.13010186055578
1.13955232211873
1.14840059467882
1.1564834582706
1.1636551046855
1.16980373288724
1.17486551400359
1.17883287813761
1.18175551806131
1.18373408535896
1.18490783953033
1.18543826280908
1.18549095542217
1.18525312448133
1.18490520184472
1.18449396947656
1.18405563671727
1.18355658073004
1.18297478944105
1.18220697267444
1.18110431678974
1.17960750465956
1.17755540677748
1.17478165822587
1.17113314849192
1.16648771164417
1.16076861315687
1.1539536375539
1.14607722753084
1.13722531543714
1.12752402206494
1.11712487377685
1.10619014230695
1.09488199821352
1.08335833438945
1.0717764979691
1.06030522776572
1.04913767776712
1.03026970041066
1.01030249571377
1.00512212372673
1.00402316593922
0.991681873387238
0.992686429946337
1.01230711054378
1.02437811418615
1.03683434706584
1.05760288107537
1.07533505880724
1.08555678466249
1.09583718641098
1.10599048640465
1.11587410527411
1.12537037917699
1.13437325189066
1.14277998134864
1.15048950589985
1.15740691486417
1.16345212393675
1.16857004959464
1.17273948479287
1.17597841883479
1.17834450069175
1.1799304220102
1.18085492200592
1.18125072615242
1.18125107457541
1.18101035559176
1.18067805064747
1.18028736090992
1.1798678993305
1.17938518880465
1.17881794737231
1.17807020029415
1.17701080977126
1.17560409649658
1.17371872975786
1.17121847976029
1.16797625630914
1.16388737098702
1.158880259607
1.15292317355994
1.14602589346576
1.13823639850845
1.12963349016329
1.12031735857859
1.11040069882571
1.10000301094941
1.08925006862542
1.07827954783856
1.06725194410534
1.05637564377783
1.03766493147108
1.0164494691387
1.01099002592579
1.00821782154668
0.993761948889691
0.990642190314031
1.008804595785
1.02118923815595
1.03536046655973
1.05904723783082
1.07845424873174
1.08921095280282
1.09977457410503
1.10996187970503
1.1196423312089
1.1287240325932
1.13713804217668
1.14482738304244
1.15174186367355
1.15783840628211
1.16308537945087
1.16746880441878
1.17099820899448
1.17371028244184
1.17566917736339
1.1769631065109
1.17769760473398
1.17798634483777
1.17794075196634
1.17769305205493
1.17736999326466
1.17699426461599
1.17659021010687
1.17612240246603
1.17556945558814
1.17483979057894
1.1738127331704
1.17246665719723
1.17068945276334
1.16836500483434
1.16538442898273
1.16165649474202
1.15711585551906
1.15172800763518
1.1454903895043
1.13842975027455
1.13059674253426
1.12205943294373
1.11289786675061
1.10320179935334
1.093073178476
1.08263383521549
1.07203852167554
1.06148315184285
1.04326714796041
1.02157120090799
1.01588848180615
1.01119232091742
0.995158266502113
0.987661602591239
1.00361612942212
1.01345658480391
1.02960039716918
1.05762247000268
1.07878765056434
1.09020187971564
1.10120164292632
1.11160570178307
1.12130073180312
1.13022165493493
1.13833344408558
1.14561723393262
1.15206229250956
1.15766356246385
1.16242346064913
1.16635602173568
1.16949136300162
1.17187875073793
1.17358712564127
1.17470262719747
1.17532329259009
1.1755515895383
1.17548581292231
1.17524331176696
1.17493581911873
1.17457954218671
1.17419485681239
1.17374582529725
1.17320982707804
1.17249660426608
1.17148843174812
1.17016913771903
1.16843672017128
1.1661866914294
1.16332191095757
1.15976147057672
1.15544742164537
1.15034846507648
1.14446020807869
1.13780226387962
1.13041321801093
1.12234513713943
1.11365967026922
1.10442774510227
1.094734316413
1.08468875264595
1.07443941680259
1.06419661210577
1.04625031168728
1.02609408658308
1.01930211556517
1.01228985845786
0.995807570859202
0.983965783197911
0.99661000788398
1.0044994039684
1.02225485076777
1.05348721061921
1.07642650425285
1.08859069679742
1.10014860282679
1.11092805371962
1.12083428623943
1.12982816127071
1.13790430748888
1.14507428868146
1.15135615607903
1.15677026351172
1.16134000697912
1.16509549329483
1.16807800722589
1.17034344302136
1.1719634414881
1.17302365881041
1.17361923907816
1.17384806802972
1.17380278814047
1.17359068256931
1.17331575055346
1.17299250036236
1.17263857021955
1.17221849649744
1.17170706147458
1.17101233488157
1.17001168873065
1.16868587593481
1.16693466417217
1.16465755267574
1.16176346504385
1.15817923824122
1.15385568238151
1.14877035115389
1.14292669093764
1.1363499627188
1.12908113297311
1.1211706250181
1.11267421211992
1.10365325365856
1.09418084781797
1.08435422597428
1.07431225874293
1.06425031013018
1.04673195000414
1.02701610358847
1.0187028132482
1.01160016785947
0.995580499880148
0.979654994301607
0.988576509444689
0.995064184245479
1.01386730625011
1.04710240274955
1.07167247350984
1.08457448533504
1.09674214487469
1.10800097110879
1.11827073746941
1.12753416142144
1.13580977108284
1.14313117486104
1.14953427611474
1.15505218491804
1.15971620428769
1.16356049147278
1.16662784633361
1.16897443821293
1.1706719642262
1.17180653260349
1.17247431170104
1.17277456826671
1.17280117650198
1.17265455614925
1.17243789404374
1.17216934157476
1.17186492123978
1.17149117603379
1.17101875324832
1.17035135154606
1.16935321103199
1.16799269790977
1.16616315648132
1.16376067277756
1.16069485650164
1.15689803121639
1.15233141462508
1.14698727467612
1.14088666835625
1.13407324763805
1.12660460595142
1.11854350635203
1.10995182048562
1.10088990414665
1.09142332953266
1.08163744080157
1.07165827509998
1.06167892321921
1.04433203221852
1.02453172677299
1.01518697419597
1.00901202568581
0.994504441141944
0.974945775994083
0.980096732866645
0.985444324467899
1.00475031299259
1.03906358814954
1.06487466449044
1.07842688240957
1.09117669841786
1.1029492834642
1.11367531756202
1.12335505303572
1.13202465859715
1.13973080639057
1.14651555728148
1.15241117951539
1.1574427338257
1.16163528196182
1.1650224128374
1.16765327771486
1.16959623393689
1.17093823815071
1.17178007358688
1.17222820996549
1.1723846292482
1.17234534021845
1.17221936641007
1.17203421433696
1.17180526811849
1.17150314982702
1.17109271022732
1.17047106293607
1.16948067104628
1.16806663234757
1.1661072472557
1.16348748972868
1.1601121606093
1.15591692813082
1.15087546250341
1.14500130323009
1.13834385142812
1.13097901643842
1.12299638112207
1.11448595029622
1.10552823314003
1.09619128626466
1.08653728409542
1.076639267845
1.06660629272498
1.05661131583765
1.03926329519959
1.01933230487071
1.0095957857808
1.00482373400463
0.992686011755821
0.970083155509789
0.971598396840232
0.975817106482123
0.995143193956157
1.02984482417348
1.05642347585243
1.07045419263393
1.08368251433993
1.09593026842889
1.10713934456797
1.11732567458913
1.1265379889559
1.13482714221833
1.14222887844314
1.14875957509105
1.15442204844193
1.15921716824615
1.16315681643717
1.16627444103701
1.16863074612102
1.17031350062113
1.17143169702309
1.17210517944734
1.17245147903748
1.17256478378117
1.17256643025606
1.17249916328196
1.17237852456003
1.17218179767873
1.17186629439853
1.17132097334692
1.17035741873442
1.16888428496227
1.16675527278164
1.16383578171159
1.16001982734201
1.15524420269932
1.14949752866532
1.14282224766145
1.13530851625874
1.12708047584872
1.11827728240425
1.10903303786449
1.09946078361867
1.0896455456046
1.07964991998367
1.06953300190119
1.05937987329936
1.0493348182697
1.0319888239296
1.01214638598521
1.00261518664228
0.999534768576564
0.990285851784333
0.96531729739152
0.963415523517037
0.966367697439594
0.985278298483831
1.01981464728799
1.04667969728119
1.06096432311338
1.07450061061394
1.08711629240952
1.0987700921355
1.10949594103934
1.11935264511882
1.12838736208457
1.13661659426604
1.14402416612703
1.15057231081073
1.15622006431613
1.16094281615023
1.16474790441545
1.1676830452267
1.16983645974948
1.17132924230357
1.17230158480716
1.17289513880056
1.17320595775402
1.17337411653244
1.17346343336982
1.17349018025257
1.17344132713597
1.17326484819036
1.17284072703853
1.17194005315325
1.17041892966225
1.16809556060685
1.16480620477501
1.16042735999325
1.15489445894525
1.14821399153928
1.14046621763452
1.1317966359522
1.12239643583165
1.1124749596855
1.10222989035796
1.09182242754407
1.08136442914247
1.07092226126915
1.06053834454461
1.05026679418896
1.04021457695008
1.0230290628693
1.00364664726388
0.994856460610364
0.9936858469334
0.987514083401172
0.960888617407185
0.955843184512648
0.957318239799055
0.975399958858553
1.00927829281036
1.03595900365782
1.05024345348954
1.06386829850373
1.07668692648533
1.0886886570321
1.09993329447344
1.11049099557992
1.12039929169218
1.12964263676352
1.13815416051204
1.14583463638335
1.15258073845973
1.15831399189105
1.16300333791281
1.16667712949583
1.16942344457408
1.17137986768469
1.17271506414409
1.17360503443647
1.17415355395253
1.17452598499973
1.17481276476543
1.17503119760401
1.17518127908415
1.17519977395538
1.1749576252916
1.17417518047897
1.17263643067376
1.17011162854718
1.16639712941884
1.16134434518843
1.15488446218263
1.14704502816293
1.13795428171158
1.1278300121889
1.11695250810885
1.10562537591644
1.09413223049452
1.08269967047972
1.0714763942153
1.06053482525843
1.04989623666389
1.03957438804349
1.02962678442976
1.01287965711818
0.994436054146538
0.98689139717116
0.987803290423183
0.984609054702969
0.957018756176712
0.94916459933524
0.94892641586158
0.965770007628542
0.998514321381735
1.02454835255778
1.03856225371064
1.05202369291792
1.06483675327727
1.07704151972563
1.08873722215715
1.10001109793848
1.11088797739664
1.12130834486583
1.13113544074992
1.14018528071891
1.14826874974361
1.15523357682923
1.16099624284328
1.16555842037992
1.16900722042311
1.17150155435246
1.17324791810535
1.17446894338302
1.17528539343695
1.17589490295586
1.1764195557272
1.17687766479463
1.17728568666594
1.17756713302987
1.17758439705285
1.17699592537051
1.17549024101572
1.17277577880561
1.16859742386243
1.16277341444215
1.15522741711262
1.14601121348796
1.13531204558992
1.12343904080997
1.1107867955979
1.09778067335279
1.08481515313964
1.07220040243193
1.06013112364657
1.04868601021636
1.03785812165149
1.02760875422054
1.01793113657665
1.00198937510445
0.985054482899611
0.979261715412719
0.98238229479658
0.981812894029017
0.953902657173632
0.943657439729031
0.941472801220413
0.956665623059784
0.987802766894926
1.01273676502713
1.02620310307159
1.03923111854423
1.05180171365159
1.06402894489696
1.07606914180716
1.08803673436811
1.09994436900659
1.11167846860266
1.12301291999651
1.13365383192732
1.14330048126947
1.15170486906885
1.15871571379314
1.16430003581813
1.16854276748825
1.17162887791519
1.1738127353136
1.1753779527568
1.17647640524431
1.17734607749175
1.1781450923552
1.17889242709063
1.17962417839805
1.18024808561134
1.18061846402578
1.18031913529297
1.1789159377595
1.17604104764232
1.17137677959287
1.16470059011603
1.15592525724915
1.14512952861008
1.13257067804859
1.11866939919656
1.10396218392694
1.08902632808809
1.0743937433958
1.06047597691758
1.04752062747093
1.03560975085932
1.02469853151035
1.01468243887371
1.00547553805609
0.990765247965697
0.975987534003069
0.972479202883978
0.977877239859482
0.979348145888198
0.951698655776984
0.939589314130928
0.93524724933398
0.94837497740434
0.977447686373326
1.0008504553179
1.01349770840167
1.02582033993282
1.03790030653161
1.04994819757049
1.06219672662383
1.07480113662697
1.08776637931803
1.1009176160794
1.11392092675696
1.12634683970493
1.13775621470439
1.14778283639911
1.15619235216035
1.16290911773993
1.16801392991191
1.17172107809986
1.17434173673906
1.1762358909515
1.17760705460599
1.17874423168747
1.17984574416824
1.18093061903034
1.18205699322446
1.18311324373153
1.18394465376449
1.18404468995746
1.18282595760457
1.1798315567095
1.17467326665566
1.16708254675998
1.15695845707658
1.14440840839199
1.1297692897403
1.11359294146341
1.09658587016663
1.07950837889855
1.06305618920952
1.04775781295036
1.0339167729644
1.02161166914379
1.01074812963502
1.00114351471996
0.992621124100085
0.979590741138769
0.967675524823583
0.967025541260021
0.974689124131031
0.977396044090017
0.950515205713696
0.937209407379492
0.930542031899753
0.94119665082058
0.967797551110133
0.989286059393789
1.0008646407714
1.01222783200896
1.02357843340823
1.03524167143994
1.04754434987713
1.06069765559329
1.0747068617345
1.08933252527849
1.10411744194905
1.11847293512548
1.13179650176287
1.14358341692044
1.1535031212638
1.16143038284304
1.16743881001515
1.1717716682361
1.17480110563322
1.17697640696879
1.17858012226447
1.17996860509726
1.18138619118054
1.18285218361071
1.18444754205935
1.18603470921541
1.18744443302678
1.18805851560941
1.18710495548632
1.18403128839233
1.17837821405948
1.16983092906909
1.15827327150056
1.14384124791328
1.1269575019753
1.10832103013773
1.08883362405699
1.06946717603192
1.05110436620272
1.03440173668706
1.01971674369327
1.00711387533629
0.99643652911434
0.9874147713301
0.979776987769376
0.968851859428985
0.960527575749745
0.963360405189689
0.973145676785626
0.976076593438656
0.950394245164889
0.936738106391659
0.927658114625891
0.935448567633662
0.959264835818032
0.978534635040707
0.988833308305429
0.99902217278605
1.00943795795
1.02052998691907
1.03273070936287
1.04632003460144
1.06131307281027
1.07740670810847
1.09401069108765
1.11035987121034
1.12567010018675
1.13928432591632
1.15076794216636
1.15994204513165
1.16686915267203
1.17181573641421
1.17520950499816
1.17759214518605
1.17935495184141
1.18094717231661
1.1826723191944
1.18455367867291
1.18669309162437
1.18891364938684
1.1910151197255
1.19223894796233
1.19160440308538
1.18847090192667
1.18231938769705
1.17279528321133
1.15976740755298
1.14339781632343
1.1241954388877
1.10301498952392
1.08097074712091
1.05926675469021
1.03898806709356
1.02092345155359
1.00547752698093
0.992688445028169
0.982326074171745
0.974028113552059
0.967431578098446
0.9589683924592
0.95494578661483
0.961943012210539
0.973466623045976
0.975431674845462
0.951535481180218
0.938806641193974
0.927042230771563
0.931027658768467
0.951374863469204
0.967805924920408
0.976394039420999
0.98501982203765
0.994165147948612
1.00441679534038
1.0163290224429
1.03026712692124
1.04626614293845
1.06395454032431
1.08258646643011
1.10118565452973
1.1187507920395
1.13444558991934
1.14771596024901
1.15832189193391
1.1663090330443
1.17195768371032
1.17573828121881
1.17828015512622
1.18012125350951
1.18186060970361
1.18390205206116
1.18628857615559
1.18913859273615
1.1921980157317
1.19519153527226
1.19715789522174
1.19687517501156
1.19363563416276
1.18688054626111
1.17622428585969
1.16151985337331
1.14295278852336
1.12112383395713
1.09706471536225
1.07213952158281
1.04782819311341
1.02545334829724
1.00595178557972
0.989771514349319
0.976909376576416
0.967045121238753
0.959709456230754
0.954444744077929
0.949132736455132
0.95114228425964
0.963934257191804
0.976220910162209
0.975481284254486
0.955872596082466
0.949613721898322
0.931992768121878
0.928249581914387
0.946485857241135
0.956362657191728
0.96177888894887
0.967624649761037
0.974536108433452
0.983248402152104
0.994448297308634
1.0085966783364
1.02574699926824
1.04543227179358
1.06669384421597
1.08826800631722
1.1088618320637
1.12740509737894
1.14319479743146
1.1559189535557
1.16560084818329
1.17252034396312
1.1771581584973
1.18018921482556
1.182286919403
1.18429126768024
1.18681520150086
1.18995430865252
1.19383340832581
1.19802926777284
1.20208207645327
1.20471846219885
1.20449263057824
1.20070399442804
1.19279926683679
1.1803735294676
1.16325644697191
1.14164974570224
1.11625926420181
1.08834231502577
1.05959628765252
1.03187565927345
1.00682452940763
0.985575599255954
0.968631324294578
0.955937081553988
0.947069140773455
0.941443146167727
0.93847338696901
0.938766323004371
0.953465186570393
0.977063865281249
0.985349929830691
0.976901416964011
0.963231592932132
0.969401078441214
0.966885904308463
0.957427261226004
0.955937015462972
0.957053378001442
0.958936654097105
0.962060755306312
0.966981210320015
0.974331241601844
0.984688412959084
0.998408601794563
1.01545469627141
1.03529078271334
1.05691353440756
1.07903660133297
1.10036101140442
1.11982097374734
1.13672345137992
1.15076823193618
1.16198784327794
1.1706605628856
1.17723689348659
1.18229819936671
1.18612446305709
1.18939792221485
1.19269830955801
1.19606327556537
1.19962076625806
1.20297063805339
1.20568742167597
1.20661737258341
1.20466616471274
1.19923603335069
1.18981199817451
1.17599739280312
1.15761879150756
1.13487279876173
1.1084627792223
1.07964907349815
1.05014025511724
1.02181320064883
0.996348619236315
0.974931760322772
0.958132858291247
0.945976690382089
0.938124418626663
0.934074804570191
0.933317241161062
0.939499237041182
0.966231364832387
0.995103000329471
0.9955597222593
0.978197302421354
0.96669800167063
0.979935050715695
0.981615705534294
0.976021636359511
0.968648143408832
0.966964921077236
0.967758223535872
0.970235073682015
0.974772923193971
0.981744563029158
0.991435736264463
1.003941555217
1.01907296810438
1.0363145276975
1.05486671661606
1.07377310687561
1.09209170127409
1.10904995014004
1.12413748321228
1.13712508145782
1.14802759894044
1.1570389511343
1.16446148949511
1.17063866492399
1.17538210288943
1.17911511785582
1.18228829574571
1.18492300988892
1.18715383095419
1.18872854309264
1.18933077605423
1.18810419855233
1.18445874118658
1.17795959807033
1.16822209069807
1.15496730924499
1.13810940886305
1.11785786635262
1.09480038337209
1.06992088722538
1.0445155948713
1.02000728514755
0.997710070779977
0.978628218810582
0.963355899660582
0.952092040259844
0.944735327759969
0.941006671855015
0.940561276319901
0.947031538841057
0.968523886644172
0.988675805148136
0.992185386586442
0.975089735217581
0.961548882093527
0.973749634660778
0.976133349228875
0.974227908637778
0.971618026524454
0.972064046209382
0.973764813491841
0.976828665032678
0.981457294991042
0.987779758229344
0.995824651331002
1.00549439760633
1.01655247503137
1.0286331726726
1.04127738836954
1.05398917520945
1.06630002328786
1.07782493926481
1.08829762558978
1.09757952268672
1.10564523632098
1.1125516587843
1.11839909041824
1.12329149590333
1.12691545320457
1.12958601423292
1.13162093374159
1.13307274502285
1.13402333200548
1.13430427197943
1.13367146002615
1.1315308376157
1.12769117595744
1.12193412440707
1.1140790104268
1.10402332392781
1.09178804689944
1.0775593334337
1.06171348677737
1.04481182289263
1.02755814998999
1.01072322696914
0.995052749149157
0.981181741077803
0.969575192856823
0.960504135719581
0.954053650289045
0.950150124969606
0.948590957869498
0.950673544951566
0.960953444025484
0.971176761269011
0.974538939096577
0.963729082305413
0.978295687198988
0.988125460884327
0.977691691129281
0.958332001878579
0.941517350695149
0.939146262033462
0.94245281794448
0.949827473716229
0.96171778745914
0.978376088662915
0.999732675472092
1.0252763309489
1.05400937662222
1.08450623790935
1.11507947083803
1.14404068054198
1.16997453393652
1.19194232329146
1.20955734375516
1.22291875001686
1.23245909252135
1.23877954765105
1.24251842190053
1.24426509701179
1.24449890876451
1.24397441739761
1.24292433714535
1.24153363229485
1.23971939286393
1.2373922249127
1.23421523211441
1.22963968612547
1.22361101251243
1.21557636032477
1.20490513974201
1.19098999647413
1.17338483360081
1.15196560910381
1.12707121961972
1.0995586906479
1.07072683476199
1.04212327925542
1.01528867193458
0.991516326100133
0.971699467560598
0.956276052659739
0.945271666448025
0.938414539178797
0.935257355612302
0.936996774359386
0.951878442236227
0.969480021241782
0.980531917611861
0.974374508766757
0.993861701557451
1.01005989990966
0.991383017961749
0.951053956943374
0.915232507746833
0.906208426971
0.907001623713903
0.912975254995754
0.925278207808913
0.945250526338077
0.974144463128879
1.01252242634861
1.05941847760296
1.11182174905001
1.16512187774178
1.21447595051834
1.25631868668425
1.28906736889845
1.31284747028424
1.32879879477952
1.33845474473562
1.34334655233053
1.34480485957952
1.34389886556085
1.34172673295689
1.33920689143692
1.33649318277392
1.33379658838714
1.33099713013072
1.32816626055642
1.32504632316104
1.32110811934493
1.31583743003351
1.30804312066675
1.29629001473831
1.27900434884062
1.25468860713556
1.22230787062262
1.18186321114362
1.13498907307184
1.08511537847406
1.03673197294017
0.993980443717424
0.959441458139219
0.9337922794479
0.916336708244705
0.90579673132391
0.90085603552488
0.900398709784499
0.908403601041382
0.938123623894162
0.973708591881313
0.994026940656055
0.986117278756331
0.999512947370683
1.01808319122485
1.00159396247139
0.930404217615373
0.891811772732718
0.881093050316754
0.879965227003829
0.88347113772942
0.893168019263617
0.911246942860323
0.940492035039536
0.983700570014623
1.04178729224966
1.11095086545238
1.18237787214039
1.24662453839101
1.29805727036342
1.33540606174058
1.36004706044264
1.37437880841479
1.380894463643
1.38176601579532
1.37872054199104
1.37307378395584
1.36661440497819
1.36051243599703
1.35513828505975
1.35123457319405
1.34886207837819
1.34796268730944
1.34799758619199
1.34810767546545
1.34692232894194
1.34280704563968
1.33382276632089
1.31771338061006
1.29204400296018
1.25462497654734
1.20441957714348
1.14305211488232
1.07622777323975
1.01285753467617
0.960762357989859
0.922871897695874
0.897853209002777
0.88285931471732
0.87522472962552
0.872910425561505
0.874471234420366
0.8836803949083
0.917595807076316
0.969552483271489
0.995597652106858
0.988501816079392
0.999713281301029
1.01333791277348
0.991224915603884
0.926274630572942
0.895274613043725
0.887524506230307
0.887130619702353
0.890853447133101
0.900304839959756
0.917737979577474
0.946028435902033
0.988107246372654
1.0450502509556
1.11319200329256
1.18374639458599
1.24714230499556
1.2975507680257
1.33355317205882
1.3564425577337
1.36856526715012
1.37236687208996
1.3699718520378
1.36308197825713
1.3530878222211
1.34261979844437
1.33342426575551
1.32637421612472
1.32261864489716
1.32221202394488
1.32466896226797
1.32897812631906
1.33373307145397
1.33672664292919
1.33627251346816
1.33046795150387
1.31710104986559
1.29376059594546
1.2582542302266
1.20952984209974
1.14921839886113
1.08308544100806
1.02014277054639
0.968304557673594
0.930541759342713
0.905494203809517
0.890250795098771
0.882085906047356
0.878917944850022
0.879269947183057
0.885401191903952
0.913182662726214
0.960590850415924
0.988384400957871
0.986272742997062
0.99858218078683
1.00674521613298
0.984160889383217
0.946518914795363
0.922474381146727
0.918470049074423
0.920626928681494
0.92691623787871
0.938700390273389
0.957680341521666
0.985645663338227
1.02382726616231
1.07178341872242
1.12638473023998
1.1821085393246
1.23299934333173
1.27480979335584
1.30579075225518
1.3261998181697
1.33741129089353
1.34120581976916
1.33937429175459
1.33358495290984
1.32543753201768
1.31748158273148
1.31103486848043
1.30627337844124
1.30352502815766
1.30270818657992
1.30384266917671
1.30669478788761
1.31035936595685
1.31283805857644
1.31239177791859
1.30722724805556
1.29547617134626
1.27533457111
1.24544387026533
1.20555960722785
1.1573680432406
1.10489448881754
1.05369666590794
1.00884016545005
0.973112034009529
0.94680834599277
0.928712855314777
0.917134989529119
0.91049668767763
0.907551540845811
0.909224451201898
0.928027129089434
0.958960370684056
0.982243745147969
0.983952098127138
0.998425698179629
1.00481222378141
0.986287694321372
0.960079637289116
0.943393182904099
0.942656127999554
0.94658307464261
0.954534761291104
0.967590700645183
0.986977351557281
1.01376078559693
1.04831935138527
1.08971740026653
1.13537988176919
1.18146194669614
1.22387211237457
1.25942721533571
1.28649223938584
1.30490586237348
1.31550565267186
1.31963257824488
1.31879632222697
1.31452040767154
1.30831364327455
1.30231115063231
1.29751076735313
1.29393331229174
1.29174020069272
1.29083530268858
1.29128433800247
1.29300250526571
1.29536520120306
1.29679219958624
1.29572390537687
1.29056030435061
1.27972161569167
1.26181033563654
1.23593294269441
1.20216551774262
1.16199088351567
1.11835257782211
1.07504313928464
1.03562275362597
1.00246797706579
0.976431661070145
0.957152064220512
0.943640903801625
0.934774534723428
0.929570813326281
0.927316273032044
0.938975880226749
0.96091241779882
0.980476815048868
0.983367748434884
0.998829895524545
1.00495696238503
0.990459316798508
0.972164936125072
0.962127958563075
0.964605226204642
0.970045354984911
0.979211613470102
0.992934649766211
1.0120453685981
1.03711202984727
1.06807167819905
1.1038970930508
1.14251690816132
1.18111658322642
1.21674862440257
1.24701849065641
1.27053957612231
1.286991744815
1.29688154163732
1.30121637303512
1.30124065105062
1.29827709142614
1.29364526326212
1.28908207151951
1.28539288592755
1.28258985194489
1.28079763835599
1.2799278904899
1.28002257054384
1.28100023948036
1.28237046007657
1.28290463895889
1.2812815326606
1.27613372086427
1.26615276815054
1.25025484397351
1.2278374087522
1.19908983960027
1.1652208802301
1.12840555885306
1.09136141410108
1.05670721702022
1.02638729968451
1.00138196363114
0.981776898610419
0.967073910237958
0.956535775571789
0.949432870616393
0.943495190590514
0.948754375348902
0.964188097790144
0.980489846234894
0.983591299167048
0.999775808843527
1.00671339989424
0.996295690054209
0.984568531086129
0.980706232426637
0.986393930762278
0.993208626948196
1.0033086194577
1.0172818850234
1.03563482786109
1.05859370409785
1.08587484027503
1.11652058622455
1.14890720787037
1.18096642854684
1.21056958305009
1.23594979197971
1.25600623278915
1.27039052658297
1.27939782306162
1.28376685050454
1.28448576893581
1.2826471695065
1.27934657463244
1.27596209121538
1.2731644774272
1.2709844159972
1.26952753082387
1.26871736507923
1.2685740422071
1.26900087281544
1.269583989641
1.2693854753914
1.26733191919811
1.26230547478562
1.25325953232949
1.23936962837833
1.22022634711949
1.1960321208342
1.16771265261537
1.13684490105986
1.10537825643688
1.07523958206128
1.04796726208461
1.02449415774683
1.00513237404215
0.98972352174958
0.977854482964001
0.969045469605647
0.959513414894668
0.958811437486547
0.968794694615289
0.981995893933627
0.984576439969075
1.00121697239606
1.00984590635365
1.00335440644583
0.997089174862091
0.998634783568335
1.00723206273871
1.01518986918137
1.02592209022933
1.03979985913251
1.05708670564598
1.07780000335977
1.10157397512724
1.12758275608903
1.15457462367528
1.18103093317893
1.20541536639855
1.22644131187172
1.24327263043253
1.25560081944633
1.26359977969965
1.2678067724271
1.26898587046942
1.26800766867951
1.2657517309852
1.26329411595644
1.2611984720167
1.25951339089782
1.25832992545334
1.25758307766958
1.25727820747987
1.25730648235395
1.25731023946131
1.25658299878258
1.25427430985948
1.24949796347551
1.24143681127715
1.22946781361219
1.2133012954962
1.19310386812096
1.16955255131103
1.14377313759387
1.11715898948513
1.09112146213416
1.06685148502729
1.04516275838288
1.02645265893711
1.01077082896257
0.997947766918831
0.9877265850938
0.974976529315758
0.969059618315154
0.974565043102491
0.984942154810934
0.986337896336455
1.00301894991842
1.01399297368403
1.0112075520205
1.00948926998336
1.01560715552658
1.02666597713617
1.03550111868607
1.04658789776418
1.06011818865369
1.0761848280002
1.0946888131961
1.11525803616231
1.13721262450711
1.15960234997832
1.18131898472003
1.20126021802163
1.21850192515896
1.2324306761804
1.24280343023067
1.24973071022492
1.25360570439166
1.2550104975961
1.25462280501758
1.2531331997094
1.25137164298637
1.24980950002705
1.24850528527929
1.24753792236258
1.2468521056578
1.24644305200745
1.24619675799982
1.24580450834941
1.24474253005243
1.24234780666057
1.23793098330523
1.23086248689852
1.22066958923741
1.20713467054231
1.1903728727351
1.1708593876994
1.14938372714543
1.12693226318496
1.10452853754255
1.08307672196245
1.06325082797255
1.04545446022654
1.02985066025757
1.01643860998793
1.00514302816688
0.989704964683594
0.979415351207842
0.981320113379563
0.989180877667801
0.98881566194346
1.0049750945504
1.01870153899633
1.01938932280083
1.02147262451388
1.03139470197465
1.04444497382285
1.05390663503727
1.06512079567532
1.07814032781038
1.09294445746053
1.10937716802687
1.12709778137172
1.14556558921663
1.16407161195473
1.18181650869966
1.19801871067247
1.21202633454719
1.22340460674217
1.23197910901292
1.23783069064147
1.24125245184457
1.24268593649669
1.24265181127964
1.24168429174605
1.24041869293639
1.23924512593727
1.2382233256842
1.23742089023099
1.23678979346926
1.23631919796481
1.2358961775566
1.23525688694433
1.234019767278
1.23167322168464
1.22768643085693
1.22157634566046
1.21298004811312
1.20172336648204
1.18787105971884
1.17174169993077
1.15387607753437
1.1349614087711
1.11572879168642
1.09685062270902
1.07886420416482
1.06213855319893
1.04688723598623
1.03321604348205
1.02118473850493
1.00363396169345
0.989780321900837
0.988855977568179
0.994492247980734
0.991881871751459
1.00682812626861
1.0234390419449
1.02736731015542
1.03265792211809
1.04576184110629
1.06039539263893
1.07028038448095
1.08145976925032
1.09388478573073
1.10746393388762
1.12202101364718
1.13726333353808
1.15277403176069
1.16803547520595
1.18248176418805
1.19556959115182
1.20685093632562
1.21603050348313
1.22299580478446
1.22781638666249
1.23071699971762
1.23203419183312
1.23216604745839
1.23152232957442
1.23058883781019
1.22968455400629
1.22886321407501
1.2281816934425
1.22759685154254
1.22709471444494
1.22656790003157
1.22579344240269
1.22449844251827
1.22229012506917
1.21876102495583
1.21353941950952
1.20634202608547
1.19702177816937
1.18560107815592
1.17228084038179
1.15741969326121
1.14148546946127
1.12498960507247
1.10842056945231
1.09219273533226
1.07662221961174
1.06193312977342
1.04828920921871
1.03583908796233
1.01673426619768
1.00002156906636
0.996936205452741
1.00059355310102
0.995350074312015
1.0082964735369
1.0275997283593
1.03452154097127
1.04255102295546
1.05840231779894
1.07432511179727
1.08449920195718
1.09555678676637
1.10737889483187
1.11983402909184
1.13274796163922
1.14588125212672
1.1589233692654
1.1715075712709
1.18324476817182
1.19376912256899
1.20278487425389
1.2101037312174
1.21566515819334
1.21953681687942
1.22189730655277
1.22300650179567
1.22316960769654
1.22270020161663
1.2219724063749
1.22124408268802
1.22055809763257
1.21996131044884
1.21941336014335
1.21889907690883
1.2183190157971
1.21748629988308
1.21620937802075
1.21418650520012
1.21110392652137
1.20667311490459
1.20066868219211
1.19296170597858
1.18354227381952
1.17252560467307
1.16013888505883
1.1466905699903
1.13252881789505
1.11799904747847
1.10341101865712
1.0890231759864
1.07504706393221
1.06166942645802
1.04908658323773
1.02894965379637
1.00995499327529
1.00528928952619
1.00713805676691
0.998986328584316
1.00910583883986
1.03051715070482
1.04012844628055
1.05052093460103
1.06889807413851
1.08596925853709
1.09638458036755
1.10731847099777
1.11860530595206
1.13009462017928
1.14162749257189
1.15301773993976
1.1640446605741
1.17446029850892
1.18400973773868
1.19245951406646
1.19962727208839
1.20540578956866
1.20977631205326
1.21280907167082
1.21465184953408
1.215509559602
1.21561869702272
1.21522034218507
1.21460736540318
1.21398641567781
1.21338701698907
1.2128469491945
1.21232696866652
1.21181176940165
1.21121040286504
1.21036640676941
1.20914775436526
1.20732085158161
1.20464175275144
1.20088342438415
1.19586292773458
1.1894647961784
1.18165661413506
1.17249347630128
1.16210990354928
1.15070062841632
1.13849460926364
1.125728658817
1.11262741613598
1.09939483482866
1.08621934190847
1.07329048786638
1.06082307934168
1.0401459689748
1.01933348959681
1.01360738019841
1.0137034886571
1.00252354757323
1.00902506233466
1.03150316298344
1.0433495046504
1.05578879142978
1.07671266232655
1.09498913726507
1.1056997066174
1.1165995681144
1.12749324389204
1.13822757762835
1.14866814967804
1.15868016910847
1.16811869273839
1.17682955349934
1.18465992862405
1.1914751325011
1.19717696668426
1.20171897065275
1.2051150584974
1.20743985013002
1.20882090839946
1.2094245511314
1.20943766264046
1.20904806382419
1.2084909003589
1.20793125129777
1.20738497311476
1.20688190510519
1.20638277411012
1.20587246561458
1.20526763228998
1.20443580191326
1.20328718218742
1.20163780351645
1.19929461597363
1.19607553921885
1.19182908895995
1.18645095126432
1.17989490703013
1.17217613530345
1.16336625522058
1.15358129322724
1.14296560180043
1.1316760178759
1.11987076738186
1.10770664379181
1.09534595800904
1.08297287651259
1.07081170367689
1.05006274000405
1.02784403983022
1.02153790001252
1.01976989034289
1.00568214297669
1.00789980364661
1.0299561559271
1.04322568610745
1.05744887472724
1.08125569515779
1.10103997688604
1.11220208168526
1.12323620171421
1.13394039728486
1.1441735786515
1.1538320838037
1.16283016171789
1.17108717464636
1.17852344735185
1.18506399751238
1.19064765862069
1.19523820419876
1.19883408102587
1.20147411446599
1.20323775949289
1.20423976444537
1.20462016827249
1.20453118885724
1.20412280500658
1.20358996358067
1.20306540746224
1.20255280785703
1.202075336424
1.2015930950692
1.20109089018098
1.20049103895485
1.19967802020999
1.19859041895847
1.19707886821499
1.19498621821396
1.19216264331506
1.18848014615714
1.18384454994188
1.17820323588645
1.17154744344068
1.16390894471061
1.15535217254512
1.14596411368448
1.13584510310316
1.12510376566907
1.11385861099546
1.10224736626181
1.09044290097529
1.0786795350248
1.05825716818405
1.03512453707148
1.02864358209866
1.0246979549657
1.00819989762107
1.0056693120578
1.02560689527596
1.03866338057649
1.0545496640016
1.08209308752992
1.10390468849686
1.11571190720615
1.12709220311603
1.13784881617856
1.14786035105979
1.15705780923316
1.16540190510166
1.17286693367943
1.17943253418954
1.18508276754724
1.18981046003939
1.19362406351116
1.19655427550598
1.19865821858767
1.20001987130393
1.20074641576685
1.20096099715524
1.20079294701596
1.20036681140234
1.199849914187
1.1993514239868
1.19886577880458
1.19841081506918
1.19794598696931
1.19745527078135
1.1968640549896
1.19606619855468
1.19501709038465
1.19358952459351
1.19165008973472
1.18907120181071
1.18574237923847
1.18157926725057
1.17652915211842
1.1705722294988
1.1637187166497
1.1560028924895
1.14747608355794
1.13820122013313
1.12825163815394
1.11771617741722
1.10671132537545
1.09539967420555
1.08400539452152
1.06402851825988
1.04086794489985
1.03430020581098
1.02773909332063
1.00987671681203
1.00223808394894
1.01915979319843
1.02830640168222
1.0462203486472
1.07950273044147
1.10350039866657
1.11615590591726
1.12810448091123
1.13916125239986
1.14923153558038
1.15828311295825
1.16632012452523
1.17336346352799
1.17943930936642
1.18457524167439
1.18880201370554
1.19215841927982
1.19469668005164
1.19648626312454
1.19761480977319
1.19818570138868
1.19831253042255
1.19811127265637
1.197691273997
1.19720093492558
1.1967341433463
1.19628022879688
1.19585301826179
1.19541188572038
1.19493884518435
1.19435945034706
1.19356886729839
1.19252887235014
1.19112366346723
1.18923325189973
1.18674401556818
1.18355828977461
1.17960166886408
1.17482696715888
1.16921431982407
1.16276769411876
1.15550900295781
1.14747186158261
1.13869756958445
1.1292359284298
1.11915290097064
1.10854588676929
1.09756505862838
1.0864414574978
1.06661725731488
1.0445496878159
1.03685507336247
1.02849916464977
1.01051711242108
0.997872562690001
1.01042475207184
1.01691494517163
1.03661702118382
1.07360513852655
1.09998424316855
1.113625291375
1.12631710646236
1.13788672929214
1.14826712889537
1.15746173490751
1.16551342286779
1.17248105791468
1.17842528386625
1.18340295720493
1.18746813260501
1.19067681834187
1.19309272799414
1.19479176925352
1.19586381136138
1.19641114300522
1.19654379805132
1.19637248266814
1.19600018697403
1.19556224617514
1.19514514082698
1.19473813494902
1.19435230960333
1.19394813434876
1.19350423210502
1.1929434082502
1.19215355535265
1.1910925067218
1.18964595980337
1.18769800634293
1.18514165944892
1.18188813067424
1.17787347240969
1.17306150760049
1.1674425584923
1.16102835805612
1.15384454493636
1.14592308029682
1.13729752215373
1.12800411617134
1.11809094913123
1.10763581124665
1.09677109433135
1.08570497556656
1.06606981986733
1.04357706575904
1.03421279145929
1.02699724555001
1.00999422036917
0.992751543395561
1.00035527279128
1.0049453293932
1.02582840893943
1.06516115240155
1.09372547327612
1.10836354818303
1.12188005495809
1.13410404970363
1.14498949024021
1.15457014269202
1.16292068829107
1.17012812546144
1.17627482761165
1.18143229854528
1.18566296228028
1.18902656255785
1.19158780568701
1.19342253382132
1.19462069471805
1.19528541566841
1.19552838724783
1.19546240244812
1.19519229002806
1.19484432468005
1.19450510635429
1.19416957117016
1.1938472076252
1.19350138168399
1.19310567348803
1.19257749450175
1.19178835312466
1.19068088992185
1.18913248635115
1.18702216743806
1.18424254170704
1.18071011699217
1.17637232578674
1.17120991779745
1.16523407097465
1.15847864792683
1.15098931475889
1.14281244771147
1.13398753285857
1.12454681122739
1.11452503180145
1.10398030421817
1.09302421983511
1.08185998297234
1.06198913713601
1.03875130507478
1.02826874601453
1.0229419292882
1.00843874133533
0.987127572212994
0.989707741662786
0.992714545638324
1.01418183854529
1.05488350023758
1.08515485028847
1.10069245533539
1.1150132682408
1.12794436286747
1.13945545145037
1.1496047388203
1.1584908665512
1.16621799512874
1.17287610910712
1.17853511401469
1.18324913027661
1.1870664500184
1.19004075207524
1.19224008099092
1.19375142726058
1.19468013015935
1.19514447431803
1.19526662747623
1.19516150737288
1.19494944506359
1.19472442652369
1.19449328156801
1.19426490433168
1.19400799187444
1.19368927289703
1.19321863792273
1.19244154619176
1.19127233953865
1.18956965600673
1.18719779370585
1.18404159825505
1.1800192910054
1.17509104919295
1.16926144653002
1.16257469361786
1.15510303935473
1.14693048637827
1.13813569171519
1.12877904533272
1.11889901512913
1.10852168531572
1.09768497564477
1.08647558189133
1.07507138147509
1.0547318820496
1.03080564906674
1.01991363366677
1.01684358317527
1.00596042506837
0.981304377403024
0.97903245906542
0.980466350194417
1.00197988111273
1.04331707746701
1.07472991032216
1.09096275836061
1.10596816144104
1.11956623229214
1.13174147181874
1.14257371415201
1.15217894933293
1.16066727158715
1.16812066948915
1.17458880975098
1.18009796630723
1.18466692554245
1.18832386751639
1.19111952946845
1.19313388164896
1.19447550716547
1.19527442349672
1.19567003152958
1.19579634006601
1.19577094809348
1.19570232708826
1.19561568770611
1.19552012385105
1.19539272038859
1.19519144548318
1.19481728148626
1.19407940100812
1.19284803000333
1.19095139803145
1.1882282667653
1.18454746999842
1.17982496578296
1.17403542632218
1.16721554647701
1.15945721179767
1.15089061343601
1.14166003013218
1.13189758939506
1.12170200504877
1.11112941473609
1.10020175266294
1.08893465581187
1.0773819108949
1.06568752475675
1.04488225978204
1.02055287586936
1.00991308448915
1.00937304742136
1.00276383306229
0.975595432877627
0.968770483899696
0.968471971927537
0.989528646392426
1.03088398912461
1.06286033299708
1.07951543312475
1.09499849264114
1.10913478198283
1.12193052830131
1.13348989151934
1.14394287977441
1.15339526539834
1.16190428560978
1.16947791430435
1.17609128016762
1.18171174575499
1.18632426618598
1.18995054019274
1.19265836335042
1.19456049885811
1.19580450648182
1.19655606942584
1.19697873900382
1.19719173582275
1.19732505013074
1.19742877781375
1.19751274176956
1.19756603993599
1.19753590604736
1.19731393653736
1.196662188454
1.19538750631837
1.19327430978528
1.19012335890717
1.18577782558853
1.18014658666221
1.17322072327537
1.16507895423003
1.1558787018235
1.14583218286026
1.13517093648853
1.12410627826663
1.11279576891198
1.10132585310152
1.08971815301865
1.07796195544595
1.06606889878294
1.0541382985766
1.03306543137243
1.00877512012256
0.998995488770563
1.00122667841658
0.999121848893916
0.970302332095147
0.959319984744958
0.957058057214003
0.977160763029496
1.01794080057758
1.04989835867294
1.06665868827761
1.08234480542349
1.09681284979767
1.11010877595458
1.12237156804179
1.13374713283773
1.14432909601186
1.15413271624978
1.16309985677149
1.17112672364303
1.17810259674684
1.18394756259379
1.18864004605254
1.19222947902319
1.19483391592793
1.19662534432149
1.19780651298599
1.19858310095888
1.19908261948024
1.19946367293355
1.19980747344432
1.20012474526563
1.2004206666442
1.2006296914637
1.20063452056115
1.20013861429342
1.19886216163731
1.19653038107808
1.19289169413926
1.18775223573099
1.18100766764216
1.1726670958066
1.16286263507883
1.15183876935216
1.13991935101771
1.12745639873157
1.11477150600716
1.10210479623942
1.08958613670898
1.07723878124254
1.06501815733967
1.05287976881495
1.04086097504119
1.0198746055271
0.996201518440867
0.987874438032188
0.99308222351073
0.995344027781497
0.965701636857629
0.951061201650709
0.946592640743206
0.965233334219287
1.00481972947141
1.03616274441269
1.05267960802809
1.0682428285871
1.0827718705711
1.09637942478447
1.10925835678508
1.12157922578275
1.13341980039759
1.14473668784598
1.15537834921309
1.16512921042838
1.17376831958119
1.18112489887927
1.18711736199945
1.1917698004456
1.19520708274806
1.19763375197455
1.19930241815487
1.20047620553584
1.20130130502642
1.20197232957413
1.20260721346068
1.20321728365924
1.20382805815428
1.20435896726092
1.20468512928853
1.20443904715596
1.20322665336273
1.2006967994848
1.1965297612859
1.19048167883847
1.18242716252747
1.17239388766906
1.16057953846822
1.1473407877249
1.13314891507488
1.11851679240987
1.1039131810764
1.08968706364612
1.07602372174168
1.06294607491906
1.05036293989104
1.03815415934466
1.02627267224537
1.00585118899533
0.983502333811904
0.977242135770334
0.985581936716121
0.991744882800825
0.962033552487291
0.944353381804483
0.937452856909655
0.954110453249337
0.991855102055097
1.02197650939975
1.03787998305915
1.05295790121399
1.06722714211195
1.08089943488068
1.09424816690087
1.10748532290662
1.12067516559392
1.13370102780187
1.14628822896723
1.15807108504972
1.16868031788504
1.17782399633036
1.18534183883691
1.19122539603615
1.19560836327852
1.19873675063634
1.20092738863113
1.20251919177208
1.20369298978975
1.20468769665786
1.20566266340799
1.2066287587137
1.20763586528063
1.20858571233485
1.20934734388552
1.20946837018136
1.2084085073965
1.20572239271596
1.20100648165107
1.19395346479827
1.1844072903399
1.17241254868768
1.15824400855675
1.14239834967886
1.12553627218527
1.10837948667602
1.09158646233896
1.07564243551724
1.06079640604652
1.04706259856387
1.0342842226706
1.02224171259156
1.01077903288956
0.991487371899385
0.971279238563403
0.967748806159965
0.979315933761901
0.988614421594962
0.959488811041042
0.939519799295807
0.92999200923609
0.944142659477656
0.979402918012525
1.00770970295966
1.02262557863994
1.03683872404282
1.05049552962516
1.06394021588758
1.07755873943943
1.09162976288283
1.10621457504238
1.12111278628527
1.13589546054185
1.15000324798364
1.16287489794434
1.17406388485612
1.18331216267056
1.19057238861218
1.19598935390397
1.19985853072785
1.20257469132759
1.20457320207476
1.20609383803207
1.20743068171808
1.2087880427666
1.21017457491659
1.21166753791663
1.21314684773997
1.21447587760133
1.21510000331819
1.21429664603121
1.21151053408712
1.2062425007612
1.19811041675587
1.18691670458328
1.17271761102141
1.15587337785361
1.13704891209683
1.11714125200366
1.09713593393095
1.07792813750333
1.06016526397785
1.04416127301278
1.02990435200629
1.0171466352381
1.00554369929692
0.994807982650257
0.977241999743883
0.960055211105335
0.959983789500815
0.974801687399491
0.986190696675674
0.958192537373861
0.936833354277458
0.924517992357326
0.935653359426699
0.967862404034751
0.993822348915635
1.00739799770696
1.02037788769284
1.03306483406496
1.04596505018839
1.05961037846758
1.07437851453115
1.09034785874534
1.10723063310006
1.12441354109017
1.14109686435835
1.1564807336104
1.16993065091146
1.18107439614278
1.18982193498778
1.19633113890745
1.20095069090563
1.20416076753835
1.20651177001412
1.20833905802063
1.21001099738644
1.21178068775212
1.21365019312311
1.21572513048658
1.2178578874644
1.21990167060634
1.22117362801263
1.2207299232941
1.21789879389091
1.212084295587
1.20282421413104
1.18986855130341
1.17327507716458
1.15349148637129
1.13137534193249
1.10810803560075
1.08499775193377
1.06322452394175
1.04361849402716
1.02654953209411
1.01195242103525
0.999457307686526
0.988571451989645
0.978859721080639
0.963571988137911
0.950272178144196
0.954472097962872
0.972461814545258
0.984634088441685
0.958185266600331
0.936509247788059
0.921286584499769
0.928934268253792
0.957707618019211
0.980897892500815
0.992830788304608
1.00425604191767
1.01565052578622
1.02770078619942
1.04111138939994
1.05639276341775
1.07366812697855
1.0925673919111
1.11226846674445
1.13168766668916
1.14974380137156
1.16558744617181
1.17872293814564
1.18901836377033
1.19664595235341
1.20200339490596
1.20564834041103
1.20824871269327
1.21028173948679
1.2122326543426
1.21441723656033
1.2168276662328
1.21959405731053
1.22252686621993
1.2254472990671
1.22749889080315
1.22748547818977
1.22463605205466
1.21827547369354
1.20786578851331
1.19309526035132
1.17400805772386
1.15113199097176
1.125531845849
1.09871437357834
1.07236465034936
1.04798950680951
1.02661225809953
1.00863873694141
0.99391679749562
0.981924540207774
0.972000290982623
0.963560549205977
0.950980641988936
0.942314042704051
0.951714046531009
0.972590894101079
0.984005476380495
0.959706937945438
0.939321350841736
0.920516208522067
0.923573745890071
0.948411702381159
0.967971336372332
0.977702508203401
0.987025942582892
0.996622884876149
1.00738602781763
1.02023133795977
1.03585173156192
1.05445558969375
1.07559302715533
1.09818521599608
1.12078418648566
1.14195033824501
1.16057120945452
1.17601129968397
1.18809885396567
1.19702413710382
1.20322611248519
1.20731550847009
1.21004965183578
1.21209765335145
1.2141685578441
1.21674451731905
1.21985021731731
1.22362270723368
1.22773589172439
1.23187391540162
1.23490858477466
1.23537189836741
1.2324511535087
1.22542662554061
1.21368892522252
1.19684668796972
1.17490600793018
1.148466229819
1.11883016007855
1.08790813321124
1.05786474746335
1.03061503178657
1.00740166833703
0.988640372514857
0.974043198363701
0.96289168986259
0.954324029455727
0.947560928843725
0.938562386298017
0.935567284415303
0.952457431107593
0.976066266692123
0.984365506225147
0.965237674336758
0.951876403863909
0.929254224422395
0.923923236946202
0.941776296332971
0.954341115946178
0.959975358475238
0.965584223385527
0.972054638142972
0.980501593256521
0.992096614091788
1.00777989452294
1.02789377333813
1.05189013518161
1.07832464190861
1.10522018584385
1.1306257383597
1.15307364327254
1.17176193699955
1.18649218959522
1.19749282651645
1.20524087238468
1.21034304666787
1.21350946370032
1.21548182986813
1.21736343457353
1.22025802635049
1.22452411046324
1.23021138844485
1.23638704668981
1.24220715528886
1.24616285617414
1.2467017497481
1.24315406556411
1.23482432975394
1.22102346220638
1.20123050677677
1.17535689039205
1.14405463612268
1.10892977545244
1.07246124330401
1.03751082914531
1.0065800531613
0.981203399539511
0.961780493344546
0.947820562286234
0.938353955781307
0.932297208779395
0.92871306204643
0.925848673322455
0.935181329866136
0.969478142389695
0.988325103503058
0.986916001289488
0.974113419966814
0.976683686121082
0.966541111839352
0.955437090137667
0.954376554227826
0.956374146647552
0.957737066981706
0.960080387485239
0.964195646459852
0.971067327913672
0.981716502853587
0.996933074382118
1.01692919019388
1.04106266389544
1.06783796209338
1.09526459698992
1.12140285807688
1.14480788770022
1.16470462228231
1.180924384055
1.19372934236095
1.20363252444757
1.2112659039137
1.21730983263908
1.22198895818217
1.22605927052568
1.23034316901886
1.2349200976305
1.23982557815127
1.24433995144003
1.24791049205664
1.24934586472878
1.24757917647171
1.24198717185643
1.23185936111554
1.21647747139343
1.19529298602709
1.1681956672605
1.13582216309174
1.09976998696191
1.06252011685446
1.0269544169149
0.995620797504882
0.970130993959358
0.950990877476918
0.937837211403929
0.929838131227271
0.926045815327203
0.92564873131857
0.931418494139317
0.961652126907711
1.00391909551262
1.00484788681145
0.989947643487092
0.978325308434227
0.990882889377375
0.989387425025054
0.981275943786238
0.972995133921144
0.970591468769386
0.970865008429047
0.972831919644666
0.9770456684079
0.984095962057669
0.994499019386355
1.00853312524274
1.02606393162256
1.04644280856263
1.06856017413393
1.09106534779915
1.11266599522988
1.13237769859172
1.14964059176988
1.16430333228625
1.1765271984011
1.18666677633314
1.19516124736046
1.20244571883842
1.20824536577229
1.21294646389339
1.21699813996235
1.22035501836641
1.2231880755051
1.22523481640278
1.22620651336094
1.22518936478157
1.22153904469878
1.21474979487418
1.20428523166232
1.18965248815575
1.17053841946223
1.14698986353732
1.11959176460214
1.08956041848552
1.05865914198184
1.02890379728308
1.00214744361663
0.979723943063996
0.962296917056513
0.949929947797355
0.942284205866274
0.93883230306264
0.939016468323435
0.947201969301201
0.973232382031084
0.998532497966248
1.00569689047843
0.987276484115715
0.97194225059738
0.98531278027389
0.986927860339071
0.983782585584751
0.979760652166461
0.979510113194886
0.980952002610685
0.983931933022841
0.988709961022675
0.995469020907529
1.00427171896504
1.01501974790097
1.02743221239281
1.04105736552957
1.05532256411877
1.069613705712
1.08336403027188
1.09612835994721
1.10762465166414
1.11773710222211
1.12648731498983
1.13398656636072
1.14038209668314
1.14580681844371
1.14989779799074
1.15297547277608
1.15538421531559
1.15717701003857
1.15845598462
1.15903084136282
1.15865982422573
1.15669110837282
1.15286833999976
1.14691858117823
1.13859010478838
1.12770253430896
1.11421081475248
1.09827154326457
1.08029103931896
1.06093168794923
1.04106152544248
1.02165121925021
1.00364356127785
0.987831535829046
0.974776180733719
0.964778383633554
0.95789862749681
0.954004209016562
0.952820495687462
0.956220215652747
0.969353122109951
0.982213579361439
0.986728943137191
0.974280326632045
0.988408250729411
1.0014176987851
0.992051996794167
0.972651734384648
0.955299145306896
0.952778471880998
0.956267616953418
0.964076090368725
0.976712661035119
0.994468234506357
1.01726039614888
1.04449728623081
1.07506638697274
1.1073907816496
1.13956429817151
1.16972995125603
1.19639211628406
1.21860687831407
1.23606437874799
1.24899523117823
1.25797162429072
1.26370874644511
1.26691921979661
1.2682280404132
1.26816883526053
1.26743090227096
1.26623048005937
1.26476174017545
1.26294974304613
1.26070318048712
1.25769230141379
1.2534524296184
1.24790253280268
1.24046027229286
1.23042456822962
1.21707735673336
1.19983499005663
1.17843960575853
1.15314147626162
1.12477978540155
1.0947071014419
1.06461317320061
1.03622590609798
1.01096631877431
0.989832340857527
0.973339376175171
0.961525588638025
0.954081254892929
0.950496153266328
0.951745072843502
0.965730127309229
0.982232856593437
0.991948798791362
0.983417315410556
1.00604922503228
1.02642019760029
1.00838682825917
0.966926987273627
0.929855942964599
0.920127704485285
0.92082739742582
0.927007640579594
0.939997927215294
0.961438413610215
0.993011055372044
1.03564740329322
1.08818879248997
1.14672923439864
1.20556949350658
1.25880705312833
1.30239304032688
1.33506872591909
1.35765474925362
1.37195185234229
1.37997409191337
1.38354238319535
1.38410987781912
1.38272045869809
1.38034978513931
1.3777399517518
1.37496171398697
1.3720703883038
1.36889158689044
1.36571042745877
1.36243854696208
1.35875871845136
1.35428258068263
1.34780850476231
1.33776320736176
1.32228613056289
1.29941931466793
1.26750485330249
1.22589947351451
1.17594013149033
1.12146458023042
1.06785547997355
1.02021048216977
0.981934025006225
0.953883503734614
0.935031952467633
0.923727184807452
0.918398562580661
0.917778773844426
0.925753378150686
0.954213352525179
0.987290340444127
1.00623545847119
0.996578476220265
1.0119622273836
1.03362216453111
1.01732701028221
0.944524587577359
0.904490149460278
0.893011588307757
0.891596473497875
0.89479147338222
0.904297423393039
0.922595595588375
0.953167134295765
1.00046250105374
1.06782787215868
1.15098629780371
1.2352751560241
1.30667685565629
1.35982350403147
1.39559326176892
1.41720282516788
1.42824408460312
1.43190233169308
1.43070966790589
1.42653856429415
1.42067553697016
1.41456373272852
1.40866683524224
1.40283316774374
1.39816900994369
1.39513069622597
1.3935045283887
1.3929390742058
1.39317788245811
1.39312402683538
1.39112257800591
1.38507137002695
1.37235412713601
1.34985781188311
1.31423351915646
1.26268646806
1.19490373569897
1.11662348606749
1.04117625848719
0.981478818340103
0.940486300648673
0.914524739311544
0.899347283444477
0.891782178055291
0.889605466512274
0.89128437969533
0.901272478953735
0.934915049948032
0.980005067561074
1.00591101725588
0.998798480481688
1.01135523269085
1.02579750540585
1.00078003615497
0.935004384796408
0.906013660225407
0.898718221699508
0.898502065536408
0.902217250423348
0.911627549908955
0.929280874300092
0.958760979142693
1.00469507615503
1.0706839656335
1.15273773466735
1.23632809059546
1.30717131509267
1.35950714368205
1.3940060303026
1.41381594396594
1.42249009199989
1.42315725154523
1.41826250617674
1.40957012662135
1.39829816013451
1.38673518842179
1.37608578053516
1.36730266014536
1.3628268351299
1.3630706532307
1.36645397372315
1.37159020146709
1.37752656298049
1.38233479052339
1.38445601088583
1.38191389411339
1.37218563797122
1.35220328559315
1.31861284134299
1.26858325456479
1.20179847568923
1.1240971924192
1.04895430683849
0.989389390996447
0.948415954891911
0.922308932499654
0.90671164195831
0.898365316523563
0.894994031377508
0.895042166089345
0.900991962066988
0.927466755691475
0.968202641423107
0.996302270226578
0.995747442133099
1.00950951372864
1.01711302548818
0.992918338816389
0.955126207318458
0.933190657242292
0.931074600094194
0.934072529772007
0.941178308944892
0.953945936908534
0.974432431641652
1.00500507069743
1.04760740572698
1.1021022184419
1.16449250584906
1.22734518812592
1.2829747815612
1.3266481657824
1.35720205454367
1.37581479615618
1.38465319569339
1.38603475248222
1.3820497619001
1.37448164640974
1.36491973696209
1.35595732247012
1.34886621271637
1.3437263053305
1.34070551927648
1.33970830130535
1.34100053671058
1.34449739930869
1.34936245996291
1.3535496841584
1.35529693213558
1.35268646213414
1.3435596947437
1.32559764878103
1.29667730474101
1.25565686522079
1.20362864111582
1.14501286330085
1.08690957992904
1.03611394961452
0.996221591234678
0.967288252768823
0.947494643502419
0.934670167929029
0.926953316179408
0.922952991782045
0.922599396398917
0.937778625262317
0.965206937807341
0.98912791619954
0.992864934672008
1.00911775749002
1.01459811860391
0.994483133894251
0.968870367045328
0.955018371210056
0.956586705234154
0.961714008609933
0.970893589036242
0.985390046375785
1.00671131989458
1.03626748352836
1.07467416428866
1.12083957195479
1.17156571445308
1.22217276442272
1.26778158376411
1.30481810025052
1.33180215088767
1.34904958785622
1.35791452495483
1.36014496239793
1.35751295090905
1.35167914406944
1.34420650885569
1.33733593902164
1.33198980832828
1.32807448615375
1.32569738329585
1.32475412695261
1.32539617095349
1.32767366709341
1.33108529788658
1.33397619377054
1.33471952047384
1.33157415591823
1.32270370945073
1.30631464026256
1.28100462392366
1.24636318537483
1.20367213353929
1.15617183477469
1.10833165157943
1.06447420192566
1.02758178131015
0.998694392586141
0.97727193425458
0.962044440577927
0.95165731140566
0.944978361055062
0.93995026936111
0.947449144307751
0.966779458686102
0.987120611405238
0.992127353550695
1.0094754531112
1.01461636381729
0.998813303806396
0.981562475757209
0.974755947870565
0.979823002440249
0.986655270712912
0.997254044752633
1.01258527452865
1.03366560550167
1.06123711683945
1.09528535308628
1.13460381219199
1.17673682552568
1.21840091729153
1.25621965441491
1.28755787507968
1.31106929052202
1.32669118762438
1.33526178715642
1.33808506945899
1.33662105526366
1.3323260189688
1.32659213148018
1.32126464035153
1.31708307144798
1.31397222680497
1.31204013051942
1.31119477991333
1.31151255299626
1.31300503142412
1.3152844081393
1.31705254742889
1.31691509236101
1.31337126591894
1.3048997383102
1.2901220895918
1.26809831102865
1.23873735836672
1.2031602819237
1.16371591016171
1.12348600334255
1.08551761186317
1.05212961933859
1.02449944223494
1.00270047205028
0.986102448720585
0.973819187683548
0.965009334211329
0.955916110627959
0.95688884641203
0.970055077718196
0.987189123407973
0.992365432602807
1.01053045358764
1.01661915463112
1.00522706907442
0.994882530820084
0.994505973321587
1.00293357284724
1.01122586017783
1.02282080448033
1.03839193252354
1.05855155107371
1.08360260360293
1.11324965056714
1.1464018929445
1.18120141085799
1.21530386406077
1.24633704329024
1.27239733207114
1.29239749602431
1.3061333306467
1.3141082742411
1.31726740976694
1.31676513127201
1.31380994317643
1.30956953764976
1.30552590144874
1.30230234729557
1.29986333661538
1.29829826002674
1.29752620275968
1.29759636555874
1.29847931102893
1.29983507436138
1.30065701746916
1.29980396152075
1.29604409146585
1.28816480105487
1.27513157017962
1.25631469741514
1.23174782078453
1.20230519722503
1.16965581449853
1.13595261885044
1.10337319314704
1.07368345473189
1.04796019101861
1.0265505863871
1.009248504799
0.995562664571491
0.984948959247978
0.972104419248103
0.967117625965173
0.975008660607143
0.989025016323787
0.993515818370683
1.01222786038037
1.02032963220579
1.01323548559396
1.00860610222058
1.01373433079829
1.02508052894635
1.03450308454925
1.04667945519996
1.06202656860932
1.08086297325634
1.10323736579313
1.12876133564781
1.15652005146529
1.18512003268429
1.21288184528007
1.23813195934085
1.25950971675625
1.27618976998057
1.28795140624281
1.29510144924092
1.29831824679047
1.29848879435009
1.29657709688421
1.29352653469649
1.29050772088679
1.28804882966473
1.28614495229971
1.2848747075379
1.28416906723041
1.28405439423106
1.28447396822184
1.28512471884804
1.28523508806842
1.28389574947918
1.28012893968092
1.2729932057077
1.26171835551124
1.24586888988878
1.2255025574995
1.20125763591188
1.17430375641571
1.14614543298986
1.11833825603749
1.09221036049611
1.06867146193956
1.04815768660561
1.03070873939591
1.01612265908531
1.00411658920791
0.988080919113521
0.977987854736081
0.98149900691199
0.992585486645126
0.995592925758854
1.01440779116565
1.0253202223604
1.02232832691006
1.02243232437023
1.03209239024478
1.04578352872522
1.05599269271535
1.06839448719616
1.08319982257593
1.1005277874334
1.1202917527597
1.14210128106427
1.16522196707188
1.18862140408455
1.21110119419971
1.23148515759657
1.24881319162665
1.26248502129698
1.27231623143113
1.27850528747948
1.28154218371963
1.28209800424199
1.2809224730053
1.27875886300293
1.27651965466396
1.27464781934433
1.27315806991834
1.27211854884539
1.27146999536222
1.2712243511875
1.27130824688968
1.27145490140811
1.27108237059699
1.26947886559876
1.26588411215035
1.25957735038024
1.24998271941602
1.23678331084682
1.2200191969248
1.20013234715819
1.17792763563286
1.15444791509856
1.13079590108769
1.10795502007223
1.08665902906701
1.06734196566869
1.05017138104896
1.03513926236412
1.02216953601812
1.00361979552626
0.989362569634558
0.989332168190247
0.997709244194876
0.99852271725127
1.01682457332966
1.03104643473157
1.03192974942193
1.03597251761115
1.04929392265948
1.06476755541008
1.0754604308929
1.08781504342972
1.1018871215994
1.11766700491244
1.13500435745664
1.15354840297717
1.17272928476434
1.19179472565322
1.20989913700029
1.22622551404539
1.24010919109633
1.25113123611335
1.25915979610569
1.26433644774742
1.26702176175553
1.26772132802181
1.26700993089691
1.26546339935204
1.26378734595935
1.26234725270092
1.26116575768191
1.26030095884529
1.25970092605569
1.25936832682193
1.25922275198037
1.25903425184741
1.25837126483899
1.25668320732623
1.25338546076864
1.24792853032658
1.23987644001395
1.22898524328702
1.21526495292263
1.1990042002746
1.18074256322958
1.16119113976231
1.14112016386807
1.1212438671769
1.10213316489993
1.08417702043264
1.06759736572965
1.05250539681466
1.03897464767372
1.01859852635387
1.00107567690396
0.998252303475698
1.00413311949554
1.00215019361533
1.01917229701704
1.03686341167498
1.04136617277321
1.04872179937407
1.06502569397578
1.08182478973282
1.0927736205085
1.10490239415714
1.11815614935363
1.13244718385064
1.14760392578511
1.1633319401432
1.17920347040729
1.19468307764172
1.20918621634821
1.22215767200608
1.2331507317858
1.2418878209338
1.24828954395231
1.25246924195087
1.25469972831767
1.25536379891114
1.25489967700929
1.25374902890841
1.25245697518272
1.25131956206182
1.25035807764025
1.24962069412407
1.2490603347491
1.24867432515598
1.24838195420193
1.24798918276012
1.24718108253611
1.24553445759073
1.24260146317258
1.23796187337878
1.23127984557544
1.22235776758868
1.21117633849581
1.19790918612442
1.18290444971472
1.16663456877527
1.14962553112478
1.13238361188965
1.11533851610831
1.09881679819999
1.08305024968699
1.06821364319664
1.05447729904695
1.03291139287267
1.012904267801
1.00793519406984
1.01150064846336
1.00625025106714
1.02111589054844
1.04203898614798
1.04984668729815
1.06003327245546
1.0788839048613
1.0967157287879
1.10778926522493
1.11961407961184
1.13206026434975
1.14499739094179
1.15825756224891
1.17160707346696
1.18473760985014
1.1972815148025
1.20884854933576
1.21907547098724
1.22767633146869
1.23448159068734
1.23945783653051
1.24270566262199
1.2444387856976
1.24495080695097
1.24457656385153
1.243653633483
1.24260630780651
1.24167005243564
1.24085843009295
1.24021010089848
1.23968069703536
1.23926478287327
1.23888543376443
1.23838164515679
1.23752682245124
1.23599581577628
1.2334446537948
1.22954914996605
1.22404543462958
1.21676694895385
1.2076709653096
1.19684792291551
1.18450972548592
1.17095830546943
1.15654148187276
1.14160719007552
1.1264679859559
1.11138497471675
1.09657483402858
1.08223722846424
1.06859481108364
1.04640132084415
1.02454953807714
1.01798578642787
1.01936287812157
1.01054153074191
1.02232779792324
1.0457781161642
1.05645039319373
1.06909859870736
1.09034000186378
1.10911939239884
1.12029886339741
1.13184855052178
1.14359000857673
1.15537428085551
1.16705208905635
1.17844964576495
1.18935818515793
1.19954032019401
1.20875129584282
1.21676929012554
1.22342688297929
1.22863603311755
1.23240114954436
1.23481824708906
1.23606151223135
1.23636084222922
1.23597466858015
1.23516194203502
1.23425842932337
1.23344835622263
1.23273406746336
1.23214544520623
1.23163915485841
1.23120850724891
1.23078211370106
1.23022746034315
1.22938316849045
1.22799770493422
1.22580441449536
1.22254973370817
1.21802200633796
1.21207703623811
1.2046559570604
1.19579152306352
1.18560089353362
1.17426612654532
1.16200699348181
1.14905318508237
1.13562357466621
1.1219186116745
1.10812842267963
1.09445468399791
1.08114128789597
1.05880472097269
1.03562318346866
1.02793321971876
1.02717091957717
1.01470479614582
1.02252840544287
1.04728323425795
1.06012408095722
1.07494782792586
1.09875294107622
1.1186426096963
1.13003259592207
1.1414443925111
1.15267081322028
1.16356264202055
1.17399947046543
1.18386525478678
1.19303473006063
1.20137255140725
1.20874366880747
1.2150308496114
1.22015396751738
1.2240858486626
1.22686088039967
1.22857470112368
1.22937540755768
1.22944825987768
1.22899657526669
1.22822147607945
1.22739540896798
1.22666079278674
1.22600777118123
1.22545846053414
1.22496942409864
1.22453333831848
1.22408427381339
1.22351237913206
1.22270286865425
1.22145789170099
1.21956708637848
1.21682826420763
1.21306802616215
1.20815959549352
1.20203502015537
1.19468946287677
1.18617669110532
1.17659689830675
1.16608010208537
1.15476989568578
1.14281271215125
1.13035673664759
1.11756233543865
1.10462261132303
1.09178886555306
1.06970327197926
1.0456365919031
1.03720830498023
1.03426405928415
1.01840841855459
1.02152211573253
1.04589452113013
1.05971730510193
1.07651211457902
1.10346964879087
1.12489827035459
1.13671642739074
1.14821958722456
1.15919139074777
1.16949853939045
1.17905731960239
1.18780734104535
1.19569445486222
1.20266425484425
1.20866500342788
1.21365692126217
1.21762387001689
1.22058358432238
1.22259356274821
1.22375114042488
1.22418771058283
1.22405818646929
1.223527419417
1.22275543497393
1.22197027510134
1.22128178593791
1.22066900062319
1.22014746558075
1.21967307939225
1.21923779243582
1.21877973931185
1.21820492719164
1.21743004319929
1.21629465843108
1.21462802298805
1.21226460230752
1.20905917680632
1.20489954148875
1.19971490687909
1.1934786441427
1.18620507217666
1.17794139293539
1.1687573044145
1.1587358333613
1.14796915801024
1.1365624345675
1.12464695726259
1.11240198666978
1.10008243898853
1.07848422143492
1.05399566940918
1.04507524132603
1.03987490830504
1.02134251720126
1.01920134764849
1.04137135664719
1.05415923657936
1.0728577568788
1.10408639634606
1.12762161609377
1.14015045182524
1.15202595579927
1.16304515685
1.17310223330048
1.18215563608068
1.19019859990852
1.19723836360461
1.20328529409249
1.20835092271367
1.21245229581063
1.21561934188493
1.21790207223861
1.2193751612956
1.22013851473571
1.22031353208921
1.22003566556028
1.21944443594379
1.21867228440159
1.21791652815033
1.21726332173336
1.21668334222843
1.21618685302123
1.21572911993701
1.21530071092376
1.21484157582983
1.21426599291755
1.21350936775478
1.21243514868952
1.21089863928962
1.20875935955093
1.20589270836689
1.20219938903241
1.19761122048215
1.19209248352153
1.18563684186724
1.1782609959172
1.1699973217724
1.16088851124677
1.15098737629374
1.14036433641312
1.12912361892621
1.1174270847066
1.10552323856927
1.08438031853677
1.0599114106379
1.05040884096853
1.04325061627397
1.02324308569123
1.01558712604243
1.03388255037063
1.04388046588884
1.06442000719611
1.10062525446489
1.12676619792906
1.14026861144262
1.15279869243529
1.16416963556298
1.17430959635912
1.18322185963635
1.19095050059929
1.19755556973798
1.20309876251289
1.20763849817715
1.21123182706655
1.21393999120086
1.21583460738814
1.21700211172496
1.21754504632148
1.21757973972023
1.21723074067649
1.2166229019795
1.21587226526141
1.21515498146415
1.21454199227778
1.21399968840195
1.2135343483365
1.21310125324804
1.21268848843989
1.21223512545807
1.21165543974119
1.21089199993282
1.20982034759648
1.20831028916865
1.20623677780045
1.20348983851295
1.1999821502156
1.19565311026194
1.19046875382642
1.18441776653589
1.17750488290535
1.16974397916623
1.1611538736516
1.15175998126689
1.14160434917986
1.13076502416504
1.11938385156514
1.10769342209034
1.0867188887464
1.06217702355575
1.05174736177303
1.04384339397314
1.02391993589514
1.01082152121979
1.02398510493352
1.03077775825842
1.05290076201194
1.0935853405083
1.12251517241781
1.13717737957553
1.1505871447846
1.16257162059749
1.17309301865305
1.18219807537404
1.18997688954912
1.19653325970567
1.20196739463628
1.20636949921945
1.2098212535888
1.21240164747751
1.21419385645941
1.21529059486956
1.2157963842321
1.21582619123928
1.21550073016472
1.21493928931304
1.21425122256048
1.21359803569728
1.21304355128112
1.21255496898428
1.21213582605822
1.21174270946659
1.21135977848778
1.21092244897222
1.21033606983338
1.20953887942754
1.20840758714034
1.20681596771302
1.20464582577527
1.20179670834864
1.19819288059271
1.193786316932
1.188555069364
1.18249734440452
1.17562280456306
1.16794375684659
1.15946969493665
1.15020883575408
1.14017959707387
1.12943332293598
1.1180865398684
1.10636186986895
1.08513177018593
1.05984183835578
1.04833068194574
1.0414340425573
1.02329029214341
1.00514972481292
1.01244157839096
1.0166483995839
1.03989983268098
1.08369740486919
1.11525843271628
1.13113870043779
1.14555003119684
1.15832910605256
1.16946647720216
1.17904705941957
1.18719961428691
1.19406103557383
1.19975620870295
1.20439130833622
1.20805668236897
1.21083492073281
1.2128100692175
1.21407491425497
1.21473451083535
1.21490535507274
1.21471059389268
1.2142723071872
1.21370220207825
1.21315165384748
1.21268512748045
1.21227650588371
1.21192771833075
1.21159861937985
1.2112677430164
1.21086431489938
1.21027519212262
1.2094217714883
1.20817102590305
1.20639028470038
1.20395984866053
1.20078402652851
1.19679875401194
1.19197418202417
1.18631133414563
1.17983314379386
1.17257170899284
1.1645551063653
1.15579817712136
1.14630196494522
1.13606568410811
1.12511306017715
1.11353200543623
1.1015225946385
1.07961594030594
1.05311026236877
1.04080499074202
1.03614911753686
1.02140257798013
0.99887487867239
1.00009918051881
1.00206567641372
1.02592055394771
1.07175646749683
1.1054957282059
1.12250562804524
1.1379196831557
1.15157211830602
1.16347589138967
1.17374781733382
1.18254663087807
1.19003000607629
1.19633168516925
1.20155576915304
1.20578301276653
1.20908330654651
1.21152906485181
1.21320557775157
1.21421609146782
1.21468103160518
1.21473205791273
1.21450240442034
1.2141152666958
1.21371538872941
1.21337537374865
1.21308221479306
1.21283720368041
1.21260612045677
1.21235999736628
1.21201988075076
1.21144393634485
1.21052218610193
1.20910021178406
1.20702777533601
1.20417478028539
1.20044535619099
1.19578758699951
1.19019653886321
1.18370908103323
1.17639061297095
1.16831596862996
1.15954893769779
1.1501263929328
1.14005341850598
1.1293147775705
1.1179054037528
1.10587823724397
1.09340162390453
1.07054892326781
1.04282790086926
1.03028352641117
1.02848017895373
1.01842047642469
0.992348714040703
0.987642885471159
0.987427105277319
1.01136205494854
1.05840200791652
1.09373352952446
1.1116619843056
1.12795957647575
1.14245502939391
1.15518178550619
1.16628499565537
1.1759455245545
1.18432867012048
1.19155893894497
1.19771702577363
1.20285209578988
1.20700147537093
1.21021055625997
1.21254762549462
1.21411081467094
1.21502672865772
1.215442040197
1.21551024246647
1.21537599727976
1.21518088122415
1.21501293021968
1.21487899531778
1.21478048172099
1.21469245549227
1.21457646291537
1.21434420487758
1.2138143496623
1.21282809566867
1.21119654581335
1.20873929957288
1.20530566854507
1.20079387950483
1.19516482168084
1.18844675309433
1.18072830461154
1.17213936864646
1.16282269360994
1.15290232622141
1.14245737641501
1.13151012063475
1.12003586359776
1.10799821128541
1.09540751677496
1.08239259884587
1.05857389324241
1.02990287931985
1.01772138600463
1.01917650326554
1.01459365892318
0.985937562117327
0.975651358051662
0.973142295933836
0.996631526759387
1.04414509355305
1.08042741407216
1.0989744214675
1.11593018102563
1.13113246002002
1.14464327422868
1.15663869299413
1.16731719170736
1.1768390626049
1.1852994289291
1.19273022094939
1.19912199940412
1.2044547527113
1.20872756308642
1.21197979584435
1.21430023941793
1.21582419134966
1.21672088786653
1.21717465906889
1.21736319461492
1.21742933447284
1.217483690372
1.21755977825218
1.2176595708119
1.21777144791528
1.21784543004899
1.21778375765566
1.2173542463119
1.21632819388011
1.21446718374427
1.21154595020401
1.20738096687587
1.20185730268831
1.19494900998103
1.18672748022889
1.17735301152479
1.16704799265167
1.15605516695802
1.14458976188331
1.13279788098573
1.12073414005522
1.10836881901229
1.09562923738614
1.08247216842376
1.06897413853019
1.04439993554015
1.0152416494234
1.0040285984731
1.00905687354635
1.01024833914403
0.979995727873929
0.964655150087471
0.959684808234686
0.982181299008574
1.02942743959393
1.06597296758742
1.08477212531664
1.10207203868844
1.11774837207764
1.13191213995047
1.14478204157381
1.15657558434047
1.16743776486386
1.17741273992332
1.18645373228972
1.19445936428807
1.20132120404504
1.20696788011947
1.21139519455817
1.21467766942437
1.21696258879343
1.21845097501689
1.21937072056585
1.21994640512141
1.22032859308146
1.22065750456752
1.22099985398696
1.22135823410193
1.22173891677485
1.22207829554238
1.2222702172411
1.22201979749218
1.22100331010122
1.21891562694111
1.21546949218606
1.21043363104575
1.20367025557281
1.19516574417289
1.18504588920093
1.17356720778516
1.16108020365211
1.14796865049404
1.13457786513349
1.12115071141534
1.10779042149765
1.09446429421698
1.0810535382118
1.06744367606564
1.05363761939232
1.02872028016881
0.999726774883667
0.990109603431733
0.998943901716881
1.00575327278748
0.974847322434187
0.955154143947725
0.947568450156226
0.968495511203866
1.01466374503746
1.05072977069916
1.06935965133556
1.08661536484965
1.10244695326773
1.11704539737148
1.13069431871051
1.14364028085641
1.15600742133404
1.1677670009472
1.178758527653
1.18874752351187
1.19749816330123
1.20483873918948
1.21070413153095
1.21514952261962
1.21833886216854
1.22051630676416
1.22196861976251
1.22298405940851
1.22373061751139
1.22438510247626
1.22505331284886
1.22573787215965
1.2264678221624
1.22716370523694
1.22771308890078
1.22774601706016
1.22681458103802
1.2245280066918
1.22051790141429
1.21448750933536
1.20626305169084
1.19583970958033
1.18340914774374
1.16935342520138
1.15419595557346
1.13851373690142
1.12283056340699
1.1075205720366
1.09275091448141
1.07848250666039
1.0645330075419
1.05069107964478
1.03685746793224
1.01218270152969
0.984192945174401
0.976847257396335
0.98962900128716
1.00148353845354
0.970770459766194
0.947601932938719
0.937293248786805
0.956052270927342
1.00026316987371
1.03505893439
1.05305473187323
1.0698177153984
1.08541100153818
1.10014372481233
1.11439755082299
1.12846960552755
1.14246572088139
1.1562638789082
1.16954942261109
1.1819039057126
1.19291544250211
1.20227580021389
1.20983955237869
1.21563840957375
1.21985965145072
1.22280391645059
1.22483444928927
1.22632324815548
1.227470278272
1.22849618909767
1.22955041400542
1.23063427532945
1.23180424929936
1.23296217584493
1.2339921282274
1.23443571451171
1.23368819825976
1.23125398563894
1.22666419714537
1.21953693656576
1.20964506279389
1.19698411223364
1.18182091733339
1.16469626875989
1.14636173176418
1.12765329182468
1.1093324717059
1.09194265113261
1.07572544089127
1.06062216047337
1.04635931005498
1.03259573453739
1.01909740592281
0.995379413513248
0.969389462248209
0.965057817693401
0.981836956578332
0.997785809082719
0.967980312447076
0.942378153209088
0.929290711768442
0.945283151727676
0.986642394248712
1.01936648522852
1.03624187810449
1.05202510186213
1.06692858524149
1.08142073784493
1.09602437933893
1.11112338843431
1.12682095309828
1.1428863247387
1.1588048031611
1.17391122050661
1.18755758854833
1.19925711381106
1.20876472274551
1.21608741433756
1.22144483903917
1.22520798891825
1.22783435942219
1.22980253683948
1.2313664529628
1.23279925581746
1.23429733224422
1.2358567493669
1.23756518567575
1.23930265486709
1.24095122167056
1.2419482290379
1.24149710715561
1.23898150866711
1.23381686130614
1.22551727666456
1.21378052986851
1.19858627807415
1.18027952412385
1.15959401991603
1.13757540555482
1.11540025156755
1.09413885222094
1.07454230671473
1.05692646618816
1.04118441250762
1.02691160576172
1.0135989124041
1.00084517654591
0.978851569779406
0.955941136856521
0.955444381717183
0.976188897095461
0.994945564877009
0.966610178712349
0.939766496816212
0.923894138213304
0.936553241986868
0.974244522536369
1.00414864042364
1.01943170216442
1.0337457974332
1.04748096665798
1.06130218997756
1.07592261607531
1.0918654888726
1.10926622318685
1.12778036778848
1.14664326968785
1.16486710194438
1.18149640026114
1.19582097439364
1.20748107930557
1.21646350666956
1.22303157476237
1.22763746735656
1.2308446847947
1.23325995167652
1.23522632581346
1.237083857109
1.2390744083952
1.24118647081973
1.24353953183121
1.24598274230189
1.24839626018195
1.25009034783182
1.25004070043061
1.24750556257226
1.24178156503564
1.23226551649967
1.21855526648041
1.20058808014013
1.17877826066693
1.15408191847208
1.12791261495912
1.10188521041355
1.0774605380376
1.05563074089479
1.0367671525443
1.02066591029096
1.00673990038583
0.994273017125476
0.982670696773162
0.963115460459584
0.944331757914567
0.948581430175404
0.97316906657707
0.993156740123623
0.966691044272048
0.939946984519853
0.921345341998137
0.930174956232064
0.963573109807823
0.990026292181078
1.003305720854
1.01571261969933
1.02782854511248
1.04053814951872
1.05478965157056
1.07130946821019
1.09032183923355
1.11138058283376
1.13342239099395
1.15505187900422
1.17492965216763
1.19208237622153
1.2060311675705
1.21675545317637
1.22457480729594
1.23002561872317
1.23377226920631
1.2365530819196
1.23885127237045
1.24112121781678
1.24365271382539
1.24639179318745
1.24948943735265
1.25277290091716
1.25610260084692
1.25861187594939
1.25902285549896
1.25649291811754
1.25021810711253
1.23947486047563
1.2237362654554
1.20286091894799
1.17730722034552
1.14826915333104
1.1176004028751
1.08746055753546
1.05978601783634
1.03582921046808
1.01597410466411
0.999853991170911
0.986645320155431
0.975393988976388
0.965293865208774
0.948729085573911
0.934889450268841
0.944919114011244
0.973102842752936
0.992494136978858
0.9684924272649
0.943741536226156
0.922283021472564
0.926191033705816
0.954076480836053
0.975922742505371
0.986491359350131
0.996281457847814
1.00608899376405
1.01704997854006
1.03041269986726
1.04720857311766
1.06784800049452
1.09180440735652
1.11762418898348
1.14334542193843
1.16710574431336
1.18760056464025
1.2042273100997
1.21698289604974
1.2262670920062
1.23270537972161
1.23704118121916
1.24010667764493
1.24256036207439
1.24513057069321
1.24827243854214
1.25184541832743
1.25601205637681
1.2605327828248
1.26511993543129
1.26860923064026
1.26948917795969
1.26689281058155
1.25994978480579
1.24780627165518
1.22976593589533
1.20554723500507
1.17561011051874
1.1414147722319
1.10538820771243
1.07043521223901
1.03912835917083
1.01301652955703
0.99242260080779
0.97671038649923
0.964739305336856
0.955271654329642
0.947268418828251
0.934531569184636
0.927132764547516
0.945508574384512
0.976842348379209
0.993067302514637
0.974760698670131
0.958354087819817
0.935278159978395
0.93080843024587
0.947830614982348
0.961035215757705
0.966708706030816
0.971924920498301
0.977730403918191
0.985536909917998
0.996978386059779
1.0135493144818
1.03600449078816
1.06375716847288
1.09476792983114
1.12618537409277
1.15534947169688
1.18049810055789
1.20090789285087
1.21665613323625
1.2282878194288
1.23654677824523
1.24221139032097
1.2460311334559
1.24854120077183
1.25062048207045
1.25372936375011
1.25894739159129
1.26602865737492
1.27313443592958
1.27937641701087
1.28355616678575
1.28432002299106
1.28099800103204
1.27270489313522
1.25840966704875
1.23713795203466
1.20833340431626
1.17236440175259
1.13101153315664
1.08755084099504
1.04605293397349
1.0100663313766
0.981524968387164
0.960568970397848
0.946119343447646
0.936602161547196
0.930456211748627
0.926361383933616
0.921903309329665
0.920950759168119
0.958095415644417
0.992014012975957
0.996291285276324
0.984531003662144
0.985782265387165
0.973499976168597
0.963085541038215
0.961837493515839
0.963570417260569
0.964476250615433
0.96606513349662
0.96929632609977
0.975432223424971
0.985920347895166
1.00205909802536
1.02442912620466
1.05232161402372
1.08364259957657
1.11554479777814
1.14540419213667
1.17150113800147
1.19315095066145
1.21046929449145
1.22404771460565
1.23469120722724
1.24325154551729
1.25053223248522
1.25655927263154
1.26178341301878
1.26707479512303
1.27268697085643
1.27831257407443
1.28285035731971
1.28605695745759
1.28714562977073
1.28524508794653
1.27964960313228
1.26941012246029
1.25343985359801
1.23072293082925
1.20067313425442
1.16363504775423
1.12136800425684
1.07713472838863
1.03501691429255
0.998616902451383
0.969973040651734
0.949374100075642
0.935918395422889
0.928220327736552
0.924902678190455
0.924808151542348
0.931175545115129
0.956246677439781
1.00229511167674
1.01357974205115
1.00042248915306
0.98884204765823
1.0018341582575
0.999167294279802
0.990702469564195
0.982432859782279
0.979688208596951
0.979646159903456
0.981282762372412
0.985267496807597
0.992364404758083
1.00329873764158
1.01853330828509
1.03799844978679
1.06091066401193
1.08583541164827
1.11102485965534
1.13487271113909
1.15625837894337
1.17466073749065
1.19007769138043
1.20285746932061
1.21352607023127
1.22264617933059
1.23070827639043
1.23732520215488
1.24280654043666
1.24754142954736
1.25132927441879
1.25441333108605
1.25662409060797
1.25768623989869
1.25671489559832
1.25310387439194
1.24631169958278
1.23566395281414
1.22044628498795
1.20007864820585
1.17436605447424
1.14378447012122
1.1096871501799
1.07426024944115
1.04012313669837
1.00969174523765
0.984623463614382
0.965611801446264
0.952541822562461
0.944817370386937
0.941667556921278
0.942356769968658
0.951436758455424
0.979746814481421
1.00784741473582
1.0171706397888
0.997996409073208
0.980959095025876
0.995840997929544
0.997535132310336
0.99414765920014
0.989790445417131
0.989339696090545
0.990753676395575
0.993809886248025
0.998814867812619
1.00599087589886
1.01542154442012
1.02699912513313
1.04039739772402
1.05508858361708
1.07040812750896
1.08565434397766
1.10019674640082
1.11356295929306
1.12548207222556
1.13587880250343
1.14482937139773
1.15249800490018
1.15907125353395
1.1647009644622
1.16900922168229
1.17227749806215
1.17487850929523
1.17687334556141
1.17836561310777
1.17914534617537
1.17896576436978
1.17718176265922
1.1734799966952
1.1675485294876
1.15907618018957
1.14780879438387
1.13362888202903
1.11664524408624
1.0972650610104
1.07621448799348
1.054484152626
1.03320332473067
1.01347600478012
0.996226657953413
0.982096599635687
0.971410036765044
0.964202974688108
0.960288546434467
0.959322907266326
0.963561082285274
0.978267806363078
0.992459633317152
0.997464382270388
0.98339296303584
0.995749708817204
1.01115165836391
1.00279762702469
0.983995310543249
0.966839468984665
0.964521356236048
0.968239746101261
0.976412388539101
0.989578149558005
1.00804273000789
1.0316978073578
1.05987037848523
1.09139833993934
1.12467379377417
1.15757577991622
1.18816381375476
1.21495009043462
1.23700799692565
1.25409228127742
1.2665295029284
1.27498437937151
1.28024090188117
1.28305080816898
1.28405342612191
1.28379696573468
1.2829562062166
1.28167613289015
1.28016824252906
1.27840535492884
1.27623056190081
1.27339084864641
1.26944883007352
1.26432003225307
1.25741228710895
1.24798854203969
1.23526418057486
1.2185634478494
1.19752892444148
1.17233495872721
1.14378229648893
1.11319964941269
1.08235455112448
1.05316171906697
1.02705464379812
1.00507996377102
0.987835964325402
0.97538906440078
0.967418065132338
0.96338574421877
0.9639466263661
0.976773391790826
0.992012811179466
1.00043700718415
0.990049115098248
1.01488372052241
1.03803098552269
1.02155034910994
0.980417794812397
0.943602750152212
0.933824121637091
0.93472673279606
0.941314532431657
0.955030203424886
0.977688779262642
1.01125633741748
1.05695330645449
1.11325097373007
1.17523662097517
1.23696940877645
1.29192955149761
1.33570953203599
1.36744858671095
1.38855375289108
1.40128419862791
1.40794627187038
1.41051521252139
1.41048986433259
1.40885961524061
1.40643549539349
1.40375247578477
1.40098246818909
1.39809923758637
1.39468333576723
1.3913920656235
1.38805063155633
1.38456348361611
1.38070232499672
1.37530776276433
1.36675867458179
1.35304593632299
1.33193173620918
1.301318680069
1.26000424891976
1.2089459587205
1.15224594161153
1.09571422371715
1.04466264489281
1.00350457316763
0.973466760406588
0.953271150623858
0.941029274529522
0.935027096832022
0.933900962936042
0.941123360888628
0.967752283275127
0.998200935109474
1.01551749743139
1.00428280585488
1.02090130706186
1.04481016150351
1.02755603041657
0.958997834299257
0.917542452252098
0.906575963527175
0.905245948108571
0.90865681943126
0.918505507397908
0.937376957266472
0.968980421792137
1.01863366390034
1.09255441732745
1.18732533763828
1.28046022520979
1.35437605002622
1.40612476332288
1.43892243029763
1.45724645927942
1.46535307042035
1.46675643175762
1.46414014515467
1.4594392856929
1.45395754112462
1.44891311744503
1.44446989756546
1.43917166584305
1.43380091711468
1.42993578408964
1.42674526167462
1.42508499998914
1.4249809432275
1.42554020341428
1.42508336819031
1.42144745629578
1.41187103067072
1.3929187048118
1.36058100560048
1.31079777051112
1.2409712968032
1.154786674975
1.06922914292299
1.00408119684584
0.961079470633195
0.933973467762629
0.917931063623534
0.909678796185876
0.906940461096004
0.908186273525517
0.917668780558654
0.949344371930561
0.989634001840196
1.01412049385542
1.0064837164945
1.01980387723634
1.03462071609368
1.00811207525968
0.94652986376677
0.91769170953839
0.911816226359117
0.912061829451026
0.916252476630726
0.926154164150526
0.94441570872027
0.9748440632012
1.022947837495
1.09525364121932
1.1887935562204
1.28144580384405
1.35512909815211
1.40626298791414
1.43785634267103
1.45436443202116
1.46003043888962
1.45831700926802
1.45180595593642
1.44228315549
1.43089598960238
1.41965251917957
1.40938847973476
1.39983717862786
1.39471015206482
1.39541438207582
1.39828294296433
1.40305541639619
1.40913515975514
1.41485624940829
1.41872533210753
1.41875109159302
1.41228876066469
1.39595640070353
1.36573241527538
1.31749282319947
1.24861211496796
1.16293133061429
1.07762007678055
1.01249758005312
0.969413948190485
0.942061378834507
0.925456711650484
0.916223200529608
0.912029848464186
0.911328436635552
0.916099790689419
0.93991089761496
0.975879986131837
1.00296613622015
1.00293758434213
1.01749122195448
1.02455421854546
0.999664286671629
0.963550354158802
0.944522160278148
0.944304978473252
0.948295366255234
0.956383439219266
0.970239293081358
0.992121042281264
1.0247520892498
1.07058099656424
1.12958677695859
1.19686366286845
1.26372366592476
1.32139215676146
1.3650505962779
1.39422785969689
1.41085530725245
1.41763640234973
1.4172084432786
1.41181849755547
1.4032905001118
1.39316525258892
1.38393885260513
1.37671751203806
1.37167805042644
1.36859178839141
1.36721715656641
1.36842785720187
1.37205079787008
1.37742464079453
1.38259710275734
1.38584558614254
1.38521536803632
1.37840354521612
1.36278878961548
1.33572791358824
1.29533309882971
1.24198423315579
1.18008475970527
1.11763776717998
1.06258645343719
1.01944195713693
0.988232373120692
0.966735121197233
0.952497920791005
0.943505151115817
0.938283218811546
0.935691649521985
0.94725297736902
0.97138725734617
0.994934569460612
0.999687488334574
1.0169565369422
1.02165099950905
1.00092063409947
0.976937996433286
0.96628275450874
0.970157581600242
0.976478352341041
0.986851681664724
1.00264595136011
1.02553514295468
1.05713678257341
1.09819028739451
1.14738458890886
1.20100649519548
1.25394815338367
1.30090259537688
1.33810745896239
1.36430525402442
1.38021848429584
1.38757305054303
1.38837673211129
1.38454857116465
1.37780482940058
1.36969710823233
1.36244704105038
1.35688712309209
1.35280541938835
1.35034615685347
1.34942219650199
1.35013322511169
1.35267144208527
1.35665266458269
1.36045631292884
1.36246551510411
1.36088720172407
1.35374603745593
1.3389975056071
1.31487042854724
1.28053413620248
1.23700269864556
1.18761940515329
1.13719411549276
1.09044404123086
1.050870894414
1.0197689833989
0.996528949705904
0.979724793883854
0.967873700860944
0.95976159135853
0.952071569853017
0.955681088704007
0.972355739376834
0.992659039990318
0.998860202811761
1.01730460644512
1.02161555086915
1.00523768632021
0.989652010849504
0.986234938243629
0.993779413006091
1.00190110977489
1.01377008172366
1.03042890414263
1.05300012592944
1.0823177458882
1.11836256333404
1.15976974403481
1.20382998109989
1.24699344208358
1.28566356496032
1.31710975636317
1.3400781182797
1.35472888382639
1.36214350801922
1.36382011175147
1.36134313986653
1.35622894544989
1.34988107846502
1.34416189951141
1.33974274779367
1.33649654111441
1.33450725781197
1.33367884531956
1.33412561649229
1.33591398790093
1.33874540397141
1.34132351465758
1.34224587497884
1.33995542246954
1.33281074645359
1.31924126618991
1.29805792327664
1.268926105191
1.23283440876877
1.19217489233224
1.15020548560199
1.11021681229669
1.07478117172668
1.04525386939679
1.0217457915325
1.00357007461202
0.989764524012043
0.979431659415843
0.967494130197482
0.964544043807391
0.975396022869533
0.992690436421291
0.999124352844205
1.01846310000179
1.02381936254439
1.01197794124784
1.00335035719017
1.00641216954473
1.01735771637741
1.02695061314464
1.03979782615697
1.05661775873304
1.07808012256664
1.10452307276366
1.13562724040453
1.17020603690061
1.20625781748577
1.24128547678211
1.27279900565056
1.29885112525813
1.31840662940292
1.33138886322279
1.33845485867671
1.34068580283492
1.3393334818529
1.33566238771226
1.33086247105075
1.32644899694273
1.32299997359661
1.32043013687222
1.31881918536366
1.31808536827763
1.31829324932717
1.3194658579392
1.32132306088352
1.32284184154722
1.32286316452859
1.32010236462528
1.31325099714377
1.30113632965354
1.28296597814071
1.25862699062711
1.22891298966964
1.19550443655801
1.16064531236102
1.12665105977436
1.09543034921439
1.06816736822111
1.04525390737176
1.02647316619228
1.01129974502146
0.99916278043836
0.983451319937641
0.974627527108183
0.980425370643339
0.994702366823817
1.00040691982614
1.02037183209692
1.02797480914972
1.02061864187009
1.01775274975617
1.02625798580468
1.04004274448606
1.05070483311993
1.06404199080171
1.08049212856385
1.10040266210861
1.12383646957681
1.15038652812571
1.17908231933845
1.20844967755098
1.23672672533558
1.26217984115255
1.28343194575172
1.29969391930795
1.3108241538563
1.31722777688772
1.31967626821202
1.3191292307455
1.31659797519898
1.31305066665246
1.309697056749
1.30703203478273
1.30501100274195
1.303702856848
1.30303696939228
1.30305402034973
1.30373739026835
1.30482778908307
1.30552865232527
1.30490957811541
1.30194755482171
1.29562836381777
1.28508497860838
1.26977471129802
1.24966130031284
1.22532712476887
1.19793748079331
1.16903983427047
1.14026238496721
1.11301292072244
1.08826425184148
1.0664851402445
1.04771894202232
1.03175330188805
1.01830044223765
0.999508003803061
0.985750622645605
0.987319354464721
0.998667971674228
1.00272418882222
1.02285408821213
1.03361439192042
1.03059738097606
1.03250088585711
1.04538476613739
1.06133988921822
1.07267338677154
1.08609588048063
1.10182456093356
1.11999289568844
1.14052191977759
1.16301169253212
1.18669903150962
1.21051040988028
1.23320644618642
1.2535844018033
1.27068311076115
1.2839307893193
1.29319588617434
1.29874195542869
1.30112285220306
1.30106252211147
1.29934832455703
1.29674651504738
1.29420836380728
1.2921513825925
1.29055635086208
1.28948360115045
1.28887218326465
1.28874485434011
1.28906120846728
1.28958718166867
1.28971389172693
1.28870915583168
1.28577611914919
1.28014015673988
1.271157709936
1.2584394099926
1.24196151222033
1.22212407384885
1.19971939349565
1.1758057183157
1.15152024085031
1.12788682560454
1.10567320139672
1.08533311525807
1.06704011215921
1.05078685986814
1.03650510873429
1.01541337957015
0.997739256097757
0.995872714467219
1.00441882661753
1.00599388613217
1.0256374678461
1.0401308739742
1.04125392905184
1.04712353837116
1.06345221614142
1.08095060226088
1.09261893319018
1.10582826233359
1.12063289622875
1.1370308964735
1.15487871376948
1.17382451198684
1.19328779962046
1.21249956259166
1.23059839872261
1.24676017414621
1.26032772057669
1.27090613281755
1.27840121867026
1.28299935189586
1.28510556214912
1.28526365074662
1.28407731784234
1.2821417920169
1.28019848616717
1.27859192717064
1.27731531115335
1.27641990093357
1.27585184744886
1.27562265812103
1.2756791386885
1.27581711173033
1.2755793897921
1.27439756228996
1.27165842761255
1.26677299087969
1.25925748596649
1.24881753648288
1.23541774573622
1.21931367899781
1.20102848369887
1.18127317628321
1.16082971532985
1.14042896689931
1.12065660841389
1.10191067960377
1.08441737416487
1.06829288754499
1.05362472122335
1.03099975717778
1.01037147453023
1.00578554611299
1.01165880039418
1.01004279961851
1.02838234868295
1.04679832414179
1.05180391547869
1.06101091082277
1.08007726200821
1.09863223081879
1.11039455718841
1.12320596090784
1.13700675365822
1.15171442519063
1.16716542618304
1.1830709939899
1.1990047779656
1.21442986881275
1.22876095534363
1.24144693845827
1.2520532210817
1.26032325836392
1.26620596458919
1.26984672158902
1.27154994632017
1.27172612696493
1.27083527678799
1.26933457988739
1.2678011320112
1.26651259641558
1.26546392467244
1.26469718196622
1.26416315970334
1.26386652781028
1.26374963468374
1.26363978470973
1.26319912705344
1.26198974008878
1.25954187499608
1.25540635035429
1.24921309556556
1.2407284074427
1.22989941732704
1.21687283459738
1.201979047883
1.18568201471429
1.16850630985386
1.15096033959796
1.1334762034415
1.11638166305617
1.09991003041264
1.08424225061001
1.06956511680857
1.04609530359821
1.02334528450624
1.0166569512258
1.01997279536605
1.01461884186578
1.0307162521176
1.05279339799636
1.06132472324045
1.07339319625188
1.09477459866317
1.11410154426983
1.12583346895695
1.13817998861909
1.15100567807763
1.16418503597493
1.17756025045217
1.19090848821595
1.20393088986159
1.2162678690813
1.22753745003938
1.23738693766279
1.24554483090234
1.25186039028526
1.2563224590948
1.25905541190045
1.26029596968512
1.26035797589687
1.25959253859037
1.25834924287143
1.25708065133
1.25600523280009
1.25511237907399
1.25443511305659
1.25392672556869
1.25358808500843
1.25336227186975
1.25310683817159
1.25257526519837
1.25143063056491
1.24931233328618
1.24587485588246
1.24082941531295
1.23398296056985
1.22526718837713
1.21475020657081
1.20262630282433
1.1891847105985
1.17476447253761
1.15970706412926
1.14431960830248
1.12885884547303
1.11354023034627
1.09856937744667
1.08418648681178
1.06045555001377
1.03625842877725
1.02798282601116
1.028830702026
1.01940704656922
1.03227383592375
1.05723172597093
1.06875293369571
1.08333071026469
1.1069314023334
1.12699114272213
1.13869881329614
1.1506349128403
1.1626163398058
1.17450030701546
1.18615015097609
1.19740714830822
1.20807757651794
1.21793824522375
1.22675813877445
1.2343296500934
1.24050087048818
1.24520082942979
1.24845212419714
1.25036907464563
1.25114306390732
1.25101899500781
1.25026743760817
1.24915645576201
1.24804689656141
1.24710670495242
1.24631553943813
1.2456979523491
1.24520807590686
1.24484477980029
1.24455445132856
1.24422134790184
1.24366692517897
1.24263038240851
1.24083244814603
1.23800369494283
1.23391401389766
1.22839930588331
1.22138073770408
1.21287231349348
1.2029744819213
1.19185480214628
1.1797203636162
1.16678941531895
1.15327047858466
1.13935566217672
1.12523120811011
1.11110340036735
1.09723389346621
1.07370943751622
1.04859297656144
1.03914874101571
1.03758627557848
1.0240508183085
1.03274030274326
1.05924332376174
1.07290572583563
1.08973536274007
1.11583441623638
1.13686661807067
1.14869321387337
1.1603927010629
1.17175516953392
1.18263969369201
1.19294141681132
1.20256313626228
1.21139890477335
1.21933178794521
1.22624396070632
1.23203455307856
1.23663938121677
1.24004701687001
1.2423072619788
1.24353039306309
1.24387777848353
1.24354604726687
1.24274765359854
1.24169058970344
1.24066981821417
1.23981183363137
1.23908511434672
1.23850664180357
1.23803027735
1.23765371334762
1.23732715156517
1.23695630977132
1.23641151716424
1.23548761406878
1.23396456897044
1.23162820106932
1.2282911565636
1.22381135503567
1.2181049201471
1.21115112001205
1.2029882540007
1.19370154729152
1.1834064024055
1.17223208119877
1.16031141742417
1.14778116023263
1.13479508530879
1.12154837286897
1.10830785782188
1.08531687350424
1.05969790095981
1.04940229243916
1.04547688779189
1.02818062995722
1.0318886359275
1.05812701513331
1.07257297395403
1.09147813577766
1.1207910196522
1.14330799348327
1.15551876663975
1.16725557212157
1.17830061164362
1.18853138495224
1.19788344212276
1.20631915202549
1.21380744415792
1.22031558684463
1.22581151386426
1.230273182317
1.23370057744147
1.23612622530116
1.23762117917446
1.23829499381636
1.23828973619297
1.2377692373687
1.23690539780374
1.23586347813548
1.23489207526836
1.23408529605721
1.23340122097973
1.23285038096461
1.23238583178625
1.23200412512077
1.23165828910685
1.23126899891479
1.23073977227656
1.22990426993024
1.2285841225551
1.22660446295073
1.22380920806558
1.22007406384456
1.21531526287219
1.20949256623213
1.20260614223242
1.19468842544044
1.1857936091371
1.17598857691222
1.16534941393354
1.15396690389187
1.14196260822767
1.12951474409596
1.11688932799708
1.09455410047516
1.06875520454766
1.05777739488426
1.05165481931708
1.03144881684454
1.02960392745754
1.0535551262472
1.06694533326629
1.08780454990424
1.12135763300684
1.14602936167592
1.15895915308425
1.17106445573956
1.18213736155719
1.1920875252777
1.20089731182721
1.20858708849159
1.21519086163415
1.22074352449733
1.2252782149917
1.22883072347308
1.23144723835175
1.23319195507073
1.2341519408749
1.23443782851458
1.23418008950672
1.23352156584113
1.23260749399792
1.23157446479849
1.23063892011478
1.22987139817493
1.22922213981816
1.22869645939681
1.22824667197078
1.22786760698661
1.22751314822397
1.22711144967384
1.22658587121256
1.22579479872766
1.22458718898222
1.22281491761336
1.22034453984769
1.21706685869215
1.21290284775014
1.20780499919585
1.20175409171862
1.19475256807816
1.18681691706208
1.17797233820453
1.16825321140551
1.15771226134477
1.14643979956667
1.13459198431715
1.12242770059208
1.10059494524667
1.07470397388066
1.06301470931112
1.05530094589176
1.03356379532241
1.02590363282479
1.04566850589472
1.05644803471989
1.07909656659779
1.11754353645636
1.14497630146514
1.15894756859721
1.17175005944514
1.18319685669886
1.19323651605305
1.20190154871289
1.20926790764319
1.21542614430723
1.22046511889831
1.22446649361012
1.22750686683009
1.22966390167716
1.23102310088222
1.2316827011913
1.23175522611698
1.23136528722355
1.2306440676846
1.22972145836806
1.22871706679851
1.22782518594933
1.22710126275413
1.22649165181147
1.22599770845645
1.22557169640233
1.22520565814238
1.22485182997156
1.22443754527106
1.22389383997974
1.22309148997467
1.22189450917202
1.22017104993408
1.21780342469
1.21469578105159
1.21077817085183
1.20600630448111
1.20035719030839
1.19382199761508
1.18639861479106
1.17808720661727
1.16889231787337
1.15883446141609
1.14797270492557
1.1364367092688
1.12446928898323
1.10271509720145
1.07638050392643
1.06385803655908
1.05579959421253
1.0343236511036
1.02093005665111
1.03506402469025
1.04259790552727
1.06674736183801
1.10986339702516
1.14034736887545
1.1555946414818
1.16936109728665
1.18148154954489
1.19194364923565
1.20082914385003
1.20826495221769
1.21438904728876
1.21933116830872
1.22320606773207
1.22611554475943
1.22815515349753
1.22942190361452
1.23002020869839
1.23006448831039
1.22967793808322
1.22898786200243
1.22811852206962
1.22718273053297
1.22635952125614
1.22569737064158
1.22514378349802
1.22469736369559
1.22431166947905
1.22397452054555
1.22363386759461
1.22320717837536
1.22262102478433
1.22174707052334
1.22045313026427
1.21861423517621
1.21612252787909
1.21289439250884
1.20887345021865
1.20402866555853
1.19834783373938
1.1918280106032
1.18446574028338
1.17625090195259
1.16716831311705
1.15721064156244
1.14640444870476
1.13484882876653
1.1227631224574
1.10052026633739
1.07310313392356
1.05975329364968
1.05290745372906
1.03364170813618
1.0149376278351
1.02257555568165
1.02705810172297
1.05230302281118
1.09910860570204
1.1325534029777
1.14916942052631
1.16405791570335
1.17706575845158
1.18821538571361
1.19763287847497
1.20548880471448
1.21195757320126
1.21719542506305
1.22133381453258
1.22448334823987
1.22674315793493
1.22821122275393
1.22899237008848
1.22920212030093
1.22896588838338
1.22841409176818
1.22767434227516
1.22686217259852
1.22614616467983
1.22557561607216
1.2251050391039
1.22473138139715
1.22441153572413
1.22412738926495
1.2238201956188
1.22338780546431
1.22273910586329
1.22173510988671
1.22023622718544
1.21811512770771
1.21526815875049
1.21162331894882
1.20714298136855
1.20182027074532
1.19566928630455
1.18871104168918
1.18095870307792
1.17240700124654
1.16303116678407
1.15280007468371
1.1417062940442
1.12981231178206
1.11730640582098
1.09406013332733
1.06509006162661
1.0511742465546
1.04680987916552
1.03156267476743
1.0082618294336
1.00908282706459
1.01078530689866
1.03665758179384
1.08611057830568
1.12212191097165
1.14004138294801
1.15607709316661
1.17007587383332
1.18208868316011
1.1922797463192
1.2008542116705
1.20800983526445
1.2139125324652
1.21869140050344
1.22244678900846
1.22526467823192
1.22723152770388
1.22844542998614
1.22902137345094
1.22909023260179
1.22879243566012
1.22826798901564
1.22764477390542
1.22708462525921
1.22664516449071
1.22629435253475
1.22602840548524
1.22581032093781
1.22561415864942
1.22537262937652
1.2249535501338
1.22423279687619
1.22304835529875
1.22124117263279
1.21867160049353
1.21523421780466
1.21086832162428
1.20556141731811
1.19934385916612
1.19227452397353
1.18441979569844
1.17583062078593
1.16652426667153
1.15647810287513
1.14564186109235
1.13397217204088
1.12148837721094
1.1083413525525
1.08377107037658
1.05316575194831
1.0391431301825
1.03805948862389
1.02826077556893
1.00128881323659
0.995373299563633
0.994358745185804
1.02035966145914
1.07158734760019
1.10959263800849
1.12861300287261
1.14568735306504
1.16066120049691
1.17361220842709
1.18473877111653
1.19427190942107
1.20241821688537
1.20933352863969
1.21512157124001
1.21984905479221
1.22356809958377
1.22633806617727
1.22824122703391
1.22938958558394
1.2299227665349
1.22999870653789
1.22977970441
1.22941648837687
1.22906769117471
1.22880650029569
1.22862111159796
1.22850769952974
1.22843888754173
1.22837890983249
1.22825097172871
1.22788185189241
1.22709609568452
1.22569474570011
1.22348553294326
1.22030491337142
1.21603860505697
1.21063683589672
1.20412016867104
1.19657262921882
1.18812128566831
1.17890505900745
1.16903937458386
1.1585860804781
1.14753897481575
1.13583391492325
1.12338872425532
1.11017180729639
1.09628932059606
1.07033757070711
1.03830567408947
1.02472182391924
1.02745689499135
1.02401719662264
0.994422323190725
0.98214321584784
0.978344272466974
1.0039426775099
1.05613237230749
1.09545769663227
1.11526904818787
1.13315242579885
1.14896785056934
1.16282831584806
1.17496859650603
1.18563988890486
1.195043055326
1.20330121546282
1.21046474531723
1.21653744004864
1.22151130635183
1.22539883291012
1.22825500887345
1.2301857409343
1.23134330431953
1.23191198721453
1.23208791655537
1.23205676930916
1.23197827690193
1.231948171907
1.23198174318947
1.23207549748016
1.23221593506351
1.23235542491224
1.23240786506462
1.23214753662491
1.23132569463137
1.22969047886346
1.22700023938909
1.22305340427719
1.21771761737036
1.21095290517965
1.20282237946229
1.19348460752825
1.18316521806491
1.17211107784782
1.16053657620056
1.14857591441581
1.1362563578922
1.12350489016342
1.11019502874311
1.09623204051722
1.08166302453234
1.05453406879134
1.02152783995193
1.00897195111711
1.0159120449253
1.01919518673778
0.988054436729579
0.970042080472796
0.963365987009561
0.987985850408216
1.04027062740222
1.08015115142242
1.10035613954711
1.11871293702354
1.13512597171955
1.14976473108564
1.16291208621739
1.17483973036011
1.18573011750242
1.19564859689503
1.20455830996919
1.21236322017447
1.21896166496933
1.22429417381713
1.22837435267434
1.23129865840415
1.2332372618645
1.23441177324811
1.2350660573277
1.23543512230578
1.23568575951925
1.23594290272933
1.23625554279681
1.23662043278519
1.23704282799292
1.23746118176881
1.23778160074052
1.2377141464065
1.23691093881506
1.23504910025201
1.23181865142073
1.22696245502896
1.22031745036625
1.21185026859976
1.2016770656806
1.19005702407785
1.17735378162645
1.16396855435586
1.15025923523025
1.13646673125988
1.12267069798167
1.108791774111
1.09464808482625
1.08006180970645
1.06499705005762
1.03714076552256
1.00386015159725
0.992972698689086
1.00436506353048
1.01420501307338
0.982543525921532
0.959677567559783
0.950081533200825
0.973100896130639
1.02449691020014
1.06406998433609
1.08419440090038
1.10259522393349
1.11925914515512
1.13444452492581
1.14850567708289
1.16174453285832
1.17431714302725
1.18620457560171
1.19724190467365
1.20718645325365
1.21579983749533
1.22291907713918
1.22849976488723
1.23262617597501
1.23549391128536
1.23737568446563
1.238579888413
1.23940807624605
1.24004263074059
1.24064396781008
1.24130063302833
1.24200893999268
1.24279814488278
1.24359056407891
1.24428735095979
1.24452248123745
1.24381960656748
1.24176518253044
1.23795958304352
1.23206873034984
1.22388125967544
1.21336297525144
1.20069298498107
1.18626257996005
1.17062423687516
1.15439423647563
1.13813106561373
1.12222346491124
1.1068219341996
1.09183701054439
1.07701121908547
1.06205430179134
1.0468150595789
1.01890340985558
0.986297660214766
0.977787164099599
0.993732761877781
1.00946457917033
0.97819466931902
0.951585910379004
0.939106960970287
0.959874773031665
1.00928961087116
1.04760795607926
1.06711372163581
1.08504865904901
1.10152219292443
1.11692252440828
1.13171195918738
1.14624626330207
1.1606562190104
1.17481259096946
1.18837333934306
1.20088924801484
1.21192975631044
1.22118935906413
1.22854740061925
1.23407551053127
1.23800566308447
1.24067846112027
1.24248631852719
1.243817585806
1.24488253409199
1.24588279567347
1.24695136757619
1.24808199080402
1.24933308027425
1.25060848661706
1.25180772348612
1.25247668962427
1.25197891004706
1.24979092786024
1.24540175377784
1.23837581485957
1.22842933585084
1.2155122778001
1.19987268108159
1.18206987749992
1.16290979731378
1.14330308540121
1.12408144503955
1.10582854241142
1.08877905140647
1.07281734571268
1.0575769405153
1.04261614401864
1.02763079773894
1.00050805834062
0.969734946455884
0.964388174004738
0.984852707139564
1.00536078805758
0.975239549392021
0.9461909766308
0.930940910701189
0.948809464828052
0.995114429515105
1.03119574663444
1.04950715911827
1.06640880884639
1.08217048509926
1.0973557399767
1.11258554128899
1.12831311426629
1.14466189058684
1.16137093737904
1.1778624016833
1.19340280351787
1.20729782494685
1.21905284221998
1.22845380717966
1.2355644127983
1.24066846192665
1.24419314960597
1.24663511300799
1.24849230412827
1.25002055122382
1.25146938608316
1.25301731548474
1.25465360222256
1.25646965424369
1.25834585841748
1.26018431573818
1.26142893590555
1.26125164853795
1.25900427918817
1.25404705970176
1.24581786914628
1.23392907549264
1.2182877675711
1.19920701707786
1.17745107185582
1.15415957535325
1.13064093298675
1.10809182345881
1.08734113415059
1.0687075249184
1.05201199383158
1.03672814972253
1.02221570428738
1.00797917428234
0.982570612715703
0.954898138575728
0.953583010182574
0.978427487373226
1.0022126846735
0.973815426286301
0.943774763045254
0.925927086109154
0.940294977974305
0.982437274566047
1.01534469260045
1.03189302639857
1.04717836198635
1.06165809717419
1.0761130607807
1.09138472417155
1.10809361447276
1.12640255908811
1.14591067966347
1.16573507074923
1.18475611992843
1.20192465291877
1.21650558954549
1.22818123391568
1.23702146434489
1.24338242923377
1.24779526370934
1.25087587198061
1.25325322256029
1.25525769484884
1.25719313024762
1.25929053681918
1.26151715454227
1.26400072085531
1.26659972164205
1.2692123625082
1.27116472962809
1.27140821139247
1.26916836480523
1.26367176325532
1.25420923780825
1.24025161126507
1.22162006916364
1.19867041973305
1.17240159569592
1.14438183211168
1.11645053244015
1.09028350956705
1.06700146383477
1.04697990905315
1.02990839945162
1.01503143886226
1.00146025345417
0.988475565122308
0.965657493349892
0.942304420461431
0.945973125365418
0.974982722944228
1.0002371053786
0.973944795601775
0.944465669563473
0.924281806966483
0.934645616751409
0.97175249382361
1.00068159368193
1.01496594517315
1.02810314569203
1.04074596072337
1.05391690523824
1.06873803453354
1.08609113576931
1.1062656124767
1.12873908490427
1.15224688910498
1.17515429441491
1.19594931537148
1.213609677808
1.22771940718456
1.23838167999762
1.24604937970047
1.25136854975686
1.25507376796006
1.25792960041324
1.260382770041
1.26283825701402
1.26552351968493
1.26842948323664
1.27170365314337
1.27513472854301
1.27864370034754
1.28139029970605
1.28209476725651
1.27988501367234
1.27387031743499
1.26318395096115
1.24711586797184
1.22534315424543
1.19821649177279
1.16697880418239
1.1337267382078
1.10099276658765
1.07106554889807
1.04538662141431
1.02431948112822
1.00732199002074
0.993333680250874
0.981178273511887
0.969892868390943
0.95034473795629
0.932299923918795
0.942008836854151
0.974833132203041
0.999520081888527
0.975906750697609
0.949117001201834
0.926805770251534
0.932087845904935
0.962504836796134
0.986061089128928
0.997256099325538
1.00740709728981
1.01737260058778
1.02844514533689
1.04211313580215
1.05967802359847
1.08172531939485
1.10765980657556
1.13568736070299
1.16340246086107
1.1886271429003
1.20997555830821
1.22695234387974
1.23974673674202
1.2489536571116
1.25535375634344
1.25978930840917
1.26312885611949
1.2659575759018
1.26891632450782
1.27256089409363
1.27633409948767
1.2805224712088
1.28513039458345
1.28978539069506
1.29340765538657
1.29453367195439
1.29227002016245
1.28563466724905
1.27357944346424
1.2551444768506
1.22976254561202
1.19769105642402
1.16042529586062
1.1207734594742
1.08227810942297
1.0481011547358
1.02004766766594
0.998330150299633
0.982001331026156
0.969581398363125
0.959556375712269
0.950688935984778
0.935492252368529
0.923957956716473
0.942289639932775
0.97894425070834
1.00017771126435
0.982588719540197
0.965302173372417
0.942691447328335
0.93951598632797
0.956930640266868
0.970573661026509
0.976254305525639
0.981209157445328
0.986510240304805
0.993736492068355
1.00485938028796
1.02186903417566
1.04596488983585
1.07656982367504
1.11104429134439
1.14567265240343
1.17719878809794
1.20373842204854
1.22477667241451
1.24071241520586
1.25239259027283
1.2607954582831
1.26685810756338
1.27140893204146
1.27482677895528
1.27780928744981
1.28103393287029
1.28704827785797
1.29471106246847
1.30143780212871
1.30725747749062
1.31117535274697
1.31198452829881
1.3089538317833
1.30102976191274
1.28690218064806
1.2652026504033
1.23490366922869
1.19597264780971
1.15015592275427
1.10135343655825
1.05480275538087
1.01509938313508
0.984499810136909
0.962793057432471
0.948318464382329
0.939007771962855
0.932962903211785
0.928726820261782
0.922434997427227
0.919122801840961
0.955471825309322
0.995488094423726
1.00384943420042
0.992762009734665
0.994140289859794
0.981790567168468
0.972439103380168
0.971470145807762
0.973071646202649
0.973692512074036
0.974812662793249
0.977431513550415
0.982968877712109
0.993183718890757
1.00983195486948
1.03389826075289
1.06465642189724
1.0994112671721
1.13447277538974
1.16664741119636
1.19410999409548
1.21638938353404
1.23392287444213
1.2476056052363
1.2584854361786
1.26759471374118
1.27586443324825
1.28319988725124
1.28991676358471
1.29606116395214
1.30255681227671
1.30806013734907
1.31164492367737
1.31403878006479
1.31461568883762
1.31261583924036
1.30722323386598
1.29729763193763
1.28146336823065
1.25830762171495
1.22677275562253
1.18679936053919
1.14010096792537
1.09054528358229
1.04336736641293
1.00322171486816
0.972494803722464
0.951162250437678
0.937781191533881
0.930509158067573
0.927663594055946
0.927979231789073
0.934001044229763
0.958081147512603
1.00332856569833
1.02051078575229
1.00849847353202
0.996886643856783
1.0108113462406
1.00813749960032
1.00011293134482
0.992247170721767
0.989504644722928
0.989374117217272
0.990905249472906
0.994838237130267
1.00204955263787
1.01341335942799
1.02953271798455
1.05038406456391
1.07506129244644
1.10185196439202
1.12869033919381
1.15375176223528
1.17586463594815
1.19459715197591
1.21010528972304
1.22290127670017
1.23364437716627
1.24298152815548
1.25142396363804
1.2584732895544
1.26432280228034
1.26947322712428
1.27340307848236
1.27660677059248
1.27895066206317
1.28005234225687
1.27912489166251
1.27564005109239
1.2690441021792
1.2585656559479
1.24332075692863
1.22250571591246
1.1956929896793
1.16320510042983
1.12643651821697
1.0878767334756
1.05063708429763
1.01761002688984
0.990720985941726
0.970672560945623
0.957188296901982
0.949461501535373
0.946539069767449
0.947536733901844
0.957199564714003
0.986082422065047
1.01544761769038
1.02585634224122
1.00608458041981
0.987715516773017
1.00392478114708
1.00600625030912
1.0028352012733
0.998626810438278
0.998263943769818
0.999771384508846
1.00298213721983
1.00823004438052
1.01575977172273
1.02566237067653
1.03781425398182
1.05184891549645
1.06718092930717
1.08308292703671
1.09879953215672
1.1136680518508
1.12721195613649
1.13918305697499
1.14954709514424
1.15842716388455
1.16602866926851
1.17256616781359
1.17820445494286
1.18255681253858
1.18589792775326
1.18855948886119
1.19066384852535
1.19227216050673
1.19315841599374
1.19312015615163
1.19149739615989
1.18794913862475
1.18213712038851
1.17370799448444
1.16235139411339
1.14788999378102
1.1303865209933
1.11023518493768
1.08819470518369
1.06533215512981
1.04288177537745
1.02205802074345
1.00387841047569
0.989043788053821
0.977897833646235
0.970460613261797
0.96650653518684
0.965647119360912
0.97027874318085
0.98576284475141
1.00045065483702
1.00555845558128
0.990181088708686
1.00349087306267
1.02148243900432
1.01451123334159
0.996767448845879
0.9803399892746
0.978454624778338
0.982501846866598
0.991097179149542
1.00480121003739
1.02391996540148
1.04831189286484
1.07718709748426
1.10934313813175
1.14336270797481
1.17663196765177
1.20725241270395
1.23382766626005
1.25544645267271
1.2719365067106
1.28372035385733
1.29154784701026
1.29626110288154
1.29864036740289
1.29933003336534
1.29888837081384
1.29796646363804
1.29674744531154
1.29524225633371
1.29342673380204
1.2913463717333
1.28871601395584
1.28513021661811
1.28049760316123
1.27422541689315
1.26555170444399
1.25363581287258
1.23771609915873
1.21733336211266
1.19257637719991
1.16420400710403
1.13343334570444
1.10201774224496
1.07231046410042
1.04553599695042
1.02279249819013
1.00479789069033
0.991655613204379
0.9830505073884
0.978433302780638
0.978026880644163
0.989212983665371
1.00275706799574
1.00956911123612
0.997081358975704
1.02421673437974
1.05018982525383
1.03573971248347
0.99633189906792
0.960688067470506
0.951346277847014
0.952704828311536
0.959990455575104
0.974724212638345
0.998861692193517
1.03456507626378
1.08340912390448
1.14337021365163
1.20741088075639
1.27108138000512
1.32691629791011
1.36999687693668
1.4000979069341
1.41924678880704
1.43012080535856
1.43526471268898
1.43676206456376
1.43612441084605
1.43426710822972
1.43181149389947
1.42906674500187
1.42576944792763
1.42286634828726
1.41992932122871
1.41666626527358
1.41335079301306
1.4101310590671
1.40697364245865
1.40279707774115
1.3959746397602
1.38439875540238
1.36560421441294
1.3370864198978
1.29702737706285
1.24576837743303
1.18782402557052
1.12958273716264
1.07503246076598
1.03074349733484
0.998405962607376
0.976444281372216
0.962829325316282
0.955733235213597
0.953705582190939
0.959520498046376
0.983410194129036
1.01056407951117
1.02571648630347
1.01254161461984
1.03039399369851
1.05635311574983
1.03845449727525
0.976606575920958
0.935218149416643
0.924945503148262
0.924209988614476
0.928374915555777
0.93925129801721
0.959504014280055
0.993041653058171
1.04516397233754
1.1249136446563
1.23389786886527
1.33387385237767
1.40663210060023
1.4546006871118
1.48302213667511
1.49728469719907
1.50206755340022
1.50106015645817
1.49700515769413
1.4918482324682
1.48688727550912
1.4831456550839
1.48053736450229
1.47838556035184
1.47288745753031
1.46572742761861
1.46062363586406
1.45764561259112
1.4570743672936
1.45820669616021
1.45937060315066
1.4584022546574
1.45249563939536
1.43805493626981
1.4106509771212
1.36530078761339
1.29723559673342
1.20499715654031
1.10693334373293
1.03675142002154
0.991065258496779
0.961483485403398
0.943469321095523
0.933617151316496
0.92958749901441
0.929792592005675
0.937795617329613
0.966084902711959
1.00122466936779
1.02347408481722
1.01483445348579
1.02883668173483
1.04389645862106
1.01685089520743
0.961772585271654
0.933997665422203
0.929797848647724
0.931052293907088
0.936308294553505
0.947439828284681
0.967175876731267
0.999507486539163
1.0499292182767
1.12779638569212
1.23525831388045
1.33510774332515
1.40804634192735
1.45557668066736
1.48283977985385
1.49526784077068
1.49756159529153
1.49337245315873
1.48534332795385
1.47526450635316
1.46426259703962
1.45414568551769
1.44550128003063
1.43871001235347
1.43345408894779
1.43123749707521
1.432395819167
1.43601476618298
1.44175326727442
1.44814289767062
1.45371523018166
1.45648904263327
1.4537813224056
1.44205036141903
1.41684396960901
1.37308089506423
1.3058973095233
1.21409428431065
1.11633055898112
1.04600217179028
1.00008127257844
0.970115028572062
0.951356388902432
0.940288431367365
0.934512082149472
0.932427126229319
0.935023094035288
0.954751542676317
0.98557014046194
1.01087228529834
1.01088307013444
1.02608946506008
1.03255252552866
1.00746102214593
0.974526212158275
0.959479852934484
0.961810637140954
0.96719433024597
0.976716418848927
0.992138531339425
1.01588772425725
1.05095337552846
1.1002752636289
1.16382279833635
1.23488657152488
1.30454196189942
1.36296930214302
1.40542305347826
1.43235650843017
1.44646035011116
1.45091063473581
1.44859952470465
1.4418836048441
1.43259772010612
1.42221044159728
1.41302508618566
1.40587806692392
1.4005697320982
1.39743786705077
1.39623637665647
1.39729910605528
1.4008417063581
1.40649233328332
1.4125007159163
1.41722288091714
1.41870574345169
1.41455463494864
1.40191284762153
1.37767860625133
1.33919735106516
1.28588694758374
1.22194145837399
1.15611451757841
1.09659163840482
1.04973207396108
1.01568398932678
0.991855503873628
0.975601766678283
0.964776081701484
0.957824912175844
0.952174201048511
0.959061451650703
0.979261082434646
1.00188028505126
1.00730752004185
1.02543283942868
1.02927079518353
1.0082736247572
0.98692500282605
0.980627313839467
0.987474112307106
0.995349732913432
1.00726654405305
1.02467795082421
1.04938564033871
1.08315939456492
1.1267894673982
1.17864364745442
1.23448801091792
1.28896805651782
1.33644578926968
1.3730544204931
1.39786043769289
1.41203243767432
1.41765326867002
1.41695733983143
1.41197698117018
1.40445289310513
1.39588887467812
1.388418479966
1.38273847804091
1.37862561155633
1.37613330725723
1.37517640862837
1.37595353776916
1.37867799536675
1.383120052856
1.3877600757037
1.39103653993497
1.39114177264216
1.38599838108824
1.37334405422346
1.35104943447434
1.31781485956706
1.27427029617617
1.22376355769989
1.1713558483903
1.12199667771419
1.07971521947346
1.04617041233512
1.02076895964725
1.00198953143469
0.988259532812604
0.978301669499279
0.967233323212615
0.966014800995123
0.97938280043387
0.999244684541195
1.0064096910726
1.02579284795688
1.02918108848511
1.01247942100226
0.999357319039711
1.00037876504139
1.01104774618776
1.02077395935386
1.03418670868566
1.05238669517482
1.07657404599349
1.10763712645825
1.14551185076046
1.18865484539512
1.23415320871508
1.27822504917312
1.31713430310417
1.34812717108511
1.37009743534543
1.38345619458509
1.38952658321593
1.38998243544736
1.38650815368759
1.38065339130221
1.37380309645351
1.36779347498356
1.36321665695867
1.35988013949219
1.35786536645331
1.35707668669275
1.35763760386446
1.35968584064148
1.36301682764627
1.36637279139704
1.36837695656683
1.36744610652828
1.36184499327957
1.34982903790627
1.32995908357412
1.30162413377133
1.26561945960441
1.22430597776034
1.18104241324639
1.13933170203957
1.10195452159998
1.07046914380678
1.04506953635843
1.0250544670823
1.00941729296032
0.997225889798735
0.981812735749864
0.974064278866598
0.98200107630439
0.999168590862879
1.00671605421854
1.02708080760664
1.03160173297199
1.0194679716239
1.01321435288572
1.02066464604382
1.03471544878342
1.04587443457771
1.06018232606339
1.07838773354019
1.10120032717106
1.12897481823367
1.16135532769086
1.19706403717609
1.23397232499249
1.26947306630576
1.30100489781023
1.32662449015262
1.34538562090778
1.35735857530646
1.36335584999868
1.36458417454618
1.36237550886673
1.35802992903935
1.35273771304406
1.34801996163618
1.34439662284263
1.34173632514515
1.340103780977
1.33941726054425
1.33976080442748
1.34120720677476
1.34354534137103
1.34575707640471
1.34668862459582
1.34502434837461
1.33937810827134
1.3284495117082
1.3112806298231
1.2875909245989
1.25805518316396
1.22431799427865
1.18866904927768
1.15352166081343
1.12091327811772
1.09213396018164
1.06763601855615
1.04721404509237
1.03032925377868
1.01640164625007
0.99727405918821
0.983803751166349
0.986969769198178
1.00131016005107
1.0081493517715
1.02923309849579
1.03624064397737
1.02872311889133
1.02817691876518
1.04090163981744
1.05763505650175
1.06975147448334
1.08440207539708
1.10203568614422
1.12301993387977
1.14742545760533
1.17482563583623
1.20420161555101
1.23401803884947
1.26245692358415
1.28775709628373
1.30855650634591
1.32412683608256
1.33441934685966
1.33994001161959
1.34154718865353
1.3402612854909
1.33712624768897
1.33311950779921
1.32947114139312
1.32663373757084
1.3245216570495
1.32319353790047
1.32257828746678
1.3227299768764
1.32367469570483
1.32520326711896
1.32650786270785
1.3266526791278
1.3245846707535
1.31922916509211
1.30962880433665
1.29513115274972
1.27559207841938
1.25151361555488
1.22402582369894
1.19468776139852
1.16517525328135
1.13695791532478
1.11106623706965
1.08800479717449
1.0678294210834
1.05032843376714
1.03522121415603
1.01320523151844
0.995050703716204
0.994195837402347
1.0056682151355
1.01072993597028
1.03205692609451
1.04259595393032
1.03962984188308
1.04381482768126
1.06065599223281
1.0792994420876
1.09192258167519
1.10647000102719
1.12315938964553
1.14213595049263
1.16332864210653
1.18633222050663
1.21036438453333
1.23432552379091
1.25695544751547
1.27704703761982
1.29365910170858
1.30626476880169
1.31479490834729
1.31958044933478
1.32123530262448
1.32052828548239
1.31827411989292
1.31525108591036
1.31243659611694
1.31021520121101
1.30853259049654
1.30743992579676
1.30687535453888
1.30687290787797
1.30742723096745
1.30834252280862
1.30899161347152
1.30863269777439
1.30644277527582
1.30160167480875
1.29340232509222
1.28138101494783
1.2654410909779
1.24592485706652
1.22359173298894
1.1994940059275
1.17478412480588
1.15051240478259
1.12747208923016
1.1061338353906
1.0866784954314
1.06910365807192
1.05335590946723
1.02933950899467
1.00760099546054
1.00346569784087
1.01207090870923
1.01436875578307
1.03525336687002
1.04999617456556
1.05143602436676
1.05955853133968
1.07951957354922
1.09937911375191
1.11214109718775
1.12626666133187
1.14180639452718
1.15876725770553
1.17701629151561
1.19620709126426
1.21575801291533
1.23489587835983
1.25275821542324
1.26852927683676
1.28157362307097
1.29153139079834
1.2983525682971
1.30227006949269
1.3037309737646
1.30331188096134
1.30163827360849
1.29931708979129
1.29711710715398
1.29535582504986
1.29399539469705
1.29307915792581
1.29255194916027
1.29243453490522
1.2927032537258
1.29318431561173
1.29340030464153
1.29277241243372
1.29066601998092
1.28645829559658
1.27962049940175
1.26980660733088
1.25692991028888
1.24120257116921
1.22311777510156
1.20337163586602
1.18274376238415
1.16196976514477
1.14164135406418
1.12216002798415
1.10375343891263
1.08654263045017
1.07063208852919
1.04546074073833
1.02117098787332
1.0144290831565
1.02018655632759
1.01887488627562
1.03844876078672
1.0576289115748
1.06323260462386
1.07467403325599
1.09702366677042
1.11758545919309
1.13023570095271
1.1437533957537
1.15807454102502
1.17312534721048
1.18875583011648
1.20469007301704
1.22051187344089
1.23569296320913
1.24965824728898
1.26187164544411
1.27192035883142
1.27957624939602
1.28482090352221
1.28783293271211
1.28894673831236
1.28859678633579
1.2872599219144
1.28540344541869
1.28363096192529
1.28219671973662
1.28106761263309
1.28027858737126
1.27977873899377
1.2795806192173
1.27965187204028
1.27984510926199
1.27980278508194
1.27907742202262
1.27718232892779
1.27364329245504
1.26805801204184
1.26015601434924
1.24984709710677
1.23724430595503
1.22265121215804
1.20651294852994
1.18934219442743
1.17163983898731
1.15383211506682
1.13624137795517
1.11909758599692
1.10258504449182
1.08690705502105
1.06131938818644
1.03536324329966
1.02659293883758
1.02953367878333
1.02396888695781
1.04123259517592
1.06457341149438
1.07395207827764
1.0882514656439
1.11258745706233
1.13358101447075
1.14600602143215
1.15886442742023
1.17201782965822
1.18535060165867
1.19872126135899
1.21192491449883
1.22467983064398
1.23664258121677
1.24744760481902
1.25676044275885
1.26433062928549
1.27003112706097
1.27387587630152
1.27601374760319
1.27670329128964
1.27627598459922
1.27509572755619
1.27352030190501
1.27202715078519
1.27081352200961
1.26984284312942
1.26914159059291
1.26866101747562
1.26840886919444
1.26835037701948
1.26836511039106
1.26818843755006
1.26747530446632
1.2658519706361
1.26295437730572
1.25847033051791
1.25218001236003
1.24398721235621
1.23393333559453
1.22218896820782
1.20902339703291
1.19475910753233
1.17972334861329
1.16421045667058
1.14846612670377
1.13269885686913
1.11711585708859
1.10197264521589
1.07656779338256
1.04964767407423
1.03932184028647
1.03949033108298
1.02930123710147
1.04320098223361
1.06985155316346
1.08238513950464
1.09921209639631
1.12550518241736
1.14694475844254
1.15917976022328
1.17146282840455
1.18361044835879
1.1954917686993
1.20698911877268
1.217965420254
1.22824855965392
1.23763594172875
1.24591633037526
1.25290173989991
1.25846022265433
1.26254107902542
1.26518686852177
1.26653055674257
1.26677979744089
1.26619260776732
1.26504921316129
1.26362407195562
1.26230117973577
1.26122857863569
1.26036141696745
1.25971808810141
1.25925038395415
1.25896333238966
1.25882313306529
1.25873391628526
1.25850087369581
1.25785655124931
1.25651157416722
1.25418270203185
1.25062257033485
1.24564719137686
1.23915639419935
1.23114264287164
1.22168560496671
1.2109332554569
1.19907421750206
1.18630910719274
1.17282972972944
1.15881353673741
1.1444369261771
1.12990560697719
1.11549490531513
1.09071215827867
1.06334717122627
1.05183355948774
1.04930249009712
1.03447679208945
1.04400280072559
1.07251889712414
1.08723522925068
1.10635802889406
1.13498967826445
1.15719740334198
1.16942803449646
1.18134931246245
1.19275429417776
1.20351660410174
1.21355314557576
1.2227914904151
1.23115052909855
1.23853675912571
1.24485402755955
1.25002159455009
1.25399417481223
1.25677811001959
1.2584396459255
1.25910375763913
1.25894430017864
1.2581678447441
1.2569941660161
1.25563614988867
1.25441037784078
1.25342423363656
1.25262267457865
1.25201678247614
1.25155781155879
1.25124908870536
1.25105888506343
1.25091135004718
1.25066226859959
1.25010110502986
1.24900002725672
1.24713443143405
1.24430401215883
1.24035159581448
1.23517664707785
1.22874080166434
1.22106418471801
1.21221347980526
1.20228516095657
1.19138922379796
1.17963945338627
1.16715533139221
1.15407806819188
1.14059922377385
1.12699591478004
1.10308218887904
1.07561750889824
1.06317572037075
1.05809934560109
1.03908657979542
1.04338133565018
1.0718174548146
1.08728999584098
1.10854069028503
1.14030330405406
1.16388572224696
1.17642773862533
1.18830790978749
1.19931425231637
1.20934156000647
1.21835036252454
1.22633102527059
1.23328014266992
1.23919056629551
1.24405314294167
1.24786614873918
1.25064760239202
1.25244603761478
1.25334658294181
1.25347087763433
1.25297096369552
1.25201846763767
1.2507909645459
1.24945747170996
1.2482869973987
1.24735501669047
1.24659674430979
1.2460169767792
1.24556592730947
1.24524538959895
1.24502514666202
1.24484327248594
1.24459013764996
1.24409498442956
1.2431732750949
1.24164206447364
1.23933527876212
1.23611686537896
1.23188975095218
1.22659903515032
1.22022894211257
1.21279461140478
1.20433148176922
1.19488632255834
1.18451443564892
1.17328686219029
1.16130952205519
1.14875321888682
1.13588874353289
1.11284237430145
1.08541624583105
1.07218540880281
1.06494267243822
1.0427458103612
1.0412047307354
1.06736073318626
1.08185765517693
1.10508115152727
1.14097251866088
1.16670059426434
1.1799451237834
1.19216634404235
1.20316408211513
1.21286831412047
1.22129058969496
1.22848297869604
1.23451006254809
1.23943428679857
1.24331273062154
1.24620166108917
1.24816471717693
1.24928095970515
1.24965004536431
1.2493930840326
1.24864898777266
1.24756707108056
1.24629720233454
1.24497896822987
1.24384836588956
1.24295759482252
1.24223444286998
1.24167858300403
1.24123928028068
1.24091629660931
1.24067926266711
1.24047290726987
1.24020842254087
1.23974035342151
1.23891249811265
1.23757013634433
1.23557175349253
1.23279863554617
1.22916081598421
1.22459836622091
1.21907796937628
1.2125859807883
1.20512049371619
1.19668594545704
1.18729416173487
1.17697518411191
1.16579957878837
1.15391181792271
1.14157011770353
1.11909234164038
1.09152803399933
1.07753892349263
1.0689434488815
1.04513360969224
1.0374814746361
1.05925738817944
1.07127419905366
1.09626386307846
1.13698928563568
1.16557437781307
1.17990476484271
1.19284775877821
1.20422694188626
1.21401614396574
1.22228216164236
1.2291369658559
1.23470482773348
1.23910412884952
1.24244144853928
1.24481408432687
1.24631685494052
1.24704952199393
1.24712215993725
1.2466569965691
1.24578637255347
1.24464733748415
1.2433739248361
1.24208835304428
1.24100395398299
1.24015801358765
1.23947466547482
1.23894965583137
1.23853201894053
1.23821846834802
1.23797620223692
1.23774837764755
1.23745436685316
1.23696125812328
1.23612830803254
1.23481777912565
1.23290495291205
1.23028581265127
1.22688105551066
1.22263563861848
1.21751400456222
1.21149234815234
1.20455053737024
1.19666727676943
1.18782247676002
1.17801031649157
1.16726488640378
1.15569829037109
1.14354696705771
1.12106842927549
1.09282877783094
1.07808719117219
1.06943975318971
1.04602882862068
1.03235675544515
1.04809032668569
1.05680607687022
1.08326998012695
1.128850277659
1.16070880764117
1.17641598261739
1.19039645807852
1.20249851961448
1.21274180898771
1.22124833997414
1.22818590541874
1.23372949417952
1.23804026880049
1.24125876578786
1.24350771557722
1.24489975961217
1.2455460273248
1.24556268227077
1.24507384705016
1.24421051015474
1.24310592406675
1.24188854700952
1.24067379547311
1.23965953393848
1.2388761705224
1.23824908020929
1.23777123235721
1.2373928102074
1.23710606733067
1.23687330603718
1.23662704831025
1.23628217893356
1.23570635302724
1.23476238864962
1.23331935707119
1.23126256871702
1.22850079399082
1.22496922925323
1.22062732578657
1.21545166698977
1.20942546940149
1.20252772285795
1.1947261274086
1.18597848529085
1.17624675910094
1.16552640160092
1.15389074670683
1.14154461528301
1.11836767208244
1.08874755656352
1.0733512270423
1.06616883430219
1.04533612197381
1.02609783670004
1.03472339330018
1.03998139140267
1.06755248772272
1.11736506970616
1.15252730069267
1.16975169422785
1.18497037329651
1.19804688568955
1.20904293173975
1.21813177382838
1.22552998780431
1.231452167894
1.23608752768246
1.23959381608369
1.24210262034256
1.24373019018387
1.24458888951923
1.24479586355404
1.24447713491827
1.24376679577908
1.24280202539269
1.24171525672943
1.24062500765773
1.23971874027851
1.23902768766452
1.23848420610672
1.23807952189164
1.23776705540875
1.23753290094697
1.23733221500479
1.23707706207008
1.23666403226832
1.23594926887356
1.23478721898946
1.23304365467023
1.2306073786387
1.22739850693166
1.2233713267099
1.21851042188859
1.21282010436379
1.20630900840646
1.19897361828022
1.19078603262496
1.18169198873749
1.17162472880663
1.16053838419721
1.1484606686631
1.13555777703393
1.11105486560244
1.07950879613733
1.06371326793799
1.0593286666493
1.04310116043388
1.01906609589224
1.02009432305453
1.02197307959742
1.05023054348911
1.10341031878403
1.14157687645814
1.16029089340758
1.17680636586819
1.19099220706171
1.20294651625751
1.21288791849597
1.22107250345673
1.22774072964972
1.23309217545042
1.23728193865096
1.24043087190887
1.24264199394011
1.24401675043958
1.24466682581765
1.24471943400911
1.24431597481385
1.24360530055508
1.24273350118914
1.24183222252967
1.24108240353215
1.24052347511672
1.24010110975712
1.2398056432236
1.23959657730223
1.23945195989274
1.23931814223591
1.23907623471974
1.23858856148276
1.23768675598899
1.23620396096819
1.23399162280218
1.23093494675483
1.22696412096474
1.22205831695537
1.21624024868835
1.20956089026316
1.20207656636944
1.19382341808111
1.18479645856947
1.17494145328781
1.16416729311365
1.15238404351613
1.13956688467346
1.12583816272221
1.0995986637346
1.06591817090656
1.05012085796364
1.0495102618019
1.03951039181106
1.0116813285837
1.00509734831207
1.00362111751231
1.03209362668781
1.08778251327922
1.12842704805433
1.14845014377735
1.16617493862721
1.18147677666605
1.19448904993265
1.20547151503969
1.21471017371548
1.22245545937866
1.22889595772579
1.234159608398
1.23833207667532
1.2414820054328
1.24368459343387
1.24503780424911
1.24566875550793
1.24573067356961
1.2453926356022
1.24482502571317
1.24418351176746
1.24364607815889
1.24326737714979
1.24301307799393
1.2428732270106
1.24281704242799
1.24281254536658
1.2427965749514
1.24260825585967
1.2420566549696
1.24093427805101
1.239038113677
1.23619229054232
1.23226981323922
1.2272093052888
1.22102207821817
1.21378559705178
1.20562197096213
1.19666410278343
1.18701646067936
1.17672075422494
1.16573815445289
1.15395869900531
1.14124503493145
1.12751129471222
1.11282781177646
1.08472647641595
1.04902332100531
1.03371832738302
1.03757462943617
1.03487205881663
1.00438502134219
0.990568326917791
0.985704596720991
1.01385904482002
1.07117592537153
1.11360923668213
1.13463167350321
1.15334154881647
1.16963738252269
1.18369677387784
1.19582213637807
1.20632214598971
1.21544041382259
1.22332929805645
1.23005910085795
1.2356491197486
1.24010641948969
1.24346030353043
1.24578458795553
1.2472047562079
1.2478914232034
1.2480441064554
1.24786989276831
1.24756092323059
1.24729627537004
1.24715242120301
1.24712177636653
1.2471943535955
1.24735350895053
1.24755524637668
1.24772746212656
1.24765596263341
1.24707400076133
1.24571825265395
1.24333200266808
1.23969597419775
1.23465956690156
1.22816684298068
1.22026983743843
1.21112213752982
1.20094933131181
1.18999937524301
1.17848300715692
1.16651946471159
1.15410439338533
1.14111469499739
1.12735960845333
1.11267864531865
1.09707392626109
1.06728827004832
1.02997952552651
1.0157366624763
1.02453475658537
1.02958563061651
0.997608118916729
0.977303212754968
0.969056386937788
0.996288023613436
1.0542226687552
1.09760316557029
1.119201912416
1.13854725150484
1.1555906534748
1.17057481134161
1.18385559690609
1.19576273886557
1.20651726576482
1.21620636785279
1.22480486292186
1.23222556387053
1.23837862707735
1.24322229069163
1.24679350998011
1.24921502233959
1.25068242490831
1.25143849346602
1.25174195794461
1.25183602604985
1.25190606726679
1.25205638753392
1.25231261899187
1.25266452179519
1.25311471057811
1.25360519708256
1.25405701224891
1.2541913479737
1.25363951577435
1.2520635903317
1.24913248635342
1.2445632297009
1.23816567009853
1.22988316687845
1.21981752026069
1.20822540901087
1.1954787300507
1.18199206867542
1.16813268347663
1.15413659864305
1.14005596239854
1.12575803726298
1.11098674078611
1.09548511437909
1.07916087045586
1.04817241250013
1.0100054930383
0.997474565298165
1.01146955284137
1.02410302486453
0.99174446358757
0.96604425240569
0.95452974811366
0.98016847199799
1.03752202607394
1.08085192636546
1.10250017917816
1.12201551627463
1.13943993957823
1.15511347981395
1.16946846250281
1.18286375367463
1.19548609109048
1.20732547925635
1.2182142855326
1.22790675728348
1.23616993152406
1.2428589828381
1.24795933934137
1.25159159055462
1.25398727873061
1.2554487681855
1.25630442929118
1.25686564614714
1.25733096000864
1.2578376673189
1.25845040607134
1.25915770706141
1.25998701289177
1.26086436813564
1.26170746093689
1.26216201269208
1.26172854488284
1.25997459818754
1.25647138817415
1.25084700554292
1.242849046035
1.23240785992531
1.21968229851807
1.20506493443263
1.18913037252694
1.17252906909554
1.1558510643474
1.13949773633223
1.12360029425244
1.10801312157194
1.09239261582878
1.07635307914983
1.05967265007635
1.02825147689509
0.990312562737926
0.980231580922077
0.999447730120819
1.01888582489752
0.987126810479021
0.95742900330176
0.94289332306374
0.966231449893313
1.02164010624051
1.06378857465989
1.08487075347093
1.10398697579784
1.12131025626861
1.13732011539807
1.15256383912006
1.16745336982116
1.18213879217798
1.19647944633799
1.21010674038969
1.22254770572281
1.23336519757498
1.24227119724057
1.24918432935096
1.2542277021595
1.25768485950096
1.25993812312839
1.26140640627827
1.26248884981326
1.26340617950942
1.26433272329899
1.26537647039036
1.26652278954498
1.26782950943691
1.26920411339727
1.27056563940487
1.27147408696692
1.27126970939751
1.26940686561114
1.26533524626088
1.2585641989817
1.24874717026599
1.23577827798423
1.21987433445018
1.20160124511543
1.18180995969191
1.16148016226964
1.14151193825511
1.12252997690831
1.10476230661179
1.08803260954865
1.07187127994356
1.0557197407067
1.03918500828226
1.00833454677054
0.971993446885807
0.965188383939034
0.989443495785722
1.01436224068349
0.984003127471722
0.951930415212925
0.934723130309582
0.955060670435889
1.00709806444032
1.04686926781396
1.0667130346667
1.08478167628744
1.10141669587206
1.11728595386304
1.13310933762718
1.14940164118148
1.16629361208966
1.18348319007279
1.20032725255741
1.21603275736296
1.22987653764125
1.24137853773277
1.25037832041966
1.25701437462641
1.2616453491051
1.26475730964267
1.26688169618629
1.26852657644627
1.26994671959643
1.27135634236487
1.27290963773154
1.27458397265743
1.27647179839854
1.27845986475856
1.28047188294545
1.28197230081005
1.28211473393054
1.28022788684297
1.27562062822681
1.26765178842733
1.25583786709922
1.23999611580288
1.22038730591558
1.1977881887273
1.1734207875578
1.14872111025007
1.12501483738701
1.10321555766981
1.08365022934789
1.06606639565879
1.04980621346145
1.0340825252567
1.01828809787469
0.989134396015566
0.955908349656653
0.953284349078513
0.982254958916173
1.01088555621695
0.982513443061159
0.949816911002238
0.930353676280866
0.947054034639143
0.994374138940161
1.0306126814901
1.04854395151626
1.06488450044857
1.08016901040603
1.09529974988601
1.11124515434638
1.12871171056589
1.14786798689249
1.16823386146126
1.18879792939587
1.20831645146356
1.22566960135717
1.24013060950531
1.25145888783004
1.25983550598458
1.2657257668491
1.26974394007269
1.272551869298
1.27478560105562
1.27675134820358
1.27870664109817
1.28084845782831
1.28314190563979
1.28571794765312
1.28843006513301
1.29121155395279
1.29341868116348
1.29400142403618
1.29216573571584
1.28707315362649
1.27790366300805
1.26398417842044
1.24499096075308
1.22118673131708
1.19358490861757
1.16389580692585
1.13418687711534
1.10636404623085
1.08169578627292
1.0605731753687
1.04257673150342
1.02677060206279
1.01207843419084
0.997642704340367
0.971274929882285
0.942627356665624
0.945158314517651
0.978446043480913
1.00869576394594
0.982669640945343
0.951140741760112
0.929912500857816
0.942465152456602
0.983926871799076
1.0156348055308
1.03105478908123
1.04503445607236
1.05830097515389
1.07201488312407
1.08747106898236
1.10570069061591
1.12703704073479
1.15084532853767
1.17562753965399
1.19950147794917
1.22080663719133
1.23852147381239
1.25234871657887
1.26255887419951
1.26976253491557
1.2747223307047
1.27823570063341
1.28107122106216
1.28360912918637
1.28617038974853
1.28899597460691
1.29200519921681
1.29534950515003
1.29888189827375
1.30251291174537
1.30546981210324
1.30651012417655
1.30474953491245
1.29921569666069
1.28889134981038
1.27285816125521
1.25056495045007
1.22219393113686
1.18898719023028
1.1532733553213
1.11798900826609
1.08582497077137
1.05844984207643
1.03621371989899
1.01838283075375
1.00363990623105
0.990573692823996
0.978059368769977
0.955363209768044
0.932436424864672
0.941165091796875
0.978323126173046
1.00788676983382
0.984751572569492
0.956772272626882
0.934293424352894
0.941630874840761
0.975198174324903
1.00072946425349
1.01268745085695
1.02333229698719
1.03357441277841
1.04484847820675
1.05887978795857
1.07726033572005
1.10077464560566
1.12873065814523
1.15889961707344
1.1883502293403
1.21459608380609
1.23625411185018
1.25303458710052
1.26539007853276
1.27414757564939
1.28025531037187
1.28465153223545
1.28822338229446
1.29142424741147
1.29471793777508
1.2983924398969
1.30231761597064
1.30679839784855
1.31137820024582
1.31596204066875
1.31963518945707
1.32103999340345
1.31926653791096
1.31322307538425
1.30165718717529
1.28331047108224
1.25725453591355
1.22342986794248
1.18326158784948
1.13993153627527
1.09774428169596
1.06060446031949
1.03062696300555
1.00786853553544
0.991008592742646
0.978195922495353
0.967632646340115
0.957906011379911
0.940254440997697
0.924454658524522
0.941824380582417
0.982889705164971
1.00858003337574
0.991736427550925
0.974581345074407
0.953133499446883
0.951912220935478
0.970549642062754
0.984850222627264
0.990673323792661
0.99551241220023
1.00042426923998
1.00709309544006
1.01780214244521
1.03513189054745
1.06093828724553
1.09472769010431
1.13299373109767
1.17081729310232
1.2042805984228
1.23154942027312
1.25251740799483
1.26803079423893
1.27929544145029
1.28754548743381
1.2938925972683
1.29928181067144
1.30399546119056
1.30860783889683
1.31435201801273
1.32068778743112
1.32634498761784
1.3318807048274
1.33681324858522
1.34028476772674
1.34117506342869
1.33865657471047
1.33150004113633
1.31810782474894
1.2966739162304
1.26557536001638
1.22414215976843
1.1738253755123
1.11914316032073
1.06691463591302
1.0232346935019
0.990709288093059
0.968523978864311
0.954252192065011
0.945288384437856
0.93943768841673
0.935047324675415
0.927266121226967
0.923307087456489
0.957364589750222
1.00071567412254
1.01258540374528
1.00207561230252
1.00446645650147
0.992996952499663
0.985304986206051
0.985208657822907
0.986925954693253
0.987429355668079
0.988259681864306
0.990417458952785
0.995420904202057
1.00531525839822
1.02240283955079
1.04827165796329
1.08224068174624
1.12074744371467
1.15893309012985
1.19298145232231
1.22113600851112
1.2433337784276
1.26045214494383
1.2737386711561
1.28449388124577
1.29392567354256
1.30308811432068
1.31179599235589
1.32024360229955
1.32912504741093
1.33596419997162
1.33927136929724
1.3415860794706
1.34303451065948
1.34312672267673
1.34118276397635
1.33628418366055
1.32711351786808
1.31200969984359
1.28912751632593
1.25682063356039
1.21439430031171
1.16325288815122
1.10785114859318
1.05498122225184
1.01080394275322
0.978090885561275
0.956262061289048
0.943154311269361
0.936425050344125
0.93412475621629
0.934811911858516
0.940692774090219
0.964394936035917
1.00715850098235
1.02866269817105
1.01756860773716
1.00575346843768
1.02119332800424
1.01915035784599
1.01213826798609
1.00516183635339
1.00272008446873
1.00268541983913
1.00430155395918
1.00836892740382
1.0158661499604
1.02781237993827
1.04495057241505
1.06728502519506
1.09373999944113
1.12227358533975
1.15047853773224
1.17633461054065
1.19868041890137
1.21724227965788
1.23238424374378
1.24480675229779
1.25530613948333
1.2646041023292
1.27321441312985
1.280510650788
1.28653973940746
1.29149363816508
1.29556920982699
1.29929124784722
1.30176734803269
1.30293182106262
1.30212442875627
1.29891227061303
1.29273685244311
1.28273552473696
1.26785053142553
1.24702942196032
1.21955634138623
1.18551992216756
1.14628716558386
1.10464236729442
1.06424738299597
1.02855342276386
0.999808258570163
0.978725002683728
0.96483726238667
0.957105698739771
0.954384834441227
0.955662854562717
0.965783525000199
0.994712120673798
1.02442572159176
1.03554361865311
1.01494207158535
0.995005595856079
1.01284840351075
1.01562415882784
1.01301589871559
1.00931624731923
1.00925492478825
1.01097312115866
1.01444756723976
1.02003451454938
1.02799463286284
1.03841733175707
1.05115191553984
1.06578240926199
1.08166222890985
1.09800304380798
1.11400345441538
1.12898155584051
1.14247193590493
1.1542638537405
1.16437611659495
1.1729865794263
1.18034540140151
1.18669560215308
1.19221402761462
1.19651802654716
1.1998706969617
1.20264170903923
1.20479873837444
1.20640187018617
1.20737805408044
1.20748617805305
1.20606180607626
1.20273609992879
1.19714599629564
1.18889529002792
1.17761356635136
1.16305585371736
1.14522767042157
1.12449797074314
1.10164651731508
1.07780688555806
1.05431159689315
1.03248276475008
1.0134312339312
0.997921568803908
0.986322655635735
0.978642010418406
0.974616792928444
0.97381050363066
0.978705681189987
0.99462991891942
1.0094897778325
1.0144095599942
0.99750645308976
1.01160896310365
1.03236607899359
1.02714456737045
1.01091768722924
0.995736360227431
0.994521792689215
0.998994011866833
1.00806262760673
1.02229463241452
1.04198331118647
1.06693946069533
1.09632560437352
1.12862287683595
1.16329808724252
1.1963783755098
1.22661879887153
1.25263669958262
1.27353415742728
1.28922037760965
1.30020766560111
1.30731816520163
1.31143818044676
1.31336486690421
1.31373909975958
1.31311730273611
1.31211610695598
1.31083755883465
1.30937870633186
1.30767026781084
1.30572742267091
1.30335195776942
1.30017620261266
1.29610536537489
1.2905544349471
1.28274839248957
1.27180407368894
1.25688529103124
1.23743557131054
1.21344745508683
1.18565465356111
1.15519571675987
1.12327839291287
1.09347654839836
1.0661588461388
1.04276306955181
1.02404688205677
1.01016881865452
1.00083587143391
0.995504946766732
0.993862182702099
1.00295813446129
1.01441861651584
1.01932869814838
1.00450287498305
1.03403665531547
1.06291001822446
1.05085042635846
1.01448791432297
0.98103566993128
0.972692567172804
0.974812304666611
0.98311041727192
0.999176004407347
1.02503691410852
1.06295011313798
1.11438037713336
1.17805030368929
1.24164796406233
1.306847079556
1.3625556313706
1.40404580248488
1.43192663494079
1.44878210444558
1.45762465074518
1.46116560685994
1.46154574567428
1.46025828829183
1.45813738828683
1.45566023696867
1.45296034457331
1.44993519373381
1.44697798992813
1.44391765197175
1.44073633750602
1.43756035454528
1.43473471663219
1.43238653168081
1.42953703348393
1.42459475371867
1.41540881165352
1.39935661315613
1.37359603602627
1.33573461061814
1.28519306833
1.22641378726951
1.16866052291445
1.11046054662696
1.06346847257475
1.02857884357179
1.00445336002381
0.989016980657079
0.980387802514165
0.977041130392107
0.980757632181699
1.00104409261682
1.02435771520333
1.03687125005446
1.02136693337434
1.04047484987102
1.06830102073512
1.05080363401521
0.996664928692578
0.957412897456042
0.948290471547717
0.948644799097603
0.954233193625835
0.966981145447578
0.98974220785673
1.02658738184726
1.08352739018936
1.16641256345875
1.29314808585554
1.39262139292417
1.46029846031026
1.50273297926918
1.52593825254642
1.53578888426826
1.53713554642322
1.53370747492264
1.5282194341186
1.52255509629039
1.51791445345956
1.51498907225547
1.51332467880371
1.51087502423829
1.50593430994781
1.49905924237344
1.49296087683258
1.48915233574244
1.48831835019389
1.49010054308322
1.49293570591531
1.49474038429386
1.49276194398191
1.48339391160399
1.46206469861081
1.42329354693643
1.36158544910107
1.27034466809335
1.1564498294083
1.08289642586339
1.0313501890134
0.997517327331517
0.976128966079935
0.963631611811821
0.957484042055386
0.955956667907993
0.961398115272108
0.985033710738721
1.01469321595725
1.03406627246086
1.023892345962
1.0385164852137
1.05382285089639
1.02738945387985
0.979834365484804
0.954931462386403
0.952880995065136
0.955679498798199
0.962719839208838
0.97598805937113
0.998403650957908
1.03412369414899
1.08927919909807
1.17026750924556
1.29473787514327
1.39478014823941
1.46293959074329
1.50501520871515
1.5270521781312
1.53503357111403
1.53386331578171
1.52725085313513
1.51783015475912
1.50736215705048
1.49694346409215
1.48812156547022
1.48119395073432
1.47537383561021
1.47060849990308
1.46740519398562
1.46679182288993
1.46909544698407
1.47429954425627
1.48121212155335
1.48840826491091
1.49395834171149
1.4952202038727
1.48863444626836
1.4695932525204
1.43248706861209
1.37161752229484
1.28060382124698
1.16744808562109
1.09331907797297
1.04140439562087
1.00698482246727
0.984625099977727
0.970638838620116
0.962421808008533
0.958236697449731
0.957548689672167
0.971902099475503
0.99721187883746
1.02013948369261
1.019658885341
1.03538099954797
1.04128822480399
1.01658723420653
0.98809547960108
0.978127689108622
0.983729913190193
0.990950578471914
1.00239681565187
1.01991451692435
1.04605264926377
1.08396627664682
1.1366611609477
1.20471175005844
1.27730616874711
1.34851946769565
1.4062451821645
1.44636019837014
1.47036248328088
1.48158927160008
1.48358160557351
1.47940610488793
1.47147792478088
1.4616130472775
1.45118772974017
1.44226728689783
1.43538205311626
1.43024549813024
1.42708751085109
1.42582049573934
1.42669809742318
1.43004086769565
1.43581394120465
1.44252900574761
1.44865736446621
1.45228624687215
1.45098451537607
1.44174114846216
1.42109771511035
1.38573213915168
1.33391250196507
1.26912706859194
1.20192599512467
1.13782270663195
1.08719085436685
1.04972164900256
1.02290838745637
1.00400054857768
0.990754924445347
0.981536733872677
0.971955878406759
0.973131918899536
0.98885528783438
1.01009851211836
1.0158182177094
1.03463080146235
1.03761744158909
1.01671696065209
0.998959711089433
0.998143516933416
1.00866208389845
1.01846835918935
1.03228787297849
1.05163403805463
1.07838297342313
1.11435026480338
1.16029131905733
1.21403510873736
1.27139312993297
1.32644431485123
1.37351065040753
1.40873705368746
1.43160440611382
1.44371695978803
1.44746402849951
1.44525613358293
1.43919902906886
1.4310277696361
1.42217171574425
1.41462824116308
1.40894258039523
1.40482456599168
1.40235267837762
1.40142581245265
1.40225217581461
1.40510522083401
1.40991571461143
1.41531074241075
1.41982011014139
1.42165750770879
1.41868558997706
1.40847324209486
1.38857749686919
1.35722737764359
1.31456666487269
1.26381185255657
1.2100539112051
1.15876582284145
1.11394561411249
1.07784348664352
1.04997625760083
1.02883589068698
1.01281186497915
1.00058880138299
0.985408333000712
0.978433569133429
0.987926196748989
1.00701392194425
1.01487627369255
1.0350281715068
1.03745707166585
1.02066481990554
1.01077591260684
1.01729121372875
1.03174080462482
1.04338698068361
1.05860882526662
1.07854079619293
1.10442088962659
1.13714271559762
1.17655228889728
1.22097681079843
1.26727203278107
1.31155146433256
1.35001054651401
1.37996127227704
1.40049615165399
1.41228519883229
1.41687101536782
1.41607155223573
1.41164086549274
1.40513510069981
1.3978951918765
1.39169598736721
1.38703624571226
1.38367357748602
1.38166708498307
1.38092636915255
1.38159569007907
1.3838713660025
1.3876496658243
1.39173945496999
1.39481869759215
1.39530782103604
1.3914091553274
1.381234661712
1.3631141165521
1.33614801845789
1.30088451780163
1.25957203517066
1.2155958264937
1.17255361472469
1.1334676587026
1.10005277042735
1.07263437721946
1.05054848806788
1.03278564097967
1.01840583987939
0.99888397296357
0.985472482465354
0.989950414800557
1.00675838016478
1.01524539387118
1.03647366965854
1.04009509128789
1.0278046697064
1.02456603752625
1.03736420698895
1.05510923800889
1.06809174163429
1.08405107617127
1.10374807520079
1.12791088060707
1.15688950798077
1.1902849011852
1.2267320520521
1.26402096075296
1.29947177878921
1.33051015064706
1.35525004368125
1.37287007032897
1.38359823866402
1.38839372606065
1.38856992316932
1.38551723905944
1.38054992149852
1.37483831778385
1.3698839428958
1.36613991063282
1.36342746396436
1.36179903036016
1.36117371123093
1.36165096735552
1.36335528259342
1.36614913173372
1.3690379016671
1.37089422916454
1.37039407647465
1.36609589296545
1.35659023346241
1.34076160038907
1.31815047921327
1.28927779096855
1.2557001370763
1.21969890223285
1.18374997942944
1.14997639405658
1.11977284603237
1.0936611395321
1.07147072008473
1.05267320749924
1.03669991031352
1.01361234055039
0.994690634683285
0.994724641541856
1.00897978955951
1.0168505581899
1.03890209610898
1.04524783900829
1.03764340077402
1.03996271999456
1.05776285994464
1.07795209881127
1.09172536526496
1.10782051717802
1.12668639410531
1.14870156959878
1.17393879118054
1.20195323649642
1.23169219027468
1.26158093771801
1.28977999962788
1.31453724217581
1.33453936764485
1.34914237670903
1.35839995520709
1.36291586732791
1.36362418095313
1.36159117048992
1.35787753342398
1.3534547161013
1.34955503014632
1.34658081520813
1.34440577039671
1.34307654527187
1.34252273239113
1.34281187801693
1.34401352737991
1.34597346125641
1.34788514925958
1.3488225711258
1.34771885810585
1.34345416256909
1.33499220347434
1.3215741389305
1.30293905088275
1.27948624775889
1.25227863720446
1.22285183373277
1.19289654868476
1.16392406241122
1.13700956005385
1.11269361786815
1.0910518490285
1.07188430876799
1.05493012812855
1.02923112084876
1.00594359001159
1.00221122386654
1.01371515465897
1.01971861772903
1.04210600598739
1.05238420845518
1.04952017071026
1.05645966919235
1.07800267116261
1.09975204848606
1.11381557645784
1.12956939269444
1.14722647839478
1.1669420803916
1.1886548235156
1.21196087052161
1.23607121827435
1.25987939329061
1.28212734583645
1.30162824122106
1.31748293153571
1.32922510403976
1.33685525466645
1.34077086740781
1.34163918989125
1.34026383751604
1.33747554783078
1.33405348318273
1.33098842653917
1.32862541688462
1.32687406307143
1.32577546869527
1.3252676757765
1.32539586470403
1.326191569974
1.32750156789125
1.32868884660307
1.32901277626309
1.32763559221315
1.32370191855411
1.31644833707783
1.30533827767498
1.29019590533466
1.27129132345945
1.24933029286327
1.22533580400498
1.20045372743557
1.17574259185759
1.15200967444669
1.1297367759767
1.10911135040249
1.09013870421466
1.07278644447302
1.04547000571261
1.0190125443668
1.01219769869874
1.02079499534379
1.02375553964475
1.04576067271844
1.06076711601775
1.06258295986855
1.07337364297244
1.09759532022121
1.12014101923888
1.13409870888374
1.14917908005816
1.16542794943059
1.18286388965516
1.20137005552934
1.22061384921524
1.24002412836025
1.25883808109771
1.27620879532523
1.29134562015147
1.30364940823481
1.31280572830385
1.31881383605355
1.32195308706235
1.32270841883365
1.32168243838652
1.31951443749321
1.31681505445604
1.31437164156345
1.31246912339175
1.31103726386175
1.31011050496945
1.30963298202042
1.30963496085522
1.31012433319479
1.31096160328907
1.31165464068747
1.31162188868505
1.31021524851102
1.30678508161692
1.30076234832632
1.29175018700113
1.27960640066024
1.26449039302192
1.24685187221483
1.22735627022229
1.20676498976156
1.18580446531586
1.16506128891742
1.14493252756188
1.12564228949906
1.10731430396211
1.09007153203144
1.06206346011198
1.03354941193496
1.02427930966391
1.0298505750768
1.02875361518052
1.04945860719033
1.06949164152711
1.07578358626425
1.08982687233841
1.11597082971075
1.13877315396763
1.15236804677051
1.16659270749479
1.18138069786538
1.1966721479349
1.21233780240896
1.22812328074856
1.24363264578174
1.25835762822337
1.27174525549009
1.28328589374482
1.29259823022133
1.29948937974379
1.30397700884332
1.30627298108775
1.30673892391944
1.30582864070947
1.30403022107301
1.30181537181747
1.29980832079538
1.29823523441737
1.29703331690923
1.2962295228398
1.29577170611462
1.29568065594239
1.29595145599612
1.29646551194897
1.29684905389529
1.29665047086668
1.29537168910732
1.29251832114114
1.2876590359681
1.28048720229943
1.27087265204377
1.25888875939963
1.24480339441275
1.22903212591768
1.2120643524123
1.19438244520063
1.17639689071459
1.15841612941078
1.14065978230722
1.12331048132435
1.10658618383992
1.07867407333859
1.04904517166556
1.03785553091955
1.04032656019994
1.03440619906217
1.05275119585252
1.07753250202141
1.08789645255381
1.10475214346406
1.13243925968833
1.15524652647783
1.16837974381058
1.18171687283442
1.19512051565687
1.20849143637747
1.22171214132164
1.23460389632532
1.24691068452561
1.25831399177858
1.2684732471932
1.27708005095199
1.28391138190252
1.28886833528883
1.29199209982924
1.29345596590862
1.2935383729219
1.29258518380944
1.29096914599042
1.28905216796383
1.28733278563204
1.28598306206728
1.28493868934328
1.2842187934002
1.28377291746242
1.28361612701099
1.28373795205301
1.28404311770304
1.28425094977899
1.28401213522378
1.28294374005382
1.28066660838
1.27684744927408
1.27124027343933
1.26371942607896
1.25429582106927
1.24311052914823
1.23040555198462
1.21647857697974
1.20163405326561
1.18614501041277
1.17023787882908
1.15410652637348
1.13795315769208
1.12204424169065
1.09483690241995
1.0648176176729
1.0521381358972
1.05149871117406
1.04032887719525
1.05519579067154
1.08381254549289
1.09756320647852
1.11692441768494
1.14619437132005
1.16907998392124
1.18181942354787
1.19438572838598
1.20660046456608
1.21835186097256
1.22954878767961
1.24008323698278
1.24981181941284
1.25855924085702
1.26614018044798
1.27239158089744
1.2772056239652
1.28055464592658
1.2825024038173
1.28320027439414
1.28287071273566
1.28178250033308
1.28022268790508
1.27846920560474
1.27692691499893
1.27572053952066
1.27477886153409
1.27411338013476
1.27367376776259
1.27347170510799
1.2734953166131
1.27367147507581
1.27379024836441
1.27358033939449
1.2727451334634
1.27099010247771
1.26805239851608
1.2637287813526
1.25789696436675
1.25052556674989
1.24166971345538
1.23145279392093
1.22003900442973
1.20760466329307
1.19431767658789
1.18033328740178
1.16581037044153
1.1509466838128
1.13602487920728
1.1099234411169
1.08000527124453
1.06615794412233
1.06249568131916
1.04608740178449
1.05640492912638
1.08730788107009
1.10338741815105
1.12504454075544
1.15637343772015
1.17974678447795
1.19232360874927
1.20437476358029
1.21570285260642
1.22620352125586
1.23582259152952
1.24451891762481
1.25224201076142
1.25892685835597
1.26450329934597
1.26891423966738
1.2721359008655
1.27419400278522
1.27517181306507
1.27520861748927
1.27448956358627
1.27322939503764
1.27165312437174
1.26997639826304
1.26853622051929
1.26741785106507
1.26654080258202
1.26590957661098
1.26547294535975
1.26524040421258
1.26520035760634
1.26529807649283
1.26537534940475
1.26521836028766
1.26459362195369
1.26326803570648
1.26102977790047
1.25770726401162
1.25318303627258
1.24739978360251
1.24035708037054
1.23209968778411
1.22270084845354
1.21224612898034
1.20082427232351
1.18853070538412
1.17548663270242
1.16187222368802
1.14796715784155
1.12312884567464
1.09355738286901
1.07876083208882
1.07233195383593
1.0512329570837
1.0560913629567
1.08720037422255
1.10414742127087
1.12794220261277
1.16219378115458
1.18676046366309
1.19954347969748
1.21144821479955
1.22227640694631
1.23194786672397
1.24045468444233
1.2478207738892
1.25407499031214
1.2592394892289
1.26333097028545
1.26637024507893
1.26839487618554
1.26947021038715
1.26969556978987
1.26920416897499
1.26815699797291
1.26673208562462
1.2651110959703
1.26346520323029
1.26208343140801
1.26101988249647
1.26018489596529
1.259576892267
1.25914327332764
1.25889164580464
1.25881057157193
1.25885812462897
1.25891172848488
1.25879783646707
1.25832742103236
1.25731100055986
1.25557372515718
1.25296849585581
1.24938500344616
1.24475302221726
1.23903938542233
1.23223968269265
1.2243675033345
1.21544550688224
1.20550322709288
1.19458591488513
1.18277669707533
1.17023072697606
1.157214648869
1.13350597267818
1.1042370890529
1.08861790333581
1.07997400785569
1.05534351838201
1.05410159559677
1.08305170276253
1.09917445199838
1.1249467840398
1.16315457153729
1.18978850936741
1.20322688727321
1.21541926909602
1.22618231866025
1.23547435416172
1.24334190337517
1.24987341914723
1.25516761866604
1.25931713084837
1.26240485463098
1.26450880194176
1.26571080595186
1.26610505765775
1.26580362199827
1.26493750360093
1.26365314236964
1.26210518074108
1.26044685872788
1.25881950800418
1.25747890200622
1.25645631138603
1.25565493128335
1.25506817236802
1.25464218017776
1.25438226278194
1.25427580290023
1.25428671027038
1.25431404382809
1.254209851997
1.25381416191688
1.25296695115422
1.25151970002702
1.24934489008979
1.24634187611004
1.24243804613536
1.23758514408528
1.23175195062377
1.22491593887986
1.21705767954857
1.20816228298633
1.19823169362759
1.18731001370452
1.17552101245551
1.16311091485105
1.14008163240574
1.1107223517674
1.09434791352718
1.08446462808347
1.05806697776389
1.05043251314359
1.07492322154869
1.08869476543327
1.11623807648531
1.15921828619718
1.18874656417446
1.20328566328917
1.21620060975867
1.22733374963074
1.23669196077545
1.24438170226629
1.2505549582056
1.2553724374834
1.25898380073161
1.26152161657187
1.26310447769024
1.2638446006388
1.26385595036785
1.26326010768002
1.26218841591509
1.26078013409946
1.25917720592492
1.25751675438017
1.25592257064536
1.2546277523802
1.25364887028134
1.25288550025724
1.25232715909759
1.25191946547533
1.25166447234218
1.25154635534619
1.25152680481519
1.25151354403154
1.25137117114222
1.25095540928424
1.25012376936955
1.24874545015323
1.24670893982752
1.24392590568274
1.2403304855609
1.23587405605188
1.23051683540822
1.22421904446844
1.21693547484306
1.20861786001646
1.19922908338697
1.18877177032802
1.17733086783327
1.16512327355345
1.1420560969137
1.11189552408838
1.09483578170141
1.08509824580077
1.05915964168489
1.04523001308173
1.06335813684181
1.07376272749119
1.10280832896633
1.15084330072837
1.18382758587307
1.19982153440493
1.21382834432977
1.22571738976273
1.23554784634626
1.24348751038206
1.24974862284365
1.25454528137863
1.25807116239877
1.26049308530261
1.26195488987911
1.26258629846856
1.26251240663052
1.26186081316374
1.2607648452363
1.25936259986293
1.25779243957156
1.25618608922575
1.25466063669334
1.25343394953939
1.25251573244766
1.25180660847766
1.25129327067966
1.25092219935506
1.25069082215045
1.25057785395066
1.25053379233418
1.2504619605155
1.25022717023479
1.24968840185025
1.24870981014617
1.24717070867257
1.24497281428243
1.24204314896702
1.23833158138597
1.23380308496931
1.22842626418642
1.22216127953645
1.21495162802892
1.20672494582878
1.19740775672391
1.186957566833
1.17541228750392
1.16295018699367
1.13900923885788
1.10721305224071
1.08960661843574
1.08158316722603
1.05851466077301
1.03877333810317
1.04921944120075
1.05578684998876
1.08601088453722
1.13882504837941
1.1754541045514
1.19310411940381
1.20845359625394
1.22139234617781
1.23202977209012
1.24059225010798
1.24734580755073
1.25254688346658
1.25641829125026
1.25914423931921
1.26087733092184
1.26175096598928
1.26189190853675
1.26142953954809
1.26050011977925
1.2592459253567
1.25781018458731
1.25632928158114
1.25492379539337
1.25380165656525
1.25297319071575
1.2523455796068
1.25190363975264
1.25159681456058
1.25141623994872
1.25133312151518
1.25127699487491
1.25113252533846
1.25075222717
1.24998576342951
1.24869299550363
1.24675587807059
1.24408699511444
1.24063255056193
1.23636828304111
1.231288155659
1.22538760999329
1.21864527562093
1.21100880149185
1.2023914716768
1.19268611546453
1.18180110946216
1.16971923664331
1.15657300329634
1.13099569278364
1.09686965623468
1.07896094513791
1.07410414103971
1.05617778076898
1.03144638327762
1.03349951268842
1.03606234618888
1.06708840788168
1.12407103027175
1.1641820085444
1.18351377931636
1.20030822770915
1.21446973832827
1.22615406989538
1.23564099458302
1.24324103001647
1.24923870551584
1.25386761067538
1.25730893537878
1.25970425849386
1.26117407555212
1.26183536098477
1.26181384551809
1.2612491549505
1.26029302622926
1.25910216574756
1.25782787786265
1.25660455355995
1.25563421982996
1.25493491870069
1.25442648252661
1.25409260311098
1.25388855977305
1.25379734553484
1.25378122945608
1.25373835759496
1.25351828196731
1.25294771762301
1.25185328439751
1.25007847635463
1.24749962172274
1.24403778727439
1.23966332683938
1.23439047347541
1.22826124580404
1.22132073935618
1.21358894673211
1.20503679948479
1.19557551129227
1.18506812983251
1.17337011434257
1.16040105024622
1.14624130526619
1.11848936658467
1.08164443814796
1.06378619138576
1.06326801991997
1.05234706868148
1.02370002927736
1.01720579879575
1.01568172411323
1.04706546527721
1.10745428628068
1.15060415578143
1.17147472022386
1.1896598928772
1.20508261763469
1.21794521933439
1.22857657854617
1.23732120365462
1.24447445495105
1.2502578638187
1.25482387872272
1.25827794469992
1.26070656830927
1.26220236262491
1.26288041553064
1.26288391813456
1.26237999230817
1.26154846558365
1.2605668671458
1.25959455315443
1.25883120389786
1.25830920032705
1.2579674354515
1.25778895435638
1.25773856502079
1.25778919199428
1.25789376987282
1.25790818367387
1.25762741874582
1.25683721669539
1.25532530411146
1.25290440903165
1.24943501158071
1.24484352292134
1.23913069104232
1.23236563138535
1.22466352290182
1.21614933953079
1.20691478320679
1.19697939917893
1.18626869220024
1.17462156172838
1.16183644375185
1.14775968358643
1.13240918587832
1.10225295363558
1.06265025640623
1.04529495805904
1.04999468966924
1.04735453687581
1.01601252120265
1.00133101737349
0.995693853372033
1.02690035894357
1.08978037342049
1.13529089773052
1.15740396468676
1.1767733148045
1.19335775015178
1.20741504129611
1.21932363946623
1.22945288470318
1.23808969144996
1.24541568360091
1.25152185473768
1.25644495063209
1.26021002557733
1.26286654030301
1.26451020298971
1.2652882842191
1.26539077285997
1.26503225321462
1.26442964731682
1.26377987302025
1.26328397138366
1.26299465004753
1.26287630112612
1.26291142891205
1.26307889538788
1.26333965654429
1.26363832536268
1.26377756012248
1.26347491585266
1.26245791482661
1.26045657900926
1.25723482179582
1.25262350498105
1.24654916978237
1.23905013487677
1.23027169497476
1.22043594479266
1.20978881800404
1.19853483607053
1.18677595469847
1.17447313794517
1.16144770693229
1.14743463866713
1.13219189580532
1.11565648764545
1.08321859950019
1.04120432869241
1.02490454846717
1.03541097199889
1.04163335746485
1.00885339310409
0.986845883318964
0.977207422072095
1.00759968428598
1.07181110843238
1.11877245805252
1.14168866934323
1.161890014979
1.1793994638789
1.19454958125784
1.20777715689863
1.21947183585585
1.22989253853349
1.23914785405609
1.24722570308647
1.25405146758642
1.25955261442903
1.26371127855558
1.26659343580902
1.26835227060709
1.26921094283075
1.26943349683919
1.26929201716077
1.26903545934728
1.26887047491671
1.26887516258521
1.26904553810539
1.26936314865265
1.26982619753174
1.27038186424514
1.27096914407043
1.27132693101262
1.27106934927231
1.2698465591864
1.26730866976588
1.26314771118932
1.2571453878684
1.24921873746505
1.23945049561476
1.22808918847864
1.21550930031876
1.20213394454873
1.18833621061307
1.17434476190643
1.16018156877949
1.145655405055
1.13042565872788
1.11413876321182
1.09662297334039
1.06240474815583
1.01876854251982
1.00418414168969
1.02075738821658
1.03567584666455
1.00265200294204
0.974657052393004
0.961339283417143
0.990191247243132
1.05427641994104
1.10154572989713
1.12469044570447
1.14523226899563
1.16329339460076
1.179311254974
1.19380179050739
1.20717966810357
1.21965894420277
1.23123679967417
1.2417449880016
1.25094100839599
1.25860677399917
1.26462626477864
1.26902448644694
1.27196549730368
1.2737205041502
1.27462187698467
1.27501569996766
1.27521943546746
1.2754501914388
1.27581514761682
1.27634731082465
1.27702611376551
1.27787492714994
1.2788253588806
1.27981523238261
1.28051023295205
1.28039329955445
1.27901743541966
1.27592775373111
1.27071526227635
1.26308425423094
1.25292421835623
1.24036583103357
1.225793796207
1.20979600451866
1.19304996264335
1.17617275996636
1.15957637320929
1.14337145950502
1.12735269087819
1.11108089894735
1.09405717978554
1.07596457110013
1.04084398491917
0.996842325563207
0.984741646357826
1.00728517429694
1.0299868443351
0.997768696073042
0.96552486913395
0.949059023878267
0.975596486267921
1.03785094652236
1.08408975896172
1.10677072977184
1.12703322972468
1.14513657113411
1.16166409548071
1.17724912828864
1.19235305451204
1.20713651172225
1.2214424323322
1.23487803587567
1.24695665240417
1.25725008308873
1.26550537202754
1.27169644429733
1.27600951408092
1.27878561058275
1.28044924081703
1.28144215828385
1.28216834575808
1.28286045014844
1.28365646230727
1.28463048482662
1.28575742832268
1.2870916563893
1.28854726262524
1.29006653229056
1.2912342287074
1.29137564159417
1.28992920406947
1.28630948948215
1.27997138770595
1.27050140600107
1.25772862715466
1.24182565009513
1.22335058153795
1.20318618577592
1.18237130353601
1.16186942089741
1.14234617708468
1.12402515072634
1.10666917543226
1.08969852056809
1.07242143484133
1.05433251041926
1.01950340571102
0.976785217854705
0.96803266309204
0.996133904774496
1.02503590351585
0.994467248622711
0.959976054324872
0.941029919950214
0.964491903758924
1.02311762912495
1.0668875734625
1.08833439420573
1.10759504914931
1.12510112960654
1.14163246427424
1.1580027999171
1.17477310570413
1.19206237734039
1.20951485886887
1.22642361370804
1.2419516122916
1.25537167897588
1.26624652281464
1.27449491696144
1.28034832441709
1.28424901203698
1.28674212350416
1.28838781834352
1.28969472927575
1.29091572214869
1.29221877628784
1.29372105542211
1.29538886833457
1.29731260917607
1.29938538452363
1.3015595272894
1.30333323076101
1.30385432766175
1.30243738550705
1.29834583782379
1.29086004382195
1.27939364660459
1.26365867993271
1.24384221292489
1.22071115770083
1.19555107004768
1.16991278203014
1.14524703014449
1.12255768734502
1.10218956069493
1.08382194108241
1.06666172515651
1.04976146757927
1.03238180900146
0.999217635985187
0.959635123988018
0.955167311482001
0.988213200768422
1.02121062795177
0.992889558298364
0.95825081089573
0.937540091401837
0.957249115243112
1.010553800383
1.05045801812876
1.06988934785002
1.08737506844934
1.10353988689929
1.11940994944686
1.13607054030967
1.15428949754264
1.17420456083245
1.19522611367564
1.21621134464877
1.2358161262719
1.25288846748204
1.26675415666246
1.2772900567972
1.28481604134742
1.2899187279477
1.29329475379407
1.29564215496105
1.29758876354577
1.29941132072254
1.30130516629085
1.30342987720012
1.30573451096732
1.30834702303643
1.31113566513637
1.31406432761305
1.31653991245459
1.31752922774861
1.31623122704658
1.31175072409589
1.30315797202974
1.28962542885091
1.27065908460928
1.24639199780194
1.21781607279431
1.18675830694243
1.15550045210261
1.12618048672821
1.10023498219621
1.0780929391998
1.05923494162152
1.04254176081004
1.02673952470429
1.01081823574958
0.980677195826856
0.946015487123076
0.946813222630859
0.98412473759822
1.018773624026
0.993035745375841
0.960296713583557
0.938548591059305
0.953982308347735
1.0005518981672
1.03539009548526
1.05210763521273
1.06708593626627
1.08113238828525
1.09554144738523
1.11176840343726
1.13096812237196
1.15346604887975
1.1784547781295
1.20418104903035
1.22853991237733
1.24977745619864
1.26694378196462
1.27992513701999
1.28920048984137
1.29555370975864
1.29986116879156
1.30296878215202
1.30562700364871
1.30813398023217
1.31071125136976
1.31355839402342
1.3165947393248
1.31998641934491
1.32355916008501
1.32727494112593
1.3304502863154
1.3319057167485
1.33075994875927
1.32597056071302
1.31637320483629
1.30082791375888
1.27851540707253
1.24938425325268
1.21460974948563
1.17671781026473
1.13905039960648
1.10473110486113
1.07570511419871
1.05233851211087
1.03370557057332
1.01822436881586
1.00424397132087
0.990474427942894
0.964504315210093
0.936169912596584
0.943229570824596
0.984142924573707
1.01782617442752
0.995175926763938
0.966975322862423
0.944970286210432
0.955062649498894
0.992536807096559
1.02042268092096
1.03335484782386
1.04472154483141
1.05547922017758
1.06718313586022
1.08177132623565
1.10111816504855
1.12619957359229
1.1561649142623
1.1882418523507
1.21892095950543
1.24547728892222
1.26666803097128
1.28252721878862
1.2938343252435
1.30166679475738
1.30713319730295
1.31124803672481
1.31488791881506
1.31834824843732
1.32187202668662
1.32570238229501
1.3297253083412
1.33412230151652
1.33857437623344
1.3430258008431
1.34675961392884
1.3485469828581
1.34747920904011
1.3423722101949
1.33178025325591
1.31413473166135
1.28808653209341
1.25313381644958
1.21047637209017
1.16360115239373
1.11767722618296
1.07752393848292
1.04563931441056
1.02188847795406
1.00453089564199
0.991332194995717
0.980222969693434
0.969633394171515
0.949542457883058
0.929507123395112
0.945057003956956
0.98926209636208
1.01848646363344
1.0023130626932
0.986352757683385
0.96673431066616
0.968136054042962
0.988914047162088
1.00432366732118
1.01057097822799
1.01561247833318
1.02046142627799
1.02682565984812
1.03719730192294
1.05477998693157
1.08238766395022
1.11977574620801
1.16212872990787
1.20283887934867
1.23738744088618
1.26433967567209
1.2842587338743
1.29854477786974
1.30877962445933
1.31643400607692
1.32276402959805
1.32879980736669
1.33466427912368
1.34071616229007
1.34724276809009
1.35326980681348
1.35846377062336
1.36288941674283
1.36698840043858
1.37010565194876
1.37126829481147
1.36958341003822
1.36368371048923
1.35171894940303
1.33145229836432
1.30058464308809
1.25754353227838
1.20303610512986
1.14198700007452
1.08334935783748
1.03545675114128
1.00122574048865
0.978825952155248
0.964888874840753
0.9563017170994
0.950623988513409
0.946075027375634
0.937274680803507
0.932818847543257
0.963764254646165
1.00838647701674
1.02265784197201
1.01252652479575
1.01686481779823
1.00710920396328
1.00168281746624
1.00319350206431
1.00550199203104
1.00620559765478
1.00710284026236
1.00916514422582
1.01393072973398
1.02363242956563
1.04114881047617
1.0689574516616
1.10657004880821
1.14911293585757
1.19009421129794
1.22515367378287
1.2529517664654
1.27408496796317
1.28996842334283
1.30221078856254
1.3123340515093
1.32166899352232
1.33131488221607
1.34088924435719
1.35032876896773
1.3592675574697
1.36573766336288
1.36933357109115
1.37101414142316
1.3719418408952
1.37186813508205
1.37029674719275
1.36628509923265
1.35839958305601
1.34474101149861
1.32304707315776
1.29101084634815
1.24704656819993
1.19180062689841
1.13008269724377
1.0707759095072
1.02229415066373
0.987771367296112
0.965670038901335
0.952932714541939
0.946743198368572
0.944930403438508
0.945936140723393
0.951919815627118
0.97505636201005
1.01453519046723
1.03845919603876
1.02773170718035
1.01545877589591
1.03304185065284
1.03225320442083
1.02681408703519
1.02129493603564
1.01956536423206
1.01989161273673
1.02187942885179
1.02637824217974
1.0344523389269
1.04725153594186
1.0656401132191
1.08959105274445
1.11777003583244
1.14776818789903
1.17686130252877
1.20289687037371
1.22481175905613
1.24256971986165
1.25678776424306
1.26836579350015
1.27822712910383
1.28714851679025
1.2956266161275
1.30293776457397
1.30899894948549
1.31412418729886
1.31835511819625
1.32196478580486
1.32449637211602
1.32576042905309
1.32520670939581
1.32246557006984
1.31697944077767
1.3078091562724
1.29373405487512
1.27344463218683
1.24589170967515
1.21084336205242
1.1695474452136
1.12504591428504
1.0815702196228
1.04318402087992
1.01253504302758
0.990378395713691
0.976042207912629
0.968241818454745
0.965644924286238
0.967118383346125
0.977508190951531
1.00599684395425
1.03510969590952
1.04640948232492
1.02460808065651
1.0028195532306
1.02261669599477
1.02640111925446
1.02470939563856
1.02190122294417
1.02238417564276
1.02444966421697
1.02831623686674
1.03435511730588
1.0428335148462
1.05382638968595
1.06714129424325
1.08230515071817
1.09861215811271
1.1152158222174
1.13127671975325
1.14611033187474
1.15928111691037
1.17063220939782
1.18024773448628
1.18836737883979
1.19528851250921
1.20128223838569
1.2065363607681
1.21068033259944
1.21395790983679
1.21667726529509
1.21882175613276
1.22050040651349
1.22156432046251
1.22183113105297
1.22064533399979
1.21761688336159
1.21235991863307
1.2044360487041
1.19341296062596
1.17897221016883
1.1610520131777
1.13998330039891
1.11655236798904
1.09194346843897
1.06757687596731
1.04487777645961
1.0250443569718
1.0089059897094
0.996864976939032
0.988923173567333
0.984784014866213
0.983965386792178
0.988970293912831
1.00496499998312
1.01963997884392
1.02404696487955
1.00537129908728
1.0200759098208
1.04375592668794
1.04060525760723
1.02633973934906
1.01289095669317
1.01257540343151
1.01755735453817
1.02713283292384
1.04185826965371
1.06199724722819
1.08732259410684
1.11693658568258
1.14954991262185
1.18401987292337
1.21632869379327
1.24584113689576
1.27096084090902
1.29087255946459
1.30556886245238
1.31564139354024
1.32196675530107
1.32545918827024
1.32692109446815
1.3269820391341
1.32618841742497
1.32510301336563
1.32380144459042
1.32239969435918
1.32082392830375
1.31907263005943
1.31699395562212
1.31427470152612
1.31081777571392
1.30605339065914
1.2992050366374
1.28936258357841
1.27563170023964
1.25736712854447
1.23446602442167
1.20756265486793
1.17807024961604
1.14641423085636
1.11619801805499
1.08857065630919
1.06465985142834
1.04529107350051
1.03066814764078
1.02054021502263
1.0143891115094
1.01127302327584
1.01788676505042
1.02693421093104
1.02969014245133
1.01229748522604
1.04433333946984
1.07620524057154
1.06690012601221
1.03462978444764
1.00442602470046
0.997681368432874
1.00087758177929
1.01049091780861
1.0281567191957
1.05590632062345
1.0958642736336
1.14923820199225
1.21296971024944
1.27703217488621
1.34323415280175
1.39738882660146
1.43652532397525
1.46179399707126
1.47620295951365
1.48297705284815
1.48491721249022
1.48417289590825
1.48219393893762
1.47973942232868
1.47719980824762
1.47464084796831
1.47183349860533
1.46895674199492
1.46589644738952
1.46282277702101
1.45993770571622
1.45766359886781
1.45623175318194
1.45477418950782
1.45176817482111
1.44507096040368
1.43197561726795
1.40941272410675
1.37450403271984
1.32602935036689
1.26620229509878
1.20809794593979
1.15011978968237
1.10085337076628
1.06343385513474
1.03685359540195
1.01922182120499
1.00866388389716
1.00360912259575
1.00457322011633
1.02049510479168
1.03953291553587
1.04900360118623
1.03076589791192
1.05116069128313
1.08083642489724
1.06489268043545
1.01884812493653
0.98370349557774
0.976501368873505
0.978450422753591
0.986120674378207
1.00158682734163
1.02793791931504
1.06968564002037
1.1329911947311
1.22786630999231
1.35902447824246
1.44943997703477
1.51111976733475
1.54755279875414
1.56558131404033
1.57120046639216
1.5693192691388
1.56362720257745
1.55675369308952
1.55045532243374
1.54572567939564
1.54288089394679
1.54096089249776
1.53816567267522
1.53368661003687
1.527735077437
1.52204301643964
1.51822751750772
1.51758097252387
1.52017644612894
1.52468966843993
1.52919503656324
1.53106144264902
1.52676557890793
1.51172137916817
1.48038803243361
1.42636666307838
1.34702013404075
1.22879613979673
1.1407379780945
1.08145203688219
1.04148506111264
1.01546844337612
0.999338412630144
0.9902789573359
0.986341460166792
0.988170899020824
1.00607687197348
1.02996511778782
1.04596426145878
1.03369630921606
1.04890760262715
1.06463584747173
1.03986544034466
1.00028280928304
0.980149303857183
0.981013229150195
0.985892703883112
0.995422031387063
1.01173662351682
1.03800598822191
1.07883298969534
1.14053325062396
1.23327579419883
1.36213843569756
1.45355777757648
1.5156603855054
1.55165145781302
1.56842130093414
1.57211180808514
1.56770109774284
1.55887729742464
1.5482192403638
1.53741860493051
1.52747714177275
1.51961648559905
1.51362427720137
1.50847828338018
1.50413343474704
1.50078417058391
1.4993739869658
1.50078136131597
1.50559515032517
1.51300498645127
1.52171450323038
1.52989590233514
1.53500125503637
1.53354035334522
1.52088176660947
1.49132196115296
1.43825098383362
1.35867102677309
1.24120583743747
1.15281940389545
1.092919256127
1.05212479771985
1.02486168602637
1.00693507257625
0.995456051602609
0.98847186285294
0.983422462850261
0.991285004497973
1.01076970579056
1.03087191435752
1.02933956143205
1.04545366394887
1.05097022708134
1.02725030058595
1.00414804179332
1.00039102522537
1.01001815344806
1.01951658598201
1.03335527140263
1.05345069928799
1.0824212908472
1.12339266554032
1.1791589987632
1.24876443638805
1.32237268138268
1.39387447923983
1.44928199478225
1.48621643912399
1.50689946916047
1.51514348317229
1.51472284221663
1.50879986146376
1.49980136392176
1.48949733921701
1.47915837374477
1.47060568658651
1.46412793502253
1.45929268491058
1.45623191374472
1.45488175994144
1.45555647425039
1.45869923668118
1.46454283491996
1.47187361753997
1.47930613437342
1.4850025598214
1.48654422861396
1.48084124078326
1.46420091650773
1.43277841186052
1.38399955603984
1.31918889190121
1.25106387492731
1.18533226037858
1.13105988977865
1.08985974513973
1.05953671768521
1.03742335326252
1.02122407674263
1.00923517395206
0.994891456076247
0.989406249572421
1.00020194344045
1.01972214918876
1.02531619016413
1.04464739588704
1.04688011671987
1.02643424577592
1.01310253030189
1.01882516411998
1.03370677973875
1.04580042748494
1.0618467273954
1.08338802711024
1.1123061123199
1.15034668850229
1.19803041937023
1.25307149271542
1.31086725137817
1.36532457168875
1.41097678081185
1.44408190699395
1.4645850317161
1.47444559232056
1.47627958380255
1.47261169250976
1.4655794317748
1.45688600407226
1.4478711763833
1.44037750839433
1.43479293374425
1.4307622644669
1.42835215975886
1.42747023320642
1.42833240431513
1.4312772777505
1.43639268114443
1.44246632417052
1.44814170274624
1.4516843766377
1.45093923883306
1.44336499133894
1.42627731608971
1.39750539468883
1.35664178703968
1.30674229333478
1.25260122500917
1.19985368086329
1.15297909853885
1.11436777840339
1.08385191372524
1.06004637025225
1.04136992473208
1.02650142607874
1.00651784695663
0.992916630572638
0.998050081243167
1.01611059416964
1.02436666039329
1.04511252978291
1.04661773592706
1.02994142565297
1.02398912580457
1.03700829019357
1.05586750482875
1.06972187722626
1.08697773898047
1.10877448524135
1.13634349298329
1.17052473516057
1.21106665941378
1.25614200890566
1.30251556822184
1.34624120610905
1.38352295144373
1.41185675310754
1.4305722062878
1.44058087473968
1.44360190605359
1.44155525327839
1.43623106800041
1.42916737823869
1.42164310978155
1.41534708041851
1.41067631992232
1.40733816554369
1.40537615784606
1.40470290894441
1.40547844834292
1.40795605861988
1.41213497540182
1.41690782795497
1.42102793495937
1.42294590117161
1.42083529912312
1.4127049262785
1.39669355703243
1.37162825524734
1.33777683333705
1.29715569213788
1.25311840579134
1.20931406592628
1.1688629308918
1.13367071579533
1.10420115629278
1.07988610621595
1.05975794370709
1.04289938163086
1.01867829981626
0.998781530484106
0.999324569676955
1.01560827123898
1.02482547071419
1.04674612510337
1.04946092331428
1.03711438961793
1.03748965594136
1.05657065262348
1.07856775588733
1.09360088000851
1.11136095470175
1.13260198672558
1.1580478906881
1.18802575462358
1.22208688003669
1.25880955883161
1.29592929570509
1.33075448297913
1.36076424722348
1.38418058406266
1.40033790873308
1.4096215383584
1.41311753996315
1.41221981701215
1.40835252666796
1.40282332487818
1.39676563904579
1.39164042305926
1.3878272860684
1.38510251491231
1.38350369991501
1.38295274346658
1.38356358956321
1.38551129217214
1.38873382400142
1.39227405451485
1.39504843722202
1.39574587048368
1.3928941516933
1.38500048449109
1.37081126462007
1.3496894616433
1.32197356210135
1.28908692959639
1.25323798514811
1.21690786172355
1.18228195668613
1.15082983499893
1.12315055288943
1.09912718026551
1.07826546647481
1.06002872946018
1.03247611358834
1.00732611282872
1.0037787509423
1.01786165300291
1.02662779355266
1.04948356383749
1.05515046712333
1.04749740668452
1.05319907128507
1.07691682223462
1.10103812775012
1.11664017098275
1.13427100362834
1.1543695975957
1.17731769464853
1.20318645060367
1.23151923884411
1.2612456929037
1.29078351403845
1.31830813856591
1.34211510714119
1.36097451986232
1.37434671782073
1.38239171230446
1.38580204301514
1.38557186131013
1.38279611892232
1.37853621000041
1.3737436585225
1.36963675913418
1.3665614264282
1.36435105180983
1.36303977550263
1.36255876124112
1.36298813586534
1.36444132303677
1.36682190846072
1.36933514544909
1.37107837620488
1.3709869887231
1.36791327941858
1.36075793241631
1.34866542949439
1.33125564118545
1.30880753573677
1.28228470066824
1.2531635172559
1.22311508065668
1.19366180474802
1.16590855951574
1.14042616990876
1.11731441193263
1.0963937260682
1.07743403613971
1.04762622449935
1.01848573733958
1.01146075392293
1.02296115739781
1.02980946061901
1.05310460910726
1.06313265018826
1.06039058215945
1.07053489448823
1.09751272132386
1.12275423692939
1.13837888997102
1.15538292180039
1.17397150807942
1.19431043030638
1.21635215771124
1.23970343459271
1.26358455470045
1.2869034011981
1.30842967637081
1.32702273312979
1.34184687258762
1.35250994050893
1.35908604599079
1.36203501698288
1.36206800387799
1.36001176317655
1.35670127052877
1.35290586802421
1.34961764398292
1.34713653348768
1.34533571290517
1.34424529580482
1.34380403511728
1.34406803982749
1.34510686121793
1.34681299514148
1.34854716314658
1.34958010067225
1.34907094067257
1.34614095220208
1.33998032607965
1.32998479387078
1.31589679707189
1.29790244507565
1.27663439470721
1.25306208021292
1.2283004898395
1.20339605095239
1.1791545714837
1.15606015745743
1.13430297990568
1.11389599803693
1.09483153425815
1.06386933183535
1.03204814871631
1.02217479637557
1.03074777050931
1.03427347055795
1.05725998903558
1.07260316894137
1.07483435419076
1.08868723228759
1.11777976543228
1.14330257900011
1.15852845804139
1.1745668191521
1.19146006670717
1.20924344360076
1.22782383238772
1.24689280082759
1.26590303615535
1.28411829753919
1.30072481337092
1.31497399364357
1.3263169930875
1.33449376411531
1.33955595644297
1.34182722240908
1.34182446772137
1.3401684203138
1.33750375942221
1.33443688611932
1.33176510489244
1.32973583049382
1.32824543046804
1.32731862616296
1.32689945932591
1.32702774242007
1.32774454848256
1.32894784538157
1.33013600712179
1.33073221509172
1.3300832069989
1.32752064546122
1.32244163564469
1.31440152195582
1.30320069771833
1.28893824797644
1.27200776515436
1.25302821494498
1.23272605150266
1.21180280558333
1.19082680695729
1.17018030470665
1.15007614987256
1.13063564825764
1.11199897617612
1.08089158998732
1.04760100980892
1.0354600745769
1.04081537884594
1.03979666056626
1.06150917249472
1.08255743078037
1.089624700079
1.1066138110188
1.13703195045299
1.16226959253388
1.17683624257236
1.19173495368206
1.20690102184521
1.22229582104648
1.23781973802484
1.25324997678533
1.26822205180706
1.28225975033762
1.29484448625528
1.30550438969861
1.31389870314689
1.31987560559641
1.32349095945684
1.32498859351234
1.32475349671201
1.32325340509425
1.3209816761948
1.31840864294779
1.31617320571805
1.31446915189197
1.31320262512272
1.312391793133
1.31198373361757
1.31200772081399
1.31248815415608
1.31333827593572
1.314171523999
1.31453760119418
1.31393297200828
1.31184870275466
1.30782879475124
1.30153249728669
1.29278850725725
1.28162574995096
1.26826830956596
1.25309167064225
1.23655021031289
1.21909594219762
1.20111235484696
1.18288364684577
1.16460978221635
1.14646395196676
1.12867423349946
1.09825910562877
1.06450791076096
1.0505932202553
1.05252754030311
1.04604590046548
1.06536600796967
1.09185715403492
1.10336185038431
1.12307110318895
1.15445731852204
1.17917980613571
1.193006050438
1.20675629510114
1.2203000653608
1.23356278860257
1.24645997564465
1.25884820111892
1.27050630132796
1.28114968988907
1.29047132350428
1.2981963585238
1.30413503620858
1.30822021055164
1.31052155986808
1.31123582732213
1.31065864592826
1.30914647009167
1.30707663299362
1.30481098616789
1.30286521404763
1.30138246709462
1.30026910946568
1.29953617805039
1.29913185256835
1.29907888385436
1.29939309483328
1.30000723452951
1.30062672191036
1.3009019538181
1.30044505977119
1.29886579071938
1.2958128688544
1.29101569071868
1.28431862524651
1.27569921281844
1.26526386865856
1.25322032859539
1.23983323012897
1.22537523253905
1.21008869043375
1.19417118208808
1.17779232838436
1.16114030320572
1.14448571217147
1.11537763148058
1.08191114732466
1.0666119343497
1.0650473823781
1.05260224960504
1.0683496276777
1.09931952846825
1.11453171002396
1.1366790535431
1.16914272066119
1.19348694947071
1.20667621266314
1.21942991460026
1.23158167074071
1.24304728412072
1.25377070702161
1.26368100069444
1.27267083367614
1.28059886600954
1.28731156595414
1.29267567800478
1.29661111089921
1.29911534206741
1.30027387449197
1.30025561665436
1.29929581292434
1.2976712560309
1.29567273758764
1.29357861983578
1.29181216509173
1.29047151685825
1.28945736427596
1.28877362505008
1.2883680997638
1.28825956584791
1.28846010722778
1.288922047593
1.28942156751924
1.28968645418131
1.28941597608582
1.28830726173565
1.28608432290799
1.28252598809152
1.27748781122452
1.27091296425114
1.26282886002553
1.25332971296612
1.24254950575194
1.23063346947194
1.21771792027947
1.20392734721982
1.1893938459015
1.17429775174861
1.15892054743867
1.13147546718991
1.09874533732944
1.08234445534131
1.07737732355973
1.05899265031704
1.07003675239226
1.10383665411358
1.12163777928324
1.1460379246265
1.18014970483559
1.2046160973623
1.21744719808993
1.22950354292052
1.24060481842028
1.25067710769459
1.25970299976756
1.26767942961277
1.27459227060432
1.28040979079844
1.28509172869255
1.28860764871307
1.29095733226476
1.29218691289592
1.29239670482502
1.29173941878967
1.29040988816569
1.28862894909719
1.28662456439796
1.28461290196575
1.28295001135203
1.28169612115891
1.28074346744901
1.28008932878194
1.27968015312697
1.27953210554912
1.27965576555727
1.28002012365933
1.28045361627243
1.28074136051603
1.2806465775196
1.27992992822402
1.27836993558592
1.27578180436982
1.27203146067992
1.2670419092261
1.26079033227723
1.25329663134516
1.24460681039885
1.23477692093061
1.22386443168231
1.21193325309071
1.19907592376313
1.18545170192636
1.17133324877524
1.14561249709361
1.11375292116197
1.09643739290182
1.08841215468313
1.064728864547
1.07010933288204
1.10452787392354
1.12342550346753
1.1499416237969
1.18665272832225
1.2120494205472
1.22494541506788
1.23672142584856
1.24720076637463
1.25633665190123
1.26415982977105
1.27073337406955
1.27612272804981
1.28038262298196
1.28355801713463
1.28569391291081
1.28684837294776
1.28710383815093
1.28657346682643
1.28540112908329
1.28375540254282
1.28181907414271
1.27977614126273
1.27779824179004
1.27619385456268
1.2749930407121
1.27407931875393
1.27344412166047
1.27303210803724
1.27285724921728
1.27292892879527
1.27322777804817
1.27361855919423
1.27392667955628
1.27396048882779
1.27352577809292
1.27244048247062
1.27054758599962
1.26772408508157
1.2638842668239
1.2589766319039
1.25297543880633
1.2458697288241
1.23765430608651
1.22832795415089
1.21790369904995
1.20643381290914
1.19404820361595
1.18099920391156
1.15673517684047
1.12552797901832
1.10741186273676
1.0970216888445
1.06935196479978
1.06839045376828
1.10090059617068
1.11919678460412
1.14769111408574
1.18812316147262
1.21543277162472
1.22890113888332
1.2408822663044
1.25121767380657
1.2599024252697
1.26702436288538
1.27271279882339
1.27710365244861
1.28032173476343
1.2824769879809
1.28366981269557
1.2840004106601
1.28357786349476
1.28252602841539
1.28098486025308
1.27910712584314
1.27705143501724
1.27497299162617
1.2730135386134
1.27144870119371
1.27028628102156
1.26940278103935
1.26878475309886
1.26837519240934
1.26818555865013
1.26822304281079
1.2684733351042
1.26882346986377
1.26912445415236
1.26921410322461
1.26892862067468
1.26811384478088
1.26663452528781
1.26438001545301
1.26126521998719
1.2572265976957
1.25221438231543
1.24618370245146
1.2390885856273
1.23088351177701
1.22153684145461
1.21105870981125
1.19954226738185
1.18721115289779
1.16380291476748
1.13265842489076
1.11381992877913
1.10218056243085
1.07247814300741
1.06486312843969
1.09295747382903
1.10905630314272
1.13935551692582
1.18448514616591
1.21466255620721
1.22921158716334
1.24188680932423
1.25255783721327
1.2612727399135
1.26818330134122
1.27348500832677
1.27737696497458
1.28004103465145
1.28163606060822
1.28230182945702
1.28216759944011
1.28136097859998
1.28001430348335
1.2782671035626
1.27626447811819
1.27415209317291
1.2720689716909
1.27013936285531
1.26861673382338
1.26749441553374
1.26664510663961
1.26605149364668
1.26565563196147
1.26546558396593
1.26548459656986
1.26569563039994
1.26599484080455
1.26624564689658
1.26630163030092
1.26601691086822
1.26525583031527
1.26390038438014
1.26185392459982
1.25904015047286
1.25539737989513
1.25086942080015
1.24539583646961
1.23890567716793
1.23131948057299
1.22256415604202
1.21260385622793
1.20148633722491
1.18939793439574
1.1659778997798
1.13400237146658
1.11453039677512
1.10313503178479
1.07383976135865
1.05967067831734
1.08118462126548
1.09386638850511
1.12575029518207
1.1761431031177
1.20991276486805
1.22596494010189
1.23975954493066
1.25119716974835
1.26038464405713
1.26754079011282
1.2729250120186
1.2767915284641
1.27936656485926
1.28084279456275
1.28138457003544
1.28113805374047
1.28024163660164
1.27883361697365
1.27705568892175
1.27505210755597
1.27296530801338
1.2709292160348
1.26906158228622
1.26760135276798
1.26653490289519
1.26573547317878
1.26518285297354
1.26481952727172
1.26464884959689
1.26466811118664
1.26484876913289
1.26508277595306
1.26523338986425
1.26515709130666
1.26471439260295
1.26377972635915
1.26224864620295
1.26004063253444
1.25709634619956
1.25336927619465
1.24881326699075
1.2433691143372
1.2369549248938
1.22946587108644
1.22078897167756
1.21083712853065
1.19960301094092
1.18722681888867
1.16280866524773
1.12898784827329
1.109023494261
1.09955159090721
1.07331611782588
1.05310080886274
1.06642163840436
1.07491198875778
1.10811314848368
1.16385264719642
1.20159040544901
1.21941847736983
1.2346395919008
1.24718311354525
1.25721533066379
1.26502097827314
1.27091767971836
1.27520395666543
1.27813556427919
1.27992227443215
1.28073690044123
1.28072936143513
1.28004030619335
1.27881083705163
1.27718683513092
1.27531798449104
1.27335263514657
1.27143010511149
1.26967203006697
1.2683083332376
1.26732557627679
1.26660270758618
1.26611745442646
1.26581480740093
1.26569180075736
1.26573796180926
1.26590365661853
1.26606206973823
1.26606347342053
1.26575413252088
1.26498924700595
1.26364492846244
1.26162692711717
1.25887375327655
1.25535243662493
1.25104655820693
1.24593821768526
1.23998786555245
1.23311793453996
1.22520748961522
1.21610530695994
1.2056674373247
1.19382158972706
1.18065367773201
1.15431524880508
1.11774112215249
1.09750338773695
1.09158101721433
1.07095021516046
1.04555601981853
1.0497001214465
1.05354737981703
1.08773967780036
1.1485274655561
1.19024609092742
1.2099437548143
1.22674738472529
1.24061452030337
1.251769942954
1.26056027348613
1.26735220314587
1.2724739405666
1.2761919463596
1.27871243943375
1.28019708022226
1.28078361768522
1.28060456853842
1.27979971950164
1.27852091297582
1.2769297157587
1.27518986928691
1.27345685177887
1.27186668891409
1.2706444624566
1.26978358651001
1.26917441967753
1.26879324798355
1.26859041804562
1.26855485922235
1.26866718487544
1.26884646632701
1.26893034848181
1.26874224235256
1.26810378562731
1.26685179753018
1.26485459390616
1.26202449568268
1.25832295089338
1.25375528949256
1.24835401400808
1.2421524708169
1.2351540651227
1.22730504624392
1.21848064930993
1.20849467236568
1.1971410935502
1.18427237685746
1.16991102177525
1.1409495919164
1.10098873001057
1.08078830618096
1.07982502478693
1.06694856590851
1.037514710279
1.03213733023924
1.03108121542229
1.06584994878465
1.13110312079566
1.17648506134283
1.19796360870184
1.21634165082844
1.23161247385812
1.24406140073711
1.2540927741771
1.26211096881139
1.26845530732015
1.27337884581042
1.27705767751695
1.27961704302238
1.28116206157302
1.28180385008812
1.28167560800466
1.28093713678094
1.27976936640957
1.27836217522774
1.27689908482097
1.27554178207553
1.27451404230348
1.27382216687318
1.27337388225332
1.27314435317141
1.27309296831704
1.27319871783622
1.27343326585194
1.27367386873741
1.27370292800623
1.2733014229238
1.27224964224066
1.27035027409809
1.26745193938465
1.26346868882143
1.25838979652476
1.25227458948548
1.24522971508266
1.23737083204505
1.22877591285952
1.2194416191436
1.20925653518764
1.19800511143151
1.18541405104606
1.17124813276755
1.15545263128856
1.12349243159437
1.07988751254543
1.06014045026099
1.06525251378737
1.06166283256654
1.02948916969848
1.01489436186096
1.00886300202265
1.04367048082396
1.11249730994985
1.16091091193778
1.18390399900603
1.20368235487194
1.22029273819171
1.23408950656101
1.24553370308193
1.25505594611244
1.26298475121798
1.26952942326206
1.2748014062121
1.27885624607205
1.2817395238797
1.28352383947742
1.2843294418196
1.28432712085618
1.28372679001542
1.2827575266861
1.28164468565498
1.28058815096748
1.27981371957663
1.27934572000127
1.27911515445516
1.27909597824079
1.27926117257845
1.27957802965815
1.28001078379214
1.28038451978918
1.28040350195989
1.27978869886397
1.27825914863126
1.27556346948501
1.2715143591557
1.26601986779788
1.25910235892859
1.2508957167044
1.24161517867822
1.23150174012492
1.22075172125644
1.20944869410903
1.19751781881539
1.18472171416711
1.17071297531206
1.1551517701682
1.13788494985282
1.10295670721436
1.05592842983217
1.03717370264987
1.04910915935651
1.05555593844426
1.02198548091175
0.999142868511687
0.988349657775614
1.02251898020813
1.09361816733062
1.14410460777114
1.16817080593054
1.18901037418542
1.2067489768174
1.22182642476652
1.23476597584482
1.24601608825589
1.25587052879659
1.26445743776466
1.27177866169097
1.27777575366088
1.28239901789267
1.28566059941328
1.28766084457874
1.28858699515225
1.28869125138728
1.28825844217463
1.28757211408783
1.28688438586883
1.28642627500032
1.28624395247092
1.28629719982078
1.28655811846711
1.28701864707561
1.28763278542432
1.28836076589491
1.28896603096539
1.28904919783571
1.28825199716534
1.28620870622734
1.28258813566967
1.27714379838269
1.26976417966865
1.2605086354701
1.24961177854432
1.23744453693458
1.22443323052261
1.21095321946872
1.19722418172296
1.18323719277954
1.16874017247955
1.15329998408736
1.13644850617063
1.11790535895945
1.08050921727104
1.03087280525479
1.01378495166059
1.03281855055762
1.04915753409559
1.01546696107467
0.985985894875186
0.971008079870332
1.00374231568356
1.07535199926601
1.12662156989219
1.15114921283443
1.17254840420514
1.19105339647622
1.20721492350423
1.22163496900672
1.234779307294
1.24688352197771
1.25794925532943
1.26780994029403
1.27623345624212
1.28302692655796
1.28811430787019
1.29156983399391
1.29360750949988
1.29454094749071
1.29473196863127
1.29454155338721
1.29428937486537
1.29421427719185
1.29438611788058
1.29479813798204
1.29541914444607
1.29626600296727
1.29727798240778
1.298416751318
1.29937649027998
1.29962797583407
1.29871442700764
1.29615887371563
1.29151746103887
1.28445054909004
1.2748026227757
1.2626686654665
1.24841569032878
1.23263451349522
1.2160208090607
1.19921299676383
1.18263172076671
1.16636767101868
1.15015551910398
1.13345422775057
1.11563392848528
1.09625154649538
1.05737769832983
1.00659809244762
0.991982349651331
1.01784786768903
1.04301356931588
1.01032037361768
0.976330927890427
0.958074669982095
0.988514389423246
1.05850481185715
1.10899260214527
1.13322045309832
1.15452498451709
1.17328068434285
1.19018612289537
1.20595701441946
1.22109269770744
1.23575289224149
1.24975890660322
1.26269776612426
1.27408167336366
1.28350941610493
1.29078241965244
1.29594634885086
1.29926124497856
1.3011299049778
1.30201793872656
1.3023854225281
1.30263523528635
1.30301486369799
1.30361683740724
1.30447120621684
1.30554087215154
1.30687371933169
1.30839270435739
1.3100679458874
1.31151969770827
1.31206599361773
1.31113584929718
1.30811429971717
1.30240479534552
1.2935255253692
1.28123348703209
1.26564456655333
1.24729305298898
1.22707690358784
1.20608008857889
1.18532111537249
1.16550530028317
1.14685578938249
1.12907878287016
1.11148218453262
1.09322621745415
1.0736637345683
1.03472691631428
0.984821353947704
0.973586487956068
1.0055350579605
1.03763359823711
1.00682451110148
0.970763741553604
0.950311463211625
0.977617651546581
1.04372882630744
1.09172991434505
1.11479568667558
1.13522541412372
1.153563633019
1.17070664815775
1.18754936163819
1.20467544821142
1.22216866522854
1.2396078791871
1.256227963324
1.27116917139747
1.2837311032378
1.29355181374887
1.30065632629123
1.30538576339422
1.30827171513406
1.30991570570989
1.31089908739527
1.31172189311112
1.31263723678604
1.3137553950797
1.31514464912652
1.3167574741197
1.31867797231207
1.32081038043065
1.32314040627564
1.32521368708807
1.32618279016216
1.32535687831526
1.321961851728
1.31520421353215
1.30439267876748
1.28912254026187
1.26948657013177
1.24621627290513
1.22063497329575
1.19438687152698
1.16903630338609
1.14567952056803
1.12469156044391
1.10569612362197
1.08776892195254
1.06979279534716
1.05087238170679
1.01354112285712
0.966809362025606
0.959924450308742
0.996919663549831
1.03343878041754
1.00512279370326
0.969479581649694
0.947907758973441
0.971350190714575
1.03148659542864
1.07534755632027
1.09636900364155
1.11507411919696
1.13219341816871
1.14887419692148
1.16629680932112
1.18525066437647
1.20579259889855
1.22719070015824
1.24817885837084
1.26735199624435
1.28357809502159
1.29628913349528
1.30552265773101
1.31176161490735
1.31571977339151
1.31816955603412
1.3198325459365
1.32131470283313
1.3228645700127
1.3246003330403
1.32662747570154
1.32888032874093
1.33148187713958
1.33431254635628
1.33737749330161
1.34015228354651
1.34163335803341
1.34102352371115
1.33738236926447
1.32967854121369
1.31692840538937
1.29844960594819
1.27421052859316
1.24514007611351
1.21314437010262
1.1806859885267
1.15011783607665
1.12306124336326
1.10001611735608
1.08038637430667
1.0628786674942
1.04601864653785
1.02862853630752
0.994581257114351
0.953238220500798
0.951683133176788
0.992636315671983
1.03071390000475
1.00520375300744
0.97229057479348
0.950562059110315
0.969599021995975
1.02207397782659
1.06039409090473
1.07857982368494
1.09474077796684
1.10977415352076
1.12509882197563
1.14230384862531
1.16261938292915
1.18627007862005
1.21218148680826
1.23835145553522
1.2625275844797
1.28294966505076
1.29882777002199
1.31029984308787
1.31808556608802
1.32314438012702
1.32645187942489
1.32888140172929
1.3311449815648
1.33346339496376
1.33594399875527
1.33872545627802
1.34171420440318
1.34506883277942
1.34862991687556
1.35241724457006
1.35585647149083
1.35783882773147
1.35749906025812
1.35374236412317
1.34527308692789
1.33073255777548
1.3090081956671
1.27975323052052
1.24399984835612
1.20441592766728
1.164702680333
1.12839784968386
1.09778908746021
1.07332313228926
1.05390315309472
1.03769074542941
1.02280013056321
1.00777213702768
0.978456353224707
0.944289705033479
0.94899750455778
0.992896253478177
1.02956790607558
1.00731534732921
0.98001476784789
0.959132600315037
0.972690721973226
1.0148749687702
1.04555700159172
1.05973247080362
1.07213873525135
1.08378193500482
1.09631435484454
1.11184246436755
1.1324752730644
1.15929814555364
1.19115406650508
1.22463197437336
1.25569058775337
1.28153286285522
1.30124293814525
1.31529690888817
1.32483948276687
1.33118834343105
1.33558150031392
1.33907217949782
1.3424899033002
1.3459745442909
1.34958196720162
1.35345855956389
1.35742761495692
1.36165483435981
1.3659141600728
1.37026818202118
1.37416369383484
1.37650095507288
1.37639489329665
1.37260144700581
1.36351503077882
1.34727646427444
1.32209060033644
1.28690115853153
1.24248990305281
1.19250012867422
1.14298657141455
1.09982278669512
1.06601257046449
1.04124085914838
1.02333199693476
1.00968354186668
0.997979290986457
0.986506630723491
0.963997644140801
0.939635998194278
0.952616142363629
0.998649088432954
1.03010207443041
1.0144091532479
1.00078343566435
0.983668678778669
0.98836299311249
1.01221499607293
1.0293455145159
1.03643460859426
1.04218592574675
1.04756528484385
1.05423153472717
1.06469188507625
1.08261535418773
1.11214331198094
1.15366485921525
1.20025904105614
1.24298287978947
1.27713545054064
1.30227920683951
1.31990270373613
1.3319924940591
1.34046028371653
1.34694495815615
1.35276953222779
1.35894443356408
1.36534473559013
1.3718663566198
1.37838457192136
1.38410712076954
1.38899676184775
1.39299958921974
1.39668427396821
1.39978711854999
1.40154266132757
1.40108058191792
1.39697095973342
1.38718953832871
1.36913987852139
1.33986005843783
1.29667810965867
1.23891308065533
1.17120251486128
1.10527217276531
1.05300569833167
1.0173728785445
0.994893749489737
0.981214916938305
0.972854540404838
0.967215258907013
0.962461828557123
0.952895206060671
0.947446110867354
0.974750825017049
1.01900161230908
1.03422731643272
1.02415208265096
1.03140760210276
1.02412290410733
1.02156599700643
1.02549235295426
1.02904578386507
1.03041154521593
1.0319279569813
1.03452865660954
1.03970195159673
1.04968368506208
1.06777580975449
1.09770085156172
1.13952019961459
1.18624279041516
1.22913149780692
1.26372504514906
1.28968872360056
1.30851954081077
1.3221943385653
1.33263064283744
1.3414951760697
1.35014972116227
1.35960971485338
1.36921665234808
1.37844357407772
1.38675616836097
1.39288087560576
1.39675202965122
1.39870786735719
1.39975153651933
1.40001802204532
1.39924057737691
1.39656421519483
1.39052919275984
1.37908558199746
1.35963177104422
1.32922240670511
1.2851988100101
1.22681340838913
1.1585042285352
1.09184978306082
1.03885351113985
1.00277800235131
0.980500190560782
0.968020787802783
0.962180022523868
0.960667456713865
0.961871417177829
0.967976765835075
0.990028396671876
1.0257672941758
1.05028768962879
1.03906441446649
1.02600406857576
1.04638497984753
1.04744428445884
1.04411874011954
1.04067532011973
1.0401624761848
1.0411880400411
1.04392751798383
1.04926928970118
1.05834174505207
1.07240166138586
1.09240270547336
1.11815650230508
1.14788755845005
1.17884605805309
1.20811593949556
1.23351364482055
1.25417850426607
1.27039262462279
1.28305689112906
1.29326383133798
1.30203896920795
1.31018541740659
1.31816561914518
1.3252048083453
1.33116011838974
1.33629334028897
1.34050517548276
1.34401448418248
1.34652791876221
1.34797028388574
1.34784207071623
1.34579973785255
1.34128993816725
1.33331973972441
1.32053139643727
1.30137144280893
1.27443357588941
1.23908338319141
1.19634544470993
1.14947162850018
1.10320440018734
1.06216126877862
1.0295270335596
1.00619785317632
0.991293595447749
0.983283879029907
0.98066351814542
0.982185530625655
0.992586070875158
1.02010428066181
1.04777717219433
1.05860328267609
1.03511063501958
1.01113730825058
1.03321538348114
1.03831894770843
1.03789080869427
1.03636436995386
1.03765275750122
1.04021447863902
1.04461381854557
1.05122672142228
1.06031423935462
1.07192012912611
1.08579115666342
1.10139587955046
1.1179862493958
1.13465461584177
1.15052550096044
1.16493340944658
1.17749534548729
1.18812553954685
1.19698509857315
1.20438123886728
1.21065959187177
1.21611824519439
1.22095425296576
1.22481861191868
1.22791759082431
1.2305180829155
1.23261510762371
1.23432258737207
1.23547567975815
1.235911022159
1.23500388828441
1.23234791929579
1.22753724433994
1.22009338128748
1.2095228336912
1.19543071071358
1.17767988322544
1.15655113645121
1.13281981864351
1.107694983232
1.08267268396216
1.0592858098683
1.03879992044566
1.02210117081612
1.00963690579875
1.00141404624865
0.997109510827351
0.996201989668907
1.00114170305247
1.01682164333705
1.03092645143206
1.0344864645655
1.01376750409485
1.02885947195558
1.05560053482049
1.05478540814871
1.04288016752409
1.03159852434315
1.03238261532774
1.03793840247375
1.04802948856175
1.06318399555975
1.08362332528737
1.10907391416354
1.13864464527398
1.17102826009944
1.20439232242017
1.23604742901209
1.26446709460425
1.28838595851701
1.30707785347665
1.32063241113377
1.32970289954135
1.33519970890466
1.33804760279654
1.33904300117116
1.33879868594575
1.33784634213173
1.33669956188579
1.335405565744
1.33407914777676
1.33264986223829
1.33111551302121
1.32936710320152
1.32713965431043
1.3243324275896
1.32039589973081
1.31456279431037
1.30591252023431
1.29351190337447
1.27664392963014
1.25509537761081
1.22940782698397
1.20063337739171
1.17003149141386
1.14000671531451
1.11228099077992
1.08805126102362
1.06813698261121
1.05280140540256
1.04184938067323
1.03480648275635
1.03003331014034
1.03385241977111
1.04022661007963
1.04061908103839
1.02044405688372
1.05509440337578
1.09010323005617
1.08391861579255
1.05649674362602
1.03051456461932
1.02595472834451
1.03051053799622
1.04167747210519
1.06110308704972
1.09072903987217
1.13240937389019
1.18666432806915
1.24997398464926
1.31557826896282
1.37860025356526
1.42999777405301
1.46616291977583
1.48866081127944
1.50065560277539
1.50545968696172
1.50588839303034
1.50405982355004
1.50136502111276
1.49849867484605
1.49581861035612
1.49331502855531
1.49066260959282
1.48794772248566
1.48507417829613
1.48228282201112
1.47986051865362
1.47829736323398
1.47786696697667
1.47780940824867
1.47669141722245
1.47241872517481
1.46226952585858
1.44305608704903
1.4116670404747
1.36629906753194
1.30978522690608
1.25033008121094
1.19231809648425
1.14170754671256
1.10196560253981
1.07286874385712
1.05282121252598
1.04004915706604
1.03297761854676
1.03064334288613
1.04158928574733
1.05602342629586
1.06211945200604
1.04074012994167
1.06246649536486
1.0941673001265
1.08078769720395
1.04295882142119
1.01354866181625
1.00917526273169
1.01320151618069
1.02349897747453
1.04230886295808
1.07295460343628
1.12015098296592
1.19037806349562
1.29078299881465
1.40887275947857
1.49862929469965
1.55491649637583
1.58645629437903
1.60010963811599
1.60216150637494
1.59754581545603
1.58990317436554
1.58175828705798
1.57470956912741
1.56951249981712
1.56621198405625
1.56375388910386
1.56071249766381
1.55668963195845
1.55174229986509
1.54701436294331
1.54389539132056
1.54390898117978
1.54749172209753
1.55362114539646
1.56057484108355
1.56586891959676
1.56607174009494
1.55661221891742
1.53165931649253
1.48478873776382
1.40712888766066
1.30034404080807
1.20604725478804
1.13839333963638
1.09177042139341
1.06037852076938
1.03993609467556
1.02734532235457
1.02043628769889
1.01775992718608
1.02909128814294
1.04698013917145
1.05921756237224
1.04428081742967
1.06007740074477
1.07657359099408
1.05432407814935
1.02290154148167
1.00918163562359
1.01385651762742
1.02131934397978
1.03391835166641
1.05395855441063
1.08486556957178
1.13148182985773
1.2004557039406
1.29914484241575
1.41583423603801
1.50565666447048
1.56202024423904
1.59284946980074
1.60508141585807
1.60512120970995
1.59797447262875
1.58729487969487
1.57558978369456
1.56445454335845
1.55475146555298
1.54739436479202
1.54189473580621
1.53721181374514
1.53329056017687
1.53018434169015
1.52867988541968
1.5298069957738
1.53455680187384
1.54251592281033
1.55258949781185
1.56309012115144
1.57158244129321
1.57465038565313
1.5676665161451
1.54464194131651
1.49886607221369
1.4215262058185
1.31489089564931
1.22015622177793
1.15167115696317
1.10393353003349
1.07099133872885
1.04842038985244
1.03304213249554
1.0226833010383
1.01235670113329
1.01283697057822
1.02624298451985
1.0431717294137
1.03999791913174
1.05640390599807
1.06182530843533
1.03960775962383
1.02256109471827
1.02608191130112
1.04045320373579
1.05261260800156
1.06921275107701
1.09221189319738
1.12421061105359
1.16813214305031
1.22605746925702
1.29607665766356
1.37015092832183
1.43822422678401
1.49012106239455
1.52338051624509
1.54069548782724
1.54609767867836
1.54347211280008
1.53600727580851
1.52610410300813
1.51546673321007
1.50525525129965
1.49707277231523
1.49100165597037
1.4864948652128
1.48360958814043
1.48228056068987
1.48285713710349
1.48589477533138
1.49184266497863
1.4997319557389
1.50833495427957
1.51591323426536
1.52009650301768
1.51777713970396
1.5051336659096
1.47803642402182
1.43327815745046
1.37217620278914
1.30361345215935
1.23689559444597
1.17985584084348
1.13501167134033
1.10097343142227
1.07531329956987
1.05577262607455
1.04061348000589
1.0208043895126
1.00785395192654
1.01336118556189
1.03089578031172
1.03590052624688
1.05559032237502
1.05727570882184
1.03760309622378
1.0293712435249
1.04259222339832
1.06246251249133
1.07713903555978
1.09564941420298
1.11952685247541
1.15058859955216
1.19039087349672
1.2391531514489
1.29447294479096
1.35149380337598
1.40442724078691
1.44761427575514
1.47799687083966
1.49586675911011
1.50342158700742
1.50340414929786
1.49838792192478
1.49050253200519
1.48139848086135
1.47232076016544
1.46495722895329
1.45954954765776
1.45567625162883
1.453375340869
1.45256145801127
1.45346815230983
1.45650190235031
1.46189066615124
1.46857492041373
1.47532062089081
1.48046777144132
1.48188152126254
1.47697059576497
1.46290224298986
1.4372172036747
1.39909357194382
1.35083730272928
1.29740957274392
1.24416811864423
1.19582254147438
1.15497879624591
1.1218214733758
1.09519980712282
1.07362981063389
1.05582496572855
1.03045730600003
1.0094641162787
1.00984156407863
1.0266975010474
1.03499285777321
1.05616002324375
1.05687015855165
1.0404765652965
1.03906876449089
1.05951689560761
1.08334198761031
1.09963278158738
1.11907051028592
1.14277005207096
1.17191264979348
1.20723901308237
1.24838297717301
1.29342259781923
1.33908556940702
1.3814163729312
1.41682145271543
1.44302003348881
1.45961532801738
1.46771379297808
1.46915387848958
1.46590920364194
1.45977206671214
1.45224135524455
1.4445232088762
1.43820756038915
1.43358778025156
1.43032285799729
1.4284383447769
1.4278518891619
1.4287366781201
1.43140118546452
1.43594367117516
1.44134570247141
1.44644766183068
1.44975174477333
1.44943565779662
1.4434511089539
1.42980112603135
1.40708805930933
1.37526877127062
1.33610474897456
1.2927235876403
1.24877668907906
1.207446327637
1.17076126922252
1.13934099719511
1.11275417452915
1.09011727032367
1.07056607085408
1.04114844309415
1.0140199671415
1.01022557038694
1.02589129898109
1.03557692811705
1.05801558451197
1.05989758522034
1.04755068705056
1.05207668241431
1.07831773313066
1.10505502875284
1.12230946552935
1.14195126745268
1.16471068661323
1.19128841565891
1.22197426242731
1.25627459403284
1.29273484469062
1.32908779819388
1.36269814991801
1.39114833410613
1.41282903846648
1.42724721287484
1.43493397717969
1.43707291377924
1.43510736341044
1.43046939766057
1.42444120177023
1.41810639670266
1.41287000479018
1.40903444641384
1.40633328864919
1.40478871547967
1.40432633808877
1.40507290692601
1.40725238484348
1.41087720576488
1.41503608409487
1.41870188428156
1.42059513196543
1.41923833362009
1.41308592359988
1.40077605903048
1.38150825613437
1.35542715579314
1.32376696275215
1.28861955474675
1.25240717275501
1.21732549766792
1.18489745963874
1.15579334399753
1.12996314879977
1.1069652239991
1.08631247142742
1.05386740596727
1.02176394268228
1.01424408264937
1.02813559446959
1.03760759860678
1.06109528139197
1.06614188381784
1.05843492610623
1.06799275963992
1.09843065709388
1.12689613471477
1.1444467503044
1.16364345770527
1.18490916297463
1.20862462017128
1.23485987906428
1.26315617519485
1.29244857077023
1.32117956973554
1.34757832641431
1.3700302943924
1.38741820491895
1.39932198279237
1.40600509411842
1.40823438468405
1.40704505605609
1.40354241901028
1.39877327970049
1.39365735656096
1.38938542129996
1.38624267288568
1.38402333433897
1.38274827163406
1.38235119253622
1.38292384580426
1.38462308653936
1.38741112159221
1.39051274328505
1.39305985500052
1.39400506497644
1.39219104593782
1.38647481687049
1.37591983713341
1.36003204828724
1.3389582123623
1.31353728268453
1.2851471048359
1.25540246175852
1.22580607902704
1.19746944996037
1.17098371703483
1.14647172197902
1.12377821415001
1.10271048528307
1.0684332686476
1.03275416453271
1.02206715109274
1.03359207254284
1.04113195759811
1.0651682658857
1.07503512552852
1.07240037281348
1.08616745163164
1.11927915480803
1.14833797804321
1.16559602862975
1.18383922780075
1.20326596123622
1.22405665557147
1.24618477646082
1.2692796982494
1.29258888074834
1.31505818859385
1.33551157122557
1.35287932485284
1.366408954158
1.37579252901642
1.38117800228011
1.38308000175537
1.38224193039922
1.37950109343967
1.37568513028092
1.37154383944114
1.36805988593911
1.3654836853152
1.36365208542081
1.3625835390289
1.36221824191158
1.36262277515862
1.36390522745525
1.36600569137498
1.36828886543122
1.37004590275613
1.37044414001747
1.36859420290344
1.36365214487013
1.35495478441282
1.34216453286691
1.32537586864727
1.30513103405982
1.28232327472184
1.2580116281052
1.23320741416217
1.20869717774226
1.18495482180537
1.16216546861586
1.14034516756981
1.11950995264438
1.08461343073095
1.04681012950522
1.03353672347291
1.04212256450267
1.04605211250251
1.06986250087212
1.08570385182816
1.08837148253121
1.10565295968299
1.14018704252635
1.16891628734318
1.18543701453207
1.202386567695
1.21980921326072
1.23776508508081
1.25619474521763
1.2748259297168
1.29314976913251
1.3104733655535
1.32603367692548
1.33914045525826
1.3493074726062
1.35633585602761
1.36033040188945
1.36165483913496
1.36085068744644
1.3585481870247
1.35538893890854
1.35196760661475
1.34908342650135
1.34694211183439
1.34540602861573
1.34448946597719
1.34413696110027
1.34439778555747
1.34534735928271
1.34692348182369
1.34861964260616
1.34987073644043
1.35002663523827
1.34840911751869
1.34438940990838
1.33748035401871
1.32742565769042
1.31425900725722
1.29830725275442
1.28012798376662
1.26039599849082
1.23977148143492
1.21878966585946
1.19780535495514
1.17700934002535
1.15651149244322
1.13646353425912
1.10204808885099
1.06345722226945
1.04813624366915
1.05328419986206
1.05213114204512
1.0747058803967
1.09703497161208
1.10496723540959
1.12521914387956
1.16033845513084
1.18814106387154
1.20366246729449
1.21915624064853
1.23456690419211
1.24988695383971
1.26505701782673
1.27989693520453
1.29408531838195
1.307190130441
1.31873903730197
1.32830837590678
1.33560576848805
1.34052474034371
1.34315990730041
1.34378441247881
1.342801749558
1.34068763351032
1.33793457818893
1.33500593082912
1.33254953816319
1.33072299018542
1.32940030081043
1.32859015579508
1.32823931763285
1.328385690201
1.32908454913476
1.33028351415928
1.33158641527417
1.33254951871631
1.33266986308119
1.33143015183742
1.3283551233722
1.32307341281927
1.31537312062863
1.30523564909001
1.29283461185636
1.27849586076481
1.2626273952472
1.2456388052717
1.22787453616417
1.20958269767636
1.19093193211359
1.17207499292542
1.15324176157541
1.12019937404403
1.08191490626691
1.06500252835127
1.06635194113635
1.05901080359989
1.07917610061395
1.10776679969411
1.12059172093749
1.14342332646186
1.17878724641015
1.20545625534716
1.21991721923049
1.23397193896429
1.247505344463
1.26047769072827
1.27284764879967
1.28451675395467
1.29530787692507
1.30497906017409
1.31326473144891
1.31993026531435
1.32482395269875
1.32791291249403
1.32929546094033
1.32918988659804
1.32790562198918
1.32580549929632
1.32326701813085
1.32064782864438
1.31847685087553
1.31686490906283
1.31568768608659
1.31494746127152
1.31459141066899
1.31465026731935
1.31516792911265
1.31610772327641
1.31716322440358
1.31798846382497
1.31819504960614
1.31738607686801
1.31519612485815
1.31133253346476
1.30561033663817
1.29797202569622
1.28848532116211
1.27731757048483
1.26469264699546
1.25084257512318
1.23596931690457
1.2202310433032
1.20376176594818
1.18672406994307
1.16938288859645
1.13833354144804
1.10112613066434
1.08297590181911
1.08036555775044
1.06623888778538
1.08275555177383
1.11660313005198
1.13356165693792
1.15871801056781
1.19450831083128
1.22024795528067
1.23378958726913
1.24659391917709
1.25851540350492
1.26950718945532
1.27955753009955
1.28864070037697
1.29669251525581
1.30361173473572
1.30928180568343
1.31360334441208
1.3165267166987
1.31807577311883
1.31835750091582
1.31755677670922
1.31591910858759
1.31372622064623
1.31126940804687
1.30882440516522
1.3068303460494
1.30535574581767
1.30427166465749
1.30357380553565
1.30320837022378
1.30320163069818
1.30359153028559
1.30435835654936
1.30526564361797
1.30604321917985
1.30638952165165
1.30599662319893
1.30457827646179
1.30189741767246
1.29778824671678
1.29216779450209
1.28503347616249
1.27644652246993
1.26650551504716
1.25531814250004
1.2429814002752
1.22957991156654
1.21520850071028
1.20001871426346
1.18428019006471
1.15553035047214
1.11980556498558
1.1006663974751
1.0941927888616
1.0733048876043
1.08498664143037
1.12234802939694
1.14227184822367
1.16959870325223
1.2064896238702
1.23189515543091
1.24484508939154
1.25674193561799
1.26743118600912
1.27687850877876
1.28511140505143
1.29217156204792
1.29808650999456
1.30286194902632
1.30649068864316
1.30897119287264
1.31032809211696
1.31062825089231
1.3099884171555
1.30857331431148
1.30658545844652
1.3042494357289
1.30179373193993
1.29943275107199
1.29754010400039
1.29614822949781
1.29512041345009
1.29444611027913
1.29406963640713
1.29401429805451
1.29431481295992
1.29496636998094
1.29578473119959
1.29655622330913
1.29704329535032
1.29700290138674
1.29620618964799
1.29445689817239
1.29160529446414
1.28755468321439
1.28225875962275
1.27571034717491
1.26792483574001
1.25892414059673
1.24872841005615
1.23736234074463
1.22488036274053
1.21140999740276
1.19720585833839
1.17071778610558
1.13649265559132
1.11652241707089
1.10660556455563
1.07968269503108
1.08552154047551
1.12405660943813
1.14541531869045
1.17481296227924
1.21386765862632
1.2398534403836
1.25268876391976
1.26414214992702
1.27406707052105
1.28245872958784
1.28939363428042
1.29497928182934
1.29932140707539
1.30250983347691
1.30461939666475
1.30572018404991
1.30589101119368
1.30523106831093
1.30386645874825
1.30195035714903
1.29965724430268
1.29717280109937
1.29468147601306
1.29235362227106
1.29051648714833
1.28917353116382
1.28817964064176
1.28751868289613
1.2871326833145
1.2870425118546
1.28728037988644
1.28785196503362
1.28860969396549
1.28937974965099
1.28996987338486
1.29018317527291
1.28983227350049
1.2887518025763
1.28680713717561
1.28389752388995
1.27995285244152
1.27492495740198
1.26877630372671
1.26147067864987
1.25297152585076
1.24325327213626
1.23232890991823
1.22029286820429
1.20737230481495
1.18274546869324
1.14963168548569
1.12892397513761
1.11637802997869
1.08487802152969
1.08415980591199
1.12117956581116
1.14223894400144
1.1736171492471
1.21608827283907
1.24375129343516
1.2570365411
1.26858080936152
1.27825934259988
1.286112119287
1.29227439918788
1.29692025318222
1.30022504169279
1.30234686409293
1.30342306978697
1.30357631362733
1.3029246602852
1.30159126421793
1.29971068180988
1.29743049543223
1.29490831487957
1.2923051617213
1.28977667823119
1.28746362671024
1.28566143013487
1.28435196175926
1.28338304936072
1.28273381679568
1.2823441257542
1.28223218449831
1.2824270437665
1.28293874239375
1.28364243612154
1.28438963371872
1.28501764047707
1.28536062827044
1.28526045026267
1.28457557534976
1.28318649588442
1.28099637940503
1.27792667755511
1.27390879599958
1.26887452922194
1.26274941155331
1.25545400320871
1.24691795706008
1.23710996833318
1.22608283265475
1.21402711455094
1.19051350802033
1.15772911270525
1.1363490066053
1.12241736735307
1.08847637408571
1.08086889936585
1.11365443332508
1.13272273909211
1.16596998782143
1.21303405705736
1.24346563217063
1.25777126149123
1.26994697139535
1.27989983411158
1.28772703332122
1.29363079797264
1.29785269916732
1.30063109894272
1.30217991319146
1.3026835811041
1.30230215761667
1.30118089865149
1.2994599302603
1.29728113865208
1.29479095314256
1.2921389680875
1.28947321402904
1.28693330945026
1.28464278683478
1.28287596078962
1.28160045966622
1.28065988742418
1.28002952255653
1.27964776104723
1.27952934405094
1.27969870439233
1.28016280799054
1.28080635637091
1.28149299764305
1.28207570988389
1.28240679102249
1.28234722938341
1.28177388361846
1.28058293657911
1.2786885507495
1.27601661040368
1.27249480420603
1.26804185994406
1.26256017063195
1.25593697787129
1.24805929145108
1.23884627992923
1.22829923820476
1.21656338094325
1.19314487049225
1.15959828247672
1.13761939394189
1.12391703905614
1.09018598944075
1.07578597453353
1.10189839219399
1.11754730678179
1.15251706275947
1.20504485534533
1.23914387718661
1.25496283486835
1.26825090449761
1.27895261876768
1.28723059860779
1.29335895857668
1.29764560293549
1.30038444301818
1.30183298414672
1.30220822683732
1.30169354595522
1.30045018417119
1.29862857922071
1.29637653126716
1.29384290078626
1.29117687677215
1.28852373681272
1.28601842159217
1.28377827315809
1.28206427527847
1.28083689611782
1.27993945221703
1.27934422201909
1.27898945646114
1.27888519312488
1.27904950541336
1.27947781791737
1.28005093378272
1.28063195740367
1.28107636755119
1.28124253015243
1.28100140017474
1.28024361436321
1.27888217534556
1.2768494309477
1.27408814452166
1.27053803204415
1.26612094630006
1.26072956047845
1.25422556841759
1.24645369345685
1.23727666400057
1.22663297566476
1.21461316599438
1.19014364831485
1.15460062766696
1.13213568705482
1.12048977699124
1.08987030315651
1.06920239475851
1.08670805709748
1.09785718100871
1.13435784271955
1.19281399661511
1.23116343363181
1.24884682977983
1.26361421730631
1.27545085691609
1.28458907632469
1.29137569294037
1.29618012703305
1.29934136711141
1.30114588829218
1.30182688582639
1.30157560666529
1.30055709603997
1.29892476278921
1.29683042296225
1.29442856479979
1.29187519953389
1.28932265425032
1.28691202851316
1.28476494236828
1.28313473758417
1.28198139331663
1.28115264178571
1.28061845948433
1.28031896178054
1.28025795107036
1.28044560856126
1.28085653879666
1.28135292035231
1.28178429987474
1.28199512008233
1.28183742794114
1.28118282258772
1.27993130695681
1.2780145398149
1.27539151182535
1.27203604210387
1.26791757325832
1.26297913955447
1.257118589696
1.25018070996081
1.24196846397226
1.23228073785953
1.2209809871314
1.20809466990059
1.18147154312215
1.14275449701647
1.11997870995752
1.11223317045929
1.08756581460967
1.0615340264775
1.0691319078767
1.07500471439875
1.11277485105844
1.17723060945277
1.22005245785878
1.23977393453741
1.25623839060496
1.26947748393191
1.27979596426192
1.28761080782742
1.29334405683095
1.29736492237465
1.29996978425017
1.30138746002133
1.30179801917568
1.30135544279887
1.30020715344621
1.29850645625986
1.2964167563397
1.29410857722232
1.29175161162186
1.28950430909287
1.28750314577701
1.2859981582451
1.28495492623201
1.28423076128674
1.28379379828679
1.28358879053193
1.28361161409208
1.28386372622643
1.28428908426815
1.28471432300879
1.28496132121707
1.2848485167016
1.28420766111184
1.28290032590056
1.28083091737275
1.27795238467118
1.27426127967101
1.26978068033867
1.26453251679372
1.25850434818705
1.25161877195009
1.24371575632786
1.23455896121716
1.22387640900819
1.21144310234628
1.19720608032599
1.16752798132582
1.12468982484426
1.10186439232938
1.09972055663851
1.08348251420012
1.05328166552516
1.05038192777235
1.05045943090018
1.08912315053982
1.1592648886745
1.20641176338265
1.22815324525438
1.24636532955204
1.26113811291612
1.27285302126504
1.28199321891946
1.28902110437335
1.29431633144804
1.29816007473322
1.30074979707965
1.30222952908157
1.30272295376219
1.30236009577148
1.30129262917447
1.29969694095826
1.29776721240575
1.29570232860758
1.29369044707432
1.29189415028625
1.29056369962116
1.28967554265215
1.28910188928324
1.28880915883629
1.28875035187084
1.28891171123155
1.28928634428781
1.28977757677666
1.29015675084427
1.29020227888631
1.2896891596129
1.28841185430491
1.28620833245778
1.28298071196433
1.27870644352422
1.27343416855862
1.26726099036044
1.26029264409729
1.2525935762712
1.2441386165071
1.23478068399769
1.22424961184892
1.2121959630321
1.1982906608873
1.1823835769898
1.14908334905467
1.1015629182598
1.07906545801493
1.08395101727678
1.07798595861853
1.04498691195152
1.0317889987494
1.02587455270946
1.06489236878754
1.13993253061908
1.19086499777296
1.2144092840208
1.23424386704852
1.25053567631782
1.26375057533345
1.27443497338698
1.28307761583526
1.29004400063486
1.29556754089514
1.29977859087973
1.30275196143387
1.30455558431683
1.30528748617219
1.3050943801222
1.30417158459833
1.3027488487554
1.30106869542089
1.29936324487377
1.29783346614769
1.29673280668131
1.29605264999749
1.295685250082
1.29559498763138
1.29574759908361
1.29611811982285
1.29669338931838
1.2973265776166
1.29771106134993
1.29756408820638
1.2965964409771
1.29454361725745
1.29120131198441
1.28645889952127
1.2803212098321
1.27290808775421
1.26442494691985
1.25510544555589
1.24513666655255
1.23458440498327
1.22333963156748
1.21110683935519
1.19745196655821
1.18192293361836
1.16424760336003
1.12721657125843
1.07502690232535
1.0533847185065
1.0662843026305
1.07156297831662
1.03718815035812
1.01474638739231
1.00312506711307
1.04176862559972
1.1202933872542
1.17403662634144
1.19895997924789
1.22011089754578
1.23775441176788
1.25245294908923
1.26481726085805
1.27534932808088
1.28437179529525
1.29202876204315
1.29833592533435
1.30325409603571
1.30676146406336
1.30890566371012
1.30982591075377
1.30974613762434
1.30894814105025
1.30773636423237
1.30640357179775
1.3052024273106
1.30439170931244
1.30398002618948
1.30388427891294
1.30406588428436
1.30450865176207
1.30517509350679
1.30604999969103
1.30692824989762
1.30740052981619
1.30710388069546
1.30566035964963
1.30271834423982
1.29800433232717
1.29137718812679
1.28286939591974
1.27269624024295
1.26121892033207
1.24886156531758
1.23599858796638
1.22284039373618
1.20934915129715
1.19521369543358
1.17990494628493
1.16282441653982
1.14354882277072
1.1032515293696
1.04719403465637
1.02710427140213
1.04834283273175
1.06477526265978
1.03037910414023
1.00058538788062
0.984137423065818
1.02151395346026
1.10141148597724
1.15653959302025
1.18221178889002
1.20418996657817
1.22285822891141
1.23889388123349
1.25298210324038
1.26563059178151
1.27708800002453
1.28735676937711
1.29627418509035
1.30362583185355
1.3092544443202
1.31313470697007
1.3153987418408
1.31631559160292
1.31624261086578
1.31556946757347
1.3146687450655
1.31385853372649
1.31340329522288
1.3133285278737
1.31357942209945
1.31411267993861
1.31493618681642
1.31599890304072
1.3172901158478
1.31854094128077
1.31921503960832
1.31885081207996
1.31695412937968
1.31305009787947
1.30675652337944
1.29787060900276
1.28644524566387
1.27281997622244
1.25757728866336
1.24142088324723
1.22500399910758
1.20875432650881
1.19274553359013
1.17665648453976
1.15984339013586
1.14153041840582
1.12111157635334
1.07864395088211
1.02043060996007
1.00274962048049
1.03184301661421
1.05820553602727
1.02497043062111
0.990387413717326
0.970507385420671
1.00563988417455
1.0842480688702
1.13895959109472
1.16456707626991
1.18670867342241
1.20590821403425
1.2229871510679
1.23873348492089
1.2536680582457
1.26793625113064
1.2813327454739
1.29342995255257
1.30375309253397
1.31194702620497
1.31788703241078
1.32170586977505
1.32374606275476
1.32447416971613
1.3243941120399
1.32397910155881
1.32362531071374
1.32359946824487
1.32393985288393
1.32462216122878
1.32559544572911
1.32689787275688
1.32846390423816
1.33029585737183
1.33205982422889
1.33307327261977
1.33276230062856
1.33048925113163
1.32561176017171
1.31758176119107
1.30608033142968
1.29115586236865
1.27330226317175
1.25341356614759
1.23260144306765
1.2119277303802
1.19213485947172
1.17345105840969
1.15553511358501
1.13758713976284
1.11860862300223
1.09777628693398
1.05479900569178
0.996931951758
0.9826289043638
1.01835727059214
1.05240026821819
1.02125476299464
0.984803930250981
0.963112987887965
0.995054819996389
1.06953474457418
1.12184135345357
1.14644571350075
1.16793990632988
1.1870078101836
1.2046608912885
1.22185313362472
1.23916050022421
1.25660691260018
1.27369775987991
1.28961930179388
1.30351400054405
1.31474210375718
1.32305131193972
1.32859906235271
1.3318495117623
1.33342525872225
1.33397850091021
1.33410320565917
1.3342826079464
1.3347753067497
1.33562299520835
1.33683213047357
1.33833935528286
1.34021858598513
1.34238826397171
1.34487297709515
1.34727848416031
1.34877007185297
1.34865960232561
1.34614511986517
1.34036817176071
1.33053649493086
1.31612295447918
1.29710845725303
1.27416200544332
1.24861332785788
1.22217094234504
1.1964943427013
1.17276880738968
1.15141232262589
1.13201264661729
1.11352843044958
1.09467015317903
1.07435981238314
1.03288049237385
0.97825689996624
0.968344273226274
1.00907508941879
1.0478124594773
1.01937740467507
0.98396797154653
0.961974752262486
0.989923589512439
1.05770790466032
1.10569329998503
1.12832723232018
1.14827537990795
1.16639180571683
1.18393380340255
1.20213997717521
1.22176538674284
1.24273140579584
1.26414510969814
1.28463428550995
1.30277712635493
1.31752225032526
1.32846821507456
1.33585618368532
1.34035024605081
1.3427894789909
1.34400984272224
1.3447417938127
1.34555774792482
1.34668611527318
1.34815504709775
1.3499992975811
1.35213553982547
1.35467640440618
1.35752052709474
1.36072217123873
1.36384038459057
1.36590788195431
1.36614062526741
1.36356712797758
1.35706957583476
1.34551715914937
1.32803205664374
1.3043887520071
1.27540880845553
1.2430288007665
1.20984353241339
1.17838821406377
1.15046888777104
1.12669236818269
1.10642489535046
1.08822439935547
1.07042349318169
1.05166106587684
1.01371937640479
0.965112462566408
0.96057089776868
1.00465613549912
1.04474877839365
1.0193171227151
0.98752572605512
0.966420766374576
0.989806956777838
1.04894073242634
1.09101575788509
1.1108097217271
1.128330618999
1.14457851013281
1.16107915710784
1.17950787451337
1.20109672251032
1.22584347826268
1.25228725203013
1.27823553299898
1.30140543481729
1.32013378980011
1.33389241453477
1.34313685392416
1.3488450871533
1.35213906180906
1.35406831301725
1.35550785019954
1.35711366372587
1.35904554753429
1.3612885005238
1.36389673270475
1.36675281996172
1.37000484425431
1.37352390949977
1.37739988430338
1.38117701890154
1.38381596932211
1.3844785453067
1.38203976129715
1.37509958496132
1.36210169839023
1.34163665268766
1.31301336755033
1.27703949402551
1.23646227424031
1.19525321404329
1.15725884573348
1.12518732001633
1.09966487092902
1.07946875650731
1.0625357854478
1.0467625813557
1.03051604471825
0.997877820427042
0.957522655552148
0.95922044170987
1.00521459175679
1.04332702070403
1.02128549026352
0.996208622564914
0.977161694949318
0.994897980606958
1.04254434714457
1.07644570963353
1.09215339838932
1.10597481295837
1.11898318348173
1.13290902051899
1.14996587260186
1.17242269018381
1.20127788592902
1.23470016715833
1.26866728882552
1.29886290684301
1.32267014577936
1.33970391875025
1.3509729382289
1.35798333599429
1.36225026086482
1.36508942326216
1.36754395706116
1.37035881317504
1.37354689554974
1.37698573816692
1.38070679775218
1.38449987878355
1.38853041357779
1.39263908779632
1.39699644302838
1.40121276512289
1.40429960438937
1.4054181999386
1.40330473355416
1.39624484540387
1.38214021320608
1.35877346889302
1.32446693065762
1.27938809180828
1.22714113422758
1.17453619035622
1.12842688222759
1.09260074509228
1.06667630742037
1.04805864234158
1.03382272686254
1.02143772903132
1.00905359688947
0.984155041766803
0.955268817147981
0.965024465461876
1.0116099536345
1.04361549889578
1.02809265418886
1.01804582283571
1.00414988326949
1.01279273569336
1.04059578194643
1.0601323953437
1.06857849943948
1.0757127850932
1.08248977221721
1.09051423307137
1.10211946980384
1.12089249818478
1.1524801721326
1.19886568584182
1.24940812848751
1.29222461845613
1.32369465562503
1.34513720585128
1.35904135769335
1.36788326034306
1.37378759722643
1.37845191273742
1.38316151899649
1.38879506217868
1.39496064233399
1.40121827098196
1.40732287585703
1.41266616653797
1.41734458295434
1.42127364142135
1.42501590440791
1.42852947951499
1.43124878850943
1.43240308439016
1.43058793630517
1.42371080606333
1.40894594946689
1.38280475478556
1.34155149335396
1.28251356953872
1.20842366529408
1.13406330430525
1.07749163135041
1.04074396677632
1.01795279331116
1.0041285093756
0.995630257231987
0.989767945288716
0.984676237240081
0.974339243163198
0.967207078187017
0.990455941838799
1.03294574180364
1.04743412299813
1.03696929593154
1.04813986965967
1.04403331395044
1.04493050577757
1.05209155946494
1.05765363722991
1.06025543641586
1.06311764006887
1.06716448629675
1.07382970323952
1.0851754339905
1.10439832850689
1.13664358832536
1.18344893740624
1.23405276842423
1.27692926752744
1.30880443057024
1.33107942861724
1.3462097316301
1.3566324423406
1.36445527685529
1.37137816388905
1.3786873673028
1.38720928469083
1.3960359029439
1.40439941998564
1.41185548136717
1.41756536512218
1.42161779004291
1.42408942485592
1.42575143174315
1.42685174278451
1.42729637483157
1.4263856640718
1.42272337691917
1.41421695643466
1.3980583249714
1.37080500690026
1.32877958799875
1.26926727736978
1.19467152772136
1.11947490771305
1.06197633248155
1.02459998655366
1.00188618443596
0.989228467948621
0.983322949321006
0.981778415300776
0.982948784439232
0.988939919812335
1.00926800196512
1.04092793356067
1.0644457538351
1.05162341661743
1.03737492277575
1.06121827567493
1.06468066872049
1.06397754733609
1.06324005745303
1.06450472281583
1.0666190665522
1.07056043579203
1.07724937015922
1.0878508542253
1.10368659780365
1.12578214151431
1.15358990216995
1.18449146110272
1.21562888865934
1.24416260184848
1.26795268211903
1.28644866076475
1.30032897427534
1.31078754978287
1.31908325155563
1.32630730115122
1.33325646017113
1.34034220699897
1.34678825992542
1.35237837542361
1.35728381021672
1.36134515240082
1.36476220954763
1.3673206962165
1.36904804152221
1.36952600528814
1.36840472378963
1.36514085115607
1.3587137616303
1.34766564108995
1.33023362297482
1.30466127985572
1.26984553467717
1.22647137158328
1.17801506861138
1.12960591245819
1.08600915658752
1.05126973488508
1.02661905738415
1.01095296953763
1.0025158088917
0.999655320084065
1.00102062693976
1.01109692987274
1.03707695439849
1.06260356920961
1.07224085660386
1.04646164697388
1.01992842385513
1.04461099223918
1.05132971828542
1.05249216698459
1.05262661616942
1.05498461287986
1.05819389735902
1.06326804736587
1.07057476365722
1.08035358927921
1.09259853151224
1.10696844767024
1.12287975653445
1.13959916660941
1.15612564989702
1.17153728095371
1.1852237813827
1.19688007140823
1.20650679581669
1.21435200414927
1.22079411364422
1.22622642962778
1.23097210497572
1.23523615813452
1.23870176572897
1.24153586211381
1.24395833574705
1.24596200099187
1.24765501141577
1.248874573497
1.24948296430559
1.24888998197171
1.24667645440809
1.24241904923473
1.23560301587534
1.22567734608157
1.21217143354986
1.19486779464607
1.17398751584308
1.15027792498011
1.12492574492268
1.09948407577515
1.07564553059506
1.05468397441762
1.03751952392234
1.02466412575772
1.01614313664238
1.01161763310814
1.01053738081455
1.01522328666102
1.03019988017206
1.04334370274297
1.04572553974559
1.02267612018002
1.0379235693593
1.06784479943622
1.0695716798994
1.06035329434874
1.05159751055735
1.0536374817877
1.05980197738049
1.07038579956612
1.08587314915806
1.10643113362505
1.13174090510887
1.16090048521456
1.19249375441395
1.22461014680531
1.25504639692454
1.28208394019288
1.30452517215681
1.32180898429031
1.33411039904337
1.34212532332606
1.3467756790847
1.34897964715758
1.3495174176043
1.34898097906707
1.34788699158468
1.34670055154037
1.34543779141545
1.34420436761007
1.34293617478611
1.34163672556517
1.34024116936575
1.33852815528371
1.3363882730989
1.33329546114623
1.32850100610587
1.321089902678
1.31011147567073
1.29479551438642
1.27483182601315
1.25058590073377
1.22301812632614
1.19358172041614
1.16423821169445
1.13674686009268
1.11242234966812
1.09211430430952
1.07614438019215
1.06438621774073
1.05642471772136
1.0498816638849
1.05069068158722
1.05420698474686
1.05207280421529
1.02891649342671
1.06630465695229
1.10463807655444
1.1019113450189
1.07983848573297
1.05886998466531
1.0570008603392
1.06312639518404
1.07597459660738
1.0971549237584
1.12843527639458
1.17126668131301
1.22555519418107
1.28796199826771
1.35227133813595
1.41157887996401
1.45906984523154
1.49196577385798
1.51172350623963
1.5214860944303
1.52452436961998
1.52360375547854
1.5207805087328
1.51738087227925
1.51405084595741
1.51115170785406
1.50862189753799
1.50608494544191
1.50358630537903
1.501037309003
1.49869042812594
1.49688787380105
1.49615940106024
1.49677212583419
1.49806019423408
1.49868688853116
1.49663410939657
1.48922117428303
1.47325939420061
1.4455686570917
1.40434415807436
1.35160927058567
1.29331267603561
1.23566439553911
1.18439814253525
1.14286580916906
1.11145450017428
1.08898894198196
1.07387962101879
1.06460695116708
1.05859545516072
1.0641396783175
1.07375136548529
1.07621033840374
1.0512847747731
1.07440892048406
1.10848003397564
1.09846693335808
1.06883887321534
1.04636745536957
1.04567301846004
1.05216306150096
1.06542470816721
1.08782835815682
1.12275623255047
1.17473388389502
1.24895855979032
1.3467344727473
1.45249200888375
1.5367579934724
1.58980867344537
1.6177960633434
1.62829396441759
1.62770996150888
1.62103421817635
1.61186826012919
1.60264266594801
1.59481002147871
1.58893431967025
1.5849903954088
1.58201188320672
1.57884448122481
1.57527373450975
1.57128213561339
1.56767505975423
1.56561807352142
1.56662716434323
1.5713033317141
1.57890313208205
1.58790554940003
1.59596072837827
1.59970129420071
1.59449147261506
1.57428939055115
1.53159944273348
1.45911604857981
1.36325845326587
1.27085321770585
1.19831588288989
1.14589131023189
1.10923909731988
1.08427450416712
1.06783004296255
1.05758964259274
1.04977093303939
1.05394879197031
1.06569308111493
1.07386483484913
1.05567395221607
1.07209503602381
1.08986242205942
1.07079818354667
1.04758025530116
1.04152898289329
1.0508450460428
1.06128175415746
1.07730418462909
1.1013507108552
1.13693263541754
1.18874271199064
1.26218069713858
1.35881932597558
1.46358579059412
1.54739264524704
1.59993941980941
1.62686929211399
1.63573775858076
1.63304623353635
1.62384688540494
1.61176542471689
1.59924412652155
1.58778119883622
1.5781042679327
1.57094224041641
1.56569504633509
1.56135691002088
1.55786121566872
1.55519200620312
1.55400117182731
1.55532521409703
1.56033942334399
1.56890546801729
1.58014663055227
1.59252459887371
1.60370390850321
1.61031262237437
1.60765079066016
1.58951436555347
1.54817302326389
1.47626723867751
1.38037177544134
1.28733661279664
1.21375091230297
1.1599307381089
1.12141969029192
1.09399100630282
1.07438860776428
1.06029316186798
1.04404332047233
1.0365178074726
1.04367190821397
1.05714864739617
1.05170318947214
1.06833344399109
1.07409469126364
1.05380780233903
1.04325910458984
1.05495243149905
1.07466414017521
1.08975196515457
1.10931102036843
1.13528892250941
1.17016304494833
1.21645583070517
1.27541829216258
1.34457003829412
1.41614492165135
1.47968792099367
1.52711744385145
1.556583852308
1.57073542470327
1.57362218672629
1.56911905229223
1.56038233121899
1.54975866000218
1.53887579449233
1.5287902874274
1.52092631595583
1.51520941653936
1.51101916641314
1.50836009276953
1.50716264169596
1.50778362570401
1.51085491774889
1.51698124898526
1.52538683771553
1.53499786386369
1.54418617801636
1.55065261979929
1.55131705668428
1.54233093737959
1.51946018818696
1.47942425410711
1.42288307400629
1.35657908423962
1.29018025647086
1.23150095937636
1.18366308982051
1.14612052339833
1.11688170776682
1.09383587079961
1.07527454149515
1.04951170204168
1.02848892012741
1.02844010369528
1.04378722543473
1.04767104690794
1.06757503265623
1.06904965220293
1.05041007754701
1.04778985127597
1.06932458274148
1.09467785479841
1.11212695516811
1.13320179528307
1.15938514814713
1.19236383538108
1.23343021270504
1.28248461299884
1.33701888125945
1.39223246000051
1.44236074871429
1.4822714809745
1.50950868421127
1.52463906210089
1.52995735102444
1.52823371028907
1.52202729333163
1.5134247599345
1.50400876558487
1.49493104577952
1.48773697545527
1.48254024141831
1.47886244676888
1.47671066382756
1.47600530461221
1.47699344433701
1.48014322970195
1.4857986716826
1.49303130732581
1.5007277437225
1.50731639461915
1.51071402766603
1.50833641755406
1.49729607156641
1.47499020420614
1.44027397071893
1.39482252762592
1.34304644134443
1.29027250685977
1.24121414902432
1.19864087021873
1.16309160611578
1.13371120607997
1.10917713387389
1.08828129484889
1.05712448354844
1.02812150693885
1.02343371093955
1.03896887314015
1.04687055499918
1.06829426099826
1.06845891970542
1.05246453894722
1.05609973043045
1.08478274491552
1.11400492702636
1.13286524590981
1.15451944083387
1.18003190979702
1.21050009544129
1.24653654374343
1.28765653142764
1.33189122520147
1.37599340548993
1.41616556997175
1.44905053004403
1.47269988726852
1.48697308986927
1.49311354484784
1.49301506845513
1.48865596059074
1.48179878827483
1.47388633855362
1.46604696551469
1.45976851348049
1.45524551423493
1.45209242416932
1.45031481803984
1.44983618250172
1.45084104011334
1.45368955298923
1.45856888367614
1.46454486537828
1.47054905299737
1.47515095346526
1.47656221283194
1.47272409866478
1.4615674818634
1.44153287568916
1.41229521522637
1.37526221421649
1.33331325633109
1.28994597282855
1.24833374969427
1.21058550523386
1.1774724383145
1.14872287957993
1.12356823913154
1.10122337021797
1.06625746905516
1.03125903086359
1.02279972056318
1.03781788851708
1.04762647900906
1.07041009066888
1.07164693944308
1.05930478703435
1.0684448869091
1.10263625660129
1.13448846617819
1.15404998188066
1.17555860302863
1.19971001509548
1.22717006291759
1.25818507215796
1.29222747418534
1.327843071412
1.36281731971195
1.3946245964921
1.42102627630967
1.44061488854623
1.45307779309029
1.45906836687419
1.4598327537089
1.45683069162684
1.4514770864297
1.44501241629138
1.43846165738715
1.43316439164671
1.42934548733046
1.42669876468281
1.42523051092354
1.42487099061607
1.42575783126349
1.42816133358387
1.43216424117406
1.43690385932984
1.44141723702771
1.44447180850264
1.44460895022131
1.44026300615989
1.43000019138455
1.4128843154634
1.38886501592384
1.35896216346935
1.32508089529215
1.2895338248716
1.25447489423014
1.22144501689702
1.19117230103638
1.16367673701226
1.1385789433775
1.11545175026065
1.07780698039654
1.03809955088867
1.02627641320438
1.04002366928222
1.04992440581303
1.07386586131912
1.0784624624273
1.07064937379066
1.08448668778213
1.12238380147807
1.15550309829244
1.17504571464883
1.19575522150733
1.21803894633404
1.24227840558233
1.26854800338294
1.29640075349989
1.32480234201225
1.35225497784578
1.37708325110928
1.39779700896782
1.41341807500788
1.42365281403483
1.42885905600939
1.42985916158208
1.42770848962012
1.42350445730041
1.41826550432868
1.41287009429923
1.40847119878152
1.4052910093644
1.40308627349322
1.4018641492796
1.4015616841801
1.40228108479739
1.40422142023902
1.40740237988709
1.41107306059479
1.41440837288037
1.41639127371288
1.41587280678047
1.41168767022508
1.4028387529939
1.38873033364412
1.36937451357974
1.34546365145459
1.31824643904886
1.28924213579078
1.25989935128142
1.23131065890888
1.2040719354832
1.17832170742412
1.15392576238725
1.13072770817157
1.09172186890282
1.04887013178303
1.0341989968432
1.04583958187474
1.05382441960345
1.07842246460096
1.08833362446679
1.08575790449561
1.10352914778977
1.14341822248507
1.17652339092443
1.19541733768236
1.21481485565796
1.23491498065189
1.25592172779046
1.27784005849154
1.30033619085386
1.32270416691563
1.34395170628542
1.36298218115302
1.37882007998576
1.39081151544369
1.39873865145922
1.40281945670894
1.40361296885743
1.4018817090604
1.39846072483421
1.39415950618806
1.38969995453762
1.38604635126367
1.38339647205784
1.38155141951592
1.38051748102271
1.38023696630438
1.3807863163282
1.38231206951081
1.38480251787715
1.38763098933447
1.39011660731941
1.39144532657077
1.39072999994991
1.38710636714007
1.37986422144956
1.36859211351159
1.35328992976375
1.33439706321034
1.31270971729234
1.289207270302
1.26484256330803
1.24036287883617
1.21621641859975
1.19257108673117
1.16943557528425
1.14684141570098
1.10781221442273
1.063450947793
1.04647387200188
1.0551607839269
1.05922967621053
1.08368740009107
1.10031533020617
1.10342884785018
1.1244760339014
1.16496061866659
1.19703089737547
1.21480830115686
1.23255595481307
1.25033085695533
1.26823006499777
1.28623996308077
1.30413754245923
1.3214672252216
1.33759583848324
1.35182755522167
1.36354462482027
1.37233326878099
1.37805971692614
1.38088011252714
1.38119211935668
1.37955342202009
1.37659486452922
1.37294684203584
1.36918552392719
1.36610499059257
1.36386591722653
1.36229645161511
1.36139989150542
1.36112181703303
1.36152074317344
1.36270714494947
1.36466019042651
1.36687227675578
1.36879619732935
1.3697928734374
1.36918330598538
1.36632197423281
1.36068657402692
1.351967624372
1.34013146346371
1.32543029771242
1.30834773597163
1.28949134282731
1.26946369915897
1.24875146911717
1.22766763615563
1.20636709652195
1.18493457067646
1.16352138623791
1.12567492810198
1.08130708790872
1.06252942413577
1.06750870292605
1.06589151689274
1.08915928725336
1.11317485185838
1.12207554229653
1.14588054135499
1.18605188000486
1.2164528957577
1.2328511340088
1.24880097743698
1.26426812392743
1.27928886945241
1.29385602411864
1.30784344159222
1.32098416250716
1.33290162142826
1.34318033794643
1.35145369523421
1.35748361181035
1.36121132005886
1.3627690215507
1.36245520986273
1.36068622307077
1.35793950225453
1.35470072110839
1.35142101705647
1.34875191270045
1.34681156019437
1.34544109817727
1.34463914547288
1.34435259911423
1.34462804400243
1.3455528565796
1.3471110283075
1.34889956661276
1.35048615496609
1.35137431952139
1.3510448928567
1.34900960012838
1.34487136205938
1.33838006513472
1.32946857350441
1.31825538213804
1.30500883814798
1.29008044674769
1.27382597144107
1.25653874213169
1.23841807017297
1.21958756450943
1.20016498415922
1.18036866871721
1.14466085228219
1.10149332662437
1.08134106216163
1.08206120623113
1.07342873001316
1.09428212789729
1.12551437985661
1.13987500347271
1.16607147502076
1.20560009019355
1.23414866592701
1.2491284995959
1.26332446322214
1.27664866563612
1.28910823870464
1.30071585901446
1.31142753899566
1.32111871043542
1.32959776480725
1.33664733324643
1.34207829303622
1.34578033499984
1.34775595716997
1.34813105066614
1.3471426113755
1.34510988033426
1.34239758475167
1.33937897560808
1.33640354709593
1.33400972676411
1.33227299845147
1.33103728084819
1.33029551382718
1.32999423810121
1.33017239695437
1.33090350505007
1.3321836606508
1.33369647952365
1.33510337230503
1.33601984539942
1.33604705990859
1.33480992192919
1.33199724940571
1.32739665602543
1.32091536845277
1.31257986564073
1.30251237922799
1.29088946306873
1.27789448609911
1.26367966260736
1.24835288375939
1.23199990305911
1.21474364491718
1.19682986304116
1.16388766362698
1.12272574110211
1.10152281551561
1.09772293005966
1.08135822431414
1.09850428110121
1.13591590626281
1.15495450983025
1.18331740318198
1.22246517926225
1.24943764458047
1.26317955339445
1.27584764935763
1.28732831376706
1.29762294641238
1.30677351945773
1.31480722523345
1.32170928658103
1.32742367078546
1.33187485014619
1.33500020783384
1.33678214873685
1.33727107623486
1.33659430622582
1.33495043417695
1.33259225108793
1.32980309923388
1.32687149242436
1.32406755902159
1.32184380776085
1.3202363615278
1.31908534773968
1.31837768931081
1.31805828676449
1.31816125439403
1.3187521264474
1.31984142531629
1.32118121531485
1.32250625804569
1.32351751247452
1.32390553191531
1.32337716729597
1.32168221383043
1.31863524700711
1.31412754315708
1.30812539596964
1.30065440142529
1.29177362428063
1.28154764372615
1.27002697419228
1.25724731861417
1.2432550397133
1.22815990721416
1.21220657136237
1.1822841474928
1.14348289298599
1.12144775219159
1.11321886380181
1.08913477405839
1.10133667589221
1.14309313275148
1.16559050481228
1.19600560178016
1.23556750005204
1.26165874833496
1.27453948822228
1.28606525693571
1.29611771849335
1.30471181475645
1.3119279199985
1.31785848770608
1.32257706605149
1.3261298833478
1.32854491559642
1.32985073195615
1.33009714770531
1.32937123800437
1.32780487870509
1.32557286449829
1.32288303118309
1.31996117076289
1.31703379487005
1.31431128231534
1.31218326716674
1.31065185065543
1.30954989946099
1.30885849806634
1.30852006108528
1.3085654707699
1.30905543152349
1.31001364475503
1.31124386471754
1.31253590407104
1.31365404930725
1.31435430045218
1.31440308571268
1.31359496442815
1.31176620808342
1.30880124780072
1.3046301392109
1.29921740682956
1.29254544577622
1.28459832744082
1.27535354684385
1.26478923539987
1.2529120658889
1.23980612266365
1.22569545452272
1.198654221496
1.16210652943078
1.13936597190148
1.12719724786005
1.09619744937541
1.10240415913045
1.14603872707077
1.17041603350986
1.20283751712615
1.24401573868314
1.27024970584186
1.28279866574299
1.29369002318795
1.30281739694749
1.3102266293265
1.316046573477
1.32043356740246
1.32353630788646
1.32548114442317
1.32637336959786
1.32630810309807
1.32538433490585
1.32371695627642
1.32144355592986
1.31872483078416
1.31573918186937
1.31267314155776
1.3097096485268
1.30701601621442
1.30493747221502
1.30344848045877
1.30237367028973
1.30168881182641
1.30133345472604
1.30133587465455
1.30175304206025
1.30261805607863
1.3037713436858
1.30504171932707
1.30623843169563
1.3071641527005
1.30762839356737
1.30745944611004
1.30651270556331
1.30467351881123
1.30185369210669
1.29798244027822
1.29299457802298
1.2868206670621
1.27938507376297
1.27061786730046
1.26048460053244
1.24903381536504
1.2364557902382
1.21176530443951
1.176910631525
1.15352669319431
1.13834125660523
1.10201968372476
1.10148400660227
1.14414921464722
1.16861901800704
1.20302761593467
1.2472393512233
1.27482958943626
1.28766485833398
1.29850016370788
1.30725489582723
1.3140218533906
1.31898897659164
1.32237792459469
1.32440455718806
1.32526021366711
1.32510896721702
1.3240946835743
1.32235201887051
1.32001675452525
1.31723255495726
1.31415293129017
1.31093858824179
1.30775123838052
1.30474535381374
1.30205930110796
1.30000811804982
1.2985454248554
1.29748856714008
1.29680871269889
1.2964426628229
1.29641595153672
1.29678149596336
1.2975761715359
1.29866341718634
1.29989684069931
1.3011150481328
1.30215210624943
1.30284781611023
1.30305619653619
1.30265051137998
1.30152354661221
1.29958275552471
1.29674128699212
1.29290757509504
1.28797775057033
1.2818362037113
1.27436968080844
1.26549872941182
1.25522657019083
1.24369969897196
1.22047146502626
1.18633389514298
1.16233693928058
1.1454955418972
1.10615876998489
1.09852727275072
1.13729699483573
1.16006307572642
1.19643549864068
1.24508396070582
1.27525922182555
1.28900934512301
1.30037526983106
1.30931350466471
1.31597785058936
1.3206248984018
1.32354347492494
1.32501064155304
1.32527092215331
1.32453256460612
1.32297404778779
1.32075483374815
1.31802584218409
1.31493683258288
1.31163949189474
1.30828631069008
1.30502616231889
1.30199786747803
1.29932303460326
1.29729715909478
1.29585982259038
1.29482348899538
1.29415548925145
1.29379052817659
1.2937506804309
1.29408365688543
1.29482310631974
1.29584240495158
1.29700690661921
1.29817064235485
1.29918584269671
1.29991191145864
1.3002222815615
1.30000757176479
1.29917388114505
1.2976359899669
1.29530661612892
1.2920845008852
1.28784565805029
1.28244324818172
1.27572179701199
1.26755028848052
1.25787536049833
1.24679017525588
1.22386092408893
1.18913985357463
1.16456034911176
1.1478007576867
1.10829970814672
1.09366153761392
1.12582351265821
1.14525469428514
1.18354446901857
1.237820598248
1.27165533394964
1.28688103473516
1.29931003082567
1.30894532545091
1.316012807929
1.32084443481725
1.3237960306415
1.32519899427604
1.3253393351785
1.32445563401704
1.32274782763383
1.32039010967787
1.31754310551073
1.31436243833375
1.31100256553604
1.30761611755877
1.30434980677457
1.30133830348916
1.29869743061358
1.29671101610926
1.29531115622378
1.29430887642911
1.2936683746823
1.29332350111162
1.29329172461088
1.29361410008348
1.29431298501143
1.29525826487935
1.29631437266637
1.29733741931577
1.2981853235676
1.2987272462886
1.29885051870621
1.29846318936512
1.29749076033456
1.29586674332171
1.29351825888886
1.29034977779928
1.28622991545751
1.28098757263027
1.27442429567429
1.26634902162464
1.25663864461323
1.24532212293378
1.22138560492942
1.18460144658852
1.1594967650872
1.14480789484338
1.10828848538114
1.08717636443792
1.11046408504696
1.12517324994632
1.16529004913121
1.22606092017794
1.26435321804886
1.28148505162203
1.29540327196927
1.30616686041382
1.31408201676506
1.31955885618599
1.3230162026268
1.32482966347451
1.32531243824091
1.32471764009929
1.32325212297746
1.32109384218153
1.31840718284762
1.31535313579985
1.31209336387096
1.30878881211133
1.30559442975921
1.30265182783933
1.30008149463066
1.29816146256089
1.29682242857251
1.29587810868556
1.29529010663538
1.29499331913846
1.29499917772759
1.29534085296379
1.29602056059312
1.29688995283581
1.29779946646979
1.29859346311332
1.29912258899591
1.29925558836253
1.29888821342653
1.29794661066975
1.29638300382125
1.29416281897243
1.29124449243093
1.28755568370538
1.282971983467
1.27730601836352
1.27031580382787
1.26174099866668
1.25137371878482
1.23916488589908
1.21292754969919
1.17259143433492
1.14707154370302
1.13654341611249
1.10615087096506
1.07949439106646
1.092255858864
1.10109873168846
1.14286963398497
1.21063413594664
1.25383912874425
1.27313767624165
1.28882907368038
1.30104103669169
1.31016676560255
1.31669348880772
1.32109437035072
1.32377421175946
1.32505430953746
1.32518214056848
1.32435337527569
1.32273630809198
1.32049188741104
1.31778577130376
1.31479175641295
1.31168805284143
1.30864895155428
1.3058345244842
1.30338046851622
1.30156353296003
1.3003183949021
1.29946594376224
1.29896546189938
1.29875553365288
1.29883998328317
1.29924361650364
1.29993919880466
1.30074324700967
1.30147799918386
1.30196068840674
1.30201992452638
1.30151222120351
1.30033540375231
1.29843490267123
1.29579927072675
1.29244303796026
1.28837806922143
1.2835782217575
1.27794544229134
1.27128784245232
1.26332150631126
1.25370785902454
1.2421371333401
1.22846331083816
1.19879893371136
1.15358206637072
1.12784305442378
1.12352482021869
1.102094032641
1.07113177664267
1.07247794501241
1.07457961743866
1.11768663969941
1.1925027973472
1.24068625992031
1.26221809186591
1.27980249143121
1.29365341920798
1.30425759997909
1.31217546264481
1.31792133104935
1.32190836257592
1.32444018793989
1.32573176888012
1.32594372952942
1.32521729342211
1.32370093099456
1.32156436874946
1.3189998710305
1.31621377332852
1.31341255772795
1.31078747374462
1.30850052612786
1.3068307479543
1.30572113683084
1.30500425749101
1.30463697071622
1.30456500885499
1.30478304123378
1.30530832698493
1.30607489846565
1.30684453517559
1.30739542021231
1.30749969777086
1.30694586176769
1.30556301969188
1.30324245071015
1.29995013328018
1.29572384604469
1.29065092801455
1.28482758803394
1.27830639504093
1.2710435621348
1.26286077387879
1.2534373915934
1.24234850437106
1.22916313504332
1.21361306549514
1.17971795560745
1.12865128575989
1.10302190115264
1.10675137515134
1.09648981852045
1.06265233403361
1.0526180705986
1.04753934890218
1.09144827786861
1.17274618767326
1.22551564872163
1.24913331196152
1.26855173535004
1.2840907773895
1.29633731908466
1.30591969623798
1.31337664763219
1.31910256931251
1.32334910797436
1.32626245843397
1.32793600973803
1.3284608329382
1.3279616412671
1.32661250500692
1.32463332576299
1.32227282473388
1.31978540478227
1.31740804321178
1.31534090446753
1.31386796293472
1.31294334188886
1.312415443525
1.31223810995501
1.31236855679583
1.31279094673806
1.31351767235948
1.31443552866342
1.31522932214651
1.31561557043919
1.31529993004843
1.31400761377544
1.31151934066237
1.30770657664027
1.30255594723594
1.29617141934817
1.28874633810134
1.28050547038452
1.27162690927048
1.26216145169486
1.25197095972143
1.24070746118226
1.22785231503628
1.2128322834147
1.19522717850829
1.15679510584048
1.09956215110483
1.07455545081039
1.08767758225515
1.08984082730461
1.05461996541852
1.03430097199264
1.02232914958236
1.06624580590669
1.15256235368202
1.20897733231664
1.2343001638416
1.25530298795003
1.27242772696693
1.28636809396821
1.29781609752163
1.30731657188343
1.31521162846151
1.32165581353058
1.32667736462286
1.330258466819
1.33240923730614
1.33321703535553
1.33286303600979
1.33160909964366
1.32976601746872
1.32765592175133
1.32557824660187
1.32378365452492
1.32256224932316
1.32187981830643
1.32160403049406
1.32168446022856
1.32209500434482
1.32280832566686
1.32383699878862
1.32501398294086
1.32592338224581
1.32620143319745
1.32546214825551
1.32333727845226
1.31952884784854
1.31386648988338
1.30635357907129
1.29718151011629
1.28669606023218
1.27531416484624
1.26340689560124
1.25117681511781
1.23856263509953
1.22520145853905
1.21047233334818
1.1936373376919
1.17409507070439
1.13150188401361
1.06880902238305
1.04515521964517
1.06812836135392
1.08273288287918
1.04755303559483
1.01911341071845
1.00147369530433
1.04437021919608
1.13320326553636
1.19173133977886
1.21813842431687
1.24027848582734
1.25872444466048
1.27428584385079
1.28772030423758
1.29956289681099
1.31006427074675
1.3192225975647
1.32688089577195
1.33284941492111
1.33701592222405
1.33941508434411
1.34024357199355
1.33982843475295
1.33857031310615
1.3368839916506
1.33514999546303
1.33368129820218
1.33277241000607
1.33239802671055
1.33244735890415
1.33286360080694
1.33364323585601
1.33474687721092
1.33619498723381
1.3377635511673
1.33891361363658
1.33918377398706
1.33806845386055
1.33506715989298
1.32975877513287
1.32189333183982
1.31147709917977
1.29881325684499
1.28446466047675
1.26913236468041
1.25347738304914
1.23793385427452
1.22256405652967
1.20700097862519
1.19050557193898
1.17214880021964
1.15112340878363
1.10554518156476
1.03937962939251
1.01801101306458
1.05009676562936
1.0757786753558
1.04188214790734
1.00833765230495
0.987063101739424
1.02779089665922
1.11580733763896
1.1744159810601
1.20106986685604
1.22370795787754
1.24303852438666
1.26000527317925
1.27545000784237
1.28989379512926
1.30345240248342
1.31589095505401
1.32677323868041
1.33565168042541
1.34223603044144
1.34649307322055
1.34865511018839
1.34915246978521
1.34851461548787
1.347279266413
1.34592716582425
1.34484283122309
1.3443179297488
1.34432866077351
1.34478645631065
1.34562483377634
1.34686905684411
1.34846746750095
1.3504585713984
1.35256363645544
1.35410502143854
1.35451217743185
1.35313266281982
1.34928649916696
1.34236525901016
1.33197442423668
1.31808715369401
1.30114127465941
1.28200645103376
1.26180212647624
1.24162031534821
1.22223536068794
1.20388790627006
1.1862040016138
1.16828981726066
1.14898624040974
1.12725829714744
1.08061291102226
1.01411289969765
0.996090548655751
1.03542547087797
1.06955661054457
1.03791215251675
1.00269947293572
0.980119947325285
1.01757557346952
1.10119964373116
1.15761249967934
1.18352639981899
1.20585867307728
1.22545870789563
1.24344220501977
1.26079002391747
1.27803545600087
1.29512225752449
1.31147420195515
1.32624487667907
1.33860651180332
1.34801270952133
1.35435321799484
1.35793986233824
1.35936784675882
1.35934779783106
1.35857418114918
1.35764453581873
1.35701846935474
1.35696808092565
1.35745726773891
1.3584182633544
1.35976988327894
1.36157178422232
1.36375964964533
1.36640160367995
1.36917412972402
1.37126054574494
1.37198273293792
1.37052192193008
1.36596761824719
1.35743707878661
1.34428263860542
1.32636133491396
1.30425323154924
1.2792596771887
1.25311987243693
1.22755974188032
1.20384925768898
1.18245815901876
1.16296335830962
1.1442322259181
1.12481116602016
1.10341349624522
1.05808095627733
0.994940960321446
0.981346190308924
1.02547529558223
1.06454873873807
1.03579125701502
1.00225497060241
0.980398794050592
1.01367867993285
1.08978606936798
1.14182917224136
1.16597699680688
1.18709527481082
1.20617785611485
1.22456869022321
1.2435102975329
1.26365678929458
1.28474528815791
1.30573879794482
1.32517164365408
1.34164576410855
1.35425406506971
1.3628223058194
1.36783307086723
1.37014047544017
1.3706991725447
1.37039210862221
1.36994333491292
1.36988235381325
1.37043060396912
1.37151690351202
1.37308966279387
1.37504503906879
1.37748049125256
1.38031761006657
1.38366558924063
1.38717708654753
1.38992300317731
1.39114034375948
1.38984231708596
1.38484561705488
1.37489197228342
1.35891510798978
1.33647730602474
1.30824948581951
1.2761400218235
1.24281295251516
1.21096023921547
1.18253614342302
1.15828409267636
1.13758336111099
1.11888826474953
1.10036052187093
1.08044290015427
1.03885010556939
0.982543240909043
0.974369687132145
1.02092311966401
1.06108335157441
1.03549208564053
1.00645830104397
0.986718418659886
1.01521761220527
1.08160146120611
1.12751952050993
1.14897634381597
1.1679747249473
1.18563103418012
1.20354761473036
1.22340934896928
1.24633258560115
1.27195984693295
1.29841511074287
1.32340330071419
1.34467843512483
1.36078696491612
1.37158285400502
1.37789560080577
1.38096080468244
1.38203610632661
1.38221294943362
1.38234140763995
1.38300715094482
1.38433242125155
1.38617500321825
1.38848758257511
1.39112871264395
1.39423194318763
1.39770293651045
1.40170456294703
1.40590442974089
1.40932574656039
1.4111665620807
1.41029524979783
1.40524166348986
1.39428916922991
1.37575412675383
1.34857602571863
1.31325381206874
1.2725362892725
1.23058290981136
1.19139730639859
1.1581124762113
1.13163541519304
1.11070374361104
1.09309449292592
1.0765215311178
1.05917481381958
1.02340263232633
0.976624341024649
0.974681893308243
1.02175312555571
1.05928954926552
1.03717405143235
1.01590336811432
0.999530831709204
1.02214665259629
1.07584504493604
1.11326779074738
1.13075782051518
1.14636585955581
1.16126017119407
1.17724378390054
1.1965412935452
1.22147989228396
1.25279105771636
1.2870684971845
1.32017856808856
1.34799481541923
1.36828203208715
1.38139458134167
1.38891427931877
1.39265612957403
1.39426518971723
1.39507240426584
1.39606140906404
1.39786394780996
1.40040710527606
1.40340467824118
1.4067728667416
1.41028663707785
1.41410737861389
1.41812755174433
1.422608166262
1.42731152915923
1.43133736676925
1.43390861762936
1.4337803675863
1.42918756192511
1.41786646447823
1.39725105389383
1.36505378330774
1.32064347981109
1.26743702106971
1.2128703213454
1.16392743562373
1.12597560462103
1.09870057931735
1.0791347483261
1.06412941358612
1.05097000496976
1.03766530547889
1.01046288817271
0.97687242502834
0.982820055488934
1.02867511501437
1.05918494271377
1.0434039052832
1.03830966949656
1.02841647837151
1.04163176840869
1.07412964756048
1.09672932020833
1.10707897310305
1.11635875829629
1.125599640744
1.13642597858028
1.1511094993185
1.17238296690516
1.20615343908236
1.25851243716637
1.31135375820171
1.35060828833346
1.37642508051262
1.39212356823391
1.40089361620235
1.4054843517671
1.40806395127523
1.41026345334827
1.41323097900661
1.41763918462772
1.4229168141341
1.42842169345189
1.43385704261658
1.43874326435952
1.44323708174483
1.44726157658322
1.45137501335711
1.45566273832787
1.45967157620775
1.46276572859075
1.46363704531439
1.46022971395571
1.44964554538426
1.42810023166555
1.39112035541299
1.33422225090859
1.25571075964977
1.17125753252043
1.11112632467425
1.07301672195088
1.04900281855752
1.03428334031173
1.02508120975912
1.01862329603135
1.0129781386381
1.00169835760471
0.992232409020884
1.01105324691814
1.05052424633577
1.06238503176893
1.05097191956914
1.06707816917859
1.06682318286524
1.07171960853692
1.0828807822936
1.0912402813059
1.09570385167282
1.10073998659799
1.10734097080889
1.11695429312261
1.13159275947604
1.15360119298955
1.18833195193351
1.24133025361459
1.29417421337954
1.33342787821151
1.35969640518751
1.37630677701499
1.38636483959729
1.39255393022882
1.39700620692225
1.40133398127846
1.40665712093679
1.41356222710898
1.42102222985334
1.42817598339032
1.43465800312596
1.43987945122047
1.44399976671297
1.44699909335872
1.44951103790875
1.45179516452828
1.45379931218832
1.45498896328241
1.45409285460236
1.44907684170488
1.43708026983701
1.41439378735275
1.37665290061326
1.31942409636547
1.2405358049543
1.15500293834665
1.09371868464798
1.05479846604946
1.03073249793046
1.01712081388847
1.01052647364425
1.00848678141368
1.0092863304242
1.01473960203238
1.03269874840604
1.05997546123361
1.08112977125545
1.06544180770015
1.04953987264182
1.07750535285338
1.08388135814188
1.08626324442447
1.0888306479625
1.09243925106168
1.09604575501074
1.1016643831537
1.11024128355819
1.12295048344395
1.14107197502535
1.16568203183387
1.19584752531943
1.2271704182841
1.25753755324743
1.28440871327739
1.30558207797587
1.32099111684825
1.33178472598024
1.33943145131652
1.34531597164505
1.35055370629624
1.35590432527264
1.36171634124751
1.36725194104106
1.37221786934173
1.376690691458
1.38049098496535
1.38380546877952
1.38646644667719
1.38858044288327
1.38981450346777
1.38979451802373
1.38799122893748
1.38338078309942
1.37444669764464
1.35926774137904
1.3357782703782
1.30238225016866
1.25923262705954
1.21015544746101
1.16085756418702
1.11483149522347
1.07794138594542
1.05184558046933
1.03517539614171
1.02603934719614
1.02267194234974
1.02363252871882
1.03299071914723
1.05686459716881
1.07965887331772
1.08739408237826
1.05865441055583
1.02915224784185
1.05675112968573
1.06535718385462
1.06840471691249
1.07054774053703
1.0742235464861
1.07822149086674
1.08410015896906
1.09220445472877
1.10273411872696
1.11562304666214
1.13041159178887
1.14643794017302
1.16315086917734
1.17931782597547
1.19397669334718
1.20664611808482
1.21711088717952
1.22546744203547
1.23205807114021
1.23733317352505
1.2417313669774
1.24559822286852
1.24914552087819
1.25210118255586
1.25458973433534
1.25677352588816
1.25863642304147
1.26027503372917
1.2615368897619
1.26231647033371
1.26206540598329
1.26035296727443
1.25674136447073
1.25068509979494
1.24158243578719
1.22889202770535
1.21231523676559
1.19200593616573
1.168682805864
1.14343662926632
1.11778383203274
1.09380094565005
1.07257888080545
1.05506741025059
1.04187291010289
1.03304591291532
1.02824649508454
1.02690889087817
1.03114914745333
1.04504620030563
1.05685596143763
1.05774146292468
1.03206677711519
1.04722844181235
1.08043079591978
1.08484857077438
1.07855467693942
1.07258589777907
1.07597889209012
1.08275109394093
1.09376913745181
1.10946044879701
1.12993063282815
1.15481418089916
1.18318616076995
1.21359753264509
1.24419257635343
1.27298565376128
1.2983090722314
1.31905286636536
1.33479029707266
1.3457704710994
1.35270920725144
1.35651903528632
1.35809590028347
1.35819479932702
1.35738402841041
1.3561653996572
1.35495622077292
1.3537419225952
1.35261636138225
1.35152299345663
1.35047239031044
1.34944325492128
1.34825361625843
1.34678029953372
1.34452237073084
1.34075737449095
1.33459047925759
1.32507393996254
1.31140777257992
1.29319750293514
1.27066457353326
1.24467273722976
1.2166318192824
1.18830136136732
1.16137815587098
1.13721627799649
1.11670517990794
1.10022761920628
1.08773267154602
1.07887668850412
1.07053382439637
1.0682251329758
1.068777207738
1.06400059052105
1.03768364967257
1.07794552416408
1.11983867349194
1.12085306224226
1.10441368739317
1.08901057552431
1.09019396812263
1.09799345801998
1.11250947819062
1.13525555314427
1.16774858357588
1.21098434694735
1.26437968173624
1.32459393185409
1.38562605496747
1.44055237246693
1.48379327085502
1.5133205693857
1.53050446561957
1.53829904401827
1.53983601722237
1.53777513917322
1.53408853905912
1.53003844607074
1.52623950105781
1.52308649734338
1.52049317866603
1.51805964629997
1.51581025831911
1.51366288346144
1.51185846856503
1.51077243167062
1.51094197995272
1.51258389955667
1.5151052869308
1.51726201829645
1.5171287707774
1.51211294774437
1.49911353593356
1.47505489794918
1.43814472908552
1.38965071865149
1.33427360969294
1.27824413627822
1.22723749060536
1.18467434838699
1.1514251151097
1.12677267139249
1.10939240352953
1.09788539396373
1.08802456098403
1.08794942014216
1.09263018001507
1.09125451798868
1.06238734551596
1.08700440738281
1.12392398797037
1.11788272673229
1.09634079096344
1.08157442163646
1.08519607344763
1.09436770020403
1.11065920227438
1.13645964668302
1.17495864395707
1.22993626943113
1.30435359381026
1.39572262741106
1.48985016658103
1.56631731912886
1.61572636088155
1.64121594964507
1.64965464059193
1.64738505969638
1.63936504173822
1.62915251869797
1.61910067360093
1.61055524109972
1.6039753724657
1.59940823027213
1.59602125576265
1.59283050958573
1.58970203244101
1.58658364532247
1.58408063277733
1.58320036401533
1.58534977175847
1.59111963681828
1.59996507715599
1.61052886535337
1.62056691895079
1.62674964511943
1.62440679097088
1.60737027717578
1.56841991965857
1.50285564144783
1.41738480057765
1.33065737508254
1.25733262358619
1.2011808935882
1.16016370232893
1.13099873544501
1.11073404893811
1.09705776263944
1.08378396747475
1.08052073359096
1.0860722303926
1.08993743800007
1.06789522184086
1.08502813813922
1.10471471151776
1.08934601204618
1.07427292376014
1.07670718099304
1.09126355533903
1.10487504828232
1.12437728325021
1.15223126989286
1.19177941100074
1.24699740665478
1.32106259091671
1.41171714626361
1.50502924746583
1.58070841745239
1.629134144842
1.65321865632219
1.65981986806182
1.65535020207722
1.64482301986935
1.6318288162108
1.61875384804432
1.60701843812958
1.59726027074618
1.59014007366631
1.58503533840606
1.58098396827738
1.57790840462517
1.57575975840607
1.57508630129664
1.57688998240433
1.58238869007299
1.59157109118956
1.60373871727242
1.61748267514745
1.63054460420384
1.63957051393398
1.6398146052564
1.62494859958689
1.58752834511545
1.52270338096716
1.43718810578983
1.34974548009247
1.27521491510094
1.21743544248631
1.17428198101293
1.14234012993109
1.11856612451496
1.10064496494134
1.07817198021085
1.06232014009074
1.06314141641669
1.07292583392387
1.0645183610297
1.08134497333256
1.0880365295835
1.0700274149944
1.06624086415773
1.08674660859196
1.11217902970307
1.13029484705623
1.1527866864962
1.18152305979854
1.21874469126437
1.26644272338052
1.32505998317174
1.39157593516123
1.4585801228924
1.5167057174897
1.55932459492934
1.58505729560469
1.59638034938777
1.59716362639317
1.59116608513051
1.58145733263877
1.57030708834008
1.55926391994818
1.54929654485124
1.54169590588994
1.53627979727495
1.53238634279854
1.52998343059435
1.52900042932677
1.52978573511797
1.5330166667469
1.5393921766601
1.54826678978078
1.55870111298386
1.56917586385947
1.57747688840647
1.58059184035778
1.57473441242295
1.55576240322173
1.52048618275242
1.46909604928529
1.40694585444673
1.3426908366222
1.28386101212058
1.23411303135635
1.19370424542807
1.16119925442261
1.13475553309752
1.11277327720981
1.08085021142082
1.0513880130311
1.04560947219302
1.05859722407574
1.06072544547896
1.08072045010021
1.08248090180794
1.06507806198405
1.06843231943207
1.09890207690573
1.13003292329361
1.15029752444211
1.17386150247043
1.20211784834949
1.23657304643441
1.2782224367015
1.32666482893787
1.37932360047198
1.43156210081306
1.47793829201124
1.5140101541725
1.53788262207132
1.55029720199843
1.55353474740922
1.55030339314387
1.5430920398791
1.53391457893997
1.52427562231081
1.51523957224326
1.50822807458524
1.50325008657625
1.49978450466834
1.49781111400865
1.49725628028875
1.4983731986566
1.50167913494857
1.50760514721141
1.51532453681518
1.52383508977049
1.53166007555259
1.5367925964536
1.53670559438356
1.52854360617617
1.50967950079663
1.47876881356789
1.43692460398963
1.3878662906184
1.33661052931884
1.28775838573664
1.24418275160999
1.20674045918641
1.17489504047716
1.14753281223862
1.12356514920589
1.08644901662661
1.04900523800875
1.03902817425385
1.05316258065947
1.06011621201192
1.08164429120625
1.08167347489445
1.06614532326011
1.07521301646886
1.11278418707567
1.14765368073494
1.16908746323341
1.19284853252687
1.21993326201204
1.25133587022754
1.28753149769963
1.32792953888264
1.37056245789104
1.41230422091838
1.44960122164775
1.47945002568028
1.50025960101982
1.51210799892806
1.51631303149819
1.51476358435795
1.50939747855003
1.50191958636789
1.49370358637062
1.48579912617557
1.47959553108218
1.47519795150661
1.47218274520641
1.47053572482613
1.47018683751659
1.47132870244253
1.4743671508402
1.47956387059013
1.48605756758033
1.49286939437827
1.49864659244641
1.50166001806791
1.49988376779678
1.49123811593143
1.47407151690826
1.44782795997977
1.4135523298642
1.37376957362876
1.33174157906865
1.2905406342628
1.25229982309676
1.21791962015681
1.18728987069887
1.15977254433524
1.13467804156149
1.09400935716857
1.0506417195344
1.03726198524505
1.05164967607822
1.06110396787459
1.08406442603011
1.08500356650809
1.07262150682452
1.08676417146509
1.12958311239723
1.16676311470189
1.18860309855676
1.21184198725828
1.23713998888404
1.2651265982826
1.29600819951553
1.32924068189794
1.36340707731916
1.39639862704773
1.4258659638626
1.44979657168993
1.46701136272153
1.47736970098886
1.48161667371348
1.48102444285605
1.47703729111974
1.47103020852479
1.46418872096844
1.45747380576968
1.45215521977544
1.44838299636119
1.44581499339192
1.44444159609491
1.44419845509151
1.44523200192064
1.4478552878972
1.45221448791073
1.45749356654875
1.46279735663141
1.46695187392028
1.46853894248895
1.4660045854701
1.45788176485577
1.44313441773021
1.42153361563695
1.39386686734646
1.36181248656184
1.32751118365646
1.29302166216053
1.25986357603322
1.22880081435082
1.19991513599331
1.17288757107926
1.14735019626682
1.10436427061516
1.05649925494869
1.0400988348435
1.05380476844949
1.06371754886102
1.0879309180516
1.09240964112283
1.08439349244278
1.10288333743757
1.1488931954083
1.18682926811103
1.20830453223748
1.23036809433387
1.25342185284016
1.27785720605554
1.30376361056286
1.33072312450741
1.35775877029129
1.38346742245992
1.40630513770939
1.42493811041597
1.43854326150477
1.44695257730292
1.45060359779337
1.45035299463262
1.44725519845811
1.44238265800372
1.43671366297655
1.43107844804434
1.42658517681766
1.4233926644556
1.42122239156139
1.42006767446717
1.41986956894123
1.42073941380193
1.42291656977825
1.42647535031673
1.43069109665155
1.43478743726303
1.43778856204506
1.43857061116753
1.43596765038772
1.42894525398425
1.41682443435525
1.39948846923026
1.37747239638908
1.35186800752179
1.32406535247113
1.29542451242974
1.26699083174544
1.23934484699254
1.21262678313136
1.18671147859686
1.16146705727395
1.11761659315799
1.0670268357407
1.04809251023451
1.05999573875856
1.0680308398159
1.09299871797557
1.10332800592649
1.10073629812689
1.12285874271755
1.17009104191089
1.20733358533189
1.2277720935907
1.24814544976953
1.2686694307714
1.28958605405141
1.31094522579202
1.33246544216621
1.35350660991384
1.37316075154085
1.39043351407688
1.40446187545918
1.41470119301739
1.42102452842729
1.42371233873198
1.42335559384215
1.42072219591085
1.41663261501874
1.41186857596829
1.4071173135744
1.40331773904635
1.40061317219806
1.39876997641251
1.39778197969508
1.39759418452138
1.39829215765257
1.40006024833972
1.40293438386083
1.40629953598761
1.40950868530434
1.41177553604756
1.41222752940805
1.40999460110043
1.40433369250803
1.39476965093207
1.38121022578901
1.3639846040054
1.34377631032253
1.32146375640405
1.29791900750699
1.27382970748883
1.24960076385873
1.22536665872428
1.20111160293001
1.17686474292389
1.1336347164939
1.08219916992603
1.06124769175402
1.07016536812437
1.07394959912532
1.0988576970401
1.11673844721397
1.12030942705333
1.14543353809398
1.19229072190289
1.22770196942721
1.2466113585612
1.2649603608885
1.28283671155956
1.3003903536685
1.31766713829582
1.33450641559243
1.35051982371316
1.36514858262085
1.37777800685789
1.38787401319969
1.39510160009618
1.39939283289883
1.40095086965473
1.40019959140711
1.39770376192271
1.39408605103157
1.38995818458387
1.3858720430457
1.3826106078525
1.38028708745882
1.37869556573179
1.37782794703829
1.37763135304072
1.37817322397346
1.37959936462847
1.38193104596415
1.38466244601679
1.38726946924903
1.38913131938718
1.38957720040537
1.38795466141216
1.38371528773955
1.37650258937865
1.36621698084613
1.3530318090336
1.33734719763255
1.31969045080302
1.30059184065556
1.28047450392729
1.25959457721328
1.23805484120929
1.2158961778921
1.19324952062365
1.15197414140725
1.10142090033038
1.07893687964758
1.083800162871
1.08121573406577
1.10498052786633
1.13127453959202
1.14128019883467
1.16890572418746
1.21437601846333
1.24727569561723
1.26439304217457
1.28058527463417
1.29585664587796
1.31030254340564
1.3239804512346
1.33682895974535
1.34864552424155
1.35911855478364
1.36789790182651
1.37468043420725
1.37928588102267
1.38170333341967
1.38209966103856
1.38079358390011
1.37820806928854
1.37481599538114
1.3710905417479
1.36746597582492
1.36459285102321
1.36254728585489
1.36113712627507
1.36035046405205
1.36013476147391
1.36054525238926
1.36170230267355
1.36362771249521
1.36591395783821
1.36814444586829
1.36983477019149
1.37047043525434
1.36955698926156
1.36667775362785
1.36154861159491
1.3540551762547
1.34425866523193
1.33236450231628
1.31865968484238
1.30343639362501
1.28692581392535
1.26926590585988
1.25052027131772
1.23075364856792
1.21015330502904
1.1718660559555
1.12355318711138
1.09994324356444
1.09997044646987
1.08942812976494
1.11078134145149
1.14538728542319
1.16155549549229
1.19133671933003
1.23509827542568
1.26532918894831
1.28063894205196
1.29474658395898
1.30760703082658
1.3192878990592
1.32986664394421
1.33936226266957
1.34770979051767
1.35477396381898
1.36039050249226
1.36441920387431
1.36679271686029
1.36754845613125
1.36683757297253
1.3649120761365
1.36209656827481
1.3587530835805
1.35524636800104
1.35191412586129
1.34930086969478
1.34744419624528
1.34615546956343
1.34541780796733
1.34517749025651
1.34548183115776
1.34643524724743
1.34806840864995
1.35005660715422
1.35207208326608
1.35373852191108
1.35465999504547
1.35445668378372
1.35280330650253
1.34946326384731
1.3443099249355
1.33732781253041
1.32859119687738
1.31822456640911
1.30635621646394
1.29308049874576
1.27844476358181
1.26247337155451
1.24523331426134
1.22693330767154
1.19227086855668
1.14704948493949
1.1226153461337
1.11743234713585
1.09807660704616
1.11567871258685
1.15752889793616
1.17904759833387
1.21079183528173
1.25320279869629
1.28112085999015
1.29484448319096
1.3071307168689
1.31791162315529
1.32724854673715
1.33524612441359
1.34199099460941
1.34752255362458
1.35183348195059
1.35489173038208
1.35667282642167
1.35719141946515
1.35652346843343
1.35481453759232
1.35227404684372
1.34915871993865
1.34575007630647
1.34233062084355
1.33916207368738
1.33670793143909
1.33496950963225
1.33375496359615
1.3330419528222
1.33277439787123
1.33299454932399
1.33379706967129
1.33522470554822
1.33701911163059
1.33892273034788
1.34064235711359
1.3418707102751
1.34231148346667
1.34170474641749
1.33984812589454
1.33660872806763
1.33192199176144
1.32577673821265
1.31818994817814
1.3091790177469
1.29874211720087
1.2868578370571
1.27351294433103
1.25876124164199
1.24280643797763
1.21196710635516
1.17013350670711
1.14506554281174
1.13476078500493
1.10658563840497
1.11915650348504
1.16632425282743
1.1919103521524
1.2255531841842
1.2675544285265
1.29396061133248
1.30652352406141
1.31741412695981
1.32656255906978
1.334042992748
1.3399958884159
1.34456921695414
1.34788544374438
1.35003294305435
1.35107555544878
1.35107189555294
1.35009619738317
1.34825431197094
1.34569122688762
1.34258936560819
1.3391592181147
1.3356251076845
1.33220907757509
1.32911531156769
1.32674791961073
1.32507638820878
1.32390194089263
1.32319681558163
1.32290179372518
1.3230557244441
1.32374700091933
1.32502994240162
1.32669691528402
1.32854343332233
1.33033825093605
1.33183931605676
1.33281130934324
1.33304241370937
1.33235728890238
1.33062324131832
1.32774763631729
1.32366672661546
1.31832888248674
1.3116780088287
1.30364491883478
1.29415485784358
1.28315756097942
1.27068152313789
1.25690599351198
1.22964812513072
1.19095790040238
1.16534754600081
1.15048321888752
1.11436430225754
1.12081622222303
1.17071194663651
1.1987262686891
1.23429256702612
1.27725254214367
1.30328206631837
1.31526237969447
1.32530399309981
1.33335228306045
1.33951228668932
1.34397079849601
1.34693606052009
1.34860095318854
1.34912839226252
1.3486534462936
1.34729511898735
1.34517107546371
1.34241011466098
1.33915927874073
1.33558459761174
1.33186615358433
1.32818916110587
1.32473306178648
1.32166041686294
1.31933356256505
1.31769579123605
1.31654008484612
1.3158336455137
1.31551375664001
1.31561656948438
1.3162256344022
1.31740368483044
1.31897947035301
1.32078628053957
1.32263703816551
1.32433636555544
1.32569314704222
1.32653175561809
1.32669982782795
1.32607069806293
1.32453953064088
1.32201379971129
1.3184008133376
1.31359701747165
1.30748529759672
1.29994681166938
1.290892368347
1.28031435470795
1.26835336421467
1.24402096314011
1.2077336807437
1.18159917542738
1.16320264212745
1.12085856139797
1.12041546494568
1.17004494855869
1.19864221605942
1.23620581830504
1.28172893637802
1.30870764054294
1.32077030608429
1.33057758085358
1.33810490073405
1.34350539217954
1.34702366291831
1.34893026971871
1.34948112086911
1.34889937029529
1.34737394059161
1.34506786906485
1.34213031997728
1.33870761205802
1.33495043565172
1.3310161792594
1.32706666469803
1.32326244919074
1.31975518248576
1.3166794350509
1.31436954427748
1.31274874526269
1.31160232712522
1.31089302951065
1.31055473060041
1.31062083453438
1.31117004698507
1.31226843370679
1.31376787741962
1.31552569905185
1.31738368520132
1.31917786893414
1.32074817524292
1.32194636403876
1.32264059684874
1.32271527498184
1.32206566471294
1.32058820574965
1.31816910177378
1.31467549245695
1.30995478615073
1.30384807834035
1.29622235652786
1.28702272831636
1.27633982027298
1.25391516884103
1.21885955061582
1.19217688832356
1.17171363772513
1.1256014694474
1.11788903209232
1.16413848411392
1.19142856305022
1.23108001341873
1.28080661026789
1.31009014434963
1.32291290444979
1.3331094001157
1.34069871319299
1.34589795995462
1.34902032041256
1.35040121841782
1.35035416892538
1.34915141117952
1.3470220220596
1.34416009956322
1.34073675675286
1.33691138412694
1.33283948066772
1.32867601485143
1.3245745493796
1.32068314663959
1.31713837923646
1.31405872264232
1.31176101946076
1.31015464161284
1.30901910807338
1.3083133173651
1.30796832781888
1.30801417166557
1.30852386311139
1.3095602913256
1.31098563566923
1.3126684679153
1.31446561272941
1.31623113953773
1.31782487374977
1.31911887257854
1.32000025118536
1.32036911061173
1.32013120883918
1.31918638512883
1.31741541192279
1.31466961942029
1.31076896085471
1.30551473435786
1.29872238685875
1.29027697715403
1.28020817622395
1.25839793758908
1.22306444877103
1.19579668051995
1.175112050781
1.12825679134201
1.11335200580472
1.15325737475139
1.17743035130372
1.21925166650391
1.27469185503127
1.30751580147211
1.32171791537419
1.33287876438211
1.34107477814562
1.34660101850289
1.34984745733024
1.35121491185996
1.35106805655865
1.34971701653175
1.34741794326755
1.34438389200287
1.3407991081559
1.33683194031294
1.33264368547146
1.32839247559551
1.32423264366546
1.32031077754774
1.31675991976979
1.31369325247505
1.3114180602991
1.3098357883946
1.3087230632157
1.30803548957425
1.30770243956718
1.30774952989841
1.30824293916861
1.30923480512899
1.31058432188584
1.31215878301568
1.31381666799874
1.31541731981933
1.31683004496399
1.31794083243406
1.31865476113115
1.31889254445066
1.31858066904936
1.31763616005295
1.31594891655092
1.31336647793927
1.3096876551685
1.30467235317808
1.29807471143309
1.28970468387821
1.27951784247393
1.25687015651468
1.21953025310169
1.19165394019697
1.17288589977863
1.12865204375232
1.10708635839064
1.13805931638719
1.15743596804123
1.20146998518855
1.26390034805978
1.30126779336556
1.31735260196593
1.32995708195263
1.3392309404007
1.34555912435184
1.3494127789144
1.35125463372331
1.35149060856978
1.35045477689135
1.34841527785591
1.34559069070386
1.3421688365534
1.3383226267236
1.33422015124343
1.3300283972777
1.32591154868695
1.32202563127342
1.31851140466447
1.31548709368041
1.31325647840134
1.31171848133347
1.31065029321477
1.31000458623129
1.30971079910926
1.30978881992826
1.31029708777361
1.31126867288729
1.31254516460155
1.31397956786745
1.31541803372252
1.31671177344753
1.31772864171249
1.31836204307019
1.31853446175095
1.31819325886612
1.31729763093998
1.31579768987667
1.31360914163448
1.31058951587315
1.30652390510213
1.30112945364412
1.29408825063627
1.28511736745514
1.27408033504204
1.24911829942786
1.20795474004806
1.17948982945457
1.164975595214
1.12679784063739
1.09951364158328
1.1195372159307
1.13257115153547
1.17876870069396
1.24916387677039
1.2917697920095
1.31008433726439
1.32448190421063
1.33520559890505
1.34274050674794
1.34763897028691
1.35041698546431
1.35150654343801
1.35124672685647
1.34989819757037
1.34766825748777
1.3447366597666
1.3412757073522
1.3374615743531
1.33347673212425
1.32950540225315
1.32572486311896
1.32229533836366
1.31935050304057
1.31719534996172
1.31573083797363
1.31473839871484
1.31416783514859
1.31395110739091
1.31410094896829
1.31466795143561
1.3156574511091
1.31687670373687
1.31815027228086
1.31929635093626
1.32014262036135
1.32054263006431
1.32038947558026
1.31962266526332
1.31822425154749
1.31620195904445
1.31356004994591
1.31026234711874
1.30619531193043
1.30114168555592
1.29477674044769
1.2866999001244
1.2765146322845
1.26396715003184
1.23533025394606
1.18857976894406
1.15963332283945
1.15181167535674
1.12289113519839
1.09115628215892
1.09899688629626
1.10434418954289
1.15247942033525
1.23138138009841
1.27953805263687
1.30024239645435
1.31662915392305
1.32905838140653
1.33812357827692
1.34445401274071
1.34860476245536
1.3510121816834
1.35199433548615
1.35177816078234
1.35053740608487
1.3484287168834
1.34561755042184
1.34229035872916
1.33865380796639
1.33492471080722
1.3313153714005
1.32801842784849
1.3251938385669
1.32315147476648
1.32179761970546
1.320921474355
1.3204696198723
1.32037977864007
1.3206561667554
1.32134280793757
1.32240885889578
1.32360796095827
1.32472048702032
1.32551839496867
1.3257868812244
1.32534856239632
1.32408568847197
1.32195391681083
1.31898084356253
1.31524477374817
1.31083395315372
1.3057923347109
1.30006313903875
1.29344486465834
1.28557581971882
1.27596335149387
1.26407437248624
1.24950480505076
1.21611608104192
1.16228621949654
1.13311675046112
1.13435120478402
1.11730056577007
1.08259059716504
1.0780516609296
1.07485746946503
1.12442183259857
1.21163636852633
1.26515764677769
1.28819377864924
1.30659325187952
1.32085445784209
1.33168415475585
1.33978050725387
1.34571823108757
1.34990874775575
1.35261368053324
1.35399032367154
1.35414859082124
1.35320219256842
1.35130246518459
1.34865044073901
1.34548952122154
1.34208567035001
1.33870307599052
1.33558146181035
1.3329183530542
1.33103095993969
1.32983229332756
1.32912231009982
1.32884346804703
1.32894334319665
1.32941653158791
1.33030377488142
1.33153070157108
1.33277571697418
1.33375767359735
1.33418055330189
1.33376273395034
1.33227286786501
1.32956633831742
1.32561200251928
1.32049717108318
1.31440188929534
1.30754160829899
1.30008724615506
1.29207981677086
1.28336115067055
1.2735426768423
1.26203220499684
1.24813711958512
1.23126705598472
1.19255770187359
1.13082810830928
1.10192299414931
1.11410475119271
1.11053381106066
1.07439654744267
1.0585494111024
1.04696466386284
1.09708461147262
1.1912223711841
1.24927260689454
1.27433313630304
1.2945785463978
1.31065610418667
1.32338620160664
1.33352590290845
1.34164597297363
1.34809504782882
1.3530303708669
1.35649002124894
1.35847838906672
1.35903995650879
1.35830423811909
1.35649553176514
1.35391311261453
1.3508948373843
1.34777782940733
1.34486540813381
1.34240386283002
1.34071816027773
1.33972668497279
1.33924217331975
1.33920135252608
1.33956659823743
1.34032224253226
1.34151161644126
1.34301186730914
1.34440355956801
1.34532603685094
1.34538988788638
1.34421498895464
1.34148283144016
1.33699586802364
1.33072775472461
1.32284278319693
1.31366665037496
1.3036049731998
1.29302420493944
1.28212274471014
1.27082515633547
1.25873094788042
1.24514188404642
1.22918494625668
1.21005386787464
1.1662348669403
1.09706161294173
1.06919510508445
1.09308262269028
1.10319012372534
1.06710941406483
1.04234607326853
1.0239627042481
1.07341581672138
1.17156665911255
1.23256583187631
1.25907798620033
1.28079980975193
1.2985220486323
1.31317735889836
1.32557457694799
1.33625594179131
1.34545982854253
1.35317455390417
1.35924971175836
1.36352577313292
1.36594333192254
1.36660362355066
1.365771552724
1.36383236289123
1.36122746188667
1.3583929044988
1.35571327300353
1.35349331750074
1.3520623129064
1.35133873111827
1.35114871948805
1.35142076632896
1.35213772148279
1.35327360951452
1.35488319181025
1.35679435740031
1.35846940425983
1.35945203692735
1.35923153297758
1.35728870903376
1.35316945275958
1.34657948092482
1.33747646805454
1.32612013145137
1.31304317480237
1.29893358906861
1.28445376235308
1.27004422231192
1.25576506260569
1.24121986629836
1.22559328832495
1.20781111006568
1.1868355882611
1.13910624554569
1.06474491193736
1.03896499087309
1.07356547653269
1.09590306994696
1.06117488500907
1.03094519735221
1.00864044685945
1.05601684094048
1.15399749590999
1.21571656968586
1.24286271447946
1.26548957680799
1.28451535442353
1.30099058894331
1.31578257329522
1.32938640199431
1.34187450736403
1.3529768321417
1.36225646507913
1.36930789643661
1.37392119955945
1.37616863832164
1.37638963849525
1.37510313603709
1.37289742870968
1.37033796654354
1.36790733111724
1.36597435710767
1.36486225265968
1.36447888717247
1.36466264986022
1.36533011120587
1.36649063222933
1.36810846643214
1.37026153972884
1.37273408250245
1.37485754358376
1.37607058517783
1.37571461808289
1.37308249798403
1.36751516042914
1.35854759537734
1.34607430292932
1.33046376975779
1.3125414265195
1.29341358711149
1.27418564321161
1.25566088887152
1.23809910589361
1.22111448540992
1.20374463298346
1.18468387323047
1.16265892275077
1.11317652679578
1.03759474613403
1.01511061628237
1.05769345917956
1.08927661395516
1.05690796971449
1.02515751691632
1.00221299890261
1.04617116326179
1.13945221849735
1.19934607167757
1.22613407521454
1.24891655991904
1.26872583223282
1.28675690017552
1.30397554349906
1.32083796582572
1.33718121144695
1.35236174296472
1.3655114545982
1.37585416789626
1.38297183281181
1.38692175410454
1.38818409410891
1.38748561869545
1.38561712749689
1.38330497430309
1.38114154711941
1.37955774851837
1.37884917653048
1.37889527148523
1.37954325322325
1.38069247447565
1.38238444206821
1.38457446295934
1.3873774613961
1.39054846670789
1.39329184579914
1.3949458889326
1.39468676615772
1.39156803808272
1.38463326418411
1.37312485811218
1.3567720712978
1.33604303360778
1.31217355633084
1.28689494490724
1.26197833746553
1.23875233816812
1.21775287184315
1.19857281227037
1.1800265617424
1.16052085526131
1.13854307602516
1.090069601715
1.01802999772229
1.0000392099075
1.04702070528816
1.08381800542143
1.05446087509899
1.02495658860875
1.0040238556279
1.04351670114761
1.1283165311111
1.18397661882024
1.20935898792337
1.23142748367287
1.25132404451789
1.27044050581845
1.28995656185948
1.31035300493128
1.33119946432862
1.35125674784564
1.36902570516359
1.38319823411181
1.39304851495142
1.39868247932423
1.40084764709245
1.40058497275385
1.39894799172476
1.39684815662758
1.39498917735461
1.39385125125398
1.39366523492978
1.3942551493159
1.39547044183662
1.39718530473855
1.39947725710423
1.40229337906542
1.40580031717592
1.40975006116173
1.41325034924451
1.41556548596929
1.41570925246134
1.41245746090796
1.40445348766986
1.39046568468244
1.36984297782454
1.34306899755256
1.31196117247709
1.27919524189749
1.24752145684293
1.21907811742836
1.19471580644218
1.17388624588733
1.15500260343598
1.1360967801104
1.11541137843194
1.07076463060225
1.00659676347807
0.994128800497819
1.04224091169628
1.07987632313959
1.05380511545992
1.02959093277482
1.01219906023135
1.04658465132038
1.12049158530401
1.1700295311802
1.19305443201495
1.2135228035236
1.23267354865642
1.25214212851028
1.27350448559594
1.29763680269745
1.3235774933197
1.34950126357309
1.37284374685509
1.39135829954292
1.40398348155182
1.41106363653091
1.41383893999811
1.41378123102247
1.41224904138321
1.41034308478194
1.40886574269207
1.40832348839817
1.40882839900969
1.41011083684076
1.41201023678853
1.41436248682326
1.41728114538897
1.42070637748187
1.4248720628399
1.42956848776462
1.43387138488829
1.43702098194172
1.43790030349732
1.43500539008359
1.42650757049713
1.41049834110088
1.38556185329333
1.35181709349012
1.31190761894131
1.26998047181025
1.23045546450794
1.19639624366552
1.16919501024171
1.14764792856182
1.12948660707981
1.11229568137709
1.094092927229
1.05564354806968
1.00246288586326
0.996274628775588
1.04318598176848
1.07759544153625
1.0550309412536
1.03946044181733
1.026801016413
1.05497008766029
1.1150214317676
1.15603037810913
1.17544140841213
1.19311489483217
1.21034345651708
1.22898621651059
1.25121003952798
1.27890205864795
1.31295744256944
1.34679326353223
1.37777831862731
1.40179020020062
1.41714198541229
1.42525000218407
1.42821314688833
1.42807884196225
1.42654678737181
1.42490515387025
1.42403923687964
1.42445299268805
1.4260362756958
1.42835529028286
1.43120625957677
1.43435452120957
1.43794798187732
1.44192325909469
1.44662070803181
1.45194104379578
1.4570454622795
1.46122390946718
1.46327916685921
1.46144803272896
1.45338084268308
1.43626605053272
1.40731486510158
1.36498336963979
1.3120791191599
1.25759781950964
1.20602603176735
1.16621291796741
1.13739415664112
1.1166525125912
1.10071765505047
1.08673601129847
1.07256806676128
1.04329715636847
1.00500355689325
1.0066147418449
1.05034630017004
1.07692313796737
1.06034956275153
1.06172599230781
1.05670926706834
1.07506693635201
1.11279021141657
1.13897059639534
1.15171128718978
1.16386360764719
1.17663719490995
1.19186455501228
1.21187380652551
1.2398686808035
1.27652047339753
1.33633336033456
1.38586313431703
1.41621330334738
1.43361188606199
1.44180109818167
1.44429943194999
1.44384088877241
1.44247651396341
1.441663219493
1.44234290177954
1.44495962937831
1.44887346497664
1.45330993280312
1.45790781478065
1.46226620259556
1.46656010205513
1.47073845260812
1.47538053561001
1.48066619744374
1.48617540070573
1.49140020727044
1.49516584451591
1.49552904178421
1.48964932644636
1.47368857869855
1.44283178503904
1.39197410947177
1.31535117801932
1.21867835765765
1.15687769351432
1.11505015705618
1.08849818136492
1.07188658859043
1.06132113455634
1.05384842853759
1.0474066737952
1.03497398425457
1.0226971107896
1.03674280143425
1.07197519403374
1.0791432499553
1.06612757479901
1.08820459429776
1.09244670431911
1.10182611689184
1.11763574512395
1.12951011277226
1.13642858354942
1.14444841271381
1.15471899306424
1.16888430798101
1.18900951979899
1.21800476600203
1.25580033236224
1.31671285434569
1.36619555039758
1.39662017661588
1.41465602381599
1.42392593337721
1.42783034595808
1.42902006233424
1.4295001062469
1.43069616636211
1.4335060230012
1.43827829989782
1.4439934653696
1.44974716743275
1.45518205099624
1.45984760376703
1.46392710691642
1.46737971252898
1.47078968004966
1.47442171506996
1.4781733881855
1.48164300303464
1.483707644465
1.48245917165686
1.4751068906476
1.45790670186252
1.42619347185174
1.37501166968742
1.2982750636507
1.19993045540729
1.13692693574968
1.09411802823238
1.06741361972415
1.05182466410426
1.04381194122819
1.04074431157153
1.04078012308451
1.04518676783288
1.06019863904614
1.08280696131325
1.10043924693082
1.08052363544895
1.06244949655419
1.09517760690651
1.10492719742992
1.11079458225524
1.11719025103015
1.12365582514178
1.12912372199637
1.13685534169444
1.14781521760153
1.16313584404015
1.18397508396966
1.21088229788847
1.24355739386376
1.27401589964997
1.30317075543069
1.32771070287207
1.34532831223064
1.3568744935204
1.36396676017693
1.36831612233818
1.37138596543627
1.37427873757537
1.37769454857638
1.38191412626146
1.38627546814706
1.39041055985504
1.39429527520569
1.39774353339856
1.40092472927237
1.40370720952545
1.40626376678755
1.40834401387238
1.40953487869124
1.4093219194275
1.40669621090092
1.40012093455032
1.38757547079595
1.36675403971241
1.33562026272806
1.29359576402673
1.24434480152213
1.19626174561343
1.14784380508374
1.10933885992115
1.08173319183888
1.06384235117983
1.05372935796231
1.04957628747625
1.04987052017851
1.05809752675153
1.07933891634322
1.09892010655294
1.10408342764449
1.07166175871076
1.0387582306427
1.06956509859718
1.08029866347143
1.08548201498757
1.08992944484994
1.0951347326125
1.10003823715457
1.10682395842271
1.11579827648215
1.1271063291551
1.14060256296911
1.15578987341774
1.1716873620446
1.18832376180689
1.20380736184003
1.21738535623126
1.22876738118267
1.23778346366773
1.24463835436567
1.2497697661208
1.25369781811073
1.25690223644853
1.25974775590563
1.26245184532867
1.26479884296235
1.26686775388499
1.26875463392829
1.27043166257877
1.27197987546335
1.27326112573215
1.2742054490963
1.27431317149133
1.27314387836899
1.27024884390518
1.26505889193968
1.25693118211233
1.24526282250585
1.22967825891228
1.21025644418031
1.18769458878403
1.16303592844847
1.13727427710098
1.1135661468587
1.09224884495903
1.07454339923974
1.06108365669886
1.05195966279052
1.04684424884034
1.04517236505092
1.04878530789715
1.06125740503704
1.07139656535304
1.07049044140163
1.04189740302053
1.05673069126547
1.09329767595536
1.10049932359493
1.09727160337717
1.09423868781502
1.09901235072875
1.10635187709025
1.11770923664724
1.13344601870467
1.15360335943571
1.17777091748637
1.20501205911934
1.23389925982106
1.26266746926966
1.28949193413763
1.31283787438077
1.33172180857336
1.34582884377592
1.35546034208425
1.36133133893682
1.3643266071052
1.36530669626099
1.36499400112423
1.36393086018958
1.36260441163645
1.36138589127411
1.36023248310067
1.35922566445556
1.35831700791136
1.35752351004525
1.35686482147988
1.35619364668335
1.3553687551732
1.35391502342908
1.35114219811539
1.34618781484484
1.33812543633096
1.32614739677354
1.30979937149633
1.28918609769957
1.26504426634448
1.23865848611654
1.21163792619734
1.18559414419135
1.16186977186912
1.14138024083531
1.12456642114878
1.11145471512083
1.10178050055885
1.09169530746904
1.08627278729229
1.0838318550103
1.07634397011462
1.04670918182768
1.08999370592972
1.13571960243565
1.14069097864029
1.12998643088424
1.12043435192718
1.12484362394582
1.13429693055873
1.15031991833847
1.17427332655158
1.2073704600586
1.25015396399591
1.30162295839366
1.35840776630083
1.41491947127229
1.46493268156457
1.50381921089307
1.53004091408116
1.54486150963135
1.55096988367345
1.55128172860783
1.54830626864424
1.54391393073922
1.53930609830193
1.53508195382656
1.53168898969563
1.52903498165352
1.52671082877647
1.52472713342024
1.52300993004269
1.52178192655065
1.52143988119634
1.52250380624111
1.525106803984
1.52870525090292
1.5321379091786
1.53358263426689
1.53057229775287
1.52016764299235
1.49948632228323
1.46679285908027
1.42287420883222
1.37152435372168
1.31834162136283
1.26867195883556
1.22599458243068
1.19158855904914
1.16518840260167
1.14578819187999
1.13217067574902
1.11851088939123
1.11281515855936
1.11256561099725
1.10721721216677
1.07402644464235
1.10026499961652
1.14060967145108
1.13898541516125
1.12532093272742
1.11860047751265
1.12686623900329
1.13872487670235
1.15782475619964
1.18642993336774
1.22729131822628
1.28310425769644
1.35479175417724
1.43809197980604
1.52108834317963
1.5890151233187
1.63399599596125
1.65728188014493
1.66440169222009
1.66121047443786
1.65248211587969
1.64168149857266
1.63108972039262
1.62198733970684
1.61480717374865
1.60973747416958
1.60607525424842
1.6029429893815
1.60024018155937
1.59790208504663
1.59640993828831
1.59666869629017
1.59994421708315
1.60670643781868
1.61651948396552
1.62813976247673
1.63940644811607
1.64704617629974
1.64646238655013
1.63175514885921
1.59675289485619
1.53862272067335
1.46313560198491
1.38378713469792
1.31274736407009
1.25527189556964
1.21131311404428
1.17871555551415
1.15501137418762
1.1380620287688
1.11937167116971
1.10868131975845
1.10809580100832
1.1074596663053
1.08095307953275
1.0989378814012
1.12133094948867
1.11006690696204
1.10298477848342
1.1142724076698
1.13432748513481
1.1510758078763
1.17379526921836
1.20482447018259
1.24708287353607
1.30347361938859
1.37512584837882
1.45795413671471
1.54017824095834
1.60708503954317
1.65073771572574
1.67233472347888
1.67743817034757
1.67197053692146
1.66076065587717
1.64731349441644
1.63395649050897
1.62205594938333
1.61221114864214
1.60509224885205
1.60009884542316
1.59631151622711
1.59364297293406
1.59203190593813
1.59194845545976
1.59435334911698
1.60042782898903
1.61016938155756
1.62299498842162
1.63759218573408
1.65176486472881
1.66219719539571
1.6642050562539
1.6517267895154
1.61836885787818
1.56110862747497
1.48566291627382
1.40562407234779
1.33331752086334
1.27406537026007
1.22775843859525
1.19212441603041
1.16460533645664
1.14306032728286
1.11444992373057
1.09027725431299
1.08478247697981
1.09064144227095
1.07849652717279
1.09553652257157
1.10393081902299
1.0885021726357
1.09159653817903
1.12124184774692
1.15248056723816
1.17351943834816
1.1986734900563
1.22966200128499
1.26840120825799
1.31630468138839
1.37310296475394
1.43545341668303
1.4966294606628
1.54874561155388
1.58641300215028
1.60855363111334
1.61738483896338
1.61646892549013
1.60935188985231
1.59896461040924
1.58747878692864
1.57636442821776
1.56652132859687
1.55914844459472
1.55399569069405
1.55038202614237
1.54824964798154
1.54753093915682
1.54855846926774
1.55203358488377
1.55869867192745
1.56797872958812
1.57904088031912
1.59046624335684
1.60013702993093
1.60514925083969
1.60186891230898
1.58638591261255
1.55573175402139
1.50985734769637
1.45301488934561
1.39247523880012
1.33508059978737
1.28475615000779
1.24244540668216
1.20730464223849
1.17784843627909
1.15266200513744
1.11470156698575
1.07670975075501
1.06511878079896
1.07556598389072
1.07515487746338
1.09514299592971
1.09788940493859
1.08189667859747
1.09145921430703
1.1312434346072
1.16818193327592
1.19112603577414
1.21690645535388
1.24679669112217
1.28209513425681
1.32350187759209
1.37035998662534
1.42008564532655
1.46835924888029
1.51031870981074
1.54223283091758
1.56267467702308
1.57248023879806
1.57383427668438
1.56931269128318
1.56128726564885
1.55167451916631
1.54189435047277
1.53293190659593
1.52610565282072
1.52134334234654
1.51809521279017
1.5163187489739
1.51594723230224
1.5172335658808
1.52073091274187
1.52692821119939
1.53506934562835
1.54424932674884
1.55308749438358
1.55967251329509
1.56157724488115
1.556049515293
1.54053144928694
1.51358084050795
1.47586846213942
1.43043590664349
1.3817500556029
1.33412249758164
1.29044247609921
1.25182386283703
1.21803790099075
1.18820378152912
1.16138170924271
1.11842102016481
1.07232972152188
1.05691823645769
1.06957078932908
1.07484223015877
1.09633854046416
1.09685797552638
1.08183104904185
1.09662262600986
1.14354770866231
1.18407586398103
1.20792767741708
1.23352004963375
1.26177649291861
1.29358455109138
1.32929109033922
1.36822824451315
1.40848353449405
1.44713935144883
1.48098370821895
1.5074287591064
1.52522957236908
1.5346334566869
1.5369762892967
1.53409091216657
1.52783658748479
1.51983741307653
1.51138846272503
1.50346233987925
1.49735726542316
1.49310084541904
1.49023903963721
1.48873958973843
1.48853949663744
1.48983581857788
1.49307252702627
1.49856954530913
1.50552367454829
1.51304037128688
1.51985070028922
1.52430504390701
1.52444739526336
1.51824131799146
1.50400789330105
1.48102314566314
1.44999660129492
1.41305072634958
1.37312035881097
1.3330866144479
1.29504265376756
1.25997894113007
1.22792991672485
1.19838671135779
1.17075777713339
1.12447971634256
1.07241457997758
1.05392264179166
1.06771333250144
1.07613724582801
1.09911401924828
1.1003264915865
1.08782181578593
1.1072888437374
1.15927316180816
1.20177782178728
1.22572414411971
1.25041348096675
1.2764825333599
1.30453386151289
1.33474674851239
1.36658383613425
1.39870378831238
1.42915547638293
1.45581829953108
1.47694238983778
1.4915834393789
1.49975259524803
1.50225341591556
1.50034983959226
1.49544243951181
1.48884698528853
1.48168383147539
1.47484732809767
1.46953687975439
1.46583258764531
1.46336077971184
1.46209652785253
1.461981431212
1.46316850692231
1.46600914280965
1.47070434929124
1.47647964279759
1.48250803459684
1.48768241386463
1.49064317666382
1.48987659590042
1.48391939790825
1.47167472986262
1.45276375189158
1.42774444974357
1.39803928589452
1.36556832416691
1.3322426654056
1.299518016605
1.26816473329671
1.23830764048935
1.20967413558785
1.18194078917047
1.1336885557414
1.0772333534872
1.05602869338582
1.0698305282084
1.07912587485245
1.10342691783953
1.10835044566105
1.10000011915098
1.12347405567774
1.17814134615521
1.22085800612884
1.24407556875103
1.26720779910563
1.2906731859126
1.31488951923433
1.33997624698076
1.36556349913387
1.39075759459279
1.41428137610568
1.43475319264661
1.45101695709001
1.46241132348015
1.46888546429741
1.47093825769138
1.46943903289402
1.46542154876355
1.45991825945753
1.4538577672091
1.44801737415033
1.4434563473908
1.44027137898441
1.43815128410541
1.43707570249917
1.43699022375035
1.43801392703325
1.44042398078806
1.44434518512861
1.44907877064922
1.45390037200088
1.45788392540421
1.45994535500781
1.45893861309603
1.45381593495106
1.44383745867191
1.42877136234818
1.40899424421206
1.38542411518977
1.35929342986235
1.33184233506889
1.30404069045883
1.27643084394717
1.24913531320548
1.22201725661344
1.19494437025724
1.14632674502815
1.08752165095162
1.06407725923536
1.07642948055174
1.08389523556518
1.10902830731554
1.12038778288652
1.1176939425172
1.14448965839821
1.19952722090076
1.24080875753773
1.26257993566157
1.28363741371359
1.30423992614096
1.32468680542786
1.34508790178695
1.36522902807564
1.38455336939823
1.40225641347025
1.41746390038505
1.42943801153634
1.43774779975864
1.44235310797062
1.44358632727489
1.44205676316884
1.43852423601302
1.43378340761912
1.42858010847452
1.42356176713488
1.41963690130927
1.41689375425944
1.41506530878207
1.41413284748375
1.41404454772889
1.41489429471375
1.41690314694636
1.42015315286522
1.42404245215921
1.42796212221753
1.43116123753141
1.43279311757121
1.43199620513929
1.42800999977721
1.42030896625897
1.40871623749491
1.39344978630514
1.37507050775036
1.35433952974316
1.33202894093868
1.30874773725682
1.28483961334947
1.26038686976293
1.23532591817134
1.20965417337341
1.16233558280165
1.10339026141606
1.07821539309857
1.087516187112
1.09035458463917
1.11549381932146
1.13533805078667
1.13940478057727
1.16889996936661
1.22243234563245
1.26100049139742
1.28080644660688
1.29945901320097
1.31710258360372
1.333958981433
1.35014719197226
1.36558052950166
1.37994938310656
1.39278092334813
1.40355186113435
1.41181879437171
1.41732787458635
1.42007441332344
1.42030200389644
1.41845192574841
1.41508679383974
1.41081284966225
1.40621659826176
1.40182091693799
1.39839298125721
1.39599699580047
1.39439347425405
1.39356268635479
1.39345373750474
1.39414260272825
1.39581030119919
1.39852023175544
1.40177031257932
1.40506372083146
1.40780427836574
1.40933786928394
1.40901510842116
1.40627165999538
1.40071251818079
1.39217699831939
1.38075940192767
1.36677107811678
1.35064970475848
1.33284149953044
1.31369319505058
1.29339001893589
1.27196557305001
1.24939403063679
1.22575672888007
1.18122901886801
1.12417847918497
1.09775496198129
1.10254191590468
1.09823893923362
1.12227475272976
1.15168372101922
1.1629954786472
1.19469316514673
1.24556801620617
1.28068876448089
1.29826711912068
1.3143990114201
1.32915029912147
1.34269238552222
1.35515910350567
1.36656252796975
1.37677201593551
1.38554766282975
1.39261014385562
1.397723270706
1.40076530710619
1.401771049885
1.40093748077962
1.3985975068885
1.395174238373
1.39112991906483
1.38692011121829
1.38295823678718
1.37988996460112
1.37774745311578
1.376305163761
1.37554033188741
1.37540139250938
1.37595212801268
1.37734645748808
1.37964489696826
1.38243714880849
1.38532600787056
1.38784421119497
1.38948828092333
1.38976471689027
1.38824429728723
1.3846147838077
1.3787181707517
1.37055907383347
1.36027758669864
1.34809115471444
1.33422132226134
1.3188283815357
1.30197796763021
1.28365887629443
1.26386223640236
1.24271797270018
1.20210799620823
1.14851007683373
1.12124010768304
1.12045623387162
1.10713143863542
1.12876085589266
1.16770782459699
1.18604382484609
1.21961161972625
1.26751912235929
1.29906800605661
1.31442958689253
1.32814218319256
1.34022295295946
1.3508142720987
1.36006792325332
1.36807230629202
1.3748267066574
1.38025573957814
1.38425068381006
1.38672139212067
1.38764300389335
1.38708573067471
1.38522246872067
1.38231582375696
1.37869102765493
1.37470289399516
1.37070370256818
1.36701615547374
1.36418781967651
1.36221636720981
1.36088012590027
1.36015201920385
1.35997843991936
1.36041517364798
1.36159855747981
1.36359523519437
1.36607351387203
1.36871953538706
1.37116917737642
1.37303422738388
1.37393539086376
1.37353844546349
1.37158700435596
1.36792366597307
1.3624923322873
1.35531876477934
1.34647304511611
1.33602437273882
1.32400336156761
1.310388358069
1.29512994760802
1.27822159130806
1.25981259137903
1.22376720534236
1.17452651568797
1.14669876695804
1.13985176078061
1.1165003019176
1.13434696600176
1.18172724205828
1.20621880513044
1.24149807604985
1.28692236684429
1.31534720090335
1.32875640618209
1.34034931343581
1.35011993254051
1.35820132761804
1.36476836989648
1.36997165081704
1.37390731402581
1.37661812027856
1.37811596285837
1.37841410867553
1.3775581290185
1.37564731514837
1.37284250513943
1.369360487565
1.36545830885531
1.3614122086005
1.35749561079188
1.35395927953877
1.35127548414256
1.34940871378
1.34813440597778
1.34742056570166
1.34721047784877
1.34755476807521
1.3485785471853
1.35035846856441
1.35262668314033
1.35513584584763
1.35760177733287
1.35972308070598
1.36120431080584
1.36177980047899
1.36123381005372
1.3594121005531
1.35622106613975
1.35161340580447
1.34556342979173
1.33803936942956
1.32898326725973
1.31831022454886
1.30593734004954
1.29184779937283
1.27618559838465
1.24484008036653
1.20017485262226
1.1719534415656
1.15914803312143
1.12574608030253
1.13849603788045
1.19228623558306
1.22155962336757
1.25854588034765
1.30260839943188
1.32882447703956
1.34075407864728
1.35068953783527
1.35862353110368
1.36469917557464
1.36912281617067
1.37210079249846
1.37380541022302
1.37436694975371
1.37388415518351
1.37244419658778
1.37014377364766
1.36710514331831
1.36348370655534
1.35946663245582
1.35526417388608
1.35109645985794
1.3471786456884
1.34370670151529
1.34109769417601
1.33928653781367
1.33804187237089
1.33732669300313
1.33708045674326
1.3373503205503
1.3382538906603
1.33987796456634
1.34200406573268
1.34443550841154
1.34694809765338
1.34930470173663
1.35127146621386
1.35263345195729
1.35320678463975
1.35284434247052
1.35143294986039
1.34888205458264
1.34510662769776
1.34000991261449
1.33347391441227
1.32536643995035
1.3155723467742
1.30405249478028
1.29092538704219
1.26393090707186
1.22343549749693
1.194870688121
1.17676063883962
1.13425466664894
1.14079183333873
1.19828700818186
1.23062979941122
1.26943527263617
1.31369666214233
1.33894892805022
1.350019802687
1.35887572136244
1.36552675717755
1.37014524031945
1.37298003676575
1.37429253565796
1.3743192107099
1.37325794093558
1.37127147248109
1.36850036280026
1.36507849806914
1.36114605160713
1.3568569478612
1.35238000424183
1.34789454871648
1.34358224152266
1.33961706792208
1.33615521334877
1.33357518396318
1.33178719674087
1.33055147711067
1.32982626118298
1.32954683102555
1.32975763696555
1.3305704820197
1.33207974056212
1.33410277271556
1.33647913059584
1.33902757517476
1.34155715381082
1.34387881514607
1.34581580545868
1.34721077444551
1.34792768444899
1.3478474687959
1.34685793523541
1.34484045202711
1.34165809195282
1.33715163257844
1.33115052704596
1.32350494890236
1.31414136761189
1.30313679250834
1.27971796667854
1.24245953242898
1.21351297030182
1.19123191861241
1.14145118516231
1.14097628116778
1.19905960790161
1.23257673804893
1.27338963089801
1.3196512688933
1.34536442510829
1.35627761550684
1.36469395236513
1.37065771200613
1.37438910064648
1.37619174367239
1.3763845470411
1.37526126948264
1.37307393795595
1.37003319001368
1.36631817645722
1.36208968178906
1.35750185573746
1.352709881465
1.34787266827769
1.34315099758701
1.33870234799273
1.3346738944958
1.3311950627078
1.3286190401958
1.32683679050941
1.3256002608336
1.32486335978025
1.32455725021365
1.32472370564029
1.32546901505154
1.32689060232574
1.32882893740554
1.33114664765139
1.33369060442602
1.33630097385342
1.33882017461068
1.34110021594727
1.34300674650546
1.34441841132343
1.34522092391081
1.34529660201779
1.34451182884584
1.34270669575681
1.33969256998045
1.3352640182781
1.32923074677337
1.32147212424616
1.31201041426147
1.29103852930708
1.2556540892053
1.22622901570104
1.20132890792342
1.14684998266188
1.13896920675461
1.19437927759729
1.22711913596565
1.27016895273809
1.32029778928152
1.34792895408803
1.35939656003563
1.36802021779685
1.37389484275547
1.37730620116548
1.37862423900333
1.37822823816044
1.37646410277134
1.37362740355208
1.36996388011801
1.36567951390202
1.3609537900724
1.35595169244521
1.3508319137504
1.34575043968737
1.34085990044339
1.33630580354365
1.33222100311026
1.32871966255785
1.32613995171691
1.3243591098824
1.32312221501505
1.32237931808076
1.32205796219268
1.32219671501566
1.32289580389357
1.32424973430579
1.32610960290929
1.32834871206875
1.330828464264
1.33340678115191
1.33594610826398
1.33831947463743
1.34041297444022
1.34212334526005
1.34335015020422
1.34398340332647
1.34388915057272
1.34289726877117
1.34079724572573
1.33734855995924
1.33231195056751
1.32550552630185
1.31688391881997
1.29696400507301
1.26175285685744
1.23172267383695
1.20612093258244
1.15009678004679
1.13487091415284
1.18444074594361
1.21446615091304
1.25999367539106
1.3157919907678
1.34670318515454
1.35938586132683
1.36882033607004
1.3751701553738
1.37880290914501
1.3801639005251
1.37969345935597
1.37778327520174
1.37476162758173
1.37089703541671
1.3664113151951
1.36149515605197
1.35632161232822
1.35105508084841
1.34585513512693
1.3408758652918
1.336262061431
1.33214374240247
1.32863034587355
1.32605299408123
1.32428045654108
1.32305319668201
1.32231778834945
1.32199915333815
1.3221317224854
1.32280882748417
1.32411504068539
1.32589907005758
1.32803261539829
1.33037832264537
1.33279895872445
1.33516612857788
1.33736675495832
1.33930535852668
1.34090048277838
1.34207454598676
1.34273793010761
1.34277002531963
1.3420019270064
1.34020720465261
1.33710833389626
1.33240667351464
1.32584259291004
1.31728755485938
1.29685699373041
1.25986845191427
1.22910386561708
1.20504102861062
1.15100029010824
1.12894983866563
1.16981207970565
1.19519885403769
1.24341831561229
1.30654768769323
1.34191160022035
1.35636928891646
1.36713456181454
1.37446128731027
1.37881346387942
1.38071681031955
1.38066915702525
1.37909799837077
1.37635068376533
1.3727042133259
1.36838404631949
1.36358406298235
1.35848263033679
1.35325236121505
1.34806333186701
1.34308100175256
1.3384607713199
1.3343411259516
1.33083690940529
1.32827843297943
1.32653064523968
1.32533210129543
1.32462606848287
1.32433641499181
1.32449225494609
1.3251794540212
1.32646495723314
1.32818071814709
1.33018400942482
1.33232472594051
1.33445677644164
1.33644935635706
1.33819579728787
1.33961725566534
1.34065874543227
1.34127616943238
1.34141500063114
1.34098376301661
1.33982798558452
1.33771243321953
1.33432093678222
1.32928403216104
1.32224467697543
1.31296943701181
1.2904019308265
1.24951361057265
1.21791617507723
1.19793471266307
1.14955151451607
1.12161743011784
1.15140723414136
1.1702044163955
1.22123902570069
1.29316438426202
1.33389471330241
1.3505504646445
1.36305440136797
1.37177721912878
1.37729173827596
1.38020423279653
1.38106094979894
1.38030975796788
1.37829841689147
1.37529389712558
1.3715100879081
1.36713445158038
1.36234769910375
1.35733401953957
1.35228230867754
1.3473807419531
1.34280774778104
1.3387221438315
1.3352543615723
1.33273885719533
1.33104041787616
1.32989846144356
1.32925278785764
1.32902843103343
1.32924792379211
1.32998993670271
1.33129586115678
1.33296448549058
1.33482468700522
1.33669790183124
1.33841332636762
1.3398240030941
1.34082064128749
1.3413390343998
1.34135695999876
1.34087795184671
1.33990223237608
1.33838874826526
1.33621577712452
1.33315030448872
1.32883808934594
1.32282738526666
1.31464048125727
1.30390791687891
1.27762798145238
1.23063061364843
1.1981852571992
1.18511396746414
1.14592885071445
1.11339116742484
1.13050715337037
1.14079112954041
1.1945636999066
1.27641164272729
1.3230774643802
1.34218536230863
1.3567022665369
1.36714435879118
1.37420187685233
1.37855629724511
1.38078696102551
1.38133973395012
1.38053691232592
1.37861034266067
1.37574218480337
1.37210127069734
1.36786752955147
1.36324185514602
1.35844304485261
1.35369613563261
1.34921714255257
1.34519827041394
1.34179600992035
1.33935280091721
1.33773542486168
1.33668659631021
1.33614202627395
1.3360308709245
1.33636792085938
1.33722638807396
1.33861459885649
1.34027937026941
1.34200570017249
1.34356818682492
1.34475173916068
1.34537538852874
1.34531487306871
1.34451751719581
1.34300234424348
1.34084038096541
1.33811469448114
1.33486550956396
1.33103106359804
1.32639840524396
1.32057989466374
1.31303137274649
1.30312894563612
1.29032670994146
1.25897026357014
1.20374739738623
1.17060582025511
1.16744050248642
1.14048630813957
1.104847322357
1.10879928226307
1.10905819029702
1.16513260721658
1.25729116127565
1.30996490745053
1.33157193873
1.34822180037375
1.36059835110089
1.36951113839149
1.37570585403629
1.37977306470006
1.38212574442927
1.38302494762335
1.38263271379112
1.38107201043256
1.37847719865954
1.37502466084249
1.37094053548778
1.36648940689947
1.36195186209111
1.35759928062683
1.35367187613288
1.35036281387563
1.34802491922612
1.34652689832489
1.34561643027543
1.34522391327079
1.34528638920117
1.34581006596485
1.34686656226056
1.34842501992719
1.35015941521483
1.35179398680459
1.35303470959558
1.35359708812322
1.35324143956185
1.3518099681839
1.34925542344072
1.34564893208987
1.34115725706255
1.33598741625106
1.33030662458329
1.32415385740226
1.31736403761979
1.30952654622706
1.29999743959114
1.28798262840752
1.27271753631283
1.23539327657794
1.1703911419604
1.1369865033539
1.14642054008306
1.13372316431055
1.09656976943692
1.0883198921126
1.0783092902784
1.13573017231965
1.23710861384979
1.29514824258966
1.31905306105951
1.33777942683509
1.35218297814037
1.36318613620448
1.37158332577445
1.37794811684655
1.38261916901064
1.38574685398045
1.38737482820287
1.38752876995719
1.38628806897311
1.38382450052446
1.38040435204458
1.37636182413562
1.37205852530064
1.36784314988395
1.36401997547105
1.36082880702112
1.35863275653998
1.35729917049446
1.3565811457724
1.35640178493686
1.35671060343767
1.35750493547323
1.35886143921261
1.36070677175188
1.36262064401304
1.36424932914244
1.36520489569636
1.36510087325349
1.36360346281247
1.36049170276595
1.3557108027479
1.3493965269489
1.34185129195362
1.33346663308586
1.32460464642096
1.31546538781105
1.30597273111263
1.29570983984047
1.28392830337657
1.26964502253906
1.25184680126783
1.20850259140253
1.1336473622809
1.1008032888256
1.12420269996523
1.12623848793258
1.08910208117204
1.07117862063922
1.05282041631671
1.11008398634794
1.21741188765664
1.27929150308034
1.30501977189685
1.32557125500002
1.34195382094828
1.35519168669772
1.3661122577083
1.37523901661915
1.38278212286391
1.38871232692444
1.3928857864023
1.39517757906477
1.39558565427812
1.39428097541891
1.39159653734517
1.38797276108586
1.38388715261381
1.37979220017992
1.37607261137978
1.37302236783039
1.37101017165839
1.36989423811275
1.36943189017735
1.36953601841377
1.37017392666399
1.371334524158
1.37310936934442
1.37538407827339
1.37762543097411
1.37938688940421
1.38015922542223
1.37941263472609
1.37666802708274
1.37159249150432
1.36409620575276
1.35439088897549
1.34297061472072
1.33050074715953
1.31763915465881
1.30483495407369
1.29215797287014
1.27920590291121
1.26511921765787
1.24871034736636
1.22871090085812
1.18046550962733
1.09818413818143
1.06712455761941
1.10333214198321
1.11867633715792
1.08290116787316
1.05909791568599
1.0363997552476
1.09168463845618
1.19970606278018
1.26308907448274
1.28990571038288
1.31182922299729
1.32998434566978
1.34549151985725
1.35920482718851
1.37156530003137
1.38258428335916
1.39195694800486
1.39925225136179
1.40411682624785
1.40643520932546
1.40639247895973
1.40443648724267
1.40117019991209
1.39723344361417
1.39321213282961
1.38958528189065
1.38670314331932
1.38492741874149
1.3840934586799
1.38395962122498
1.38442452872813
1.38547900701851
1.38710478976957
1.38942144823995
1.39228205655335
1.39503024624323
1.39711917922979
1.39789304232016
1.39662960377714
1.39263222647929
1.38537538126921
1.37467670696708
1.36082644931631
1.34458686376434
1.3270316101064
1.30926418068656
1.29210904630671
1.27585627564319
1.26013335065316
1.24394770654574
1.22588496686303
1.20443557601547
1.15361113273127
1.06893832646222
1.04111803850092
1.0862460527446
1.11166049708671
1.07828998857146
1.05298459200638
1.03053642574417
1.0821274651299
1.18506329629051
1.24720315367908
1.27417289442393
1.29682810967779
1.31637793475814
1.33405328342302
1.35075783383806
1.3668312401228
1.38200248795931
1.39554869033193
1.40660141503271
1.41447370435437
1.41889207008425
1.42010008922972
1.41874761484809
1.41568472478451
1.41176996238576
1.4077502531805
1.40420528869059
1.40153429577174
1.40006730903214
1.3995956599027
1.39987327831891
1.40077902217305
1.40233274592708
1.40451090730312
1.40747677366613
1.41106879797683
1.41451373979008
1.41717159605529
1.41822513515857
1.41670996490955
1.41161783696937
1.40210046703589
1.38776549467181
1.36895188571282
1.34679994178106
1.32298836726405
1.29929630669559
1.27710676660479
1.25701694059151
1.23866986716558
1.22087494248183
1.20194544073197
1.18014943281469
1.12984957120016
1.04899160170792
1.02580720011619
1.07471126665101
1.10571899503823
1.07542402484848
1.05274819412518
1.03392974132073
1.08057743931933
1.17388873303129
1.23219479215969
1.25829753667934
1.28090614122813
1.30130052563203
1.32086819189113
1.34064940846994
1.36092005889987
1.38100403366582
1.39957524413035
1.41511680464385
1.42639154691431
1.43295544857094
1.43521174796447
1.43417599138748
1.43105767285067
1.42698781844
1.4228886573648
1.41943295063716
1.41704898359504
1.41599478426714
1.41598806884026
1.41677022340187
1.41819282845228
1.42030894681956
1.4230920517213
1.42676599884255
1.43118383850184
1.43548694631825
1.43897117151284
1.44066529902259
1.43932989751004
1.43354547289284
1.42195360468649
1.40370996869431
1.37909081902099
1.34973116727999
1.31827515490284
1.28750449933315
1.25962696870777
1.23564559650398
1.21511406102563
1.19648383798453
1.17771663099153
1.1568698084824
1.11027251677821
1.0385839026591
1.02113415709938
1.06946197961093
1.10121835112858
1.07427869421168
1.05744603891256
1.04376902172057
1.08480868755545
1.16599180320517
1.21848429027013
1.24277216294993
1.264513113331
1.28505916863615
1.3060158166936
1.32874466987956
1.35365444421925
1.37962367839416
1.40428709963092
1.42501333586238
1.44002222312702
1.44845491747274
1.45126323822133
1.45007313434162
1.44655696422716
1.4421379381119
1.43789936331089
1.43458112964704
1.43260877208987
1.4321127629088
1.432699505857
1.43408656386379
1.4360876554036
1.43879041009511
1.44216818955395
1.4465217931907
1.45175982138453
1.45699941474945
1.46152475813792
1.46424980000441
1.46366999649772
1.45789718710562
1.44486680976516
1.4228796557521
1.39163579155081
1.35364663101716
1.31279338783678
1.27358762591371
1.23946991926408
1.21193198225764
1.19002984761286
1.17157205227016
1.15409102077729
1.13545215211651
1.09517448478479
1.03607251165306
1.02505565852313
1.07018529886248
1.0983202514465
1.07485730324821
1.06722612185697
1.05959604817672
1.09394124282811
1.16021926383315
1.20452833302097
1.22581307124718
1.24564028623847
1.2654343056016
1.28708122738725
1.31252224369026
1.34308734465291
1.37711539967693
1.41007616008882
1.43922947674958
1.45801920573222
1.46746676835233
1.4698546154421
1.46774994330587
1.46334917841302
1.45834881636743
1.45395456875456
1.45093295332971
1.44966104462935
1.45003937131224
1.4514996167429
1.45370932790955
1.4564225802996
1.45976367513337
1.46370901178718
1.4686708906691
1.47467635952605
1.48092373110925
1.48676538282919
1.49106667477251
1.4921040557928
1.48750917955991
1.47433753239134
1.44944205061461
1.41064892164838
1.35902059859618
1.30521321328724
1.25385395505066
1.21260291462689
1.18229293243874
1.16028464299268
1.14337997495457
1.1286428940288
1.1137930906763
1.08294885369756
1.04030475716109
1.03710147113072
1.07707957336864
1.09688254421372
1.0788959538576
1.08840280874993
1.08923535669969
1.11322637039009
1.15641672927138
1.18644726054433
1.20190784041187
1.21746474072265
1.23458964768184
1.25540535512564
1.282720046799
1.31957572174555
1.3722415497343
1.4332520895968
1.46591521629119
1.48515058760893
1.49241951534412
1.49218261122534
1.48779494999367
1.48183834600918
1.47614604249141
1.47194396096467
1.46994188469471
1.47037048018025
1.472613552183
1.47579100103155
1.47944520422772
1.48321669431585
1.48727119421809
1.49159181555157
1.49679839417491
1.50315793463219
1.51023266578416
1.51761303226968
1.52425851676268
1.52836721020625
1.52722354632565
1.51704895071877
1.4930427970973
1.44950890668097
1.38344753684601
1.28521997082667
1.21337848351534
1.16641207618926
1.13591835915358
1.11655372135534
1.10404130229777
1.09519827014025
1.08776767688584
1.07406606575602
1.05876242186674
1.06771696385299
1.0974616931596
1.09771971000662
1.08237506640272
1.1114577220333
1.12081111774354
1.13507350445758
1.15600376124656
1.17194082031194
1.18177977620073
1.19342011306389
1.20824067881431
1.22814980624501
1.25569860732724
1.29361214757002
1.34798707229723
1.41040097008223
1.44289739873272
1.46261682206455
1.47085925321789
1.47197148160428
1.46916653163478
1.46494536784535
1.46109548699647
1.45880919604501
1.45874920554422
1.46105833306907
1.4648144198269
1.46907245934244
1.47341749537329
1.47747083822413
1.48140948600211
1.48520582619402
1.48944930975692
1.4944305186245
1.49995245056116
1.50570037848125
1.51068785961361
1.5131521564234
1.51043023952087
1.49883964608489
1.47374918279343
1.42961785247805
1.36350908971146
1.26342090294438
1.19006415292079
1.14208890123882
1.11135725890417
1.09289798414261
1.08279379051858
1.07820315935366
1.07710131724233
1.07997683115946
1.09158602972896
1.10927043303262
1.12238263865557
1.09683864676937
1.07603581223061
1.11413334440312
1.12765914197516
1.13733471247836
1.14796435083488
1.15768656490759
1.1652987997056
1.17546817534209
1.18915666649148
1.2074132260414
1.23107442257495
1.26019212698649
1.29168124259976
1.32167596193857
1.35114515712924
1.37234757919378
1.3857607039672
1.39292437005066
1.39593481011559
1.39668599050317
1.39668160042392
1.39698567403236
1.39822874171573
1.40062771037607
1.40362858415636
1.40679062129944
1.40997944643755
1.4130034952028
1.41600770433787
1.41889333469331
1.4218932002996
1.42483718197092
1.42726406467727
1.42867055436681
1.4280725667971
1.42394297530082
1.41421767845414
1.39644586824636
1.36824826133511
1.32856138273438
1.27931181735887
1.23173594012507
1.1842821406852
1.1447059525226
1.11575533688276
1.09651630008265
1.08521137535578
1.08003164279065
1.07942309329613
1.08613780780333
1.10430056766211
1.12028490473968
1.12227455777006
1.08543455257911
1.04868641620825
1.08296482509244
1.09602729805633
1.10354383222704
1.11052110088905
1.11741139655393
1.12329975018117
1.1310534781043
1.14092659169994
1.15299279443764
1.16703736460823
1.1824776365149
1.19871532833272
1.21482810898937
1.22892831490053
1.24121974665358
1.25107393403742
1.25843462868939
1.26360823267683
1.26712688483761
1.26957407284738
1.27146496938068
1.2731798842689
1.27494104520112
1.27659916922825
1.278185964358
1.27972523185572
1.28117656918757
1.28260222360956
1.28388044395034
1.28497755972713
1.28544760984397
1.28484309239743
1.28270841309844
1.27845883373785
1.27142212628276
1.26094694975956
1.24658824333744
1.22834928630331
1.20684643717531
1.18332130928387
1.15816808224222
1.1345396538607
1.11337248338314
1.09563746592288
1.08201505335813
1.07262572954056
1.06717194962081
1.06510580887041
1.06793501073384
1.0786859309846
1.08686831493667
1.08390737127324
1.05211432308316
1.06638317936322
1.10638084817933
1.11640600803699
1.11629076633856
1.11622469453987
1.12233312368782
1.13016049448116
1.14172908099277
1.15732946439141
1.17693952636063
1.20011132314839
1.22591328402567
1.25297365626376
1.27964286572053
1.30425887139004
1.32545145712859
1.3423787848327
1.35482119447447
1.36311153172424
1.36794624863128
1.3701678943248
1.37059141836072
1.36990089841203
1.36861092692231
1.36719399254626
1.36597752177169
1.36489384052177
1.36401224301189
1.36329260890331
1.36275720564689
1.36246279734777
1.3622920235119
1.36208244745963
1.36138480006932
1.35954525505042
1.35574316202524
1.34908830893821
1.33878507229166
1.32434337092726
1.30577271999679
1.28367314370438
1.25917454903253
1.23373515151399
1.20886201966732
1.18585396047395
1.16563373192479
1.14869122505339
1.13512725863244
1.12475936039389
1.11307332534444
1.10464877164251
1.09925974572209
1.08903685966515
1.05595134308926
1.10241913729193
1.1522752543863
1.16134887998719
1.15632403545346
1.15264320495711
1.16024531228446
1.17120733916755
1.18844548500606
1.21312299969571
1.24612906585461
1.28759297464792
1.3361963695728
1.38864184814458
1.43992761679515
1.48473329510098
1.5192545413629
1.54228356978471
1.55494101679649
1.55961286324044
1.55894931457555
1.55527396999406
1.55034086013288
1.54529235343876
1.54072282276853
1.53713874901365
1.53445174401757
1.53225125684894
1.53053701158843
1.52924506452397
1.52857951672578
1.52895191069363
1.5308500035804
1.53430403537066
1.5387989921364
1.54324638169371
1.54593493301074
1.54455383331596
1.53637862474073
1.51877532093158
1.49012907446487
1.45093404080918
1.40424085453644
1.35482368115186
1.30748865649767
1.26564422598043
1.23086998337533
1.20330882111038
1.18229301685767
1.16683132048641
1.14963725246452
1.13852987724612
1.13345500570404
1.12404978839275
1.08617033871591
1.11419326620985
1.15861035470854
1.16172792621697
1.1556381595694
1.15690803096615
1.16979981597503
1.18413245021586
1.20556836416905
1.23611476489097
1.2779322141101
1.33261858668563
1.3996520761333
1.47423566710035
1.54666906113711
1.60603819967822
1.64607661847239
1.66706297871849
1.67320523404578
1.66959137441258
1.66063574390743
1.64963445383596
1.63878278774242
1.62932338121722
1.62171317450835
1.61629843969456
1.61248842439533
1.60947755076552
1.60717780293276
1.60552451854383
1.60491744165848
1.60619449760413
1.6104771854601
1.61806026568326
1.62854582472364
1.64076163226371
1.65262637190645
1.66097770742863
1.66145589509975
1.64874845886672
1.61787321950732
1.56712101379307
1.50112358117421
1.42983969975822
1.36309090589047
1.30642063906764
1.26112305190683
1.22614822893425
1.19966407227791
1.17984589410227
1.15611716270049
1.13830826045463
1.13174585778071
1.12644575789527
1.09484200225149
1.1138727292071
1.13990046381417
1.13310351894372
1.13376765820918
1.15383562870269
1.17925471376971
1.19885150919866
1.22423929409719
1.25750133752468
1.30097485452464
1.35646624005183
1.42364313632002
1.49784808587944
1.56946742266721
1.62763150691355
1.66609644774682
1.6851825837414
1.68917114128717
1.6832269086073
1.67182392364113
1.65830506837183
1.64491859717755
1.63299186160045
1.62312384130067
1.61603353789948
1.61116322942255
1.6076351110712
1.60535391055647
1.60425782391714
1.60475723907486
1.60777355807228
1.61441079916957
1.62459949123471
1.63781385929537
1.65280811264605
1.66745220875088
1.67852691461739
1.68157464545392
1.67112062805354
1.64196789597263
1.59221099505146
1.52639638477182
1.45453533846271
1.38656027623671
1.32806734287522
1.28030364409585
1.24211678673923
1.21158854698142
1.18689245117534
1.15261840730398
1.12046609242285
1.10876893175631
1.11044501480452
1.09367600600854
1.11099416056201
1.12208257055169
1.10954736380021
1.11952077651436
1.15827749841789
1.19505758650251
1.21869430395364
1.24600576209221
1.27850856025793
1.31775294868714
1.36460911301459
1.41827576340971
1.47536854008449
1.53003687591751
1.57586011814306
1.60853869312487
1.62722486056093
1.63383710708842
1.63155550794374
1.62363831207537
1.61282968269678
1.60118223296285
1.59008738941802
1.58039229685208
1.57323433838681
1.56832450108011
1.56497795411949
1.56311873566352
1.56268559627554
1.56399238778426
1.56775024348953
1.5747077931431
1.58431310283961
1.59581172001435
1.60787562606386
1.61849592877419
1.62491918882711
1.62374238881496
1.61138592098688
1.58518601578413
1.54496953617105
1.49406018242927
1.43835640987745
1.38379628082266
1.33426941652363
1.29120480812434
1.25430220624731
1.22246946575567
1.19453003045389
1.15101173569226
1.10471053214521
1.08730857040216
1.09497483136363
1.09103760960855
1.11094858576783
1.11564298802139
1.10125212267805
1.11714957699042
1.16633802742927
1.20879213391437
1.23408047075326
1.26160463262165
1.29250536318007
1.32787020338675
1.36813611401939
1.41246372040382
1.45835832896136
1.50194975211138
1.53907504788376
1.5666832161394
1.58372376448223
1.59106227278319
1.59073218369804
1.58512693010075
1.57646471371877
1.56654491396002
1.55669810099041
1.54783816346377
1.54119871158688
1.53664668414784
1.53361552204097
1.53204502105546
1.53187642526556
1.53335786066681
1.53706690300726
1.54352511537384
1.55201902638358
1.56172582333086
1.57135947460491
1.57911939904946
1.58271331474489
1.57954723798799
1.56720111640836
1.54422000298488
1.51094792595004
1.46980434617058
1.42459611330595
1.37919579065365
1.33639211438139
1.29746924210933
1.26246482473938
1.23072795738492
1.20147802628347
1.1531147841705
1.09843501088731
1.07751239055806
1.08854718380967
1.09114971725814
1.11249625329103
1.11442174299604
1.09993736637873
1.12066412651235
1.17718006490438
1.22307916729053
1.24900965269034
1.27598117030826
1.30485491827728
1.3364235315494
1.37092984598161
1.4076696407541
1.44484273658267
1.47981604809638
1.50978849162529
1.53260317965276
1.54732598931734
1.55432453582651
1.55490678590593
1.55081009267639
1.54378557702833
1.53535870135124
1.52673934949289
1.51882602376879
1.51283456280774
1.50872700469611
1.50602649064037
1.50468491310904
1.50464683329552
1.50611050918885
1.50955038663897
1.51532885629137
1.52268570200407
1.53080356803128
1.53850030705339
1.54422137982343
1.54611039485419
1.54221768547197
1.53089162895461
1.51130178779006
1.48387228139532
1.45032113613177
1.41319256000675
1.37509528253205
1.33801477971585
1.30298059098667
1.27013951922653
1.23909414544304
1.2093366856373
1.157843146241
1.09696272179043
1.07321707356988
1.08641282119106
1.09284418427386
1.11568599696742
1.11805252529315
1.10533182393103
1.13039549607019
1.19191015144078
1.23945745197156
1.2651665483398
1.29086771821578
1.3172001265547
1.34475806369267
1.37371322444076
1.4035618702884
1.4330749552176
1.46050215105425
1.48398911060149
1.50206516698732
1.51401073774049
1.51996160375858
1.52074791709739
1.51759599816453
1.5118395286807
1.50471976824161
1.49728452749529
1.49036085005998
1.48507974184307
1.48145735202316
1.47909312926372
1.4779478193424
1.47796936924197
1.47931526682721
1.48237042869646
1.48738162256592
1.49360925969723
1.50029278333376
1.50639735019709
1.51063626608346
1.51156001793835
1.50774169242761
1.49806140415311
1.48202559742857
1.45998159741568
1.43308675490073
1.40300646938206
1.37145979465565
1.33979683746203
1.30876099818227
1.27849411231919
1.24874553062305
1.2192062724819
1.16603849929569
1.10071409420708
1.07450900578079
1.08854146562262
1.09627914173965
1.12048199493377
1.12673602010466
1.1179089229367
1.1466748384753
1.21040437803605
1.25760131482921
1.28221024362595
1.30598135163262
1.32938390104925
1.35288374428567
1.37664690571043
1.4003699535623
1.42326513846648
1.4442061315344
1.4619946705285
1.47566287290618
1.4847079044084
1.48918169872083
1.48962443538716
1.48689772478577
1.48199739629029
1.47590349043785
1.46948767749224
1.46347154326831
1.45886371844386
1.45570115158153
1.45364283466553
1.45265513604726
1.45268856376087
1.45386858598747
1.45650731998443
1.4607752476847
1.46599756369851
1.47150326409944
1.47642227039954
1.47972248162669
1.48029594508337
1.47710438704365
1.46937111207983
1.45676876639659
1.43952410013791
1.41837522979913
1.39437816969329
1.36862787978293
1.34199332447072
1.31495588431084
1.28759849143288
1.25974549578625
1.23122552801135
1.17817556606813
1.11079410712423
1.08260685771543
1.09560446415349
1.10155258393732
1.12663303997256
1.13996545478436
1.13710101857536
1.1688845158923
1.23204805461286
1.27701541582776
1.29975781349045
1.32107679662078
1.34130999696544
1.36083574117917
1.3798377507662
1.39818159607498
1.415407260577
1.43082756531172
1.44369973716269
1.45341682791448
1.45965982329132
1.4624668797465
1.46220971459991
1.45950223617649
1.45508375175534
1.44971341767325
1.44409467194989
1.43883153320977
1.43479889510546
1.43203027623102
1.43022691997932
1.42935765282281
1.42937421089013
1.43037798773565
1.43262528269125
1.43624211565791
1.4406401058429
1.44525118686436
1.44936583719008
1.45217306845918
1.45283317180493
1.45058378165616
1.44486432880391
1.43542513566046
1.42237810049199
1.40615854040532
1.38740033960339
1.36676152931051
1.34475705912544
1.32165363810745
1.29746295318704
1.2720466869587
1.24532970966183
1.19428087262039
1.12750372449471
1.09786027239465
1.10768676445153
1.10857726577358
1.13370448675341
1.15655265699142
1.1612212294276
1.19537919222726
1.25572141745804
1.29701607201822
1.3173463919194
1.33588804598223
1.35287497445737
1.36862041815115
1.38332778829162
1.39699257929841
1.40939154240785
1.42014495082807
1.42882639271925
1.43508543860903
1.43874758179919
1.43986569198029
1.43871544413059
1.43574613956789
1.43150934451927
1.42658746377236
1.42153630214966
1.41684612051567
1.41326481202879
1.41080683603584
1.40919994722179
1.40841268255023
1.40839651513647
1.40923553537358
1.41114551091792
1.41423144508572
1.41799612257275
1.42197312492034
1.42559620375279
1.42823558986078
1.42925465311604
1.42808388377298
1.42430000492328
1.41768912361265
1.40827047439089
1.39626605147017
1.38201928955577
1.36588494266371
1.34812422085208
1.32884045352251
1.30798277006975
1.28543409809083
1.26118828237003
1.2138233938702
1.15010372811632
1.11950860005645
1.1242021224991
1.11708405711633
1.14113226459626
1.17480846474855
1.18774141432028
1.22375705002197
1.27994587918993
1.31677784100885
1.33443753318543
1.35010497932611
1.36393515619752
1.37619188294315
1.38709419383048
1.39673287404408
1.4050529901085
1.41188932767459
1.41703524316302
1.42032153672925
1.42168280531847
1.42119517951871
1.41907980385901
1.41567712621901
1.4114039336502
1.40670620641443
1.40201743764309
1.3977269709267
1.39447245575766
1.39224080094358
1.39077332469492
1.39003619785234
1.38997921022064
1.39067455105507
1.39230993484819
1.39498504765616
1.39828804336187
1.40184409230388
1.40520752367192
1.40789180694409
1.40941151161488
1.4093325307192
1.40732176493647
1.40318342697058
1.39686912793196
1.38845464459033
1.378086471434
1.3659121476179
1.3520159199571
1.33638343752068
1.31891625676434
1.29951093739782
1.27820789074802
1.23576047895353
1.1769125859053
1.14578416742157
1.14396319404429
1.12664573547979
1.1482891256389
1.19283127370536
1.21383070464187
1.25137366196456
1.3031334700709
1.33542661411759
1.35045753854889
1.36338289710337
1.37430416498389
1.38345174243904
1.3910585070581
1.3972853842314
1.40219727497631
1.40577910612533
1.40797732880665
1.40875045135998
1.40811351616148
1.40616580083299
1.40309737171277
1.39917648039358
1.3947241568287
1.39008368361062
1.38559132129323
1.38155204104827
1.37851388676941
1.37643307565287
1.37505475342935
1.37434137958212
1.37423983761996
1.37481443769206
1.37623416919289
1.37860268258417
1.38158231686663
1.38487575972872
1.38813472605128
1.39098332861178
1.39304815368399
1.39399173075034
1.3935433654704
1.39151958219535
1.38782712690676
1.3824452614599
1.37539020129424
1.36667114079551
1.35625232971267
1.34403781551669
1.32989449790955
1.31372511099525
1.29559354724763
1.25871417803805
1.20569085240395
1.17431609328682
1.16538364576955
1.13671631796306
1.15455418214072
1.20880270323083
1.23688854040864
1.27583568395649
1.32382781999934
1.35214099878312
1.36485300092015
1.37537116434844
1.38376926935487
1.3902627546209
1.39510178862989
1.3985025120146
1.40061755694195
1.40153855377946
1.40131953394828
1.40000916484366
1.39768104495583
1.394454387183
1.39050152973346
1.38604273632697
1.38133163299086
1.37663581874747
1.37221680805327
1.36831217014379
1.36540095660612
1.36340922089235
1.36207927033423
1.36136915496961
1.36122189039371
1.36169666957637
1.36295011910728
1.36509417863789
1.36785221419961
1.37098936295244
1.3742334492913
1.37729260496318
1.37987640778033
1.38171788417032
1.38259231280668
1.3823281308601
1.38080608912712
1.37794538121659
1.37367936541154
1.36792773446368
1.36057545326447
1.35147060438068
1.34045287797659
1.32742098019675
1.31243834591206
1.28118547903575
1.23408668761893
1.20260446049923
1.18672693865743
1.1466809512237
1.15937745694276
1.22120452256749
1.25486866131865
1.29528664583795
1.34085947159447
1.36623165926929
1.37714230292485
1.38574671088828
1.39211513243573
1.3964682855488
1.39908201239946
1.40022135923097
1.40010698552586
1.39890870203803
1.39675737701915
1.39376574613558
1.39004983198416
1.38574503823438
1.381013875926
1.37604502821318
1.3710454870164
1.36622849461424
1.3618000421816
1.35794606352238
1.35509513102299
1.35314596964863
1.35183402806728
1.35111274327724
1.35092059694417
1.35131334847746
1.35243911831904
1.35441878572183
1.35702347057741
1.36006623019431
1.36333238831893
1.36659269238059
1.36961811037428
1.37219419334454
1.37413222647948
1.37527426297538
1.37548995281913
1.37466494415435
1.37268329894388
1.3694092843675
1.36467640703612
1.35829298438456
1.35007317578058
1.33989909775643
1.3278113917383
1.30172242670723
1.25994187488672
1.22835363645979
1.20631475520922
1.15591119480381
1.16233217505089
1.22893155190795
1.26637508208725
1.30848056116883
1.35340990366369
1.37718875881548
1.38695268285076
1.39424253248076
1.39914657825752
1.40191151270475
1.40285044481991
1.40227695018885
1.40046843837748
1.39765436353258
1.39402157495094
1.38972866939473
1.38492238068099
1.37975104274564
1.37437242491156
1.36895530793853
1.36367570793754
1.35870949456682
1.35422332081878
1.35036549762028
1.34752971980763
1.34559152272426
1.3442776050318
1.34353691353152
1.34330305116382
1.34362914402026
1.34465671997107
1.34651357166303
1.34900589666512
1.35198120511687
1.35526620204339
1.35867685292082
1.36202899790027
1.3651478407344
1.36787429941055
1.37006631012343
1.37159394170686
1.37232864236529
1.37212894143016
1.37082712668276
1.36822335967501
1.36409483097022
1.35822715642013
1.35047214431513
1.34082866964306
1.31901824641144
1.28141441540137
1.24961150611575
1.22265937590675
1.16381979131901
1.16315002548946
1.23132222906418
1.27062243606243
1.3147384491696
1.36101661604445
1.3847007802092
1.39403960874057
1.40066571935051
1.40470501175315
1.40645028823984
1.40626460013639
1.40451260234284
1.40152186328938
1.39756880761221
1.39288142506041
1.38765096139989
1.38204619981962
1.37622587363821
1.37034675009812
1.36456666920105
1.35904309991671
1.35392849873359
1.34936396010843
1.34547249744716
1.34262557457528
1.34068027398052
1.33935427128235
1.33859231382413
1.33832313160219
1.33859731793166
1.33955035389024
1.34131297041562
1.34371432721624
1.34662389828037
1.34989551916602
1.35337569254755
1.35691182896942
1.360358943899
1.36358315903747
1.36646056391588
1.36887073253951
1.3706854693291
1.37175505011187
1.37189607761455
1.37088674408405
1.36847633472586
1.36441554983845
1.35851162886329
1.35070578494353
1.33196175190346
1.29699291258864
1.26478813416813
1.23453407994037
1.16990946529684
1.16173829624347
1.2281384612766
1.26733935218818
1.31385842278946
1.36354314883743
1.38864867837452
1.39828756321186
1.40490218763634
1.4086754987722
1.4099653506264
1.40919638104213
1.40678687660644
1.40310930414758
1.39847679362046
1.39314651217163
1.38733177227376
1.38121653189346
1.37496802736803
1.36874526760599
1.3627027730944
1.3569901168681
1.35174846895527
1.3471055164618
1.34316998743122
1.34030116733566
1.33834251786902
1.33700356705966
1.33622517825392
1.33593160462953
1.33617047391878
1.33707095610135
1.3387613236982
1.34108166769259
1.34391150279854
1.34711858993999
1.35056676810676
1.35412343217866
1.35766516158604
1.36107986467723
1.36426404807982
1.36711458153549
1.36951559997564
1.37132283192927
1.37234943419518
1.37235905523216
1.37107299106354
1.36819842861972
1.36348298790107
1.35679532259212
1.33966556989773
1.30548048050417
1.27263684760321
1.2410109773642
1.17381230392441
1.15818095967433
1.21951997603637
1.25664385084174
1.30599616514003
1.36111972657982
1.38907707760049
1.39969254020115
1.40690767959017
1.41098391036098
1.41236144129447
1.41153521034018
1.40897713945018
1.40509783254449
1.40023641190674
1.39466756542605
1.38861676392972
1.38227695363607
1.37582242737664
1.36941776678518
1.36322151272857
1.35738541920005
1.35205074053501
1.34734307768226
1.34336706250348
1.34047778270218
1.33850960960417
1.33716551721848
1.33638269338845
1.33608175432429
1.33630655042937
1.33717941110937
1.33881974798301
1.34106594269245
1.34379562711393
1.34687742410608
1.3501795957208
1.35357834874491
1.35696406102491
1.36024346085558
1.36333602188533
1.36616368735853
1.36863448912268
1.37062249228802
1.37194848715481
1.37236766393898
1.37157188400704
1.36921484050854
1.36496778808139
1.35860961360476
1.34147960725445
1.30597074707633
1.27222856127766
1.24148682780184
1.17531865858881
1.15272694857796
1.20594055940957
1.23891618062374
1.2915300317872
1.35406426564166
1.38614914834833
1.39833118939932
1.4066885680687
1.41158658012596
1.41356296250855
1.41318722743238
1.41098045410778
1.40738090354292
1.4027401911566
1.39733700983727
1.39139809139938
1.38511895084858
1.37867982620932
1.37225485743655
1.36601465673962
1.36012378531018
1.35473520964264
1.34998369920693
1.3459796384672
1.34308033930015
1.34111493067253
1.33978173507703
1.33901423883352
1.33873077240636
1.33897037247592
1.33984828755002
1.34146806137742
1.34365237395584
1.34626444787165
1.34915990440999
1.35219758543365
1.35525045511931
1.35821434933775
1.36101184372675
1.36358865047401
1.36590098476622
1.36789422985456
1.36947565938117
1.37048648314929
1.37068065830577
1.36971953827713
1.36719256298504
1.36267492758623
1.35583204516194
1.33699325936627
1.29781426943557
1.26292550812438
1.23571296106664
1.17439556870217
1.14576761050842
1.18820335015543
1.21474098367468
1.27097367119968
1.34281853238004
1.38010324044915
1.3943288830396
1.40428079154083
1.41045793855174
1.41350758025018
1.4140725901773
1.41271301854333
1.40987889281812
1.40591599583308
1.40108964652719
1.39561441443685
1.38968096519632
1.3834747856699
1.37718498267237
1.37100415219548
1.3651220398685
1.35971621297142
1.35494248405874
1.35092686876782
1.34803413025103
1.34609087345489
1.34479256954555
1.34406861210871
1.34383698798271
1.34413082792834
1.34505893894499
1.34670187872503
1.34885066352156
1.35134044984129
1.35399824256698
1.3566573537418
1.35917306183868
1.36143645474243
1.36338236550397
1.36498718447735
1.36625365273429
1.36718247767404
1.367734158222
1.36778790844749
1.36710731961126
1.36532415011808
1.36195268441181
1.35644862418121
1.34832970146767
1.32605249409447
1.28061617669407
1.24440137312577
1.22385600586048
1.17119376619479
1.13780225926343
1.16750612088619
1.18504708065269
1.24505565573289
1.32795535458344
1.37123524789431
1.38784242042081
1.3997373298104
1.40758266269319
1.41214162443854
1.41412307748952
1.41410941750604
1.41253959829756
1.40972824322232
1.40590382623821
1.40125115317768
1.39594696872725
1.39018214833473
1.38416881851783
1.37813488585683
1.37231083863336
1.36691401627596
1.36213430503885
1.35812338900491
1.35525757204813
1.35336193123461
1.35213035158669
1.35148723861059
1.35135285245503
1.35175346682392
1.35279361178757
1.35452433512277
1.35668679054345
1.35907298907248
1.36146306224207
1.36364487749848
1.36543722285703
1.36671247539164
1.36741241129031
1.36754999950207
1.36719174523856
1.36641944701467
1.36527591292489
1.36370445702074
1.36149562999101
1.35825620583566
1.35341540560372
1.34628364972786
1.33618626941366
1.30884818525482
1.25439087353192
1.21683851157784
1.20662343929571
1.16603944054322
1.12939130667957
1.14554202047352
1.15162445878523
1.21513932169766
1.31028741143093
1.35991664543647
1.37906590482234
1.39313075181739
1.402956468046
1.40941963663308
1.41328130107871
1.41512247164063
1.41533926064786
1.41417988049231
1.41180340541426
1.40834099339939
1.40394418733612
1.39881124149946
1.39319005253632
1.3873628462582
1.38162138434164
1.37624122639035
1.37146074816952
1.36746719380551
1.36465090473232
1.36283389448007
1.36170873184394
1.36119328622215
1.36121345450599
1.36178807367433
1.36302177916982
1.36493122690385
1.36718769394586
1.36952375989617
1.37165114439289
1.37328679640386
1.37418710940641
1.3741850063263
1.37322001295853
1.37134888520172
1.36872644741834
1.3655535460623
1.36199873001798
1.35810886321968
1.35372868051893
1.34845017593406
1.34161020707124
1.33235039895799
1.31975850275352
1.28611472052899
1.22010243706717
1.18153181486594
1.18543863530128
1.15940678519933
1.1211072047907
1.1244712351394
1.1179988665966
1.18401669608069
1.29100223644432
1.34662476431659
1.36825276840445
1.3845686261584
1.39659457939127
1.40530758751996
1.41150129101206
1.41572364190662
1.41828430420572
1.41931546983263
1.41886068739338
1.41696439159086
1.41373901243315
1.40939616949587
1.4042405083848
1.39863666765885
1.39296538846004
1.38758292123284
1.3827915440823
1.37882278882025
1.37608071146758
1.37437912234287
1.37340808051211
1.37307656458829
1.37332024568405
1.37415056633163
1.37567954408057
1.37788770348735
1.38035620249077
1.38274187096987
1.38466324441742
1.38573355320493
1.38561001204917
1.38405360176322
1.3809843281127
1.37651001884292
1.37090857092048
1.36455619138839
1.35781247824672
1.35088720089831
1.34372049326195
1.3359069299606
1.32668698353414
1.3150169583898
1.29971969210792
1.25935046929651
1.18071176360902
1.14197942544853
1.16250857311215
1.15187746111871
1.11349417334397
1.10658975131735
1.0896263619125
1.15624362247549
1.27164522493142
1.33194537983904
1.35573561431698
1.37421165870442
1.3885423558387
1.39978686821493
1.40874883622728
1.41590322178922
1.42141362709486
1.42522559177379
1.42720057458947
1.42724942182649
1.42542917794155
1.42197914497191
1.41729613154115
1.41186939847378
1.40620589718499
1.40076895921952
1.39593963056688
1.39199922221022
1.38936010652239
1.38781783825201
1.38705689249536
1.38697404675516
1.38751958696529
1.38869844976168
1.39064071296056
1.39329414852507
1.39613264548764
1.39872369895843
1.40056623561353
1.40112860393963
1.39991637722029
1.39656630942886
1.39094537854079
1.383216202938
1.3738279715228
1.36341632226666
1.35263004002861
1.34192998347572
1.33141108869717
1.32069442466838
1.30892036187234
1.29484785065592
1.27703459507671
1.23081505322209
1.14184193599449
1.10443292609005
1.14056218746341
1.14409598490665
1.10702237175611
1.09377742582743
1.07185290088852
1.13658211375627
1.2538255689108
1.31654517636215
1.34192795854575
1.36228252503237
1.3788820183337
1.39285588187298
1.40499956163463
1.41566908915526
1.42480172300654
1.43205377528713
1.43700603036299
1.43936966191956
1.43912840426773
1.43658130976347
1.43227819939187
1.42689613774954
1.42111629538199
1.4155370968301
1.4106292277517
1.40672269640244
1.40422437477143
1.402895224948
1.40240891470084
1.40264562242682
1.40357554213909
1.40519895365838
1.40767814732684
1.41093890696998
1.41433927067742
1.41735150480951
1.41933128999152
1.41955417440582
1.41730140438627
1.41200110669079
1.4034016851838
1.39171097742602
1.37761554362621
1.36213545022649
1.34635754002799
1.33112319434187
1.31676249329888
1.30294658073875
1.28870145251385
1.27256994024121
1.2528654241727
1.20310419888798
1.11015928717141
1.07594251597832
1.12226464336935
1.13670610442857
1.10202138961939
1.08704299581237
1.06658448263831
1.1271078851813
1.23877107130559
1.30112278274169
1.32730336403909
1.34906186927438
1.36773530481287
1.38452909382196
1.40023357319738
1.41504357871062
1.42856110458421
1.44000408215741
1.44852660154532
1.45353708370018
1.45493562740754
1.45315068953933
1.44899109221097
1.44341265897138
1.43732582245882
1.43148689742815
1.42645722012577
1.4226036573124
1.42030145947668
1.41925335320214
1.41911480790728
1.41974380106752
1.42113565218983
1.42328870805441
1.42641441461179
1.43043675140635
1.43460520510656
1.43830559410765
1.440738077714
1.44093870966979
1.43787234008696
1.43062640094763
1.41870242573598
1.40230691823097
1.38244693790136
1.36072358331307
1.33888472863871
1.31834258397422
1.29976336700625
1.28287042838315
1.26652519702228
1.24901673753242
1.22844565386652
1.17844660173339
1.08970781671896
1.06042160978642
1.10960140054089
1.13025342034938
1.09864260779532
1.08630825801484
1.07147699314533
1.12626776681452
1.22700443970059
1.28631290675934
1.31235793976655
1.33488523122281
1.35527344702219
1.37484043120108
1.39442759689388
1.41405657605926
1.43285621200198
1.44937200012087
1.46208810378122
1.46998404842638
1.47287052308316
1.47146707634123
1.4670252489608
1.46089273760652
1.45425424340299
1.44802814923795
1.44285030703422
1.43909863084744
1.43707565827774
1.43639503136065
1.4366847635196
1.43777371412793
1.43968659507956
1.44242312817863
1.44626197793874
1.45115574412343
1.45627565344332
1.46095125775075
1.46423825833072
1.46490619647054
1.46151079499583
1.45261527443144
1.43722722045745
1.41539739720402
1.38856786893066
1.35919983100128
1.3300762221114
1.30345746066469
1.28046106602582
1.26078803344749
1.24300287823932
1.225074924444
1.2049217688556
1.1581399916574
1.08013322433116
1.05698751164782
1.10343154861882
1.12511104273419
1.09686742469282
1.09050768339867
1.08247685804456
1.13090053133473
1.21834952595383
1.27258305220493
1.29757804539537
1.32015871335979
1.34175478825161
1.36387099972894
1.38755120147388
1.41273755729142
1.43788026010776
1.46050055358743
1.47813261634814
1.48891829342333
1.49271973120676
1.49096877121293
1.48561895456001
1.47849301078627
1.47104857786306
1.46433497799994
1.45902495101852
1.4554687951337
1.45384226409756
1.45363423442311
1.4544351496904
1.4560364836783
1.45849452535376
1.46181399272998
1.46635702511777
1.47214371494381
1.47832247310942
1.48421936377341
1.48878946996264
1.4905547403728
1.48761736598527
1.47783743865337
1.45933252035468
1.43150424291152
1.39625482862535
1.35759031166102
1.31975358193058
1.28635861828097
1.25906544874166
1.23724888759672
1.21892469935902
1.20166284430766
1.18322053180863
1.14247073701741
1.07865549455816
1.06225739803516
1.10336616617939
1.12145790617575
1.09659460762123
1.0994808771375
1.09854054589674
1.13960035237364
1.21142057263302
1.25830577720971
1.28117299047385
1.30296829608919
1.32522002265789
1.34975445961787
1.37817786057054
1.41083920638562
1.44530782436152
1.47693112217039
1.50102391048832
1.5139839780906
1.51713114438334
1.51360299441842
1.5062969185979
1.49751264447568
1.4889142331867
1.48161193634807
1.47625395326511
1.47310490465482
1.47211774491088
1.47260093035621
1.47408575402437
1.4763115360029
1.47937014479277
1.4832742887988
1.4885008688458
1.49519174676477
1.50256356690436
1.51001961603289
1.51648949751994
1.52030939818375
1.51914085860236
1.5099984319454
1.48958291812846
1.45529287039139
1.40821769768483
1.35570426576988
1.30542120801574
1.26375801427415
1.23234138057268
1.20926358168665
1.19156151791476
1.17631665334493
1.16114171182425
1.12957563689548
1.08344351378402
1.07500514146838
1.10924183350991
1.11904184928034
1.09896253258002
1.11837329613461
1.12611747969683
1.15612605628598
1.20467683277589
1.23849070134636
1.25675206078388
1.27590715885331
1.29767865715432
1.32445831316632
1.35914698822853
1.40508507426326
1.46284525278657
1.51648249044818
1.54358527869211
1.55185766527313
1.54951742804266
1.54099248738147
1.52977900765725
1.51830272799033
1.50818970688791
1.50043979968674
1.49554836075156
1.49357079943858
1.49398178251608
1.4958046365638
1.4984579809681
1.50159824593998
1.50536293056642
1.50977151598175
1.51549220415158
1.52287644983519
1.53144126853799
1.54083781669388
1.55013299075666
1.55765158109336
1.56079452960811
1.55586057721405
1.53792677906615
1.50134922153688
1.43869328745752
1.35214750398734
1.27686226916031
1.22444926362754
1.18976030663681
1.16724129849559
1.15248943629136
1.14210169615923
1.13362302951757
1.11873920479578
1.10050997380603
1.10410501503966
1.12704859605084
1.11806542211209
1.09962208618737
1.13672200618773
1.15175742015411
1.17119757481061
1.1974956546374
1.21778842940073
1.23079793174921
1.2463836429864
1.26613444885235
1.29220041946918
1.32720410097983
1.37422111506507
1.43355016814006
1.48861580805493
1.51658530466941
1.5259274297531
1.52505138728217
1.51822017593539
1.50881604315853
1.49919690992008
1.49095336179254
1.48505758075798
1.48196452671897
1.48165837909902
1.48337097090987
1.48610651328555
1.48934714413868
1.4927463377872
1.4964544601031
1.5004710878749
1.50541652460664
1.51162560200475
1.51879315216847
1.52664606144341
1.53429849410326
1.54011069141276
1.54153000448914
1.53494188440643
1.51556653216842
1.47794152233851
1.41435106174048
1.32626498278044
1.24950521171904
1.19607598101616
1.16106612632944
1.13927386249913
1.12667210545513
1.12021639259354
1.11770278224941
1.11868471496408
1.12660163081561
1.13915526289475
1.14687958468732
1.11431808408215
1.09021201699286
1.13423673960568
1.15187614084634
1.16559063402338
1.18070682584805
1.19391995231542
1.20382746509535
1.21658371594084
1.23311630220319
1.25431868614113
1.28067283899374
1.31134554354088
1.34326927116419
1.37327524425837
1.39908749460482
1.41641119509207
1.42522940509258
1.42785324713636
1.4266865608991
1.42376174308829
1.42059552637144
1.41820482879031
1.41715382261464
1.41760729560097
1.41914389508863
1.42125214584478
1.42367924734727
1.42622541805879
1.42900406402926
1.43194790039744
1.4353443332337
1.43910125954088
1.44270679660099
1.44566238747877
1.4470112780093
1.44525565967874
1.43833687547611
1.42374889491986
1.39898235851969
1.36257619357071
1.31697224434336
1.26911241962548
1.22269292654995
1.18297762582506
1.15298663772019
1.13245553923724
1.1198682812212
1.1135109537767
1.1118282318543
1.11673279419161
1.13148314346161
1.14358170638708
1.14187793329226
1.0999005862728
1.05886809502236
1.09684606815657
1.11239459380641
1.12238084435769
1.13202811692654
1.14068689260206
1.14759075081066
1.15632080935586
1.16706646382351
1.17982242457028
1.19428780921979
1.20986671664199
1.2257888687191
1.24092900885329
1.25406032355137
1.26484905208509
1.27301128458477
1.27857030697687
1.28194885511027
1.28376323651274
1.28465137670296
1.28515702370711
1.28567252768026
1.28642423996468
1.28733715550562
1.28839555979743
1.28954790432078
1.29074113829738
1.29201617448527
1.29326871675746
1.29450025046463
1.29532164904251
1.29528149256848
1.29392166345776
1.29065036365572
1.28477883836234
1.27562255202734
1.26268035623499
1.2458678000023
1.22571999926203
1.20317739198345
1.17934969191972
1.1563134828235
1.13551415817728
1.11795320054723
1.10429498954469
1.09470052233933
1.08891317429768
1.08641846868608
1.08834714269434
1.09714584743089
1.10314508921122
1.0979061790775
1.06265269365719
1.07613479983211
1.11961082720693
1.13244918848049
1.13540349557276
1.13822093823514
1.14554792311396
1.15374926378224
1.16537459914028
1.18064264568648
1.1994732877738
1.22139199175085
1.24548985183695
1.27047594172221
1.29483794056703
1.31708834703294
1.33603188616018
1.35096646305672
1.36175193319434
1.36873557335517
1.37258161424895
1.37408004896858
1.37399309044949
1.37296247150216
1.37147359734097
1.36998452542317
1.36878008726882
1.36777218061567
1.36701799336104
1.36648564007034
1.36620192519002
1.36625552979648
1.36655582960928
1.36691694040416
1.36691517764993
1.36593582381369
1.36320670441972
1.35788497774394
1.34920293454744
1.33665525043996
1.32017634259681
1.30023605590521
1.27780251750131
1.2541736352093
1.23073257823116
1.20870940767726
1.18901480604957
1.17217461558106
1.1583567039543
1.14745912106283
1.13438690017867
1.12316995176271
1.11494487576601
1.10200554363597
1.0653627575221
1.11518249647298
1.16947613171309
1.18272932328655
1.18319578493718
1.18516124346624
1.19572503319497
1.20794172300683
1.22600550259004
1.25085735937892
1.28307349411576
1.32244191943072
1.36745152610691
1.41499716423847
1.46073988964758
1.50026251884935
1.53048088122164
1.55043668448955
1.56109330701261
1.56452297294139
1.56308509907455
1.55889393188471
1.55357485514092
1.54821006098369
1.54339280487728
1.53968442504821
1.53700280365465
1.53494172924054
1.53349115444675
1.53259842816742
1.53245097951197
1.53346972476159
1.53610378697128
1.54027455586214
1.54548150453844
1.55070166791936
1.554341488701
1.55426987886749
1.5480112127729
1.53321090716472
1.50841518663459
1.47392854260629
1.43217535970232
1.38710526269773
1.34289147395126
1.30273756536595
1.26839248094733
1.24033114300376
1.21820920020533
1.20128191969696
1.18100377229516
1.1648843800684
1.15518512350637
1.1416878909587
1.09877535080545
1.12877687751857
1.17796219372598
1.18606000333209
1.187150819826
1.19600118682009
1.21316764269394
1.22957038743559
1.2526891159343
1.28418798103514
1.32560583507143
1.37762506000674
1.43885913282989
1.50463565262801
1.5671795689466
1.61833209451139
1.65323145307695
1.67172781958102
1.6769589722571
1.6731707829006
1.66429404440871
1.65337955579856
1.64250980573325
1.63289747727852
1.62504513431986
1.61944447800165
1.61559724690378
1.6127540005371
1.61082989888178
1.60976743329548
1.60990969120022
1.61204605900254
1.61716256607534
1.62536332379906
1.63624409377456
1.64867933803406
1.66068081363653
1.66926671931065
1.67045255568714
1.65965232986256
1.632936039451
1.58922777035992
1.53211728950534
1.4690229280274
1.40775748022176
1.35354419449012
1.30842346411224
1.27224026746757
1.24381609051938
1.22172087031919
1.19362755306497
1.16927935698782
1.15699911240348
1.14689381977405
1.10953900111165
1.12986098269077
1.16059694662519
1.15863323936748
1.16671229145985
1.19506710709442
1.22531976416096
1.2472494279716
1.27453917744
1.30893135940748
1.35214528759275
1.40506860057265
1.4664917484822
1.53186584879409
1.59349310904217
1.64327406859452
1.67641561185379
1.69285742695778
1.69583640799299
1.68968575004198
1.67840221511832
1.66508853649374
1.65188199943928
1.64007232464176
1.6302768956382
1.62327516590444
1.61855835064239
1.61529143298462
1.61337274904262
1.61274677925756
1.61377723957812
1.61734764016821
1.62446789620566
1.63496256866989
1.64832246911952
1.66335138403115
1.67800534960915
1.68923601919288
1.6929548855773
1.6844171333438
1.65949107356718
1.61691191655483
1.56016603811316
1.49667870047894
1.43432399633985
1.37835388278137
1.33076416597507
1.29130607682709
1.25871764475119
1.23156538293143
1.19246037407488
1.15300183570759
1.13530729780591
1.13248773404004
1.11007404861807
1.12778267705039
1.14281883150484
1.13357007925043
1.15032020564827
1.1977676357101
1.23944195689589
1.26513593103524
1.29390026564908
1.32702427793409
1.36570027587225
1.41035018684206
1.45985074543822
1.51100382846975
1.55888413716154
1.59837736439158
1.62612073748937
1.64147061414759
1.6460557288546
1.64264741457678
1.63416978710409
1.62314212753455
1.61147800373784
1.60048761463258
1.59097572632768
1.58403673183958
1.57936147064284
1.57627224284438
1.57468002108743
1.57453216191822
1.57612326760088
1.58016424605798
1.58738572229934
1.59722687718147
1.60898926680818
1.62142910173829
1.6326605716631
1.64011931100488
1.64069159752161
1.6311822870728
1.60925794690245
1.57466742553194
1.5299537530663
1.47979121603616
1.42916257025665
1.38169063262192
1.33906800460758
1.30142854408133
1.26805524243108
1.23802856798244
1.18979891045462
1.13575429906514
1.11261736145372
1.11714027378705
1.10843030706717
1.1282224327022
1.13615937291867
1.1236545984252
1.14592852225347
1.20426458176437
1.25156986770933
1.27866024129621
1.30726978441316
1.33841295260565
1.37298691070498
1.41122079870228
1.45218294627758
1.49356509622371
1.5320207392554
1.56410138803482
1.58737537607242
1.60109504601193
1.60611077202779
1.60427215423662
1.59775881139016
1.58860980312894
1.57849239533457
1.56864426146849
1.5599142804166
1.55346520608276
1.54911873583704
1.54630093429604
1.54493756719452
1.54497860483272
1.54666470301559
1.55058845583435
1.55728481348716
1.56606133468504
1.57616406627609
1.58639955314099
1.59508990808683
1.60010445015735
1.59904610501603
1.58967893646899
1.57059688091936
1.54190682742059
1.50547948611164
1.4644493842323
1.42216726968071
1.38121227494656
1.3429383539895
1.30758509529251
1.27470347415839
1.24366034819729
1.19070170082536
1.12781292229847
1.10135740048583
1.11050752629491
1.10911860214263
1.13021610091783
1.13484685258213
1.12101850465383
1.14783440234948
1.21389097558787
1.26450930588974
1.29197744374766
1.31970057712057
1.34850302015995
1.37910576861627
1.41168158318917
1.44553665930556
1.47903640146488
1.50988349809635
1.53571538965243
1.55478939241565
1.56643781973179
1.5711054126027
1.57003793225587
1.56484959069098
1.55716246778771
1.54839065087265
1.53965458526576
1.53178187070162
1.52591424358417
1.52195854642171
1.51942189989272
1.51824244393722
1.51837262505183
1.52000950510836
1.52365089651942
1.52968835764407
1.53739142638058
1.54601262364422
1.55445755738978
1.56127801910751
1.56473943995401
1.56301147339554
1.55451243413303
1.53835917647994
1.51474615934791
1.48501353634227
1.45129105528779
1.41585967060703
1.38053562804848
1.34633223542045
1.31346686416764
1.28162339842338
1.25034734326781
1.19439189081237
1.12484810323853
1.09573945654033
1.10823701691705
1.11132137643187
1.13388684645387
1.13870876603673
1.12571818642083
1.1566263884063
1.22781146563363
1.27976397132042
1.30669530101243
1.33280342310824
1.35876756387339
1.38519689218882
1.41227711805973
1.43956439552848
1.46597243080637
1.48998122327744
1.51002074105685
1.52489660680732
1.53409221700111
1.53783871307908
1.53696490586921
1.5326362001443
1.52610184469937
1.51851742230807
1.51085337018997
1.50387000921154
1.49863324538409
1.49510117982016
1.49285095540256
1.49183005873142
1.49199301749293
1.49350006492097
1.49676477448201
1.5020713714176
1.50870830663433
1.51597855403974
1.52292261528337
1.52833732049335
1.53085614927777
1.52911524633999
1.52200511393053
1.50895374456868
1.49012699165809
1.46642617202476
1.43924677793712
1.41008483394244
1.38014967066867
1.35012522630351
1.32014206761385
1.28994179077187
1.25918691239556
1.2018055710077
1.12753987142275
1.09614589874652
1.11048093562481
1.11528551592729
1.13920311746154
1.14811636826324
1.13869998142702
1.17306955736823
1.24607569347668
1.29710467609628
1.32256365772383
1.34638744507305
1.36913899782896
1.39135377261005
1.41325848191371
1.43463075113287
1.45480522414301
1.47282197998883
1.48767572474599
1.49858590521207
1.50519659565234
1.50764423090432
1.50649046471618
1.50257131636237
1.49683058985243
1.49018634231587
1.48344825629619
1.47728094079752
1.47264242040094
1.46951273484475
1.46752407473096
1.46663002861018
1.46678627344252
1.46812352436524
1.47098571505823
1.47558429244366
1.48126561107759
1.48741199160454
1.49321354238723
1.49769966498627
1.4998157025714
1.49855318946437
1.49312214878668
1.48312257677925
1.46864775747041
1.45026067759307
1.42883328719595
1.40529925625131
1.38040737748237
1.35455897379606
1.3277777006364
1.29982121033652
1.27043003430075
1.21362508844387
1.13747143097132
1.10429624326116
1.11809635352323
1.1211155507879
1.14591249443666
1.16260949699321
1.15957338745566
1.19667802540264
1.26808517431455
1.31604507923009
1.33921790526323
1.36023194130243
1.37954541719656
1.39763447403926
1.41476584298514
1.43089221521992
1.44565805216131
1.45850047606516
1.4688119909746
1.47611490320959
1.48019463199134
1.48115581687157
1.47939590112213
1.47552038498551
1.47023722023879
1.46426215885828
1.45825140031911
1.4527633072634
1.44863748685726
1.44585365909504
1.44408327744621
1.44328287775378
1.44340804522869
1.4445669882765
1.44704941845237
1.45102300600098
1.4559122452843
1.46119145518386
1.46619700604531
1.47016170546557
1.47227948570846
1.47180091595751
1.46814655792223
1.46100882680098
1.45040414799738
1.43664638610198
1.42023970536803
1.40172084779233
1.38150112662907
1.35975950138933
1.33642313403303
1.31125400552322
1.28405589275258
1.22996956497609
1.15520867280398
1.12082943323809
1.13126036807938
1.12872676412653
1.15357458405197
1.18090184632976
1.18641334950707
1.22554394593024
1.29258472088911
1.3358498352639
1.35616968689229
1.37405812291364
1.38987457046628
1.40403917240958
1.4168455393081
1.42837418335411
1.43849050288485
1.44690959011424
1.45330198467226
1.45740755485378
1.45912534437702
1.45855748485076
1.45600219982211
1.45190741918287
1.44680548688884
1.4412486376355
1.43575764714913
1.43078759555083
1.42706480351937
1.42455378768032
1.4229507376214
1.42221242838094
1.42229302847144
1.42328438619065
1.42543615717351
1.42889417649927
1.43316648277675
1.4378192530448
1.44232040736153
1.44607116114858
1.44845660656752
1.44891277290707
1.44699943057183
1.44245984117693
1.4352460054847
1.42549487042091
1.41345639678078
1.39939192267906
1.38347337659871
1.36571657267361
1.34597620194986
1.32402265109118
1.29971938272326
1.25025505009062
1.17990727644419
1.14488858522133
1.14934419286461
1.1378487712939
1.16161737920133
1.20111094224354
1.21617002610854
1.25675558265284
1.31788777160772
1.35562326444593
1.37284371133903
1.38753354138542
1.39996546716598
1.41050801476781
1.41946897118419
1.4270179791422
1.43317492755593
1.4378479189942
1.44090081127777
1.44222790222512
1.44181509542107
1.43977353505498
1.4363415335882
1.43186016600934
1.42673372353858
1.42138691634741
1.41622748093247
1.41161819998397
1.40818638612186
1.40587287467931
1.40438650270326
1.40368222983981
1.40371155742872
1.40455497036747
1.40643382384723
1.40948717757913
1.41330232857443
1.41752914666955
1.42174729591774
1.4254925292584
1.42829430823384
1.42972153172325
1.42942848646255
1.42718932359241
1.42290902462403
1.41660358968726
1.40835123582232
1.39822658018287
1.3862374550555
1.37228699511257
1.35618226807605
1.3377077932502
1.31677962488182
1.2732804275713
1.20947441564157
1.1742795978364
1.17100603430882
1.14805055201336
1.16940594412958
1.22113812061531
1.24549879069266
1.28719611630339
1.3422351550377
1.37444291685887
1.38864441750464
1.40030128366896
1.40962156611654
1.41693338409334
1.42255286307218
1.42671212037556
1.42953903486408
1.43107573931577
1.43132038661812
1.43027614459074
1.42799332907243
1.42459511503965
1.42028332511717
1.41532659264596
1.41003700484876
1.40474235808415
1.39975983638205
1.3953744655306
1.39213270797028
1.38994817798046
1.38853313015803
1.38783934416733
1.38781457079105
1.3885317111455
1.390192757012
1.39293917449888
1.39642798757615
1.40038062731961
1.40446783962885
1.40833033935127
1.4116058602657
1.41395967162138
1.41511306303911
1.41486259575275
1.41308336276178
1.40971276095618
1.40471683263857
1.39804749958799
1.38960414478907
1.37921577184955
1.36666025572333
1.35173557658379
1.33439300953212
1.29749383283272
1.24119575943877
1.20612337903769
1.19446833025595
1.15878123610452
1.17631362085293
1.23904028984147
1.27151552327522
1.31424041859147
1.36410837389073
1.39148499288419
1.40302559510822
1.41201818457411
1.41863408738368
1.42317893588459
1.42597948020263
1.42731528464098
1.42739189658632
1.42634576540564
1.42426887663424
1.42124102426954
1.41735944581673
1.41275880903007
1.40761853597291
1.40215819052283
1.39662423886258
1.39127248111042
1.38635001345621
1.38207931635819
1.37894452950795
1.37683197167179
1.37545085089877
1.37474900756872
1.37466957516239
1.37528050887364
1.37677065861628
1.3792884362179
1.38254889969153
1.38633164532601
1.39037919558427
1.39441267182312
1.39815083847408
1.40133012362935
1.40372184611801
1.40514219962055
1.40545120915965
1.40453916680037
1.40230266296327
1.39861643488322
1.39331086805383
1.38616733400724
1.37694417458107
1.36544439487142
1.35162950225608
1.32128946368705
1.27240658065778
1.23756880290503
1.21784698795608
1.16942118543758
1.18178721004711
1.25326813114385
1.29215253301196
1.33605724578847
1.38238834544903
1.40610439261772
1.41554179421703
1.42238779976606
1.42680522716425
1.42909888466553
1.42961471674886
1.42867379017715
1.42654094405368
1.42342088700094
1.41947199619271
1.41482813265995
1.4096204019597
1.40399332279792
1.39811273337967
1.39216537131482
1.38635191637897
1.38087614900492
1.37593282881544
1.37169626087594
1.36860520588526
1.36652084004366
1.36514526248371
1.36442207645994
1.36428917671706
1.364811215958
1.36616779131372
1.36851529728643
1.37161472625783
1.37529063130675
1.37934014295825
1.38354474716469
1.38768362912538
1.39154667677891
1.3949445178042
1.3977127772051
1.39970843519676
1.40079786338114
1.40083863752427
1.39966011383193
1.39705043509973
1.39275952683446
1.38652810102615
1.37815052416344
1.36757220499299
1.34320736532371
1.30087415888909
1.26621251054265
1.2394004224289
1.17933841955642
1.18539814477036
1.26275014278827
1.30614784023009
1.35157194934019
1.39637308638149
1.41786326943408
1.42587305215332
1.43118033534716
1.43396494098595
1.43455324336609
1.43332232735481
1.43063453656634
1.42680339575958
1.42208476690657
1.41668461810763
1.41077498518979
1.40451126994163
1.39804618939461
1.39153796645941
1.38515234436716
1.37905943509368
1.37342715151801
1.36841307847015
1.3641563093425
1.36106476114952
1.35897790538283
1.35758860567395
1.35683623279026
1.35665309008242
1.35710134698977
1.35835340623944
1.36057209809352
1.36355256682648
1.36715185182236
1.37120659118436
1.37554210760508
1.37998200709853
1.38435672517802
1.38850907764852
1.39229491879646
1.39557768104795
1.3982169267856
1.40005296545061
1.40089179837222
1.4004967676522
1.39859482859805
1.39490562847983
1.38919928039625
1.38138186383667
1.36201239135922
1.32486208129197
1.29018197241868
1.25765375274237
1.1879434715808
1.18687463987631
1.26687390472425
1.312873360928
1.36029423670264
1.4057229816633
1.42652152137323
1.43382535677851
1.43823782214006
1.43997859808
1.43941687336762
1.43697337734688
1.43305383940947
1.42801383486993
1.42214830843678
1.41569716074204
1.40885890246966
1.40180609915985
1.39469840431178
1.38769099477682
1.38093791162596
1.37459100264025
1.36879580061516
1.3636858110636
1.35937647672027
1.35625688585699
1.35414884139447
1.35273530401509
1.35195156627632
1.35172428410543
1.35211330604214
1.35328460093388
1.35540399602514
1.35828934726863
1.36181843074439
1.36585384609433
1.37025060732865
1.37486366401398
1.37955395076405
1.38419134118943
1.38865303073323
1.39281653032913
1.39654764759411
1.3996854674127
1.40202821311824
1.40332568473893
1.40328533929589
1.40159935838911
1.39799807557012
1.39232916947069
1.37669859369824
1.34303760867136
1.30804403914267
1.27143073165406
1.1947359918539
1.18611499019151
1.26542249287041
1.3121463221317
1.36214100328026
1.41038188442136
1.43200386637758
1.43931253762295
1.44346583984434
1.44474525359633
1.44358192954313
1.4404508980427
1.43580269549781
1.43002903210276
1.42345370297052
1.41633923730065
1.40890111242657
1.40132340773726
1.39377194639051
1.38640295762833
1.37936688877668
1.37280808552041
1.36686161754215
1.36164862608072
1.35727136163648
1.35410985704788
1.35197237029889
1.350532297932
1.34972101663053
1.34945981313521
1.34980587712251
1.35091873745955
1.35296240748489
1.35576595738323
1.35921653270293
1.36318997557226
1.36755809538279
1.37219561926111
1.3769853957813
1.38182022968961
1.38659990495133
1.3912226318353
1.39557134062105
1.39949683094312
1.40280157108914
1.40522967254185
1.40646993579402
1.406179405887
1.40403366923238
1.39980546861213
1.38646592009762
1.35435911512403
1.31868578819374
1.27984504206769
1.19934001373479
1.18318604700582
1.2585039555704
1.30405921345973
1.35727519554019
1.41048833471045
1.43435174237428
1.44232456335392
1.44681460251669
1.44818820169657
1.44695484401101
1.44365069427838
1.43876938912129
1.4327309890377
1.42587721217444
1.41848205515173
1.41076904516952
1.40292881878344
1.39513314366133
1.38754365040501
1.38031522720173
1.37359512616542
1.3675193219804
1.36220765276915
1.35775895041628
1.35455216470888
1.35238579645748
1.35092459490942
1.35009605743391
1.34981676423292
1.35014055723674
1.35122028351173
1.35321238599709
1.35594497739836
1.35930309243384
1.36316309608369
1.36740082083552
1.37189944882394
1.37655548517405
1.38128087484664
1.3859994686661
1.39063679731303
1.39510346141356
1.39927422876344
1.402966879978
1.40592668002533
1.40782383819309
1.4082722350409
1.4068775773547
1.40332047168276
1.390688494643
1.35797905586368
1.3212132128797
1.28228609143109
1.20152879018539
1.17831147025725
1.24650266431496
1.28883293792808
1.34595483740413
1.40628352092443
1.4336682305377
1.44288924802884
1.44825485931925
1.45024177986672
1.44945059510848
1.44648017461217
1.44186076071372
1.43602922701483
1.42933160626829
1.42204054014033
1.41437797258841
1.40653623564136
1.39869350485158
1.39102215952803
1.3836905775262
1.37686011762387
1.37067946004757
1.3652782484272
1.36076139492193
1.35751337314532
1.35532595750003
1.35385632569524
1.35302787383393
1.35275358596632
1.35308306930799
1.35416256128539
1.35613465684763
1.35881299838366
1.36206838212041
1.36576410023006
1.36976618932165
1.37395391773276
1.37822840254908
1.38251667983333
1.38676859209379
1.39094475584527
1.39499562024824
1.3988339386934
1.40230540639932
1.40516435518121
1.40706300831881
1.40756391365007
1.40618609385546
1.40249587998759
1.38888305152616
1.35315246626924
1.31486523453594
1.27842343056706
1.20124136811435
1.17185181773805
1.23008764706941
1.26673626648749
1.32842461081002
1.39804235139661
1.43007326723779
1.44104030252396
1.44775794697594
1.45084071922147
1.45098821864612
1.44885761270922
1.4450036386052
1.4398633353178
1.43376903168009
1.42697585623458
1.41969263445931
1.41210820574686
1.40440868451648
1.39678453278813
1.38942895694787
1.38253065340098
1.37626421573053
1.37078086801911
1.36620111587321
1.36292048188822
1.36072578836371
1.35926744589438
1.3584641309375
1.35822686416957
1.35860010315189
1.359724454725
1.36172239265903
1.36437769053693
1.36753367379232
1.37102520713301
1.37469237653173
1.37839561595356
1.38202946110082
1.38553096241851
1.38887852965896
1.3920781057185
1.39513608992846
1.3980218089288
1.40062572488872
1.40272226311661
1.40394779598383
1.40380508666802
1.40170648133365
1.39707233802539
1.38070574097126
1.33917486863124
1.29897419519637
1.26826252316995
1.1985912366229
1.16427395356957
1.21031277288908
1.23818840499229
1.30494744482597
1.38608183938765
1.42369470720498
1.43680851471067
1.44529099546328
1.44991869043501
1.45149129534768
1.45071390219516
1.44814763684333
1.4442065693816
1.43918489095086
1.43329874995672
1.42672910760953
1.41965553273997
1.41227545836262
1.4048082392781
1.39748723704444
1.39054520736533
1.3841982425936
1.37863203127524
1.37399222689267
1.37068981292157
1.36850652371483
1.36708607929061
1.36634127520085
1.36618340366024
1.36665103017776
1.36788166978843
1.36997214911365
1.37265889274221
1.37574320218394
1.37901359334511
1.38226424200961
1.38531732505147
1.38804550080377
1.39038844999237
1.39235639508588
1.39401491686797
1.39544933758813
1.39671234649109
1.39776372860119
1.39841464579358
1.39829044149531
1.39682555901267
1.39330286569734
1.38695463763908
1.36604237804445
1.31546223725119
1.27309738285108
1.25229746631652
1.19386276149117
1.15610321867402
1.18879944680544
1.20426160979185
1.27615322623388
1.37091041740027
1.41470910125106
1.43024564129179
1.44083334686357
1.44741913440924
1.45089481527502
1.45199745450548
1.45126970178334
1.44907084022305
1.44562306092826
1.44107390761431
1.43555679694084
1.42923558773942
1.42232575291532
1.41509221533376
1.4078302220596
1.40083857738295
1.39439371643857
1.38872986814429
1.38402699015359
1.38071427093533
1.3785654396237
1.37721639254909
1.37657218745617
1.37654729588455
1.3771740581405
1.37859169904636
1.3808677012315
1.38367205661347
1.38674846354605
1.38981807087431
1.39260374803515
1.39486283878239
1.39642368184702
1.39721656099328
1.39728693614033
1.39678034645255
1.3958949221618
1.39480680236692
1.39358217927953
1.39209473224146
1.38996813772656
1.38656089389267
1.38100476876889
1.37230265721397
1.34527392771972
1.28201747447991
1.23758617927211
1.23178024438317
1.18748526359779
1.14787905941861
1.16775448365674
1.16812270629771
1.24422093387235
1.35343474005272
1.40340748537409
1.42147173159193
1.43440923148378
1.44331493120485
1.44915623195271
1.45268090662577
1.45437970624461
1.45451288357006
1.45318249664206
1.45042526779299
1.446299952467
1.44094794958574
1.43461566548816
1.42764009857064
1.42041002407409
1.41331962035857
1.40672827658552
1.40093340862488
1.39615684416866
1.3928457281717
1.39075897276438
1.38952183352975
1.38902892995969
1.38920152818376
1.39006608003509
1.39177127313634
1.39435489307581
1.39740140724926
1.40058153900115
1.40352514070183
1.40585139150632
1.40721551999754
1.40736709536798
1.40620596685158
1.40381475522806
1.40044754959505
1.39646587255464
1.3922300927572
1.38796927095379
1.38365929159142
1.3789385393881
1.37308406244561
1.3650601111691
1.35362364511952
1.31962307362405
1.24093707440451
1.19525352038006
1.20888266726385
1.17999883857193
1.14014088414728
1.14952265612596
1.13645119167144
1.21431570374247
1.33498558926249
1.39022857703703
1.41072334203189
1.4261216018463
1.43762812397501
1.44626566506363
1.45276663267193
1.45752544112571
1.46064102949427
1.46202519582173
1.46154196483383
1.45913738549297
1.4549246472476
1.44920566560325
1.44243258456676
1.4351342181315
1.42783872012292
1.42101424787482
1.41503472451162
1.41016755248713
1.4068722872597
1.40488103533641
1.40380352573157
1.4035202761995
1.40396362277648
1.40515537607565
1.40726490836663
1.41030523297097
1.41375939541102
1.41721272698144
1.42017866639563
1.42213265046569
1.42257551913843
1.42112398212661
1.41760920087858
1.41214698727283
1.40513926617127
1.39718658532166
1.38892609386744
1.38083513048241
1.37305085765338
1.36525133959496
1.35662833196181
1.3459659756923
1.33178063706868
1.29123000404445
1.19850786000856
1.15342231388372
1.18636560166047
1.172039040403
1.1333904705074
1.13594829514632
1.11698478747025
1.19302844778904
1.31708134941596
1.37575736332697
1.39837244654459
1.41616874911384
1.43043966568281
1.44224948197891
1.45228732275953
1.46079495106863
1.46762175197708
1.47238530381575
1.47468438233876
1.47429769886967
1.47130967294273
1.46612512538495
1.45938244619627
1.45181807349908
1.44414228409187
1.43695792183997
1.43072349019787
1.42574830562866
1.42249025117175
1.42063627432916
1.41977346910287
1.41976357102972
1.42055472511946
1.42216639583716
1.42480340140855
1.42846628293683
1.4325290447962
1.43648691996745
1.43971513076925
1.4414997493577
1.44111643058866
1.43796418036782
1.43173466165886
1.42255636278906
1.4110304328585
1.39811039377978
1.38485110076455
1.37210595628879
1.36025674071621
1.349050805153
1.33758694914309
1.32444974830973
1.30791372952383
1.26275795057084
1.16387737397957
1.12196425486972
1.16690446154139
1.16428676009454
1.12796635162491
1.12812715746697
1.11230846146083
1.18322315882486
1.30110856737487
1.36071595158583
1.38489583874596
1.40483091189457
1.42188426754782
1.43716346929535
1.45129841343925
1.46431435842003
1.47568702004961
1.48458176872132
1.49018941706642
1.49204424564874
1.490216831086
1.48530866732189
1.47826262915643
1.47011593560578
1.46181304700998
1.4541095495427
1.44754498270204
1.44245533708168
1.43927074155053
1.43760774313767
1.43702173527092
1.4373500355323
1.43856137875475
1.44067615268109
1.44395217440992
1.44839878263931
1.45328804584658
1.45803459119891
1.46186533528996
1.46383414917555
1.46290450408068
1.45812960185423
1.44893005883105
1.43538432381574
1.41835435163223
1.39931792777282
1.37996601957251
1.3617181969332
1.34530997530246
1.33057530259226
1.31648662726037
1.30139449152968
1.28334375073621
1.23675508016586
1.14259686546204
1.10618117557071
1.15266710897944
1.15730780858555
1.12399132198595
1.12619604831963
1.11832030825884
1.18222905718076
1.28791829114776
1.34584944054529
1.37081345613227
1.3924412801761
1.41213652384894
1.43107751147084
1.44986077685566
1.46823988514361
1.48514062000908
1.49903186335732
1.50847319724613
1.51263670801404
1.5116408394961
1.50648132735107
1.49859579486432
1.48943036965267
1.48020019059581
1.47180936202323
1.46485576828032
1.45967226050641
1.45662133143234
1.45521809224645
1.45497612193559
1.45570198539814
1.45738913720779
1.46006276785731
1.46405209322674
1.46940539764144
1.47532031759305
1.48116056167937
1.48601778188497
1.48869164984726
1.4877495313919
1.48172835342793
1.46954138172201
1.45104317616924
1.427410588597
1.40091648858978
1.37422864035697
1.34961974933101
1.32830945491175
1.31017802923388
1.29397075327004
1.27775249562421
1.25938418492766
1.21494235908823
1.13321376056445
1.10365450298201
1.14485685443833
1.15145258393174
1.12144754609974
1.12912196797227
1.12941652111956
1.18585303016554
1.2775522014361
1.33172982499646
1.35662468732614
1.37936797153322
1.40140445488803
1.42405942297867
1.44801179772669
1.47274935600503
1.49638923719113
1.51630083888188
1.53004508093536
1.53622218391678
1.53525600107344
1.52895743241787
1.51950143031563
1.50881077649436
1.4983548953909
1.48914357526491
1.48178738635918
1.47657332785437
1.47374562781452
1.47268492846928
1.47285386003362
1.47402175447608
1.47620937398926
1.47945063214498
1.484161803862
1.49046596131724
1.49753485272857
1.50473182046325
1.51105804175103
1.51508212608331
1.51494027460601
1.50849344333562
1.49379598449518
1.47003119883526
1.43860148578671
1.40305221772181
1.36758631454235
1.33579759295331
1.30949524091332
1.28840176032704
1.27082995168375
1.25448623166788
1.23709071762156
1.19778944766007
1.13148232513334
1.10920704645331
1.14318210877275
1.14690784142596
1.12011514319862
1.13636759320692
1.14414005332313
1.19232096857755
1.26835665931164
1.31662596001617
1.34051794153905
1.36378282977194
1.38798172182112
1.41476834254142
1.44524796940063
1.4789373794522
1.51272409291725
1.5413696344818
1.56003223899586
1.56692374685559
1.56405299638692
1.5549117616673
1.54265205126817
1.52964649607717
1.517528177972
1.50732320753582
1.49958006745025
1.4944750879063
1.49204739393879
1.49149433961407
1.49220864198404
1.49391202387183
1.49665724661336
1.50048990983337
1.50594216377235
1.51325865249854
1.5216615378048
1.53059036109988
1.53903166486734
1.54538818438711
1.54738248656541
1.54206987045411
1.52614931288853
1.49704636571027
1.4553461669299
1.40657294297399
1.35861390999577
1.31771826553558
1.28603294293784
1.26243080367421
1.24437659309192
1.22909103061347
1.21414914329178
1.18311715018189
1.13497567233869
1.12095828535365
1.1470385025873
1.14329479682421
1.12041621609241
1.15155886832252
1.16733084694677
1.20360466735883
1.25703126751931
1.29417831760316
1.31502032717142
1.33753737691343
1.36360364529098
1.39561103462119
1.4361127512703
1.48658043072011
1.54264564302512
1.58880786657649
1.61068046007083
1.61195174656835
1.60176137943175
1.58608536978746
1.56872157682022
1.55212230255554
1.53779011869666
1.52655855505822
1.51875920550054
1.51432290711063
1.51286196151031
1.51330945049176
1.51494594462088
1.51742751485087
1.52085070304938
1.52527000922712
1.53139851287481
1.5396667817857
1.54953387401908
1.56067423766414
1.57222191679183
1.58258812698476
1.58925183168514
1.58852732936736
1.57542958881062
1.54368234526599
1.48736874451456
1.41214922197448
1.340397261679
1.28562763217359
1.24769057543718
1.2223727947223
1.20551307228254
1.19368081526571
1.18428791635101
1.16857878994387
1.14786389532077
1.14589995331664
1.1606681145136
1.14006527192427
1.11774350718359
1.16381742590006
1.18504206726655
1.20983067690974
1.24148708072551
1.26611691087571
1.28227464830529
1.30172679644715
1.32617272337151
1.35773872680659
1.39869646011514
1.45027301360085
1.50788972098877
1.55575839448882
1.57930529758922
1.58238984552417
1.57420305195686
1.56060720215312
1.54530854040263
1.53071362179785
1.51830404052574
1.50889686320565
1.50279545936075
1.49987927808593
1.499568712763
1.50081017302703
1.50295955229608
1.50567926628535
1.50907950832922
1.51319101607311
1.5186699926669
1.52590419676965
1.53448213310763
1.54413308445806
1.55402675497315
1.562601217279
1.56737146309476
1.5647202061703
1.54978218072946
1.51639898072253
1.45854882967278
1.38171846150849
1.30851412136672
1.25267432013816
1.21426590736608
1.18939913351733
1.17428915337058
1.1658749168471
1.16183935508664
1.16076045319744
1.16488890848982
1.172173459689
1.17375950903486
1.13285183112
1.10487259213336
1.15531714210469
1.17733370682326
1.19521472677489
1.21489219287668
1.23163002127215
1.24382197983888
1.259101006785
1.27831219640019
1.30213937512759
1.330638139642
1.36246232835459
1.39451155849792
1.4231080254518
1.44500908526912
1.45783990697674
1.46214554550426
1.46041471136716
1.45526397084164
1.44880828302169
1.44256776047263
1.43751779125122
1.43417048406294
1.43265548083083
1.43270119539455
1.43372885437197
1.43536465338248
1.43739756204476
1.4399037937834
1.44284602234815
1.44655836657554
1.45102367607323
1.45568216365521
1.46003316243044
1.46314504526657
1.46356109817476
1.45926525856473
1.44778651833566
1.42661930855692
1.39436541382437
1.35278583442804
1.30688423811077
1.2618938596443
1.2227264573252
1.1922365605584
1.17067214549317
1.15688420488412
1.14932672176699
1.14649555657544
1.14941664965312
1.16055666422002
1.16857656800852
1.16275024789352
1.11496405135575
1.06922662268129
1.11108991022558
1.12923317238037
1.14175995472956
1.15412248628276
1.16455137000799
1.17244658867556
1.18210200530065
1.19363498297974
1.20695520715814
1.22168197739869
1.23714701083903
1.25246166701003
1.26655545578277
1.27845271701072
1.28766088381773
1.29401639755178
1.29770244042503
1.29924404789641
1.29932993428192
1.29864053714352
1.2977408977762
1.29703218177208
1.29674458908147
1.29688331818866
1.29738587080148
1.29812570155641
1.29903721538034
1.30013817149417
1.30134245485808
1.30268353274074
1.30383145305551
1.304334094091
1.30373518869962
1.30144413494903
1.29676840675671
1.28900679773865
1.27761632887751
1.26243460831845
1.24384960223191
1.22272596146662
1.20032611799848
1.17832406312981
1.1581949027541
1.14102345651527
1.12748312501497
1.11777375159095
1.11169020141813
1.10876450598245
1.10972685181652
1.11641920034536
1.12007443260461
1.11238079872261
1.07343723745904
1.08859304583642
1.13639030393737
1.15264248408075
1.15925419812366
1.16539754287403
1.17390848085184
1.18237781259963
1.19383321305441
1.20840971980022
1.22596703840726
1.24601607200726
1.26769960978289
1.28985344945626
1.31115728439515
1.33035017079088
1.34645197925489
1.35892015554071
1.36769316880979
1.37311867697843
1.37580843656526
1.37647849350213
1.37581963295444
1.37441741848664
1.3727199301656
1.37115251091528
1.36997602765431
1.36906329071128
1.3684655171809
1.36816065084512
1.36817159423778
1.36863874130121
1.3694741017152
1.3704759236309
1.3712513014093
1.37123618905436
1.36972434063258
1.36594192669808
1.35917158676039
1.34891113123712
1.33502711240229
1.31784697515708
1.29814432579262
1.27701103687031
1.25565601419611
1.23519661061493
1.21650252903013
1.20012293550061
1.18629391832879
1.1750041692977
1.16066605333705
1.1463745269977
1.13484635156866
1.1186164360685
1.07749210509557
1.13168174690036
1.19191417075372
1.21039766976041
1.21729742223213
1.22567956958491
1.2392960942505
1.25260236642905
1.27106920013014
1.29535931308557
1.32571181805095
1.36161447993004
1.40148238678497
1.44256849611899
1.48135320986751
1.51442372745167
1.53945323094971
1.55573640468592
1.56405645780895
1.56611419842948
1.56390267382288
1.55925982936364
1.55363822112758
1.54803906859056
1.54305050517956
1.53927255172165
1.53665332888414
1.5347804661929
1.53364073848797
1.53319619401253
1.53360859898042
1.53532110426236
1.53870945795386
1.54357974937708
1.54944036850177
1.55534623941661
1.55985892842118
1.56109134508103
1.55689833118251
1.54528092918596
1.52499803709361
1.49619080312694
1.46064195317058
1.42138403347262
1.3817976610626
1.34470728112818
1.31190317445726
1.28414362723441
1.26142667568139
1.24330653565665
1.22007725287447
1.19849022869945
1.18341552539786
1.16483351797798
1.11523028682819
1.14801908269594
1.20415087610709
1.21870422782262
1.22809508321763
1.2453959413479
1.26691486511072
1.28512667621863
1.3092888956031
1.34060278325536
1.37992064579424
1.42712672631484
1.4803590354199
1.5355136045349
1.58676580072123
1.62839687782216
1.65694106759091
1.67210483995069
1.67607235638453
1.67212741827016
1.66353610421048
1.65296871799463
1.64232464146875
1.63276739153702
1.62485442795228
1.61920312666593
1.61543439523559
1.61283887723384
1.61134030283784
1.61089480149261
1.61178545321648
1.6147729029153
1.62066459761092
1.62935724674852
1.6404128044452
1.65275589223756
1.66454709953149
1.67311189609853
1.67503495923455
1.66662941023147
1.64498290603886
1.60941396614643
1.56245051651703
1.50925809615939
1.4556403835559
1.4060751449971
1.36294068776754
1.32683113141256
1.29726994408487
1.27333508351717
1.24112975785847
1.20975479326897
1.19081766272921
1.17454407877107
1.12910589232649
1.15144422409215
1.18972663951196
1.19434115742248
1.21111530858565
1.24860307603235
1.28357155067255
1.30742502192559
1.33582149286485
1.37004746125232
1.411140084906
1.45918643727539
1.51249593089116
1.56708807583953
1.61722737269924
1.65727894483986
1.68387685080424
1.69684271940523
1.69847408717703
1.69214938270148
1.68120576387116
1.66836855012244
1.65558970506634
1.6440966502623
1.63453079974271
1.62772110445183
1.62324497258746
1.62030300575451
1.61879671844113
1.61868306600549
1.62027102978868
1.62441657706552
1.63198151091096
1.64265929210322
1.65593370663126
1.67066748776227
1.68496374978514
1.696076535144
1.70048597224523
1.69435684331826
1.67459599409081
1.6403486121328
1.59402661740673
1.54075634316757
1.48634676587312
1.435268338378
1.38984466349928
1.35057683109557
1.31690224332542
1.28788720379196
1.24440408046673
1.19719146624933
1.17239976000212
1.16342579513775
1.13237192207182
1.15073313360677
1.17287539061631
1.16849884436557
1.19345865000549
1.25057190928646
1.29685902208798
1.32407463793178
1.35344129629154
1.38597660187834
1.42249430018566
1.4630293012562
1.50631531924048
1.54957910970961
1.58898592272839
1.62077650844467
1.64254482002497
1.653877866548
1.65609480402087
1.65147625700458
1.64250786830872
1.63139598834836
1.61985803998653
1.60909536683986
1.59986469329584
1.59321116992941
1.58882694601788
1.58604480839658
1.58476800058451
1.58495617149487
1.58687694189872
1.59123953845408
1.59872189501833
1.60873535650811
1.62063190623836
1.63327009521687
1.64493716312516
1.65334452611809
1.65578297099958
1.64955165813472
1.63270627009612
1.60492356522019
1.56796136856578
1.52522702586809
1.48058468973402
1.43714352384339
1.39666238286461
1.35962906285982
1.32570991283733
1.29428132631816
1.24190447109634
1.17953039522517
1.14942023327795
1.14922306803463
1.1323698729717
1.15198413553479
1.16637313343233
1.15689823624466
1.18711142438446
1.25591621342213
1.30772219405403
1.3359971353553
1.36480156500607
1.39502678588271
1.4273845508787
1.4619373640285
1.49775915649416
1.53287149421032
1.56460136691483
1.59032389086049
1.60827144591211
1.6179936346449
1.62028723624251
1.61675540254655
1.60929183203574
1.59969217513858
1.58944508498287
1.57966816649134
1.57113437908714
1.56492607693601
1.56083121479543
1.55827043834526
1.55715833454945
1.55745621292352
1.55939099241932
1.5635696144259
1.57051809420036
1.57955520633585
1.58999923986674
1.6007703388873
1.61035591916607
1.61685165629426
1.6181374070839
1.61224107912005
1.59786818275759
1.57492000656979
1.54469477572669
1.5095555117865
1.47217856303799
1.43477888453345
1.39866837191209
1.36423470423644
1.33121679691918
1.2991215722749
1.24216016462543
1.17012576444025
1.13677740450145
1.14284923458197
1.13400793449112
1.15468444627693
1.16522499632976
1.15261483395531
1.18721984858119
1.26459802184575
1.31953988444722
1.34784880969769
1.37538562387401
1.40297678791496
1.43129250705784
1.46046831010477
1.48988365761431
1.51816366175137
1.54345654663893
1.5639321630117
1.57831150273936
1.58619631900518
1.58807983459413
1.58509892661052
1.57869144098563
1.57030114478821
1.56119228585071
1.55237039684698
1.54457859271589
1.53887160655801
1.53510578201239
1.53277074488946
1.53179221130077
1.53213257638431
1.5339829911229
1.53786712028174
1.54419206798818
1.55225456684539
1.56138544875614
1.57059965448857
1.57859188112867
1.58380009519205
1.58457283068476
1.57945703662658
1.5675622934276
1.54886919502278
1.52430681300604
1.49550511646846
1.46430643213542
1.43225584837455
1.40027741110686
1.36861648296642
1.33700961776
1.30501225295169
1.24518725980392
1.1655545127413
1.12959591942135
1.14076049031992
1.13701994251478
1.15905987854596
1.16958121402183
1.15633136695344
1.19491864935604
1.27795850615488
1.33383664664897
1.36120369774305
1.3867240800656
1.41118312333324
1.43523488546898
1.45910699947808
1.48245864421887
1.50440832674974
1.52373949205937
1.53923292773314
1.55001234333032
1.55577458531418
1.5568307181735
1.55397664203466
1.54827854992442
1.54086395280795
1.53277158071402
1.52487166499547
1.51784324504536
1.51267273746668
1.50925949728117
1.50715391093122
1.50629037847943
1.50663171952047
1.50833781052239
1.511856267628
1.51750228376762
1.52459436583636
1.53251009620626
1.54038584727461
1.54713255715837
1.55150591158532
1.55224861077709
1.54830190908815
1.53904251354927
1.52445715726937
1.50516035829903
1.48221748951086
1.45682871794044
1.42999597878471
1.40229345997835
1.37380465900133
1.34422573398238
1.3131185094987
1.2521356121153
1.16701196559002
1.12882178396858
1.14341761168437
1.14177592093931
1.16507938069617
1.18004279236923
1.1698521315951
1.21174294961327
1.2962646445658
1.35047300873847
1.37590093747636
1.39872639915275
1.41968561225884
1.43941735823413
1.4582327299807
1.47602058094226
1.49227829914929
1.50625906840429
1.51719416954542
1.52452061929409
1.52804061442445
1.5279681376472
1.5248663564629
1.5195191001584
1.51279054443594
1.50551212696328
1.49841192967926
1.49208348618601
1.48742029844596
1.48434126689444
1.48244509991204
1.48167202755951
1.48198434636189
1.48351624790786
1.48665111614091
1.49163998268949
1.4978544184621
1.5047418318448
1.51157086678472
1.51745722146119
1.52142915897256
1.5225388743143
1.52000958456117
1.51338379738528
1.50261875879825
1.48807942035411
1.4704144576029
1.4503502018895
1.42847210706637
1.40506595853532
1.38006562920624
1.35312004261057
1.32379271062455
1.26393985589919
1.17689221826841
1.13705104473768
1.15192060894007
1.14838071281189
1.17248927338216
1.19621265161969
1.19316325791622
1.23748744449709
1.31892769600496
1.3689577616534
1.39159255736111
1.41120542942908
1.42845540857894
1.44394988720358
1.45805872879624
1.47084268157176
1.48207627792284
1.49134977199052
1.49821811386033
1.50235262858446
1.50365169901982
1.50228323252956
1.49865778757819
1.49335420531532
1.48702896248194
1.48033534505453
1.47386607088393
1.46812117306928
1.46389288933749
1.46110092560126
1.4593787200374
1.45866948294346
1.45893388447252
1.46028618643553
1.46305872960174
1.46746281758231
1.47294011923894
1.47901847841418
1.4850957950935
1.49046827566
1.49438553008418
1.49613274502173
1.49512907004089
1.49101802455405
1.4837179340814
1.47340639368043
1.46043369393734
1.4451869565101
1.42794617258964
1.40877721093808
1.38749620522939
1.36372279852565
1.33704728286682
1.28082828850294
1.19625117046121
1.15547672029492
1.16656777926997
1.15674997672258
1.18084912735248
1.21665956712127
1.22392086363889
1.26978350672502
1.34449115172803
1.38849700025482
1.40776996520027
1.42388239108094
1.4373902902494
1.44885248973802
1.4586700914253
1.46702310005443
1.47388126831273
1.47907148896034
1.48237715944085
1.48364014010592
1.48283812489465
1.48012029934818
1.47579890303477
1.47030770004935
1.46414510580392
1.45781858890134
1.45180079879969
1.44650083249353
1.44261381415859
1.4400471789112
1.43845631494951
1.43778493951596
1.43799096745928
1.43917397883794
1.44162776936971
1.44554307127243
1.45043673349833
1.45591737379292
1.46149998655391
1.46663207469782
1.47073687162
1.47327148111602
1.47379088235721
1.47200185673766
1.46778818924947
1.46119348381347
1.45236036098894
1.4414399808795
1.42849744371692
1.41344259438667
1.39601209034906
1.37582250711627
1.35252233186622
1.30213002226173
1.22404118576249
1.18305771845062
1.18666333709463
1.16661596284269
1.18958808506339
1.23923697096094
1.25812048005139
1.30481011700872
1.3709911527827
1.40813565661007
1.42383953945667
1.43642173656075
1.44633277621902
1.45407543704259
1.46006152900545
1.46454983075706
1.46764436116543
1.46933581494021
1.46956693295146
1.46830140781164
1.46557848067246
1.46154190264985
1.4564406917658
1.4506071297209
1.44442203694511
1.43827765345097
1.43254555708958
1.42755307993627
1.42391011069001
1.421503995864
1.42000122809615
1.41934412590224
1.41948679020867
1.42051849934204
1.42270512472611
1.4262303914616
1.43068317706901
1.43574640878205
1.44103556180339
1.44612063130081
1.45055843087263
1.45393246850605
1.45589362171144
1.4561914173849
1.45468510425249
1.45132737536091
1.44612114374836
1.43905879078476
1.43006069647531
1.41893351578782
1.40536852058257
1.3889995448509
1.36954608466698
1.32643105087596
1.25740761186272
1.21679381124791
1.21065412974111
1.17755258969862
1.1980767792114
1.26160003152472
1.29158455599187
1.33872004266684
1.3964830991926
1.42693708862995
1.43921562388777
1.44848155484074
1.45510048621437
1.45952561759686
1.46217036637909
1.46334583422389
1.46324821017685
1.46198118950579
1.45959806139991
1.45614853071948
1.45171780202446
1.44644993974778
1.44055303408553
1.43428870938797
1.42795163683272
1.42184541561869
1.41625992086018
1.41145306077792
1.40796494331801
1.40565923653826
1.40420506465366
1.40354204281452
1.4036195287615
1.40451988272283
1.40648931343126
1.4097130923469
1.41384423768959
1.41862988628771
1.42376830045499
1.42892626812385
1.43376241902082
1.43795389640371
1.44122155404227
1.44334723427373
1.44417686659909
1.44360575663151
1.44154720507537
1.43789127083192
1.43246550960825
1.42501276097689
1.4152024324156
1.4026925782685
1.38726135177132
1.35198267147203
1.29286700027199
1.25295435584619
1.23652266591211
1.18901784242089
1.20569747384041
1.28169070752391
1.32110824675488
1.36867062573746
1.41945136779102
1.44412859428307
1.45340237210572
1.45976027010397
1.46351609954991
1.46509145134585
1.46490300365835
1.46330008834213
1.46054402166847
1.45681725778756
1.45224989625216
1.44695196805301
1.44104215878999
1.43466692702996
1.428007702559
1.42127716713973
1.41470780935759
1.40853669992943
1.40298995459113
1.39826921702229
1.39486092086766
1.39260452979827
1.39116567438972
1.39048049084716
1.3904928275107
1.39128053574099
1.39307606644554
1.39607069740741
1.39997153297379
1.40457841967035
1.40965552431738
1.41494463538779
1.42018162198412
1.42511389939725
1.42951550907307
1.43319572209877
1.43599753677251
1.43778436090712
1.43841635745576
1.43772174601856
1.43547197791785
1.4313724941322
1.42508246757653
1.4162773667442
1.40476515589692
1.37711475371825
1.32738946887946
1.2882440589813
1.26223615341684
1.20040344555468
1.21190861886379
1.29798878948332
1.34477426011339
1.39305493641411
1.4389393503758
1.45917504323543
1.46604012482816
1.47002544155344
1.47142797783867
1.47066124626801
1.46815396246812
1.46428839952531
1.45937461153553
1.45365113704936
1.44730171335964
1.44047846001649
1.4333240188423
1.42598776070073
1.41863390729375
1.41144178366378
1.40460002805682
1.39829727938802
1.39271174606862
1.38800147383875
1.38461426304397
1.38236687004384
1.38091737045986
1.38019804971895
1.3801466652706
1.38083809766782
1.3824948714896
1.38531556169075
1.3890506752191
1.39354114483774
1.39860172105421
1.40403104776071
1.40962322287475
1.41517908144523
1.42051477532191
1.42546498144443
1.42987860827325
1.4336063357874
1.43648160685776
1.43829944122475
1.43880021255883
1.43766786981609
1.43455351822875
1.42913478458589
1.42121592558462
1.40045397837834
1.35881960384896
1.32028129002263
1.28604102222707
1.2110902701548
1.21629371886965
1.30953774002925
1.36167755766611
1.41120043415424
1.45448106622247
1.47177727247404
1.4769104368075
1.47912026172383
1.47871797804039
1.47613293459709
1.47181753593273
1.46618647528405
1.4595885451003
1.45230295190643
1.44455075127211
1.43651299474138
1.4283491280907
1.42021145660798
1.41225370259029
1.40463352077033
1.39751009854638
1.3910385747829
1.38536304195911
1.38060958289684
1.37720055809991
1.37493270463602
1.37345414890977
1.3726932149987
1.37258119262165
1.37319079504738
1.37473679756436
1.37742398101951
1.38103562187684
1.3854425242245
1.39049628377531
1.39603714887748
1.40190238606235
1.40793366218252
1.41398159870104
1.41990563269816
1.42556786485999
1.4308207688954
1.43549040851503
1.43935895222391
1.44215250545606
1.44354223598421
1.44316786746192
1.44069156691383
1.43588420609579
1.42095025381114
1.38574897008852
1.34748843769768
1.30655477658195
1.220502559859
1.21858780995898
1.31585216804076
1.37153401997695
1.42299471940042
1.46596347386069
1.48182362657649
1.48591056197357
1.48695110261103
1.4852972572794
1.48141553619831
1.47579297464879
1.46887723938084
1.46104853530184
1.45261503997032
1.44382269637819
1.4348714606561
1.42593212471311
1.41715998505238
1.4087035892261
1.4007083601624
1.3933159562704
1.38666074679878
1.38086484376573
1.37603292313783
1.37257309151878
1.37026530897241
1.36874659764117
1.36794132936155
1.36777417876603
1.36831590439486
1.3697745260098
1.3723581782911
1.37587239106545
1.38020706802318
1.38523809821779
1.39083403917728
1.39686277451525
1.40319678755266
1.40971547464996
1.41630299829046
1.42284072414654
1.42919434650264
1.43519732120817
1.44063404183859
1.44522809733295
1.44864264141398
1.45050084638986
1.45043342667956
1.44815485237868
1.43781125983028
1.40722646261617
1.36878977453931
1.32273642918973
1.22814983744318
1.21868437283409
1.31679540614078
1.37439159599604
1.42862085794863
1.4734905439852
1.48932296988572
1.49301098834284
1.49346228504594
1.49109309474728
1.4864242573151
1.47998490605133
1.47225428932249
1.46363639821232
1.45445765260744
1.44497806737076
1.43540809067863
1.42592551518228
1.41668903990696
1.40784696359272
1.39954096261039
1.39190586320359
1.38506675892939
1.37913483931246
1.37420307430009
1.37067469220055
1.3683161722072
1.36675309143453
1.36590586232077
1.36569266022275
1.36618205126073
1.36757559886282
1.37008066830461
1.37351432149342
1.37777497054094
1.38275081619842
1.38832638995508
1.39438887336064
1.40083280726587
1.40756160351689
1.41448437262447
1.42150714315458
1.42851860044728
1.4353719330551
1.44186608169982
1.44773143177753
1.45262653489702
1.45615341233288
1.45789855750345
1.45750287227611
1.45041458652003
1.422537276465
1.38337418002813
1.33381327321424
1.23365532964237
1.2166289969878
1.31247637299771
1.37042386297882
1.42836909834329
1.47726351726378
1.49433225547385
1.49820525024603
1.49860418327978
1.49603089708017
1.49107223318865
1.48430132240428
1.4762234889723
1.46725645700239
1.45773312711983
1.44791671045474
1.43802023777844
1.42822487525143
1.4186938081605
1.40958047702072
1.40103148586978
1.39318544563724
1.3861693721944
1.38009414945435
1.37505022308023
1.37144386043803
1.3690309712992
1.36742574298747
1.36654447210051
1.36629925834153
1.36675592688959
1.36810969265385
1.37056217902305
1.37393052542481
1.37811082754135
1.38299145662321
1.38846051482638
1.39441319567427
1.40075746066532
1.40741614106097
1.41432363745779
1.42141600828524
1.4286144292638
1.43580363343381
1.44280876614749
1.44937584814179
1.4551625072284
1.45974663499729
1.46266086519199
1.46345896259365
1.45822481388339
1.43104180032797
1.39052319074263
1.33921577549422
1.23677390465805
1.21260654422502
1.3031881831414
1.35976552008457
1.42247816192031
1.47747009364418
1.49688518136338
1.5014599356488
1.50230185175422
1.50001701247981
1.49526295302162
1.48865196117994
1.48070474717215
1.4718390262376
1.46237998880872
1.4525818534921
1.44265201761198
1.4327719319312
1.42311148389405
1.41383605405767
1.40510721041109
1.3970790296535
1.38989227747825
1.38366832832181
1.3785040924122
1.37481568349647
1.37235051557279
1.37071141424114
1.36981011898752
1.36955344154574
1.37000375349792
1.37135036981594
1.37378378524218
1.37710845203009
1.38120663894434
1.3859538031667
1.39122805668023
1.39692010217346
1.40294165450324
1.4092297912143
1.41574460817451
1.4224582811878
1.42933517238361
1.43630472434526
1.44323113796321
1.44988581394829
1.45592996411343
1.46091558465728
1.46431343585167
1.46557710713824
1.46071847252606
1.43203130470947
1.38946583488411
1.33854474273554
1.23740491937902
1.2069246728002
1.28941615394477
1.34238865702857
1.41099584902834
1.47419149335425
1.49693636197718
1.50267829077155
1.50443489957888
1.5029297848477
1.49888803080604
1.49294992538597
1.48563580372113
1.47734526629567
1.4683780107437
1.45896461575655
1.44929763832928
1.43955628830397
1.42992123416074
1.42057922168531
1.41171956576991
1.40352580189929
1.3961658206876
1.38978299388842
1.38448968998106
1.38071776454125
1.37820682974536
1.37654790687198
1.3756473094213
1.37540777947143
1.37588752432044
1.37727132937808
1.37973330172602
1.3830506725161
1.38707931452376
1.39166695806304
1.39666580804291
1.40194689880337
1.40741360087255
1.41301055722155
1.41872393286739
1.42456973710413
1.43056918933473
1.43671318214072
1.44292106146508
1.44900144995462
1.45462425929302
1.45931324885626
1.46246787883517
1.46342468595574
1.4573367379675
1.4245882358644
1.37925445623393
1.33160235441493
1.23560266482959
1.19998971556856
1.27195777410384
1.31807875275501
1.39369054378168
1.46737405727693
1.4943504453231
1.50169811102179
1.50484171278287
1.50462609557636
1.50183400135992
1.49711843002851
1.49097909270362
1.48377412827147
1.47575478126152
1.46710937298796
1.45800462357412
1.44861577024275
1.43914138867139
1.42980338851708
1.42083616214512
1.4124704503725
1.40491707217833
1.39835394294896
1.39291780883322
1.3890611349566
1.38651434760427
1.38485527806085
1.38398336649849
1.38379900643895
1.38435572933357
1.38583672535219
1.38839533692332
1.39176514532043
1.39576186780624
1.40018827657282
1.40485105927978
1.40958188063324
1.41425929124106
1.41882588334555
1.42329392949908
1.42773374872844
1.43224247297068
1.43689584409855
1.44169057158328
1.4464882377139
1.45097310867162
1.45463553282905
1.45678949157302
1.45662915699911
1.44753364744469
1.40749775411702
1.35872595113665
1.31854644022508
1.23158000636314
1.19226456496357
1.25217847721882
1.28670228570935
1.37011933198568
1.45695983250411
1.48896888058125
1.49834001034209
1.50335509538002
1.50496540486012
1.50399837159088
1.5011024594811
1.49673146556144
1.49117130192597
1.48459376123531
1.47711984537484
1.46887647557565
1.46003451208503
1.4508225913472
1.44151862017283
1.43242641390055
1.42384709485499
1.41605335786898
1.40927116829001
1.40366993188893
1.39972593392697
1.39715605032977
1.39552210375769
1.39471448300467
1.39463352370691
1.39532800196205
1.39698469999157
1.3997337710384
1.40324732985085
1.40728635169745
1.41158861318477
1.41589056057104
1.41995783640348
1.42362040138185
1.42680382081436
1.42954533044724
1.43198417266767
1.43432127738832
1.43675189320669
1.43938294341276
1.44215191142504
1.4447650326568
1.44667040033693
1.44707658275624
1.44500982371866
1.43104794609478
1.3793790293684
1.32677173344804
1.30023302845069
1.22569145893921
1.18418969136282
1.23232901909698
1.24921533835299
1.34009767910968
1.44331269949564
1.48073174128585
1.49249564359345
1.49985959917968
1.5038442688417
1.50531054218099
1.5048825285573
1.50293502034131
1.4996391594931
1.49504318622925
1.48916513610142
1.48207344953861
1.47393671045783
1.46503426432309
1.45573209644574
1.44643821436828
1.43755451800033
1.42943788001086
1.42237593320394
1.41657706565491
1.41254157454522
1.40996434077865
1.40838646904761
1.40768625365693
1.40776687277934
1.40867295587058
1.41060298417665
1.4136649001012
1.41745167138233
1.42165535914334
1.42592623598202
1.42989944671322
1.43323791280744
1.4356874797733
1.43713205867357
1.43762942965522
1.43740800556758
1.43681418186714
1.43621554492621
1.43587954937546
1.4358549464478
1.43588296771148
1.43535878279758
1.43336071804814
1.42874136720291
1.40855017062522
1.33944479016377
1.2834438053774
1.27873788201407
1.21836575910695
1.17628168786761
1.21458690110696
1.21289767840329
1.30802761399051
1.42713968661317
1.46979946120682
1.48422030449197
1.49434811263794
1.50122867614955
1.50575000923363
1.50848554807933
1.50968586447907
1.50934578569337
1.50732446460972
1.50348407094248
1.49780870430612
1.49047202727876
1.48183960028384
1.47241560328457
1.46276190603839
1.45342012978944
1.44485592980273
1.43743015536497
1.43139217757623
1.42726123888333
1.42469653090806
1.42321152428668
1.42266843185066
1.42297676234426
1.42417853161784
1.42649543004
1.43001934037991
1.43424946404293
1.43879778907231
1.44320390704148
1.44696403432307
1.44958819400636
1.45068419801885
1.45005236136406
1.44775847669411
1.44414708158535
1.43977259585698
1.43525622690134
1.43110357577413
1.42752932172453
1.42433178758347
1.42084612726321
1.41598836164597
1.40845834034486
1.38169511941576
1.292815416307
1.23583135841284
1.25666405971
1.21019449936217
1.16916255247004
1.20008520803191
1.19063333013342
1.28396304396525
1.40922867263412
1.45661768479656
1.47380082499514
1.48695331278221
1.4971716253403
1.50535253784579
1.51198626205725
1.5171364558441
1.52053048262202
1.52173806149374
1.52038471512046
1.51633440939786
1.50978500184122
1.5012507536029
1.49145297499696
1.48117682049387
1.4711502716814
1.461970929501
1.45407816573739
1.44775654218795
1.44353095455753
1.44100507268689
1.43965562232196
1.43932384162304
1.43992950998107
1.44151461852226
1.44433899646117
1.44849155772545
1.45337062692465
1.45850427861028
1.46330189706643
1.46707907224615
1.469127099313
1.46883455709515
1.46584542520877
1.46020202178808
1.45239778650987
1.44328856895428
1.43387455377814
1.42501819642094
1.41718107364016
1.41025078420857
1.40349755894971
1.39565918389207
1.38522798301778
1.35252400776685
1.25336862756153
1.19960403356101
1.23594077883732
1.20199048778793
1.16319397009687
1.18993931079655
1.1866138733867
1.2726427428961
1.39109102023372
1.44190391129099
1.46170828719819
1.47793559071958
1.49180138161066
1.50419487012884
1.51549158668344
1.52548592019938
1.53350192226307
1.53866309770118
1.54023269675171
1.53790649225052
1.53195341978295
1.52314988526746
1.51255775989105
1.50127612310579
1.49026660698559
1.48027205137155
1.47180303089304
1.46516176867923
1.46085441878411
1.45840322583101
1.45723746271411
1.45717183416908
1.45814047634869
1.46018890657451
1.46363259380823
1.46857853583517
1.47432990928543
1.48033997730898
1.48587968516937
1.49004630007541
1.49183450785339
1.4902969794228
1.48479553542846
1.47527428004214
1.46240664756159
1.447488561474
1.43209306279937
1.41761923898556
1.40488761083977
1.39390696999653
1.38386558735377
1.37331206709555
1.36042998899756
1.32385847358208
1.23010935983031
1.18322884095649
1.21878621142254
1.19436232856759
1.15838336252536
1.18519459821243
1.19256830981071
1.26899552388335
1.37458407093693
1.42654743994796
1.44847781413823
1.46762364965484
1.48527745428559
1.5023511071038
1.51909846484167
1.53495044228329
1.54862423696832
1.55854532745045
1.5634145178665
1.56270126824253
1.55686391113017
1.54715270431506
1.53515129120318
1.52237065274148
1.51003456005677
1.49902067430978
1.48988383202588
1.48291220635171
1.47855675697547
1.47622833752772
1.47529794199565
1.47554807066139
1.47693093909619
1.47949966498257
1.48364328308508
1.48951497777502
1.4963455638873
1.5035404181801
1.51024500548885
1.51532049488125
1.51739275990534
1.51503134553635
1.50710954784259
1.49330139659066
1.47445878377677
1.45252170728717
1.42994154043825
1.40892734701399
1.39079963941877
1.37568761717278
1.36263689081414
1.34995452711704
1.33559458748817
1.29859611821237
1.21886976649644
1.18040026259036
1.20750648322008
1.18754631882221
1.15468317266247
1.18525128980534
1.20084315759843
1.26787408369205
1.3604784639667
1.41131555563285
1.4346537858754
1.45634364568342
1.47773044241591
1.49981711140005
1.52280236407852
1.54568797968362
1.56628263764477
1.58186308605611
1.59022588060277
1.59060313758461
1.58395909419543
1.572386863385
1.55820323619678
1.54338733632533
1.5294021036517
1.51721200414301
1.50736697825737
1.50009761911183
1.49575490979541
1.49360900168563
1.49296447308938
1.4935667218895
1.49538873153527
1.49849508827826
1.50336281932428
1.51022251518789
1.51827206702266
1.52691372698919
1.53520848911474
1.54180342575197
1.54492613609911
1.54252865443349
1.53271274558262
1.51452742872158
1.48885305761235
1.45853944900501
1.42743316718021
1.39899158593402
1.37517248062316
1.35612449259143
1.34060906158692
1.32663272695919
1.31200188188938
1.27795458115283
1.21329733388329
1.18313980142316
1.2024331796889
1.18169196009377
1.15176104087367
1.18882714300768
1.2107125877798
1.26808428472211
1.34664181907712
1.39433758690976
1.41836748499898
1.44233210133596
1.46769727235049
1.49572986655306
1.52681263391813
1.55955828326409
1.5902318713713
1.61362134044028
1.62566061380325
1.62571569194652
1.61631347450629
1.60113158871017
1.58347027038552
1.56576733924348
1.54963666295283
1.53603633120311
1.52543220464563
1.51793167301365
1.51371057649681
1.51185919523203
1.51159667974708
1.51262495314568
1.51494235172965
1.51862696038856
1.52427159722412
1.53222016964201
1.54169797713327
1.55217020530908
1.56268034761208
1.57171596023618
1.57711074070639
1.57606328452049
1.56547255686491
1.54295778563986
1.50869962931562
1.46680541386624
1.42396105270563
1.3859943511128
1.35560931455138
1.33260260572115
1.31513236192688
1.30077515272248
1.28719130664206
1.25914084812363
1.21141701458005
1.19009945264713
1.20208565790682
1.17630222849142
1.14901592310248
1.1972463316356
1.22455229538167
1.26877383435133
1.32712228954775
1.36718913846669
1.39049140935509
1.41623863994998
1.44625473009116
1.48251741253712
1.52637692749812
1.57665147782808
1.62651213415694
1.6635974081563
1.67883750918558
1.67413735056059
1.65722782545645
1.6348361339907
1.61132807508851
1.58934402104358
1.57038375669423
1.55518843114197
1.54397910970506
1.53660741642457
1.53288716972036
1.53167788582799
1.5320711523113
1.53371865346848
1.53665550110557
1.54096689613584
1.54742379629047
1.55651696849049
1.56764328033819
1.58046362358033
1.59414328452131
1.60715058375332
1.61702669935597
1.62015088168622
1.61161797870929
1.58573482762659
1.53911184877618
1.47714358247178
1.41398000967967
1.3611604436082
1.32196437854555
1.29464697474506
1.27603015906033
1.26299854850466
1.25298206615881
1.23720614884545
1.21442695195663
1.20536615075937
1.20804198247963
1.16973537305744
1.14152104782777
1.19995961817175
1.2294807166805
1.26099181080876
1.29893978635069
1.32840463884132
1.34803458830003
1.37159687896967
1.4006986713908
1.43704341336091
1.48172471560571
1.5333788691746
1.58508171199813
1.62438522149257
1.64209934615584
1.64001961899537
1.62575496424297
1.60591509522241
1.58479721324807
1.56501722430909
1.54807178126272
1.53470132187318
1.52511621875549
1.51914073617455
1.51644439733885
1.51592906916979
1.51677005169006
1.51863248292725
1.52156547193614
1.52562850004952
1.53153010815653
1.53969674345816
1.54961233209807
1.56096880904783
1.57295096812966
1.58404128731226
1.59180304847237
1.59266480599973
1.58181326225279
1.55366915081846
1.50491492056502
1.44099551844185
1.37614744948951
1.32199228224138
1.28195332501961
1.2545487842455
1.23694554279783
1.22639131264095
1.22060551940034
1.21712995414405
1.21671450180037
1.21735447345579
1.21041403261801
1.1574118461233
1.12383413373448
1.18282457530129
1.21054418672326
1.23364867138473
1.2588471354507
1.27965484389705
1.29443198481861
1.31244831119314
1.3343776075865
1.36057294609046
1.39059242009459
1.42262733333795
1.45336962159442
1.47887828569849
1.49600228710526
1.50356975322645
1.50279799977434
1.49629829324751
1.48677048141683
1.47637964629761
1.46664511607279
1.45851056217795
1.45245146337896
1.44858077338372
1.44681619927239
1.44652520292296
1.44717442457695
1.4485434485801
1.45065720038794
1.45350580187847
1.4574825858524
1.46263532987809
1.46836580532664
1.47416341334245
1.47912394227342
1.48185290285234
1.4804299808713
1.47251567192977
1.45577634085601
1.42887690710437
1.39284090175396
1.35140244301634
1.3096527795318
1.27228209081123
1.24213731296575
1.21994349946028
1.20503808046411
1.19617137468563
1.19197743124198
1.19245893231355
1.19905570576877
1.20186145371491
1.19043834245642
1.13459579638249
1.08250676016285
1.12934178659296
1.15078231188685
1.16648349682758
1.18215361086225
1.19459036129611
1.20360681205974
1.21425849731797
1.22656972076899
1.24034706835656
1.25511358295811
1.27011770111914
1.28441860758727
1.29702377859206
1.30710286675178
1.31419233293729
1.31824292761947
1.31959730203648
1.31889113237606
1.31687925555526
1.3142778802337
1.31166859540241
1.30945976526429
1.30788699118892
1.30704786039801
1.30684784517052
1.30705476346652
1.30759563840245
1.30845803727762
1.30957117394261
1.3110194660297
1.3125238939406
1.3136488961407
1.31394573885367
1.31283561465239
1.30963729243218
1.30364974177751
1.2943011768311
1.2813454347177
1.26502481672682
1.24609706883993
1.2257534885863
1.20544224178189
1.18655254417241
1.17018479072043
1.15703437602159
1.14735185025691
1.1410030077503
1.13759013398918
1.13740522235518
1.14139267836324
1.14200305932817
1.1310928197324
1.08733843222411
1.10322445788245
1.15627250802961
1.17641736810336
1.18699192760958
1.19652583876442
1.20604205280573
1.21449298137028
1.22537469920185
1.23873334648451
1.2543798419134
1.27183715332687
1.29034027933492
1.30890165222936
1.32644311169765
1.3419697782736
1.3547384667237
1.36436909173692
1.37086767735059
1.37456413356357
1.37599727601794
1.37578926179667
1.37454221971581
1.37277237745796
1.3708811762958
1.36926793048864
1.36813828043551
1.3673449320067
1.36692356958322
1.36686290638693
1.36718929642436
1.36807600806529
1.369462588592
1.37111617828742
1.37268047510802
1.37365292008834
1.37340983657209
1.3712680519899
1.36658523413804
1.35888696935397
1.34799120133592
1.33408891661803
1.31774558927273
1.29981378255182
1.28128151084561
1.26310426190612
1.24606900409877
1.23071916118638
1.2173442763368
1.2060245345131
1.1907584949866
1.17354817453314
1.15853685400792
1.13854682305862
1.0918843366119
1.15172011664028
1.21967577666026
1.24432193370278
1.25808863771411
1.27284968788593
1.28904200045697
1.30283862009059
1.32083783805084
1.34340604490667
1.3704881943037
1.40139064078622
1.43462564460624
1.46795533498252
1.49874130466435
1.524550253504
1.54376921165036
1.55593470931383
1.56165516735122
1.56224475858501
1.55928818784102
1.55429693096833
1.54850981559684
1.54282109836554
1.53779829772489
1.53407095850311
1.53158980958841
1.52995912048082
1.52915470681726
1.52915558744124
1.53010476859875
1.53244573947274
1.53649725273533
1.54193986494701
1.5482933763234
1.55470672881025
1.55993344292483
1.56238555771549
1.56030717344387
1.55209755983014
1.53675243711557
1.51428124803024
1.48587627498437
1.45367853336391
1.42021397928508
1.38777587475188
1.35802023727528
1.33186124043455
1.30958557345146
1.29105254560755
1.26568790294389
1.23901513345806
1.21826587588765
1.19369708276123
1.13544780359572
1.17206330037786
1.23806547508224
1.26062524849663
1.27879577112547
1.30415375850033
1.32910057688653
1.34814566390624
1.37196726082199
1.40126298076285
1.43628530694962
1.47641149104208
1.51975029185504
1.56306638822212
1.60231538880683
1.63376465105548
1.65516098069702
1.66625985631137
1.66851155199817
1.66427771833212
1.65607214215332
1.64607491485211
1.63592395457719
1.6266933377218
1.61897610746886
1.6134909520816
1.60993828762143
1.60767345376946
1.60661813119824
1.60674675130674
1.60829717013095
1.61197968139625
1.61844733937571
1.62738185400959
1.6383059875127
1.6502164197261
1.66149303580943
1.66988863880329
1.67268354013698
1.6671166904531
1.65113481717204
1.62426124066141
1.58809300147171
1.54596658216573
1.50187679462158
1.45929494831005
1.42049519616161
1.38650705330862
1.35744193477771
1.33290304604938
1.29796600378717
1.26032224311715
1.23432230113142
1.21040163549066
1.15381336549703
1.17925958263626
1.22954306443909
1.24317220514826
1.26932465410542
1.31496074594998
1.35300070909603
1.37740894755784
1.40515299972651
1.43703230438695
1.47349178598342
1.51411285273562
1.5571785743523
1.59958878302823
1.63740866659988
1.66701112634092
1.68625745457513
1.69502337000692
1.69487167961883
1.68825698150045
1.67776344033788
1.66562451752167
1.65352421193235
1.6425846495209
1.63345404189406
1.62700173825654
1.62286588270261
1.62031176538593
1.61923738020151
1.61961675688661
1.62171456966033
1.62633307723161
1.63419578848714
1.64484248788118
1.65774336799646
1.67184607374907
1.68547766592995
1.69632240596004
1.70156434750889
1.69831325279511
1.68436293365573
1.65908551575679
1.62395859606416
1.58224426435736
1.53789258601093
1.49432706449596
1.45374596998623
1.41707586399393
1.38433016116636
1.35507960066817
1.30929201156376
1.25563515050171
1.22313155970956
1.20564070338764
1.16134722603083
1.18095386129711
1.21580435275999
1.21923710257786
1.25344949779191
1.31898300058203
1.36762919811627
1.39473732272846
1.422823890399
1.45264581756305
1.48470104823065
1.5187949409979
1.55375033807833
1.58740989496442
1.61705460847471
1.64016740460691
1.65520462059028
1.66197968892445
1.66152220367243
1.65559978141736
1.64619619674937
1.63513293536368
1.62387513826071
1.61348242832613
1.6046500071251
1.59837024105653
1.59433289056571
1.59189961298463
1.59096487051409
1.59150336963631
1.59375640834216
1.59841425152353
1.60609354526187
1.61615899202815
1.62801202158171
1.64063628073768
1.65254561912243
1.66180808877753
1.6662058599513
1.66358924274201
1.65241426249234
1.63230179231897
1.60431438875429
1.57070494684656
1.534204713976
1.49722543166466
1.46135175038365
1.42724810418846
1.39487979051682
1.36389062193623
1.30997222215361
1.24084936148266
1.20283214833785
1.19495532312097
1.16411535343271
1.18353852779803
1.21058309326927
1.20691521259
1.2464438539277
1.32468482274675
1.37840068585651
1.40606469411201
1.4331136886014
1.4603511845251
1.48834783709825
1.51708735369526
1.5457769573972
1.57289144973937
1.59649890499729
1.61479626606178
1.62664121221591
1.63184185701378
1.6311075436111
1.62575278986556
1.61733224279608
1.60734454585574
1.59705691487297
1.58743982545103
1.57917791161795
1.57326990694386
1.56946757586565
1.56719907052948
1.56636688544931
1.56694564220543
1.56914744540137
1.57358116754991
1.5807560976106
1.58998828128914
1.60067128631815
1.61185957266205
1.62224754896589
1.63021710676559
1.6339929684283
1.63193043574834
1.62290269018367
1.60666149705329
1.58398219624412
1.55646413417665
1.52604333598932
1.49444278299121
1.46279349812271
1.43152776565298
1.40051183326173
1.36934416283901
1.31128555938349
1.23151541861234
1.19003970494407
1.19012608142234
1.16729264317084
1.18731528196344
1.2104475194034
1.20110364865238
1.24525612364112
1.33357514864272
1.38997107150408
1.41717126837842
1.4425059539884
1.4668514243252
1.4908542526615
1.51465939636471
1.53779075909788
1.55921190505195
1.57757806353163
1.59161714175522
1.60050261794008
1.60407239465314
1.60282666273821
1.59774820513922
1.59005162761972
1.58095867825768
1.57154871106035
1.56268887036734
1.55502545352525
1.54952199696122
1.54597862855639
1.54387656808553
1.54312728468718
1.54370472421012
1.54579345572774
1.54993433298036
1.55654713091198
1.56494622812845
1.57454696519123
1.58449320419019
1.59365740438795
1.60069853949176
1.60420115313994
1.60290081452638
1.59595820184779
1.58318940212905
1.56513628724517
1.54291046017294
1.51785438413241
1.49115724291044
1.46357208415232
1.43531246657833
1.40612674149153
1.37552053127697
1.31497385015914
1.22603054064128
1.18164452006114
1.18921304009804
1.17154703374101
1.19268530263848
1.2160009507979
1.2036412969819
1.25207701426483
1.34732654438326
1.40400291203069
1.42970287188078
1.45255960272604
1.47350882343263
1.49325826083934
1.51209644235919
1.5298209891656
1.54580024105202
1.55916270593068
1.5690641947981
1.57494603414231
1.57669675582702
1.57467314079258
1.56959887499287
1.56240129165174
1.55405006995259
1.54543780448755
1.53731378156922
1.53026329268843
1.52518767817771
1.52191848276552
1.51998474456915
1.51930519091902
1.51985234941054
1.52178589615443
1.52558267734216
1.53159092877327
1.53915365046754
1.54773159334563
1.55657557354061
1.56474038784675
1.57114386919596
1.57468243470652
1.57439810993075
1.56966319970228
1.56031988338548
1.54670699649272
1.52954180170725
1.50968752387299
1.48788889278406
1.4645662420004
1.43972612403524
1.41299846902749
1.38378670606346
1.32255605512619
1.22650734421358
1.17958386258435
1.19311840869351
1.17744847345017
1.19960108218256
1.22810671415809
1.21781768810361
1.26971313733079
1.3664021379646
1.42037161397641
1.44355203522872
1.46326729654208
1.48046518202627
1.49587926521215
1.50990647018261
1.52255919577207
1.53351838746824
1.54227250782022
1.5483039902348
1.55126800535912
1.55111069199376
1.54809851954692
1.54276549320617
1.5358115209509
1.52799186201257
1.52002694225337
1.5125449775916
1.50605615605651
1.50138323121618
1.49837233095645
1.49659104303385
1.49596313329826
1.4964588382863
1.49821684918795
1.50165852572997
1.50708063703157
1.51387705731286
1.52157012255092
1.52952423588005
1.53696666672678
1.54304112501766
1.5468979479524
1.54781220451635
1.54530339935132
1.53921650085023
1.52972592355719
1.51724745245034
1.50227875014426
1.48521779214166
1.46621571844944
1.44510606397466
1.4214273341784
1.39451078312598
1.33517683404903
1.23664308453775
1.18793387912293
1.20319148222358
1.18508202256908
1.20782500007048
1.24633692839192
1.24466266978172
1.29873643224802
1.39010670838812
1.43853447329727
1.45837048014837
1.47448010430001
1.48774903417654
1.49890222523809
1.50840335815786
1.51641900205307
1.52285824569323
1.52747195342995
1.52998254286272
1.53020833457414
1.52814984368297
1.52401982435133
1.51821886153362
1.5112746044154
1.50376881321981
1.49627229102322
1.4892984852521
1.48327756820273
1.47894855521337
1.47615792247903
1.47450111070958
1.47390459750187
1.47433539715167
1.475915585731
1.47902131338337
1.48391660832829
1.49005864186566
1.49703886287821
1.50433215297252
1.51131922869677
1.51733138698846
1.52171746847703
1.52392432227192
1.52357197680676
1.52049853696401
1.51475334175161
1.50653162228789
1.49606430927943
1.48349327803167
1.46876819898757
1.45159563961402
1.43145737113759
1.40768288533527
1.35308626675443
1.25857025729805
1.20916676755876
1.21977308102127
1.19437364112897
1.21691844428962
1.26910500597162
1.28088383282136
1.33574355811284
1.41672294712707
1.45764068968178
1.47364827908063
1.48594051850995
1.49529567440974
1.50240039542765
1.50774916588278
1.51161109176422
1.51405476585539
1.51501663023795
1.51439077485389
1.51211591091095
1.5082385831057
1.50294064401003
1.49653075892334
1.48940967541855
1.48202364081389
1.47481915734725
1.46820740296911
1.46254114310216
1.45847958655947
1.45585911940521
1.45429262108886
1.4537071993536
1.45406572283292
1.45547783488795
1.45828465115427
1.46273281184867
1.46834649528928
1.47478632391005
1.48162781025168
1.48838211378186
1.49453121483766
1.4995757096452
1.50308796337832
1.5047578664911
1.50441598772867
1.50202217261814
1.4976168006886
1.49124392319479
1.48286564867949
1.47229190555398
1.45914849595625
1.44289854258485
1.42292993037413
1.37548546722049
1.29072792878111
1.24177332317973
1.2420879836983
1.20505904224644
1.22632943933415
1.29397210028459
1.32063026672427
1.37524262785006
1.44398033183325
1.4767449412506
1.48881943362539
1.49734801394999
1.50298834559325
1.50637247744361
1.50800245063755
1.50821259423471
1.5071803736168
1.50497113708228
1.50159969144161
1.49709153006129
1.49152956330274
1.4850780815971
1.47798288780874
1.47055274823013
1.46313064881706
1.45606332745915
1.4496751230093
1.44424896570904
1.44037412326967
1.43787030846246
1.43635873144371
1.43576547615182
1.43604839832426
1.43730832011434
1.43986025577848
1.44394475961787
1.44915039300637
1.4552017779795
1.46176165155487
1.46844844744861
1.47486271367563
1.48062013532394
1.48538562436037
1.48890005806099
1.49099048524965
1.49155719334505
1.49053682743883
1.48784812213628
1.48333337200423
1.47671271753686
1.46756904530658
1.45537987049687
1.43961994974366
1.40074436733646
1.32874351809229
1.28107881191344
1.26837260192279
1.21672867974947
1.23545766353808
1.31839169734922
1.35841157204669
1.41233927840783
1.46987009629752
1.49499170738991
1.50337682915088
1.50842879806849
1.51070313858232
1.5107802020897
1.50916044841953
1.50622065969068
1.50221281791906
1.49729144174367
1.49155550838737
1.48509209409881
1.47801154495794
1.47046810423796
1.46266459746957
1.45484379904719
1.44727147708829
1.44021651666096
1.4339323718019
1.4286422808735
1.42487841094409
1.42244049944478
1.42095073986465
1.4203330093922
1.42053937016157
1.42166469202794
1.42400504182417
1.42780230326272
1.43270292609258
1.43848733797092
1.44489097741172
1.45161834747913
1.45836218580536
1.46482563569744
1.47074337104982
1.47589617525509
1.48011343832112
1.48325998567093
1.48520745394489
1.48579520983526
1.4847903599835
1.48185976796656
1.47656892389198
1.46842440251829
1.45698392363414
1.42701248046682
1.36795335408839
1.3219586901888
1.29640334046733
1.22887466531254
1.24372153674526
1.34030286746117
1.39094773571065
1.44433287062757
1.49308651058612
1.51177052981138
1.516957753441
1.51898420084871
1.51834173050496
1.51557665689294
1.51119005332114
1.50558976271973
1.4990804118103
1.49187867562389
1.48414202477467
1.4760006938151
1.46758501680672
1.45904337113023
1.45054922114002
1.44229850421395
1.43450032523676
1.42736443678393
1.42108848249551
1.41584697892062
1.4121285915149
1.40971226020381
1.40821562835711
1.40755960570292
1.4076897849122
1.40869718190223
1.4108641877515
1.414438101638
1.41911482672329
1.42472105237661
1.43105075627714
1.43787606227017
1.44496083507131
1.4520751864407
1.45900796542454
1.46557361284456
1.47161001694724
1.47696549298214
1.48147563527494
1.48493410281536
1.48706478139394
1.48750571551384
1.48581760091427
1.4815320268027
1.47425715403245
1.45274293719819
1.40516229444663
1.36077947040565
1.32410846798539
1.24092770574583
1.25062309870614
1.35834790740063
1.4170177166005
1.47039708402553
1.51304765798402
1.5267706027101
1.5293719768733
1.52890695047868
1.52584468992701
1.52072124019063
1.51404661431387
1.50625523394138
1.49769056207034
1.48861289833439
1.47921998027778
1.46967168675469
1.46011238002797
1.45068694523802
1.44154903598868
1.43286204870936
1.42479465068652
1.41751318578613
1.41117309431407
1.40591092978608
1.40218483638314
1.39975382488034
1.39822708147037
1.39752211133051
1.39757748023083
1.39848173426925
1.40050714560351
1.40390784407076
1.40842002946098
1.41390677495434
1.42020744939898
1.42714605365454
1.43454082412768
1.44221356284496
1.44999653019564
1.45773443866467
1.46527944730118
1.47247822725928
1.47915209983164
1.48507370636392
1.48994633400325
1.49339460342921
1.49497750943826
1.49423637165028
1.49078887685955
1.4768471546645
1.43882146928438
1.39569979612946
1.34984859249864
1.25231707069893
1.25578505976509
1.37182689857699
1.43646998981941
1.49063994799917
1.52970405921592
1.53993153335896
1.54057596177074
1.53816698438649
1.53318601747703
1.52618159101743
1.51768197160018
1.50814619159563
1.49794669471482
1.48737363699308
1.47665131554121
1.46595893773019
1.45545012092377
1.44526773355459
1.43555269675205
1.42644695585906
1.41809186407489
1.41062366437339
1.40416769765033
1.39883263637262
1.39505779321353
1.39258413148087
1.39100978965682
1.39024863561513
1.39023178394365
1.39104607859973
1.39295582995237
1.39622135381095
1.40060983754156
1.40601098521239
1.41229749827396
1.41933170766335
1.42697260701722
1.4350819505241
1.44352771443764
1.45218311956072
1.4609198024169
1.46959469342213
1.47803168324248
1.48600110421782
1.49320224107709
1.4992563124839
1.50371931402637
1.50612491987891
1.50606474427616
1.49864653892457
1.46825339630413
1.42585264406327
1.37248052945573
1.26251213035439
1.25896966191213
1.38049707590594
1.44961868135265
1.50556351262442
1.54329947396557
1.551346183028
1.55061429459253
1.54677635755963
1.54035382241035
1.5319255861378
1.52204450952313
1.51119114449852
1.49975767423244
1.48805217495752
1.47631403846993
1.46473332428793
1.45346899842661
1.44266309218624
1.43244959376876
1.4229582429121
1.41431426262034
1.40663543537561
1.40002789611451
1.39458176785538
1.39072775906985
1.38819112700517
1.38655732707098
1.38573643669274
1.3856518480694
1.386388968267
1.38820529091559
1.39136512911038
1.39565727142192
1.4009884832484
1.40725354206065
1.41434103063027
1.42213907814349
1.43053980760857
1.43944099962865
1.44874346676639
1.45834302999744
1.46811685407021
1.47790520194035
1.48749131071784
1.49658393862928
1.50480902278675
1.51171852578199
1.51682515715056
1.51966915961583
1.51771014790628
1.49316461555201
1.45080916282383
1.39122848076661
1.27105776769639
1.26007591699905
1.3843864725674
1.45692418807466
1.51578935127592
1.55419034777117
1.56115766278865
1.55954982820404
1.55474421506922
1.54732356660652
1.53790776945739
1.52707469270487
1.51531948589946
1.50304304985346
1.49055921774052
1.47811167224071
1.46589376455237
1.45406660020222
1.44277277990055
1.43214488064001
1.42230902245471
1.41338463369704
1.4054818209081
1.39869766125332
1.39311246574844
1.38915723430838
1.38654385366155
1.3848440355654
1.38396386794403
1.38381893009027
1.38449307427795
1.38623753509641
1.38931732335375
1.39353311006627
1.39879913983958
1.40502131254837
1.41210302042627
1.41995080140128
1.42847853926737
1.43760870226732
1.44726911280088
1.45738415193391
1.46786015827477
1.47856602548821
1.4893115097167
1.49982737107155
1.5097530343982
1.51863878328791
1.52597024372185
1.53122187473228
1.53370699002286
1.51338138484918
1.47028211130522
1.40553706322141
1.27759226839867
1.25912586679004
1.38366060884886
1.45880830818961
1.52190408186851
1.56270958595177
1.56946280887301
1.56739348861364
1.56203027260376
1.55403026741188
1.54405505992568
1.53269982847421
1.52046194856494
1.50773687853738
1.49483060780408
1.4819800195728
1.46937461175354
1.45717517863923
1.44552712349049
1.43456783921675
1.42442889022774
1.41523446352444
1.40709775212173
1.40011671265795
1.3943702423657
1.39029746416639
1.38759879025269
1.38583131061126
1.38489675090872
1.38470300448379
1.38533199165266
1.38702911244255
1.39005606079145
1.39421490238693
1.39941743554487
1.4055694160956
1.41257733976269
1.42035523162917
1.42883001015009
1.43794365502026
1.44765036438723
1.45790733559057
1.46865877134022
1.47981408998778
1.49122289115415
1.50265074704024
1.51376113181846
1.52410963535099
1.53315716848514
1.54030928797367
1.54628284834352
1.52868601544114
1.48394232373053
1.41495559657569
1.28185505699527
1.25624922657448
1.37854430542747
1.45551349109445
1.52433890048011
1.56903971203216
1.57622023998347
1.57403953515357
1.56850456932407
1.56034656118093
1.55025695922852
1.53883179464559
1.5265527668337
1.5137923068028
1.50083299436891
1.48789303889811
1.47515117691516
1.46276650559028
1.45089107770861
1.43967515146402
1.42926649764046
1.41980593707372
1.41142133028708
1.40422176456236
1.39829302321159
1.39408938212948
1.39130077073958
1.38946855127848
1.38848940691875
1.388263935995
1.38887162490976
1.39055282210785
1.39356159874237
1.39768967884173
1.40283578321327
1.40889327532772
1.41575881501267
1.42334163523199
1.43157169674747
1.44040438487318
1.44981923006427
1.45981065005569
1.47036996492924
1.4814597238179
1.49298331942192
1.50475452676326
1.51647262145752
1.52770885128106
1.53790935487283
1.54641976051238
1.55494291015426
1.53867173251922
1.49126272290454
1.41906237905483
1.28369354611889
1.25167097380576
1.36930830417581
1.44697008607633
1.52324493327297
1.57307627431251
1.58117022290369
1.57921903960801
1.5739255350252
1.56607522717134
1.55636559012193
1.54537094619514
1.53353559643831
1.52118836700264
1.50857061136927
1.49586881189803
1.4832442294152
1.47085447660706
1.45886479820792
1.44744959726169
1.43678674621894
1.4270481008346
1.41838941579655
1.41094190472301
1.40480654851997
1.40045912400964
1.39757860773266
1.39568886366812
1.39468040252017
1.39444723817176
1.39506595077627
1.39677352089369
1.39981232950548
1.40395040346069
1.40906176657242
1.41501350127243
1.42167720267852
1.42894233214809
1.43672926026231
1.44499868474237
1.45375359815265
1.46303057338128
1.47287893808152
1.48332905490659
1.49435370082456
1.50582869241556
1.51749991070473
1.52896336780414
1.53966238531923
1.54890135798885
1.55893701248308
1.54257599747988
1.4913516473982
1.41744538481421
1.28307524268774
1.24569997777685
1.35635254026363
1.4326795458862
1.51834852593244
1.57429609779779
1.58380007135505
1.58249944892468
1.57795372487877
1.57096459817003
1.56220921142205
1.55221779189178
1.54137395273819
1.5299394261742
1.51809344996391
1.50597574434765
1.49372342633555
1.48149520030013
1.46948028180903
1.45789363667746
1.44696206894922
1.43690674100376
1.42792692452471
1.4201879094589
1.41381403121334
1.40930805616456
1.4063353728627
1.40439944982151
1.40338289710536
1.40317423594376
1.4038468806336
1.40563762563764
1.40877405429229
1.41298545312654
1.4181084890062
1.42396789055371
1.43039153512601
1.4372297913835
1.44437634286582
1.45178562852726
1.45948078473121
1.46754656642152
1.47610448807823
1.48527169846536
1.49510951054167
1.5055706567795
1.51645538189157
1.52738559755716
1.53780280192609
1.54698553594609
1.55718942885645
1.53908410079626
1.48278401309151
1.40978911255605
1.28010460832645
1.23870583557267
1.34044246024858
1.41165835292673
1.50872178432815
1.57172398024021
1.58342242574683
1.58336636878793
1.58021218849102
1.57474790546507
1.56761812205962
1.5592911234584
1.55006502494694
1.54010638844845
1.52950605592696
1.51833815476805
1.50670856291526
1.49478313482183
1.48279239352294
1.47101615135068
1.45975624178073
1.44930673522593
1.43992895095701
1.43183493753732
1.42517975179164
1.42049712712055
1.41743319131476
1.41546653050667
1.4144693846736
1.41432631570629
1.41510773900994
1.41705557344397
1.42038144548478
1.42475965953389
1.42997622542873
1.43579503265519
1.44197704267022
1.4483078314461
1.4546302598024
1.46087513824171
1.46707985865457
1.47338520623395
1.48000492377471
1.48716991716093
1.49505646521918
1.50371269420976
1.51299857364011
1.52255155794346
1.53178883030207
1.53994412144962
1.54841411369961
1.5260787608182
1.4634784824723
1.39617223443782
1.27502931595648
1.23106459307327
1.32311368381935
1.38259716016931
1.49223993086803
1.56426696085671
1.57942696711629
1.58137792466379
1.58037443899771
1.57719455390339
1.57245602040577
1.56654787098731
1.55965348634809
1.55180713806695
1.54297485319381
1.53313908821024
1.52236606070843
1.5108401967299
1.498860955097
1.4868091792326
1.47509808691793
1.46412495058615
1.45423448542319
1.44569791946481
1.43870626870881
1.43382539940302
1.43067246910188
1.42869470913082
1.427750667761
1.42772296662577
1.4286798461421
1.43087637755546
1.43451029919093
1.43918484397507
1.44462258733514
1.45050613819962
1.45650098995792
1.46229344793579
1.4676406946153
1.47242294067879
1.47668113521195
1.48062243658907
1.48458251897703
1.48894688124818
1.49404669839715
1.50005276333583
1.5068912721284
1.51419925806465
1.52132199808428
1.5274077411248
1.53173782008408
1.50022674631565
1.43076561154727
1.3776939220355
1.26820374618838
1.22286791338484
1.30780176242261
1.34291846919311
1.46247869762032
1.55248284553849
1.57147190829409
1.57630537320726
1.57823872990685
1.5781578069814
1.57664623597213
1.57399702091196
1.57023953150422
1.56522176319446
1.55873007478617
1.55061616149908
1.54089571931284
1.5297921734217
1.51771817598386
1.50520968639162
1.49284141982359
1.48115144411519
1.47059063306559
1.46149931100462
1.45410531605398
1.4490029779144
1.44576578996665
1.44380097602974
1.44294918877834
1.44309361791041
1.44430201377617
1.44685373104319
1.45093938128279
1.45607766670183
1.46191774796253
1.4680402955848
1.4739816412359
1.47928325156934
1.4835660257321
1.48661671282017
1.48845971760514
1.48938133282429
1.48988372322296
1.49057042574991
1.49199025756082
1.49448016577574
1.49804590258719
1.50230423171379
1.50649402718929
1.50950965349234
1.50887448650794
1.45434726381276
1.38010880896437
1.35820039658753
1.25975839179625
1.21518512039981
1.29279959180353
1.31524066653059
1.43287573138317
1.53522143453921
1.55986825139324
1.56819771710343
1.57379563720529
1.57760449269155
1.58018026540242
1.58169686471521
1.58197248205788
1.58058528510516
1.57705531590993
1.57104254795675
1.56249836840124
1.5517223033865
1.53931213818976
1.52603942413585
1.51270717785419
1.50003740410899
1.48860742682794
1.47883012209801
1.47096353218531
1.46561942461559
1.462307454155
1.46038422486541
1.45966753311335
1.46004406154593
1.46158371252811
1.46460426647034
1.46930195806417
1.47510373230642
1.48158171626922
1.4881975388918
1.49432212914493
1.49929469862206
1.50252763835597
1.50364546570383
1.50261722103168
1.49982090621405
1.49599108317509
1.49204791505651
1.48885634786961
1.48698833104228
1.48655400709593
1.48713569957148
1.48782606571969
1.48728276515075
1.48015132216971
1.40544462594436
1.33461890270686
1.33727158780771
1.25085740846887
1.20873852794726
1.27765340422627
1.31135669890821
1.41664966779048
1.51275285188122
1.54544639288253
1.55747617305323
1.56724311693475
1.57560522101693
1.58309107825009
1.5897209836453
1.59501671342221
1.59815545153222
1.59825155734317
1.59467740552266
1.58730614544143
1.57658389793235
1.56341216256065
1.54891476585124
1.53420528324836
1.52023119322588
1.50770643485199
1.49710784633055
1.48870631838281
1.48311046510537
1.47974108504746
1.47789250656959
1.47735433050596
1.47801988536694
1.47996469522475
1.48356117667769
1.48903034541344
1.4957104843068
1.50310381992037
1.51054558970638
1.51720940129437
1.52216706907878
1.5245249139254
1.5236365560697
1.51933995069728
1.51210767812329
1.50300060236412
1.49340715259531
1.48465994837586
1.47766815861567
1.47268273050029
1.46924321943859
1.4662736255407
1.46236398531453
1.44628415250336
1.37806363249886
1.31747161995433
1.31422019816731
1.24270588781542
1.20264935397341
1.26837455033347
1.30776436909822
1.39929666698511
1.49074696931721
1.52892927606561
1.54477232237441
1.55889358132908
1.57226113262027
1.5853751155892
1.59807268548154
1.60946581922641
1.618129683002
1.62254619821818
1.62165025832272
1.61523736238206
1.60404054615181
1.58945796769805
1.5731218283364
1.55654050887323
1.54091087281111
1.52707235383244
1.51553964702218
1.50656682095173
1.50072886050183
1.49733047454834
1.49559290512349
1.49527256615768
1.49627248262028
1.49867762362297
1.50293114066968
1.5093029373047
1.51705899914344
1.52565301452925
1.53430368925568
1.54197180295828
1.54740279195763
1.54928073781068
1.54652761609316
1.53870674625878
1.52635131790623
1.51097183523895
1.49465591965543
1.47943252605913
1.46668500437488
1.45683678980807
1.44935791107099
1.44298888885154
1.4360291410021
1.41527354948445
1.35345934063971
1.30386310099957
1.29761130019257
1.23447262930986
1.19730457183509
1.26304431155279
1.30540925858027
1.38489422021247
1.46990178324923
1.51149646459428
1.53069309518801
1.54904124986426
1.56758821756536
1.58685968934719
1.60651673558316
1.62514648859092
1.64043315227716
1.64985676079897
1.65168568264406
1.64569847994092
1.63319029404191
1.61634330373621
1.59746908337296
1.57852276549078
1.56093391083737
1.54562553532523
1.53310560552142
1.52357225583243
1.51753017119602
1.51414354383993
1.51255373746899
1.51248034566964
1.51383858283108
1.51672627929144
1.52166951805361
1.52901213245185
1.53797669380688
1.54800341315165
1.5582260907719
1.56740727610154
1.57393822429666
1.57597529943587
1.57180627338632
1.56047488699026
1.54244558591906
1.51981068511663
1.49570159986286
1.47317888373346
1.45425623575219
1.43951919922815
1.42830263937759
1.41911443048816
1.41007511029421
1.38795344917472
1.33484320219498
1.29507487750926
1.28633254160218
1.22679358916675
1.1921071389399
1.25989502837906
1.3035317234414
1.37156563162854
1.44791722015441
1.49104634819806
1.51320590759099
1.53588025853485
1.56022469697118
1.58689339143142
1.61544883258367
1.64379733726437
1.66814349313902
1.68410331646176
1.68876798685238
1.68215154329003
1.66679049265128
1.64620827518428
1.62364639634012
1.60154350007092
1.58150839734389
1.56447349715385
1.55087115755969
1.54078602739989
1.534593263071
1.53128551457932
1.52990658431474
1.53013505238753
1.5319020866646
1.53531991720698
1.54102157608411
1.54945112592936
1.55982990887235
1.57163380851426
1.58395950190349
1.59540215412316
1.60397804640368
1.607178518764
1.60232616008391
1.5874404565968
1.56253364931783
1.53047009694844
1.49618416876946
1.46449056623602
1.43829318572766
1.41825071218962
1.40339899670242
1.39192996153836
1.3818091631875
1.3612164737895
1.3195260341448
1.28943143621518
1.27831535575116
1.21888506631828
1.18496268502196
1.25696832024865
1.30003422603422
1.35339864872118
1.41508203955492
1.45622236028803
1.48075384564066
1.50816129304009
1.53986793561453
1.57692636371774
1.61906651135833
1.66328347365047
1.70290062356468
1.72938058260322
1.73732040102594
1.72783546659657
1.70652483184608
1.67947450642503
1.65124985493884
1.6247432781137
1.60159041053543
1.58257509046058
1.56791994710385
1.55748454320147
1.55137106317702
1.54836931741344
1.54738779500584
1.54806212840543
1.5503486674541
1.55436731115086
1.56090990263119
1.57053426536378
1.58255901566477
1.59658937810939
1.61177816078063
1.6266270090066
1.6387782264805
1.64486055220509
1.64061303683958
1.62187214177931
1.5870974014481
1.54022450420328
1.4898812219184
1.4444029160303
1.40810700788939
1.38144556150406
1.36278245326967
1.3497968016866
1.34023215760725
1.32625991609431
1.30322749365976
1.28576127793593
1.27130947214098
1.20748609598466
1.17083539920046
1.24554176792743
1.28555271291325
1.32478301368954
1.36903269393532
1.40284685522474
1.4253533094092
1.45199826686494
1.48396333088116
1.52205100265843
1.56579645785065
1.61209096998071
1.65422952333975
1.68364063065818
1.69480568075211
1.6886526315584
1.67058844629271
1.6465620113941
1.62107284941828
1.59699888027627
1.5759855044799
1.55883092546461
1.54576542477835
1.53664460676469
1.53146565165939
1.52908375401496
1.52849805682507
1.52936262689888
1.53164766423632
1.53544697316399
1.54148519624537
1.55024109668538
1.56108830830623
1.57364102464037
1.5870547917183
1.59983233322942
1.60962623947466
1.61310145614615
1.60607592363481
1.58450829569715
1.54699529341338
1.49758455712147
1.44496525097006
1.39750505656576
1.35959981516954
1.33188082561014
1.31298554085016
1.30091489841704
1.2937034268331
1.28804503915107
1.28288512471232
1.2757103035134
1.25760990242366
1.18802920701792
1.14677877526155
1.21664769519387
1.25134762792037
1.28044764744212
1.31154249373141
1.3363832784258
1.35348926854104
1.37373504851458
1.3975060115274
1.42472514351095
1.45445383857126
1.48454519617416
1.51173043540052
1.53246310375505
1.54425243952228
1.54663552963965
1.54112310224581
1.53028262434989
1.51674522012656
1.50265422997588
1.48952192822738
1.47828453827934
1.46941618164935
1.46304729048814
1.45933741627381
1.45759472520614
1.45713176993986
1.45771217886407
1.4592975052856
1.46191155454539
1.46598045674349
1.47163513088081
1.47824012575988
1.48526931146376
1.49184950393854
1.4966756240336
1.49798995867917
1.49370482139753
1.48179880081587
1.46108318170943
1.43212142228204
1.39760041178074
1.36160358375702
1.32816330027141
1.30004040396387
1.27837082422062
1.26302931253947
1.25318578581825
1.24773231619335
1.24559418735448
1.24701206099454
1.24362265064245
1.22506901980224
1.15858084743256
1.09814847548355
1.15116866907492
1.17656380633267
1.19589863813191
1.2151724140253
1.22969839956205
1.23975006493209
1.25122460851767
1.26403566673376
1.27788261717064
1.29220193958761
1.30619185024151
1.31891560500839
1.32946403923918
1.3371421954965
1.34162141730226
1.34299746360408
1.34174300204395
1.33857483653612
1.33428701760228
1.32961146600433
1.32513527229731
1.32127050395313
1.31825943995919
1.31632207238748
1.31531088305606
1.31489479447244
1.31498680021106
1.31553839069716
1.31650403335497
1.31800334584683
1.31984048596486
1.3215954692173
1.32283670055262
1.32301256752598
1.32147551958605
1.31755265703846
1.31067136991392
1.30052404781027
1.28721743990152
1.27133448577132
1.25387374519748
1.2360768089925
1.2191919549232
1.20425991925372
1.19197517200925
1.18263966686986
1.17620432841877
1.17236794481947
1.17089145831646
1.17169291791932
1.16862959255784
1.15372156343069
1.10386487028918
1.12028074241366
1.17922255272746
1.20343012990576
1.21786063326383
1.23029474985955
1.24005801373953
1.24802484095883
1.25777315336977
1.26928053351568
1.28233647349044
1.29651249302527
1.31117632286226
1.32555409038698
1.33883581948768
1.3503031050227
1.35944534578976
1.36603142996665
1.3701189810108
1.37200563410504
1.37214461896142
1.37105265377037
1.3692325204625
1.36712172537437
1.36506807720745
1.36342182072724
1.36235845750483
1.36169249208798
1.36145243419777
1.3616376171364
1.36226808402605
1.36356620484515
1.36546969680284
1.36773327578826
1.37004137056931
1.37196081953795
1.37296185607259
1.37246664330571
1.3699259232446
1.36491453266504
1.35722527795476
1.34693330321647
1.33440619660931
1.32025081179659
1.30521004579685
1.2900401413959
1.2754026663484
1.26179510779964
1.24952799561344
1.23874655164337
1.22349403814983
1.20405577917855
1.18575511219554
1.16182032831084
1.10884852563189
1.17555418962789
1.25305146540552
1.2844967458392
1.30487207946402
1.32485670449795
1.34211751718907
1.35536300672611
1.37164862670107
1.39109672846201
1.41346658049654
1.43804077130332
1.46358243086925
1.48843314924859
1.51078006626968
1.52903519873052
1.54218873687717
1.54999200972801
1.55291255162853
1.55191669249265
1.54819287478143
1.54291281190034
1.53707669571131
1.53144518792482
1.52653977820905
1.52296960253072
1.52070170766846
1.51934398885109
1.51886905095176
1.51927296038343
1.52067295762763
1.52352322088473
1.5280650872889
1.53389307277761
1.54055246869707
1.54730619403678
1.55312633953174
1.5567497417809
1.55681979760729
1.55212071192218
1.54186928605681
1.52597357298977
1.50513832741127
1.4807406334608
1.45450944652567
1.42814315835199
1.40301242216474
1.38002387339233
1.3596313563895
1.34193029137898
1.31626378486528
1.28590892460136
1.25977986236029
1.22858225678173
1.1597431956991
1.20148384618513
1.28083805176401
1.31288202585384
1.3394845453462
1.37084467038386
1.39672234705588
1.414896468693
1.43638305985516
1.46146769914935
1.49001972376143
1.52125191693665
1.55357892229978
1.5847109189991
1.61206106808022
1.63338030564723
1.64735325060032
1.65387113181485
1.65389061526963
1.64902066055108
1.64106506882595
1.63167825466227
1.62217955409825
1.61350106110371
1.60622503381239
1.60108908010151
1.59787703430749
1.59599077399233
1.59535821862723
1.59597327377875
1.59802554557039
1.60219143777182
1.60895813986122
1.61785683529903
1.62839660380291
1.63968693903692
1.65038863689306
1.65874368197721
1.66273330370185
1.66040494180666
1.65034621629805
1.63216544811198
1.60674083831153
1.57605227922226
1.5426359508966
1.50892777095859
1.47678720291894
1.44732875114037
1.42100830391618
1.39783143831515
1.36305775812043
1.32141332434893
1.28863911047578
1.25559493684695
1.18429136332592
1.21431726981974
1.28270323599542
1.30853721530693
1.34397046102957
1.39438327309268
1.43163433030467
1.45417580185471
1.47862643715821
1.505403482102
1.53457900020165
1.5655711608708
1.59697153894995
1.62663439008434
1.65209465737906
1.67121645701038
1.68279636375462
1.68683428354332
1.68438464199488
1.67713654936108
1.66695473057813
1.65553881567389
1.64424384955449
1.63403409208303
1.62552387044026
1.61955893613835
1.61585109502622
1.61371528302705
1.61305577292223
1.61386505397221
1.61635878635302
1.621299386208
1.62925187887391
1.63964843011778
1.65196675866849
1.66528195363495
1.67821267878264
1.68894390353926
1.69537829415591
1.69546107311374
1.68766004879325
1.67146033126311
1.64762962263296
1.61805801262588
1.58520623462415
1.55143217601972
1.51849878923195
1.48740322432663
1.45848357476951
1.43167636278824
1.38782574733339
1.33130401377281
1.29111918047218
1.26187195111873
1.19808766042176
1.2196460712834
1.27600360027756
1.29254123398475
1.336439618672
1.4055015102353
1.45130038228658
1.47531517716919
1.49913391577191
1.5233285376798
1.54820249045952
1.5735124060745
1.59834829168493
1.62122747337993
1.6404182638058
1.65440894064253
1.66233842478218
1.66420556755985
1.66079508351959
1.6534040983604
1.64351659904987
1.63254015436266
1.62164973752287
1.61173113998782
1.60339582181526
1.59755552331245
1.59390823162351
1.59184169540579
1.59124722086729
1.59211541330479
1.59465707009694
1.59954507328209
1.60731736730934
1.6173071183107
1.6289756847092
1.64145829600097
1.65353802224706
1.66368587776389
1.67020073225299
1.67146892258807
1.66631421001343
1.65433193720373
1.63604900232414
1.61279447414086
1.58630961040527
1.55826859213441
1.52990828336573
1.5018755203532
1.47428968671648
1.44696287164808
1.39707080788864
1.32637230579789
1.27999541842317
1.25895848738753
1.20499278285818
1.22423921875857
1.27447553224214
1.28314301080547
1.33298864034671
1.41479589424229
1.46419657810383
1.48789348514871
1.51001325030917
1.53130948843599
1.55226145719384
1.57285900941523
1.59253208390555
1.61024578230378
1.62475808611657
1.63497178689463
1.64025463637725
1.64060622623059
1.63662614766332
1.62933183096683
1.61992261417873
1.6095741141874
1.59930426541355
1.58991399955705
1.58198547775777
1.57641780354277
1.57293626632853
1.57097538034083
1.57042951736015
1.57128728757469
1.57374177775736
1.57840394747794
1.58575053584848
1.59510081965898
1.60593032945646
1.61744691680485
1.62858322342543
1.63804456995973
1.64443405306858
1.64646083285011
1.64320005722766
1.6343240189882
1.62019883401468
1.60177720322541
1.58031127364952
1.55699881272192
1.53269651579409
1.50778306802529
1.48218354534591
1.45553233939737
1.4029782023847
1.32175838745154
1.27117545355051
1.25836173029027
1.21048025002775
1.22956966588164
1.27732792145574
1.2779740999083
1.33345102822142
1.42658143844699
1.4772327236056
1.49964109239607
1.51946053583364
1.53759490396856
1.55465639333982
1.57082035943804
1.58578773188362
1.59887488893947
1.60921892538724
1.61604349032149
1.61889870350144
1.61779441525522
1.61319390910826
1.60589529755812
1.59686322538949
1.58707134372643
1.57739077518594
1.56853272339267
1.56103630126684
1.55576216225482
1.55246273244687
1.55060864431824
1.55010015171314
1.55092345212085
1.55325247831936
1.55764690186864
1.56452531668356
1.57322300321599
1.58324545704729
1.59388116347726
1.60420630295904
1.61313460076834
1.61952501426559
1.6223453416346
1.62086251137543
1.61480026683392
1.60439446127139
1.59030461726895
1.57340078378409
1.55450056600238
1.53414665241332
1.51248770392912
1.48927937555844
1.46398511692051
1.41031411451741
1.31877677492533
1.26426943177408
1.26087012464015
1.21654378637009
1.23622138939078
1.28600999283527
1.27930091482809
1.34045945662716
1.44319120623695
1.4923450738056
1.5124141540943
1.52920691852497
1.54370011392597
1.55659426895023
1.56821578956709
1.57849309064679
1.58703667961724
1.59329892300519
1.59677121810701
1.5971607805314
1.594495040709
1.58913080303149
1.58168239576895
1.57290750798189
1.5635919878154
1.55446132132723
1.5461287946094
1.53907713214727
1.53411253047167
1.53100472673035
1.52925790512296
1.52877722075631
1.52954573781535
1.53171952772492
1.53580823190908
1.54218266115333
1.55021304448872
1.55944930062343
1.56927095362278
1.57889981514784
1.58744736708643
1.594002850126
1.59775608914646
1.59813064245416
1.59488585713624
1.58814386127461
1.5783181637704
1.56595798875524
1.55155625545736
1.53538047041487
1.51737295929648
1.49714730333217
1.47404698886806
1.42129992329164
1.31968599592896
1.26135266189841
1.26822655997793
1.223967842633
1.24423683228136
1.30086323779903
1.29474089769769
1.36039417327499
1.46455225097771
1.50928613659328
1.52607576737099
1.53927990564407
1.54982966965274
1.55847139716284
1.56563608457476
1.57142554759952
1.57567880998058
1.57809388751929
1.57837243554971
1.57634907506468
1.57207223174806
1.56582100517924
1.55806501830656
1.54939039774195
1.54041893443382
1.53174086636953
1.52387086127504
1.51722738183824
1.51255283786464
1.50962386728183
1.50797209858775
1.50750615550667
1.50820521056806
1.51020987597339
1.51398505987746
1.51986644724458
1.5272732476865
1.53580953898579
1.54494908559157
1.55405186141242
1.56240579797004
1.5692955146584
1.57409088647506
1.57633664528898
1.57581528353607
1.57255639608941
1.5667797333795
1.55878198836331
1.54879759751483
1.53687199039596
1.52278189748639
1.50602968164043
1.48594511052062
1.43656695969589
1.33126338407509
1.27026223191945
1.28127586176766
1.23291030797672
1.25333444816007
1.32147779812369
1.32663489911759
1.39436439528877
1.48973945973747
1.52731002222793
1.54027573017589
1.54955818424884
1.55606695297743
1.56054762295808
1.56349047409104
1.56511830993191
1.56543759529595
1.56432879149154
1.56165155724852
1.5573391855856
1.55146087960409
1.54424138050658
1.53604104772373
1.52730995528369
1.51853322522653
1.51018195020017
1.50267774806885
1.49637275027745
1.49194350545941
1.48916419815022
1.48758627360809
1.48712019972074
1.48774049419193
1.4895752822092
1.49305190175182
1.49848354276017
1.50534614851298
1.51330220868012
1.5219165234034
1.53067337239869
1.53901108761847
1.5463734913334
1.55227152833668
1.55634143086542
1.55838139659497
1.55835066118184
1.55632419848644
1.55241007192647
1.5466487811943
1.5389199600977
1.52888187673481
1.51596932066374
1.49947193715511
1.45614086476019
1.35720701695813
1.29564238628992
1.30029361092964
1.24326317803175
1.26315020143094
1.34581477053354
1.37048018741479
1.43754230880747
1.51646405795846
1.54560294172651
1.55451651449377
1.55983089544749
1.56241137402468
1.56297576038016
1.56204036839163
1.55990790161385
1.55670319920563
1.5524382152824
1.54708798560718
1.54065977886517
1.53324116535385
1.5250197214354
1.51627547115573
1.50735389277191
1.49863025297685
1.49047501266682
1.48322654509767
1.4771734821509
1.47293050682774
1.47026213291649
1.46873181276238
1.46825033003032
1.46878680456666
1.47045989056994
1.47366688991133
1.47870939928404
1.48512205590845
1.49262509494993
1.50086654574913
1.50943802050073
1.51790193470444
1.52582862165163
1.53283781682503
1.53863496683174
1.54303086762758
1.54593506096493
1.54731953412019
1.54715777004635
1.54535197098079
1.54166590331607
1.53568218017317
1.52680434746217
1.51429069507558
1.47889523006803
1.39517009343095
1.33532323841077
1.32423030565073
1.2548098297398
1.27311322305516
1.37163230920964
1.41570209259181
1.48029793970651
1.54266220608032
1.56335447957963
1.56832486400333
1.56988969731387
1.56883578800789
1.56584572544462
1.56144575421087
1.55599197108473
1.54969252189072
1.54265312753471
1.5349318812519
1.52659041395479
1.51773143581482
1.50851736658334
1.49917012066256
1.48995649806821
1.48116584719368
1.47308649131588
1.46598554171836
1.46009435638026
1.45597390937458
1.45337426681307
1.45186375573162
1.45135220544589
1.45180263072263
1.45332692963675
1.45629927801748
1.46101805659417
1.4670741435092
1.47424121695303
1.48224011003728
1.49075222857958
1.49944011455565
1.50797334765622
1.51605549863557
1.52344560984085
1.52996693047858
1.5354972641778
1.53993933006412
1.543174965801
1.54501218721557
1.54513775368934
1.54308986016756
1.53826416948331
1.52995777961802
1.50340056182293
1.43721864960872
1.38056136035121
1.35148780499937
1.26713817720836
1.28264998731223
1.39660546131784
1.45520676102566
1.5171281756361
1.56675912080321
1.57996181689327
1.58138918346153
1.57960945725273
1.57533664880373
1.56922458929768
1.56180724015457
1.55347989439727
1.54451094899084
1.53507339731521
1.52528489867959
1.51524655299
1.50507296852107
1.49490957122714
1.48493669738591
1.47536296211276
1.46641204123823
1.45830717899436
1.45125677471367
1.44544302500736
1.4413835981952
1.43881156421601
1.43729410567007
1.43673913952847
1.43710291238732
1.43849279707613
1.44126559056601
1.44572217487793
1.45150436245755
1.45843271913607
1.46628945610723
1.47482924256118
1.48379423243408
1.49293157056049
1.50201015253035
1.51083220208132
1.51923505399131
1.52707983402779
1.53422648311638
1.54049821857833
1.54564221208113
1.54929629858158
1.55097356134186
1.55007761197281
1.54596512360214
1.52829442915392
1.47713627364994
1.42385952979762
1.38018152703801
1.27974652261779
1.29129224156132
1.41878397700353
1.48760155465905
1.5474575277916
1.58799693390307
1.59516876447506
1.59361008732233
1.5889827359639
1.58195919027418
1.57318113765042
1.56319526078939
1.55242949818758
1.54119754995081
1.52972110881074
1.51816032328076
1.50664448398059
1.49529709069815
1.48425203846395
1.47366023156703
1.46368801557081
1.45451005188837
1.44629955092625
1.43921830497178
1.43340817661825
1.42935465845931
1.42677304438977
1.42522458234514
1.42461460927138
1.42489198932527
1.4261612539305
1.42876622127605
1.43301356759894
1.43858918006955
1.4453528191597
1.45313670056349
1.4617539452543
1.47100931594372
1.48071069441553
1.49067887708834
1.50075262908024
1.5107860179883
1.52063608227652
1.53014085310082
1.53909035140821
1.54719599504325
1.55406650301012
1.55920074376223
1.56201068977046
1.56189250503796
1.55244948256684
1.51350156196224
1.46316234435147
1.40828798337929
1.29218916775751
1.2986358735106
1.43720892970089
1.51333936987458
1.57211313503316
1.60649792654872
1.60905828416254
1.60508523383398
1.59810924381773
1.58879560748371
1.57779221239899
1.56566464818272
1.5528695198705
1.53975478133002
1.52657670005072
1.51352473326758
1.50074739185311
1.488374226141
1.47653121552812
1.46534882360444
1.45496353572093
1.44551464527816
1.4371383575419
1.42996104504929
1.42409303612282
1.41999850765503
1.41737544209902
1.41577549661242
1.41510098358262
1.41529282413798
1.41645385936741
1.41891803852145
1.42299908924353
1.42841942366964
1.43506988660383
1.44282188812071
1.45153399882101
1.46105961310736
1.47125432447037
1.48198114236615
1.49311135173954
1.50451900121244
1.51606783862532
1.52759098687726
1.53886562871774
1.54958724277965
1.5593503361315
1.56764513304048
1.5738825742779
1.57746205220813
1.57539329655367
1.54632779909193
1.49820598819446
1.43451820835427
1.3039998433556
1.30438466770794
1.45161971938541
1.53339598716862
1.5922706523969
1.62282019436373
1.62193336793582
1.61603785905511
1.60715188883966
1.59596103774261
1.58313350237473
1.56925668953758
1.5548103902712
1.54016609242639
1.52560202723413
1.5113255548949
1.4974966070045
1.48424797414564
1.47170014715592
1.4599700608059
1.44917432509975
1.43942828170156
1.4308424888169
1.42351810152726
1.41754232854394
1.41336810575299
1.41067731815875
1.40900929259226
1.40826300483271
1.40837093409159
1.40943490767343
1.41178103017983
1.41572971515456
1.42103207918061
1.42760186893168
1.43533953217585
1.44413759714324
1.45388639680167
1.46447891932191
1.47581325006752
1.48779089809168
1.50030951890586
1.51324923834929
1.52645295086765
1.53970254190238
1.55269487844564
1.56502356573647
1.57617487829246
1.58554882695648
1.59251689233439
1.59703776382171
1.57604012796408
1.52927529518104
1.45816802831792
1.31474148727241
1.30835913198445
1.46212784624668
1.54881346016588
1.60911903415185
1.63765041313878
1.63416558194688
1.62671991755863
1.61627462616547
1.60355615577389
1.58926018877371
1.57399275810891
1.558247102392
1.54240535762636
1.52675456188596
1.511508879068
1.49683228343308
1.48285802040986
1.46970294259655
1.45747626410908
1.44628332314083
1.43622555860776
1.42739811206341
1.41988633980384
1.41376228878285
1.40947679407461
1.40669716680539
1.40494829693161
1.40412554216787
1.40415251587543
1.40513031430702
1.40737842638374
1.41122234610228
1.41643385864576
1.422941409901
1.43066478025933
1.43951994599852
1.4494239231009
1.46029843799701
1.47207104145086
1.48467217644019
1.49802693725469
1.51204086872281
1.52658014271456
1.54144775922649
1.5563589908966
1.57092110273131
1.58462447401499
1.59685459523015
1.60693520463615
1.61743302293685
1.60314081068078
1.55677265527422
1.47886031223498
1.32403277855818
1.3104810228976
1.46899073679701
1.56053275052833
1.62374792887465
1.6516317177043
1.64606756212642
1.63731800613055
1.62557762924072
1.61162606617273
1.59618395923852
1.57986435609452
1.56315820718659
1.54644186458979
1.52999637678504
1.51403118090711
1.49870706405631
1.48415520547394
1.47049078102441
1.45782095767819
1.44624805882178
1.43586920753894
1.42677388221205
1.41904063481444
1.41273395844225
1.40831087819649
1.4054255648811
1.4035866778139
1.40268559726859
1.4026367416388
1.40354045745109
1.405710394154
1.40947462876701
1.4146171624162
1.42107277095755
1.42877092580294
1.43764086241202
1.44761656698861
1.45864050425786
1.47066468235741
1.48364755395084
1.49754548618176
1.5122981311541
1.52780795462771
1.54391533832485
1.56037194917928
1.57681639985296
1.59275769410131
1.60757395241888
1.62053582515884
1.63660501359633
1.62807670839165
1.58104514812498
1.49634305765323
1.3315518728341
1.31075048660081
1.47246954609486
1.56931613751947
1.63710237566209
1.66524489198138
1.65778456769223
1.64786883445243
1.6350382719902
1.62012324931573
1.6038526191148
1.58682435817553
1.56950472418752
1.55224406129754
1.53530082000014
1.51886768290739
1.50309535236746
1.48811121162769
1.47403168367944
1.46096848179565
1.44902990994487
1.43831885123724
1.42892910566322
1.42094142189474
1.41442018235898
1.40983623789947
1.4068315665024
1.40489676920642
1.40391869637208
1.40380236453569
1.40464715207531
1.40676157572525
1.41047324607754
1.41556916290841
1.4219816414107
1.42963976970492
1.43847542499213
1.44842944948998
1.45945669340554
1.47152831699735
1.48462960042538
1.49875176493852
1.51387699095971
1.52995683898048
1.54688544968902
1.56446998217651
1.58240151054208
1.60022997850446
1.61734746370857
1.63298605971591
1.6544262409003
1.65116020844535
1.60228407278146
1.51034468104222
1.33703157294018
1.30922750405601
1.47273910870898
1.57568135534763
1.64994217303085
1.67867737316479
1.66918672294238
1.65818279489134
1.64446366443361
1.62888152182394
1.61213810040269
1.59478373485845
1.5772320987488
1.55978448714109
1.54265890225005
1.52601915673901
1.50999982743531
1.49472436046684
1.48031538486032
1.46689789982113
1.45459712566184
1.44353328548836
1.43381544662858
1.42553598674363
1.41876662292784
1.41399919773137
1.41086351986469
1.40882989793309
1.40777978345123
1.40760874200247
1.40841487964284
1.41050264292123
1.41419595253226
1.41927444416519
1.4256584845564
1.43326573085689
1.4420188390266
1.45185396573699
1.46272855317536
1.47462635547537
1.48755739194874
1.50155080317673
1.51663948923582
1.53283676298467
1.55010671275727
1.5683311005089
1.58727597681862
1.60656024392947
1.62562606416399
1.64370877228553
1.67047112731908
1.67248113927139
1.62042229583473
1.52046305433952
1.34025883783902
1.30602436353118
1.4698338382723
1.57981722015889
1.66277741542786
1.69163324526804
1.67975949599639
1.6677859534153
1.65346689160745
1.63760998337993
1.62083840037307
1.60361701172659
1.58627720606353
1.56904722780667
1.55208638583736
1.53551793782897
1.51945581311701
1.50402198863645
1.48935364532299
1.47560144683035
1.46292179652282
1.45146643523331
1.44137230906713
1.43275361789499
1.42569690364521
1.42072175272951
1.41744437992143
1.41531176274526
1.41419863713523
1.41399127017528
1.41478623776842
1.41688580580035
1.42060728079136
1.42571114101203
1.43209542159188
1.43965381203115
1.44828576980121
1.45790864104337
1.46846996226043
1.47995715830887
1.4924012825888
1.50587175858283
1.52046040340804
1.53625507617728
1.55330548953224
1.57158531588897
1.59095501772497
1.61112840181329
1.63164037864703
1.65180045236964
1.68382470539455
1.69177811875842
1.63499717476386
1.52607823815873
1.34108848454444
1.30131231726689
1.4636316707317
1.581486619544
1.6757651680485
1.70305471819296
1.68852947238327
1.67591692387652
1.66148890925018
1.64591667910266
1.62969693256094
1.61317757226934
1.59658059180863
1.5800377441424
1.56363127784532
1.54743273803057
1.53153295191194
1.5160587205367
1.50117524496534
1.48707675945342
1.47397010152418
1.46205646444552
1.45151554293549
1.44249442200656
1.43510179311438
1.42989111825475
1.42646150355994
1.42423234127694
1.42306975356787
1.42285111374037
1.42367141102215
1.42583395935715
1.42964745309245
1.4348399596817
1.44127591201047
1.44881061945918
1.45730337056373
1.4666346593932
1.47672534873874
1.487553827078
1.49916600534082
1.51167322661772
1.52523517544201
1.54002825145862
1.55620351490332
1.57384090242618
1.59290700837755
1.61322161389531
1.63443685264811
1.65601048925925
1.69284145022277
1.7082587121066
1.64498386382666
1.52630556847558
1.33947736578372
1.2953432396363
1.45388337818751
1.58000745391468
1.68855294164188
1.71077439286331
1.69413341838527
1.68163970958322
1.66788502232929
1.65336254415424
1.63843722797057
1.62332028227814
1.60810159855905
1.59279297292971
1.57737979302439
1.56187034235928
1.54633217862579
1.53090853727406
1.51581356760594
1.50131098352182
1.48768426583173
1.47520689017674
1.4641187347643
1.45461139994678
1.44682226424322
1.44134356387813
1.43775093553744
1.43543033078864
1.43423665821002
1.43403910826173
1.43493140448245
1.43722299936375
1.44121372542092
1.44658495097101
1.45315573753719
1.46072664344029
1.46909605154748
1.47808412893245
1.48756200439979
1.49748057037479
1.5078907506717
1.51894685286177
1.5308876858352
1.54399585212801
1.55854194261226
1.57472481491287
1.59261985773256
1.61214431928708
1.63303703111481
1.65489491467025
1.69492039352046
1.7203931265356
1.648696769788
1.52003854338159
1.33553959310867
1.28848078429613
1.4402857803318
1.57466451150909
1.70003713770316
1.71131383496735
1.69521471669178
1.68410883676636
1.67204181529641
1.6595310443643
1.64680357989638
1.63392470446111
1.62083096839513
1.60738714079374
1.59345668730039
1.57897021558687
1.5639739657965
1.54864661567479
1.53328300767275
1.51825355803408
1.50395381531804
1.49075812238479
1.47898623347882
1.46888547459944
1.4606264594821
1.45484272417035
1.45107643433084
1.44867236669016
1.44747083972443
1.44733392723723
1.44835496704212
1.45085695693958
1.4551333690394
1.46080464594974
1.46763319997544
1.47534701665908
1.48365867542028
1.49229753479078
1.50105303240509
1.50982147112299
1.51864332356662
1.52771640503497
1.53737473525631
1.54803282542048
1.56010641784969
1.57392848411049
1.58968060814557
1.60735257695343
1.62673499601679
1.64730601104104
1.68656916232984
1.7257981089224
1.64413139385417
1.50618502445428
1.32960715648816
1.28136861342291
1.42203564285665
1.56740022873411
1.70887208444417
1.70025316238062
1.69131798258401
1.68265798205022
1.67348362661229
1.66409159677262
1.65459462700127
1.64490827693393
1.63479203919612
1.62392552385354
1.61201275091469
1.59888492095716
1.58457073782332
1.56931413253089
1.55353826270748
1.53777312792541
1.52257318469897
1.50844795731296
1.49581755348446
1.48499381636573
1.47618126891956
1.47005321906447
1.46610408925165
1.46362784365723
1.46244607995043
1.46241520657211
1.46362976146159
1.46643624615566
1.47112807546873
1.47725252519723
1.4845063701578
1.49252725549755
1.50091342272385
1.50926476034433
1.51724505263797
1.52465605493329
1.53150325590355
1.53802746934478
1.54468221572749
1.55205424555851
1.56074537903487
1.57124774687933
1.58384580215749
1.5985687055649
1.61519011754625
1.63329835065275
1.66413819883623
1.722505030806
1.63177856938604
1.48363472211524
1.32241157759231
1.27315916632762
1.40615236618933
1.53587679411833
1.67575141448052
1.68371784303341
1.68153387432529
1.67697085976937
1.67196409535934
1.66684776068364
1.66167350675746
1.65621477313647
1.65001721769976
1.64251367523163
1.63318722814666
1.62173404826122
1.60817139626217
1.59285519699992
1.57640804527871
1.55959316362118
1.54318321223095
1.52786084599079
1.51416440726817
1.50247340564302
1.49302065253115
1.4865116728682
1.48237452718312
1.47984126565859
1.47871007459613
1.47883352287596
1.4803096821066
1.48352084602459
1.48877124554881
1.49552741387133
1.50341642645164
1.51197079381149
1.52064456437243
1.52886163869553
1.53610131149259
1.54201219516398
1.54652513526454
1.54991992140121
1.55280562002263
1.55600489219896
1.5603725835824
1.56660476556563
1.57509409539381
1.5858648137736
1.59858539000433
1.6126241620971
1.63609357643479
1.66845184736571
1.58091475715613
1.46203134490896
1.31296749729899
1.26463865957822
1.39165018497153
1.4966912748784
1.61907658963005
1.66150999405635
1.66662470350301
1.66734176147046
1.66754929460291
1.66773604634174
1.66793245141993
1.66775841534337
1.66648012008307
1.66318164464711
1.65702381668854
1.64751008953762
1.63465793483459
1.61900988925623
1.60149299840021
1.58320205466565
1.56519700329986
1.54836931041471
1.5333850231575
1.52068470872131
1.51051528027427
1.50359931881973
1.49927661684868
1.49670589836602
1.49565713923434
1.49598119292431
1.49778258620378
1.50149304390355
1.50744297362432
1.51501816329334
1.52377987198017
1.5331480366724
1.54240640196312
1.55075227984626
1.55740637025258
1.56178068212644
1.56366699051836
1.56336991191876
1.56170384206033
1.55982437617285
1.55894461538371
1.56003911259551
1.56363275188703
1.56971949162837
1.57780061603937
1.58692162788313
1.60249060985525
1.59693156745833
1.52301830967277
1.43986224904052
1.30256682371848
1.25671024905283
1.37657153971052
1.46778416231618
1.57319252582383
1.63256416772677
1.6482449552124
1.65450678676024
1.66051268158595
1.66673781162683
1.67319219687667
1.67930253500313
1.68395484267239
1.68572797009892
1.68330159001061
1.67589886611468
1.6635636407784
1.6471442586658
1.62802096080981
1.60774048393476
1.58771853816036
1.56907793297882
1.55260607592302
1.53878476381618
1.5278515925074
1.52052343146962
1.51602941814534
1.51344529657772
1.51250869361892
1.51307100807925
1.51524628092771
1.51952864271639
1.52629289592344
1.53485364240665
1.54472028497256
1.55520492257799
1.56540649509415
1.5742504050958
1.58061579206892
1.58356756827276
1.58265749940127
1.5781776670311
1.57120824657214
1.56337668870779
1.55640791486461
1.55166204911606
1.54983688879904
1.55089384939346
1.55415295298704
1.55849773962609
1.56416231762406
1.54150111293718
1.48070624183909
1.41670829794747
1.29233743225286
1.2491738221553
1.36315446988084
1.44469791358066
1.53608273266335
1.60228958414689
1.62744824434493
1.63922322494585
1.65112008275067
1.66373217918953
1.67704630684592
1.69026240325232
1.70176853017786
1.7094300248143
1.71121996823472
1.70596211157609
1.69378160534646
1.67601062298748
1.65467182025831
1.63188775433866
1.60947735938687
1.58879082361778
1.57070956935795
1.55572386515837
1.54403216795291
1.53631832537784
1.53168248252729
1.52911273200587
1.52831181288744
1.52913381948159
1.5317048664286
1.53659044350851
1.54422746436765
1.55387783798568
1.56502246748306
1.5768851019683
1.58838509390063
1.59815050261786
1.60464481654242
1.60645974925509
1.60276533772623
1.59376407888257
1.58086060127016
1.56633356797092
1.55261936385668
1.54159028625652
1.53415507339827
1.53023526156321
1.52897595529689
1.52902683856595
1.5269820202039
1.49844369328935
1.4486564474818
1.39624354459014
1.28226120680228
1.24100604464623
1.34987191221127
1.42297805233182
1.50155541375242
1.56882958920024
1.60181269390519
1.61912767054406
1.63737647083027
1.65724625868039
1.67872598187888
1.70074863476633
1.72100689389648
1.73626148048845
1.74333241902734
1.74041165292989
1.72783303255732
1.70776848690017
1.68322672263451
1.65710794656362
1.63170108502967
1.60857254006742
1.58865612646716
1.57240368035595
1.55993268729485
1.55185048691994
1.54710912665803
1.54459177012468
1.54396456034082
1.54508688393775
1.54809665908937
1.55365139037479
1.56226329761013
1.57316865319188
1.5858494952671
1.5994662324987
1.61276487703727
1.62403925777769
1.63122376949195
1.63222683116818
1.62557566789449
1.61121901396774
1.59098140162231
1.56813578364716
1.54620842109601
1.52780540609129
1.51409390605037
1.50492295063426
1.49923435628907
1.49549599112124
1.48828916654584
1.46026611515789
1.420786116735
1.3766620736018
1.27108529984665
1.22822737955531
1.3306501930947
1.39331647463369
1.45599973500242
1.51775482246498
1.55622028900552
1.57948379715401
1.60542649807475
1.63483202684511
1.66773200179845
1.70272635018421
1.73640824818058
1.76357057797653
1.77885157760087
1.77926869540144
1.76566460127449
1.74185210318842
1.71255185397352
1.68183165919335
1.65256039817642
1.62648840635781
1.60452174850362
1.58698853405738
1.57384843516021
1.5655254369211
1.56082147635713
1.55847519220153
1.55812048007911
1.55962819697676
1.56313719384828
1.56944348287629
1.57911873605887
1.59143971867447
1.60594097964809
1.62176177903178
1.63748567348947
1.65100769749243
1.65952307597787
1.65984142146125
1.64929561966201
1.62720994666793
1.59602986492487
1.56078499673646
1.52691968514297
1.49823785205064
1.47625398541337
1.46067499405004
1.45018950284728
1.44311109812426
1.43425361513194
1.41403444932637
1.38746687279831
1.35090328676529
1.25347806230776
1.20561410360445
1.30022726535334
1.35248047552713
1.39966693022164
1.44884932123202
1.48477316331795
1.50835603914211
1.53557266873614
1.56695937486334
1.6023442392269
1.64019908189709
1.67706488504768
1.70772168104393
1.72676973343757
1.73111548988779
1.72142905117742
1.70134680508984
1.67546173169506
1.64777863407484
1.62115392509753
1.5973530105893
1.57730594302899
1.5613624553561
1.5494963162717
1.54205410630708
1.53792076312385
1.53593115028046
1.53574138799562
1.53723557085768
1.54052641999661
1.54633837196883
1.5551539322188
1.56628558036211
1.57926026345844
1.59320663820772
1.60669912845963
1.61763447000254
1.62323415880884
1.62037203389565
1.60648510807577
1.58102097533406
1.5465291320727
1.50809612019558
1.4711893886642
1.43965188328474
1.4151008061266
1.39742747242794
1.38557238209644
1.37812267530245
1.37174044565966
1.36263434131397
1.34701333634505
1.31540405042593
1.22478436151926
1.17362157972678
1.25638535065138
1.29896646136578
1.33427003223873
1.3706446089735
1.39825146491857
1.41665518961942
1.4377058606457
1.46144145817426
1.48737178481022
1.5142231722614
1.5398236924168
1.56136020195854
1.57611224964668
1.58239654507862
1.58016000376689
1.57085288105618
1.55675668870277
1.54024964955478
1.52333838858982
1.50748781892119
1.49363658011621
1.48229019107608
1.47363273774009
1.46807332441766
1.4649159737556
1.46332325528258
1.46305560661579
1.46400632619037
1.46622247923106
1.47015653855528
1.47598952837231
1.48308894592991
1.49091969665057
1.49865720114047
1.50512696595536
1.50880889384602
1.50796858957702
1.50098884639721
1.48691393189957
1.4660331526537
1.44012357411673
1.41204981143164
1.38486887483601
1.3609694845257
1.34166931297834
1.32728535229843
1.31743629816348
1.31135491520233
1.30727337228699
1.30360368084514
1.29347055262082
1.26651937627575
1.18693439503344
1.11628547609053
1.17634364055988
1.2060691840593
1.22916785000847
1.25182607440087
1.26785017267885
1.27855065790141
1.29034298278253
1.3030384152467
1.31624871923473
1.32936167121979
1.34158263230899
1.35204461878266
1.35996680324307
1.36481820436401
1.36643363471997
1.36504139829659
1.36119569203072
1.35564361646789
1.34917745170123
1.3425164752061
1.33623756634267
1.33075100174944
1.3263074746417
1.32324346772599
1.32139320615111
1.32031271960175
1.31991183062273
1.32010356911909
1.32086078099183
1.32235168650324
1.32444202745596
1.32675543078337
1.3288880866097
1.33033257253429
1.3304986195072
1.32877084030526
1.32460859488988
1.31767578603533
1.3079642290239
1.29585969396681
1.2821126561486
1.26771240474001
1.25370263039799
1.24099751468992
1.23024927097765
1.22179220523247
1.21565988695175
1.21165502137113
1.20921216481563
1.20673014723223
1.19962530366064
1.18016107893312
1.1231840021808
1.13840721053507
1.20387171828422
1.23202187898121
1.24968501753984
1.26391916502832
1.27307165950517
1.27992954292347
1.28789373712604
1.29690194905133
1.30675787625409
1.31711782934896
1.32751107913101
1.33739107103962
1.34621103873617
1.35350846834983
1.3589774218794
1.36250997071893
1.36419773228707
1.36429727684501
1.3631730438743
1.3612347475285
1.35888336198464
1.35647353947489
1.35429360814546
1.35265232192109
1.35166490476292
1.35112932806715
1.35105832438172
1.35146057817096
1.35235795612037
1.35399709756536
1.35634201305291
1.3591292061828
1.36208847664346
1.36486033544136
1.36701343593605
1.36808082535374
1.36761483654877
1.36525394854714
1.36078829454465
1.35420647434074
1.34570818895844
1.33567602670403
1.32461255370909
1.3130598388191
1.30152254661241
1.29041164721634
1.280017092767
1.27051351460168
1.25633112005776
1.23593300918153
1.21499974761256
1.18719006894932
1.12713092869617
1.20208161173599
1.29094323097292
1.32941723122729
1.35531217817749
1.37820489479598
1.39446733514557
1.40580022385504
1.4189598774691
1.43392196317404
1.45039312357347
1.46777063976247
1.48515581500004
1.50144972574731
1.51552998596056
1.52646699145071
1.5337099554039
1.53717856186291
1.53723593796126
1.53456769447771
1.53002050675445
1.52445215411127
1.51862438006179
1.51314730374177
1.50846897309114
1.50515193838796
1.50314089313051
1.50206395630809
1.50188311378233
1.50260932566976
1.50434334886356
1.50752848267532
1.51236561820778
1.5183923436491
1.52520141541453
1.53218597384
1.53854340893161
1.54332428147354
1.5455356043656
1.54429454686017
1.5390058324677
1.52951194897386
1.51615737151902
1.49973120720866
1.48130147103175
1.46200008004723
1.44283138805736
1.42455392090923
1.40764452388617
1.39232073018699
1.36870569397867
1.33711761004935
1.30662604327403
1.26849771802928
1.1871135335191
1.23535267517026
1.33196815442032
1.374745616858
1.40840196887778
1.44194880681278
1.46525107135011
1.4803393324763
1.49723665146503
1.51599024580983
1.53633335566686
1.55758128844715
1.57861308968931
1.59799033575898
1.6142161880334
1.62606774198406
1.63288121957422
1.6346791538355
1.63210429413087
1.62621341522851
1.61822725998563
1.60931840164179
1.60047639157261
1.59245209970768
1.58576390701356
1.5811131582272
1.57830836359365
1.57681160508801
1.57654761103357
1.57752763759313
1.57990772608487
1.58431200067462
1.59112015345933
1.59977026168747
1.60980109916444
1.6204734233821
1.63075392842623
1.63935896793487
1.64487989239648
1.64599655895242
1.64174887229086
1.63178799260889
1.61650233983357
1.59694529078005
1.57457921739546
1.55093833387927
1.52733839836248
1.50471584388918
1.48360604523505
1.46421495483863
1.43342116288261
1.39163278059446
1.35326906326098
1.30975441172975
1.2197143394792
1.25604395305121
1.35035050343893
1.39245331851314
1.43589716210779
1.48472537032715
1.5155016485002
1.53293319653591
1.55096170722642
1.56980001769766
1.58938452805148
1.60922286888318
1.62835729982042
1.64548325690808
1.65921632838725
1.66843322561515
1.67256169815227
1.6717075441947
1.66658550564606
1.65831033131272
1.64814630505599
1.63729727170179
1.6267754525932
1.61734945664933
1.60955290978249
1.60416737412704
1.60092604894025
1.59920740909094
1.59891344160507
1.6000534394131
1.6028079490825
1.60788209916172
1.6157349651144
1.62573352968714
1.63740140639205
1.64997962042834
1.66240755664043
1.6733626619617
1.68138236686618
1.68507677523428
1.68340341216963
1.67592527847119
1.66294442961886
1.64543361239882
1.6247775497295
1.60242704073086
1.57959853432648
1.5571085823316
1.53536063754962
1.5144472903814
1.47850579328949
1.42545238955545
1.37862794860937
1.33343290437549
1.24213249923055
1.26672272375623
1.35693890266975
1.39538838383749
1.44817113996832
1.51049445031545
1.54514657954676
1.56191167440695
1.57772863686509
1.59305895240786
1.60811299948287
1.62271128208998
1.63626460905351
1.64788153710929
1.65658479281383
1.66157626544751
1.66246067524566
1.65935018531557
1.65282557439451
1.64379033245652
1.63328546614236
1.62232578499651
1.61179029035612
1.60237170963004
1.59457433022814
1.58921088186088
1.58596488045281
1.58425748005853
1.58397369226413
1.58511886763665
1.58787932294065
1.59290071869695
1.60066483773099
1.61049315366957
1.62192586951666
1.63427037658231
1.64659499922999
1.65777106438787
1.66657816963786
1.67187411614229
1.67280309714097
1.66898257431942
1.66059346967389
1.64832228233963
1.63316451456316
1.61616054129186
1.59815768460306
1.57966757198699
1.56084287678665
1.54156368911516
1.50430941800285
1.44233457140308
1.38818601610652
1.34492558937519
1.25503567356827
1.27415218115486
1.3632270964074
1.39796514104459
1.4578320760435
1.52855704504616
1.56318108407124
1.57815699951673
1.59128838397282
1.60323568237123
1.61438413953914
1.62474985229405
1.6339819514461
1.64146215364574
1.64648407962331
1.6484643947394
1.64712016985256
1.64255693913361
1.63524895431267
1.62593557324318
1.615481688531
1.60474805971671
1.59449908104064
1.58535524101194
1.57778380130883
1.57257687012543
1.56942041775213
1.56776176881624
1.56748529247922
1.56859286215678
1.57126191949948
1.57609736418301
1.58355572092914
1.59296755862458
1.60390030705195
1.61572752457159
1.62763145850465
1.63864491270967
1.64774213201295
1.65397617606792
1.65663929701221
1.65540059668728
1.65036706382073
1.6420332107361
1.63112716882231
1.61840371004254
1.60445164535715
1.58956874687613
1.57372523596052
1.55661465948204
1.52044910358735
1.45266869979722
1.39305860474552
1.3530717130621
1.26378010417698
1.28158322913594
1.37244706911927
1.40281926175812
1.47011911133861
1.54761691693666
1.57995135256457
1.59236436908452
1.60239735719132
1.61082376750478
1.61813992663683
1.62450558585306
1.62975272291653
1.63347636233078
1.63518259448412
1.63445668354834
1.63110379205879
1.62522294516412
1.61720031524405
1.60763731370768
1.5972469553393
1.58675260419862
1.57681164532242
1.5679720757238
1.56065900061114
1.55562873539288
1.55257666408255
1.5509694948561
1.5506944700494
1.55174975105065
1.55430108059242
1.55891945107838
1.56603090395336
1.57499283847472
1.58540650325255
1.59671368317713
1.60820489702873
1.61905920829826
1.62842118220964
1.63551033268808
1.63974304067282
1.64083240464336
1.63882791936442
1.63407173971958
1.62707793249161
1.61837023477524
1.60832644614999
1.59706944081482
1.5844315789926
1.56997695759636
1.53634696045635
1.46332544552573
1.39798300890117
1.36281012401757
1.27231781058371
1.28987459920903
1.38704124351691
1.41151769579068
1.48745382479557
1.57074614292066
1.59782082934818
1.60677879580138
1.61314279133487
1.61766178357588
1.62091159201464
1.62315905066553
1.62438423612205
1.62436029507418
1.62277259648131
1.61934939671339
1.61397111430798
1.60673122719843
1.59793864219308
1.58807097200084
1.57770106568353
1.56742107377334
1.55778161939972
1.54925381119161
1.54221352280815
1.53737265710676
1.53443137922539
1.53287526484285
1.53259406832635
1.53358156404626
1.53599219960803
1.54036227357062
1.54709219015382
1.55557728120962
1.56546054596343
1.57625779467003
1.58736939613406
1.59811630133293
1.60780276723802
1.61580024829898
1.621636301444
1.62506352301123
1.62608272263327
1.62490553702607
1.62186147266802
1.6172734671925
1.61133477823687
1.60401648168034
1.59502487119692
1.58390973766534
1.55500354856151
1.47617438546622
1.40421842712812
1.376864677054
1.28174955216222
1.29867153817881
1.40855921703575
1.42501046169915
1.50930757792101
1.59811177093122
1.61605387352557
1.62114907204064
1.62349459811319
1.62394224069941
1.62310023737179
1.62130407581562
1.61864365268939
1.61503125341047
1.61029463694184
1.60427661164383
1.59691864006934
1.58831024149222
1.57869687783865
1.56845175792542
1.55802596789521
1.54789360288071
1.53850500412556
1.53025490491194
1.52346636354652
1.51880248599736
1.51596292085109
1.51444880475161
1.51415168741151
1.51506029559118
1.5173190227722
1.5214319108976
1.52778044031868
1.53580584822401
1.54519780896937
1.55554723725214
1.56635950957469
1.57708550442672
1.58717086617715
1.59611805063192
1.60354873763501
1.60924917323061
1.61318153552156
1.61545224345005
1.61624100157181
1.61570661192938
1.61389147568577
1.61064390556375
1.60557488385465
1.59807434332065
1.57731420915197
1.48996224975977
1.41188486998519
1.39729201600039
1.29178779983535
1.30887650496201
1.4300503735865
1.46757600409235
1.55421924529082
1.6235962523944
1.63418792140047
1.63505147056964
1.63332087527437
1.62977331248135
1.62501018905934
1.6194043998856
1.61312469811812
1.60618867278062
1.59853344857485
1.59009055677248
1.58084948968234
1.57089752933955
1.56043054299892
1.54973767934144
1.53916901329968
1.52909728108802
1.5198831338301
1.51184948622921
1.50526651704365
1.50074868126817
1.49798999226593
1.4965024347365
1.49617841182403
1.49700096311297
1.49910620389129
1.50297006711724
1.50896240959602
1.51657445460242
1.52554416854965
1.53553455530279
1.54614670815202
1.55694537091352
1.56749629489919
1.57741059820593
1.58638695320126
1.59423974953069
1.60090239756869
1.6064003614568
1.61079680667075
1.6141215879309
1.61629835238013
1.61708327907625
1.61602781695955
1.61251320038585
1.5983475954135
1.52424396621916
1.44549542876824
1.41820228703466
1.30343811338796
1.31948754499418
1.45272369954083
1.51910432749979
1.6006997169239
1.64747960573833
1.65116844586993
1.64802658507178
1.64247839057086
1.63523452287712
1.62688023764232
1.61781485106731
1.60826768972306
1.59833735790158
1.58804482433709
1.57738975831926
1.56639918417244
1.55515983854516
1.54383031259807
1.53263442133312
1.52184137900999
1.5117400930225
1.50261419106678
1.49472213427848
1.48828415375356
1.483870034546
1.4811639788639
1.47968361856188
1.47932124637475
1.48005359570965
1.48201044611346
1.48564441899297
1.49132044815554
1.49858020559132
1.50720856185138
1.51693459043218
1.52744337539583
1.53839621668101
1.54945801982502
1.56032792819777
1.57076659992009
1.58061220413685
1.58977828098571
1.59823032650685
1.60594333948671
1.61284769569707
1.61877367459775
1.62340548915753
1.62625562550333
1.62673216927876
1.61842894129116
1.56695303735705
1.49373899395468
1.44043327375048
1.31607013776838
1.32958724543522
1.47688114815068
1.5592569228599
1.63447358120273
1.66930772814016
1.66639123638021
1.6598189372596
1.65093200146731
1.64043940617866
1.62892411976422
1.61681551729962
1.60439592245405
1.59182972411698
1.57920376868826
1.56657070817562
1.55398724246598
1.54154109782992
1.5293637870571
1.51762975225323
1.50654530564053
1.49633214137763
1.48721000589746
1.47938182925654
1.47302297287032
1.46866525858128
1.4659801806108
1.46448596853667
1.46407394594629
1.4647139364622
1.46653122647747
1.46995980312089
1.4753650862005
1.48233682148374
1.49070308844026
1.50025119359636
1.51073770041482
1.5219038282887
1.53349486992034
1.54528050972074
1.55707135853206
1.56872642729075
1.5801472092048
1.59125659591079
1.60196441440789
1.61212485758596
1.62149350065732
1.6296925005598
1.63619718637541
1.64034908780376
1.63891103488603
1.60114325663626
1.53455230564893
1.46608225655748
1.3286921263707
1.33903695607265
1.49920931485637
1.59042188724684
1.66017181666289
1.6876419831044
1.67978203379288
1.67045583235615
1.65880611708701
1.64557079016847
1.63135982078681
1.61664221155747
1.6017516537097
1.58690896842178
1.57225434731255
1.5578823461787
1.54387342505137
1.53031744141099
1.51732682182857
1.5050395822908
1.49361431866021
1.48322032491209
1.47402604221871
1.46618832769148
1.45984401383677
1.45549524243581
1.45279917719363
1.45127011556773
1.4507977127767
1.45134428736861
1.4530322137538
1.45628092786284
1.46146018885401
1.46820352185324
1.47637700413057
1.48581753087969
1.49634096286274
1.50775350221949
1.51986498558353
1.53250166208527
1.54551511366587
1.55878375922859
1.57220416424393
1.58567116739435
1.59904828773085
1.61213240676774
1.62461875645541
1.63607378406043
1.64592383639551
1.65346646622571
1.6583751286128
1.63063886370664
1.56990180772605
1.49214311792378
1.3412757128712
1.34752373885884
1.51847432215673
1.61487628977569
1.68065195674997
1.70308922574513
1.69168716136834
1.6802410684435
1.66637616196755
1.65088250381335
1.63441918517971
1.61750453002668
1.60052279300264
1.58374391805839
1.56735145735876
1.55147291396389
1.53620747578016
1.52164756954128
1.50789246223758
1.49505391114972
1.48325525982643
1.47262616129688
1.46329523693524
1.45538257898207
1.44899337283393
1.4446089890085
1.44187170428508
1.44028801561959
1.43974536908362
1.44019798483574
1.44176656922205
1.44485927646697
1.44985252238137
1.45641819566003
1.46445431627664
1.47383861166276
1.4844349758873
1.49610169864215
1.50870025543274
1.52210273904441
1.53619548214121
1.55087638311179
1.56604406993295
1.58157832714561
1.59731298736227
1.61300445022302
1.62830084998416
1.64271833424779
1.65563170942957
1.66628868982047
1.67694806919571
1.65750958656129
1.60141059495254
1.51725570309263
1.3535448362052
1.35478471825496
1.53452101097216
1.6345514866704
1.69794566346519
1.71686837672401
1.70279811442618
1.68968277781726
1.67402688730677
1.65667407565313
1.6383386548112
1.61958987974062
1.60085788893274
1.58245288762555
1.56459164242767
1.54742590820122
1.53106844499624
1.51561373108533
1.50115200276505
1.48777662560793
1.47558584311487
1.46468054129637
1.45515979966264
1.44711575432238
1.44062888598321
1.43616867786752
1.43336273121126
1.4317065127333
1.43108483846837
1.4314432353082
1.43290163373675
1.43585933398057
1.440700360934
1.44712897759313
1.45506870107409
1.4644295853363
1.47511337344295
1.4870194691037
1.50005062140231
1.51411675151534
1.52913502823244
1.5450243334688
1.56169274966022
1.57901766190404
1.59681941909746
1.61483111392435
1.63266879147945
1.64980813018941
1.66557548400402
1.67916525374702
1.69523641512471
1.68305129857518
1.63032903247652
1.54093437709675
1.36519064185358
1.36065257353602
1.54768006980389
1.65111103971102
1.71373442182635
1.73021719926537
1.71389616091411
1.69935337104281
1.68217136260525
1.66324410293792
1.64333515111839
1.62305593866483
1.6028709241234
1.58311765162384
1.56403383416035
1.54578571069263
1.5284936663233
1.51225270536697
1.49714676824097
1.48325702142734
1.47066506262239
1.45945243093091
1.44969790907689
1.44147391755628
1.43484299393256
1.43027124374972
1.42737225208708
1.42562773265472
1.42491950867785
1.4251838180395
1.42654038090571
1.42938133213929
1.43409812521318
1.44042110364531
1.44829266771262
1.45764701854212
1.46841449428888
1.48052615405375
1.49391757693063
1.50853051321295
1.52431080702528
1.54120106312288
1.55912691845121
1.57797651766404
1.59757385539686
1.61764801228693
1.63780199554294
1.6574869637746
1.67599037856379
1.69245136700514
1.71387522974873
1.7083087600859
1.65771699283738
1.56310629667627
1.37592644553876
1.36504207961562
1.55843493049687
1.66594893173895
1.72944745106622
1.74419621943902
1.72566331162502
1.70974928690644
1.69115822302238
1.67083317633525
1.64957396158381
1.62801617239469
1.6066393743871
1.58579037223314
1.56571250693116
1.54657507045967
1.5284991642713
1.51157803703311
1.49589125701555
1.481513065028
1.4685159187668
1.45697057668045
1.44694410926726
1.43849703140568
1.43168046898488
1.42696518032996
1.42395152812408
1.42210505706342
1.42130421684649
1.42147536562187
1.42273830095625
1.42547913044615
1.43009566805565
1.43633776252469
1.4441599404538
1.45351255388613
1.46434585092388
1.47661402060334
1.49027821152866
1.5053072502296
1.52167460845591
1.5393502198283
1.55828606540441
1.57839504007615
1.59952345878808
1.62141867137832
1.64369472517128
1.66580107051992
1.68700244356863
1.70638358598103
1.73336824160067
1.7341679022219
1.6844564794024
1.58383542156016
1.38549087468273
1.36791827354961
1.56723513834112
1.68019718160302
1.74629471999038
1.75961481469344
1.73856473112871
1.72118545212696
1.70119112281226
1.6795699109679
1.65713665110508
1.634523895415
1.61219963064928
1.59049679379064
1.56964608107027
1.54980692624217
1.5310936450725
1.51359529279782
1.49738897745199
1.48254726601066
1.46914089910311
1.45723828475381
1.44690320610507
1.43819192334415
1.43115053045433
1.42626204951782
1.42311423951295
1.4211541223426
1.42025628936743
1.42033664507421
1.42151513787301
1.42417268241429
1.42871174371658
1.43489465877719
1.44268106550301
1.4520293596233
1.46290108020477
1.47526525895093
1.48910171743608
1.5044020171494
1.52116658876757
1.53939661480073
1.55907953791982
1.58016759245298
1.60254944709112
1.6260158534597
1.65022115828775
1.67464390951912
1.698552459019
1.72098795296967
1.7540048407954
1.7613576061262
1.71123701256378
1.6031470246337
1.39363237671078
1.36926544255072
1.57438235790088
1.6947279251497
1.76527841007762
1.77696311442322
1.75275546945602
1.73371217458024
1.71226498519765
1.68942804479579
1.66599576528287
1.64255997437258
1.61954362257416
1.5972387096828
1.5758430498001
1.55549268310375
1.53628789160142
1.51831187680896
1.50164221630983
1.48635609211094
1.472530850419
1.46024165175017
1.44955783335723
1.4405392292645
1.43323326436268
1.4281425526058
1.42484236796747
1.42275864131617
1.42176142181079
1.42175562154143
1.42286127379758
1.42545492247199
1.42994159181355
1.43608838119991
1.44385257348832
1.45319200644169
1.46407036306836
1.47646268945126
1.49036005620614
1.50577192812786
1.52272458512246
1.54125399176448
1.5613918618819
1.58314424044051
1.60646257409274
1.63120776620502
1.65710792205082
1.68371034859906
1.71032891158894
1.73599362893386
1.77576637651512
1.79041588106726
1.7385181194173
1.62089676459377
1.40009240245805
1.36906717311387
1.57994135504412
1.71011445994697
1.78715484174709
1.79628572310774
1.76797744002024
1.74704116950056
1.72411890188956
1.70019956628988
1.67600158251177
1.65202826122059
1.62861959767341
1.60599786762489
1.58430749558733
1.56364828315168
1.54410066379672
1.52574230393969
1.50865645156407
1.49293346522318
1.47866762561442
1.4659515005475
1.45486984123317
1.44549439324648
1.4378803727555
1.43255715350064
1.42908677569001
1.42687099448929
1.42577433087775
1.42569022682847
1.42673868181359
1.42929301055167
1.43375862122283
1.43989865227379
1.44765991165367
1.45699016959204
1.46784493009614
1.48019503193237
1.49403387064126
1.50938251485477
1.52629066128707
1.54483144129632
1.56508859556707
1.58713534926226
1.61100515769493
1.63665494165461
1.66392096783289
1.69246542961033
1.72170784123628
1.75073475307645
1.79817199102178
1.82159258424184
1.76643474933333
1.63664539714134
1.40459937803039
1.36730407854046
1.58364965761545
1.72651112855113
1.81229266138737
1.81695024459827
1.78344258088045
1.76048820241209
1.73621526684365
1.71149129538012
1.68688562104431
1.66276149108922
1.63933859554979
1.61674218066394
1.59504448808624
1.57429833811371
1.5545612201596
1.53590893532016
1.51843933773505
1.50226822697452
1.48752038908018
1.47431892673132
1.46277544784749
1.45298269972687
1.44501025560707
1.43942126855007
1.43576249440444
1.43340759409932
1.43221416410367
1.43206379366697
1.43307637759638
1.43562382936584
1.4401100554864
1.44628430329075
1.45407400128854
1.46340605928364
1.47421564262682
1.48645684767596
1.50011389517324
1.51521061854225
1.53181546156753
1.5500392618022
1.57002389128037
1.59192117145476
1.61586288824614
1.64192351935662
1.67007664734878
1.70014271269605
1.73171705726224
1.76405097483892
1.82002992847553
1.85462897027152
1.79459672477115
1.64951946183243
1.40688386672328
1.3639740032377
1.58482359800154
1.74339254002447
1.84031580956516
1.83728708015822
1.7977486971908
1.77297236019033
1.7477679123382
1.72275438382764
1.69828393736362
1.67453808916644
1.65158606676664
1.62943332150577
1.60806430753201
1.5874772144452
1.5677073289215
1.54883705779456
1.53099321391553
1.51433465781543
1.49903485212241
1.48526393996685
1.47317384292777
1.4628881980597
1.45449740761609
1.44860507157799
1.44473879922403
1.44223909479996
1.44095471866833
1.4407551627831
1.44176030948057
1.44434357373927
1.44890624269545
1.45517252624171
1.46304082306038
1.47240486169797
1.48316486236196
1.49524235942404
1.50859711639289
1.52324314427481
1.53925978454023
1.55679376966289
1.57604942361348
1.59726647198781
1.62068748966113
1.64651871074719
1.67488762206815
1.70579762539781
1.73907146327776
1.77424693809705
1.83909364522474
1.8882987703401
1.82170451024061
1.65807240563174
1.40672331465807
1.35913302177257
1.58231253227575
1.75902574984592
1.86924436014426
1.85418687913104
1.8089549502492
1.78313935713688
1.7578397063929
1.73334934978866
1.70977794484559
1.68710655837174
1.66523521512421
1.64403245566581
1.62338245605646
1.60322420603556
1.58357606242661
1.56454180426361
1.54629893037029
1.52907424871425
1.51311410737397
1.4986563424667
1.48590880235324
1.47503640039368
1.4661562287838
1.45991812745815
1.45582432747638
1.4531757155135
1.4518097054784
1.45158363676834
1.45261775937672
1.45529134110804
1.46000329283599
1.4664407557968
1.47446303300622
1.48391684447079
1.49464996888378
1.50653131085737
1.51947575206832
1.53346972342731
1.54859140649968
1.56501901684908
1.5830224841535
1.60293777090808
1.62512768846706
1.6499364219086
1.67764537763372
1.7084339635767
1.74234551100678
1.77924621755901
1.8517527105007
1.91943695969203
1.84481924538246
1.66024977187141
1.40401419932469
1.35293080350326
1.5747213783705
1.76927668323033
1.89332125587039
1.86315341390637
1.81500084887301
1.78962545619242
1.76549449607132
1.74263283171951
1.72094296701544
1.70020946212357
1.68015520249934
1.66049801819411
1.64100990847674
1.62156766305146
1.60218265257917
1.58300271772028
1.5642875014149
1.54636608881321
1.52958932850609
1.51428793886777
1.50074307188827
1.48917097799869
1.47971975825182
1.4730894971431
1.46874793325594
1.46594836383174
1.46451371699232
1.46428937067654
1.46539672914439
1.46822699801744
1.47317898342344
1.47989065115253
1.4881724807682
1.4978093269392
1.50857607467279
1.52026388688391
1.53271572495843
1.54586577953432
1.5597735337066
1.57464159842125
1.59080899033671
1.60871809844435
1.62886179577767
1.65172339950718
1.6777233129861
1.70718098547812
1.74028344333989
1.7771075281414
1.85332415266637
1.94069666929134
1.85781308802011
1.65380690533315
1.39883385338859
1.34543542890733
1.56193337155818
1.76386992565331
1.8971719307541
1.86054601006996
1.81428440089326
1.79135765243032
1.76994844782791
1.75004395647131
1.73138904154717
1.71359476961624
1.69620367927745
1.67876606601403
1.66092486835192
1.64248999631203
1.62348013425358
1.60411980841997
1.58479487837684
1.56598277087644
1.54817877151737
1.53183577437107
1.51732610993672
1.5049255851122
1.49481472654137
1.48774479785617
1.48313677310656
1.48018704040995
1.47870034474524
1.47851059682101
1.47974162757652
1.48280447031949
1.48810273900173
1.49521440568752
1.50389300577494
1.51384679887556
1.5247550192183
1.53630066200552
1.54821975665759
1.56036062501237
1.57273926743321
1.58557272273728
1.59927509994407
1.61441181094544
1.63162210407506
1.65153125287677
1.6746761137767
1.70145805811941
1.73211661643195
1.76665196947957
1.84072698024433
1.93475204892745
1.84696848561947
1.63846940078559
1.39124498844205
1.33688214748928
1.54437064184249
1.73694685953986
1.87002004887145
1.84444932227173
1.80632576282993
1.78774247287117
1.77070905260532
1.75516719884608
1.74077559404271
1.72699884042832
1.71318956419737
1.69869991115185
1.68301334468598
1.66586180374329
1.64728959632372
1.62764320573569
1.6074946843297
1.5875293947979
1.56843495612671
1.55081790055736
1.53515762809065
1.52179365637114
1.51093584882347
1.50338307807525
1.49849440344257
1.49539924938786
1.49388015545577
1.49376040841747
1.49516801201738
1.49854320202187
1.504302255188
1.51195545432848
1.52119460828464
1.53163877894895
1.54284829832712
1.55436316418891
1.56576887157132
1.57678317755384
1.58734413378973
1.59766949518743
1.6082592604882
1.61983049943934
1.63319972361038
1.64914848981456
1.66831143778232
1.69111039977597
1.71772765934306
1.74806957411231
1.8132003349883
1.89247992775749
1.80657248598761
1.61505746064269
1.38161516165529
1.32752366025517
1.5234675538815
1.6932251193227
1.81699730518838
1.81648363823156
1.79147582627952
1.77886227283481
1.76764447653414
1.75774141033311
1.74877852485978
1.74008441211619
1.73078995978177
1.71999232417825
1.70696183214081
1.69132987831471
1.67318895410369
1.65306869233258
1.63180586439394
1.61036661894237
1.58968373414533
1.57054683991891
1.55355256570469
1.53910168121761
1.5274244829642
1.51935828219868
1.51418343773725
1.51095285891063
1.50942298775704
1.50940769986839
1.51104122330594
1.51480294607289
1.52113221642083
1.52946899781894
1.53944376680942
1.55057864187571
1.56229462059966
1.57395246717936
1.58493634873162
1.59477667648777
1.60328669214227
1.61066539509026
1.61751543863863
1.62475123033269
1.63341964737888
1.6444939732747
1.65870642966503
1.67645684549763
1.69779165498537
1.72247145164331
1.77394671216997
1.82332813528094
1.74554820471112
1.58623317835282
1.37038483346416
1.31767242310894
1.5007925307369
1.64518380767095
1.75578761013623
1.78064915634659
1.77085571455259
1.76534902190646
1.76090343626186
1.75758319070935
1.75499882907947
1.75232500675459
1.74840952127998
1.74200502590845
1.73208573487138
1.71814538015762
1.70035232234956
1.67949829244431
1.6567806805018
1.63352725817179
1.6109664300935
1.59009185172782
1.57161758899822
1.55599477396089
1.54345933728415
1.53487225815395
1.52941931605673
1.52606982035936
1.52455105616205
1.52466904910084
1.52656623336402
1.53077002326473
1.53775434322769
1.54689263385449
1.55776079567715
1.56978389235495
1.58223056139966
1.59425047592791
1.6049737434528
1.61367710808972
1.61998874998816
1.62406095961308
1.62662041944811
1.62884282185882
1.63208315778799
1.63756568624564
1.64614378827214
1.65818421579175
1.67356667963024
1.69174782391289
1.72814457140136
1.74901538902605
1.68183663991581
1.55491815918182
1.35811455746886
1.30760617910986
1.47783936985629
1.60138880301803
1.69954198109569
1.74138712026384
1.74622143330447
1.74805128558608
1.7507259548567
1.75445500757312
1.75883613384488
1.7628534441108
1.76499301186345
1.7635503237966
1.75709683953985
1.74493945893007
1.72735471765181
1.7054876979151
1.68099855115942
1.65565169145713
1.63100733986465
1.60826827482682
1.58825361981472
1.57144612319437
1.55806878540717
1.54898788771266
1.54328320531114
1.53983866195323
1.53835093223744
1.53862002862153
1.5407980470738
1.54546562524955
1.55314147604157
1.56314252283492
1.57500279741373
1.58805930154371
1.60142720868377
1.61402569514651
1.62468663052399
1.63236696709852
1.63644148166652
1.6369787913754
1.63485078650735
1.63156940853463
1.628890905521
1.62836312695417
1.63099773965298
1.63714146724902
1.64650676801469
1.65826735925945
1.68090713600211
1.68331129957193
1.62605634123552
1.52382273295201
1.34530944423733
1.29592343581151
1.45257318637102
1.55771425132101
1.64372893371737
1.69623793173923
1.71464706041342
1.72421760120939
1.73475973459765
1.74654730285462
1.75912412884708
1.77121149343609
1.78079107216002
1.78549723539172
1.78330297669531
1.77323611220693
1.75573715570783
1.73246459346
1.70571734507712
1.67782395880522
1.65073968257755
1.6258907399714
1.60418883195983
1.58612545323547
1.57188702236551
1.56231732451405
1.55638147401275
1.55286439336936
1.55143205518861
1.55187994657524
1.55436822962708
1.55954531761191
1.56797750108895
1.5789397916712
1.59193721818092
1.60622569612115
1.62075865940685
1.6341891433855
1.64497688558306
1.65164926276017
1.65321260889982
1.64958949847671
1.64183714521357
1.63194010768604
1.62222343209742
1.61468753700397
1.61056841314523
1.61021714619506
1.61320551767605
1.61851206942084
1.62910514062359
1.62030325711663
1.57276022612768
1.49059536789753
1.33029621978592
1.27636443911379
1.41383593356445
1.49760398264527
1.56787319458626
1.62522775463624
1.65664557593069
1.67541237207703
1.69601493996098
1.71865332857947
1.74271443980392
1.76649287532551
1.78716399802493
1.80126795495325
1.80575407922943
1.79915775734851
1.78218223417802
1.75731847719269
1.72785702450196
1.69694561311859
1.66706361239627
1.63989673730686
1.61643510166243
1.59714473827581
1.58213681146373
1.57216221306242
1.56608982929128
1.56257391474173
1.56125708744476
1.56193350049351
1.56475879729537
1.57048146987749
1.57968146093804
1.59163132887471
1.60582367525406
1.62143678502887
1.637237368409
1.65153664128952
1.6622748137999
1.66733385206733
1.66512711310737
1.65531558695563
1.63923787131313
1.61964323139711
1.59977567419432
1.58235487674094
1.56898132939342
1.56007286625334
1.5551236835369
1.55304925210228
1.55277779088668
1.53885283645345
1.50377682206124
1.44223655114699
1.30522473633538
1.24384232988159
1.3609855968612
1.4260904830928
1.48017811453122
1.53127292753522
1.56580438588186
1.58766665971618
1.61198350318446
1.63870670607443
1.6670577013695
1.69524453355429
1.7204103436601
1.73907890145416
1.74815893406968
1.74609987176521
1.73348464958513
1.71268307799035
1.68689537366316
1.65922279655626
1.6321367626399
1.60733968434969
1.58584926214038
1.56816020027183
1.55440799250076
1.54528270964603
1.53974767250177
1.53655741031062
1.53537936086777
1.53601974756762
1.53860824291065
1.54381719263308
1.55213170455214
1.56285152716558
1.57545177884218
1.58909170146097
1.60252164742439
1.61404637271806
1.62161862391254
1.62315917033361
1.61714561316563
1.60331490093991
1.58307053486837
1.55919848730282
1.5349548211693
1.51307185895179
1.49519684739246
1.48185582284213
1.47272638303847
1.46697723695995
1.46216952398471
1.45099129734301
1.4272441078918
1.38079879976161
1.26566654017837
1.20270993431914
1.29982900364163
1.35051408438908
1.39131936596032
1.43105291596113
1.45918761135791
1.47710439300421
1.49679158895566
1.51798907904273
1.5399578967514
1.56138162276927
1.58041431222405
1.59497184731335
1.60325118697484
1.60428392043454
1.59824028400501
1.58632580029144
1.57036515268676
1.5523172004629
1.53391706751136
1.51650322830361
1.5009897972782
1.48791938792913
1.47754735004995
1.47052569988584
1.46618194395513
1.46359022307161
1.46251402671454
1.46278454654997
1.46447288886099
1.46801932042691
1.47365986264605
1.48079518691828
1.48890579122807
1.49724888025607
1.50482799714424
1.51041955515555
1.51269421633272
1.51046113919344
1.50301240327883
1.49045235449722
1.47382583230933
1.45491437492011
1.43576079974526
1.41815326134292
1.40329180610335
1.39170778175809
1.38336557355378
1.37783313653699
1.37314704378149
1.36541506938483
1.34870446865875
1.31267535145599
1.21802297537162
1.1353786333755
1.20317398515783
1.23727015499603
1.26373427042599
1.28883441051364
1.30543781628999
1.31603871816423
1.3272933543019
1.33893631450343
1.35053751337994
1.36150018424567
1.3711136707973
1.37865663688051
1.38353079771995
1.38538744214556
1.38420511238384
1.38029234843569
1.37421783598908
1.36669631648257
1.35846875183438
1.35020724098957
1.34245795810569
1.3356200834665
1.32995048958616
1.32590600422342
1.32329470292255
1.3215958780684
1.32071413131956
1.32052714094626
1.32103306672095
1.32242378084341
1.32464931278414
1.32737985715784
1.33025237742172
1.33282007884126
1.33457084576511
1.33497232928108
1.33354628786398
1.32996321379832
1.32413387912538
1.3162650052932
1.30685116132685
1.29659608546298
1.28628405630418
1.27664044095113
1.26822066958696
1.26135104605743
1.25612392438166
1.25243867472555
1.24952583411051
1.24417670266036
1.23308161580051
1.20877585251367
1.14376566938683
1.15490250204928
1.22630829483927
1.25755807824911
1.2772132740357
1.29175274662655
1.29943378064029
1.3047485145815
1.31061501104439
1.31696236155126
1.32363153593847
1.3303741750688
1.33686947894884
1.34276135667341
1.3477091828334
1.35144116238611
1.3537976769551
1.35475432817645
1.35442027798262
1.35301456487373
1.35082847381051
1.34818399577459
1.34539699143741
1.34275026774948
1.34047839849105
1.33885136461272
1.33792889783933
1.33749650440182
1.33755348141354
1.33811507151494
1.33920479448569
1.34108541618238
1.34374756043732
1.34691976192507
1.3503738397263
1.35381549611135
1.35689786546146
1.35924816218157
1.36050619057723
1.36037008012083
1.35864083608711
1.35525517467422
1.35029727334365
1.34398495370668
1.33663297588704
1.32860269352617
1.32025062403841
1.31188764389836
1.30375649491448
1.29602644939795
1.28384767354379
1.26395615183144
1.24153726093275
1.21062480804833
1.14401138459195
1.22720042937854
1.32718593816756
1.37162909584008
1.4009374790241
1.42383952597134
1.43716455320387
1.44563662169577
1.45495867499296
1.46506682791846
1.47571276497625
1.48646405692967
1.49673072023987
1.50583704211138
1.51313125691304
1.51810688069783
1.5205005601246
1.5203372719946
1.51791271294701
1.51372475898785
1.50837985541877
1.5025015041872
1.49665983971633
1.49133024116695
1.48688039722117
1.48380869927133
1.48202613027124
1.48117531960075
1.48120869153614
1.48214740278793
1.4840803721161
1.48743972822471
1.4924084140507
1.49850846683051
1.50539096317329
1.51256947044625
1.51942870816342
1.52526318632883
1.5293481930108
1.53103743809742
1.52986993708203
1.52565842942916
1.5185300292226
1.50890166074831
1.49739505100022
1.48471770551641
1.47154587515696
1.45843911014305
1.44579780386287
1.43384819126375
1.41423318010592
1.38409961220743
1.35108146164673
1.30696907206504
1.2133185170165
1.26835257045114
1.38303327815101
1.43582522054655
1.47384149301839
1.505287533875
1.52296747358426
1.5334657194685
1.54462133312754
1.55642445420088
1.56864669096629
1.58081246151152
1.59221757514166
1.60202203438968
1.6094048745715
1.61373976754537
1.61473543807247
1.61249514940469
1.60748171923757
1.60041044271735
1.59211249486837
1.58340966226251
1.57502542654352
1.56753958941514
1.56138187239037
1.55717934237055
1.55473401546163
1.55355114947188
1.55355119691059
1.55475735544051
1.55730217556356
1.56176860030849
1.56847629442177
1.57683837919534
1.58645324966377
1.59673248495564
1.60690087122241
1.61603666166314
1.62315946333163
1.62736246616883
1.62796711501688
1.62465910025014
1.61755772786363
1.60718699215719
1.59435280906371
1.5799678003592
1.56488144198161
1.54976260110875
1.53505269584206
1.52096748481174
1.49714622524108
1.45914832595604
1.41747399823382
1.36402596216632
1.25451265354726
1.29777177305522
1.42126726500455
1.48076832251039
1.52923336116791
1.57009380034445
1.58986886924429
1.60004368095338
1.60999503332492
1.6199011565149
1.62971915495706
1.6391335977587
1.6475696790211
1.65429009212823
1.65855704737842
1.65981429722004
1.65783130272917
1.6527636951406
1.64511765588957
1.63564211029845
1.6251923531488
1.614606190166
1.60461720030559
1.59581160260939
1.5886235471611
1.5837441926091
1.58089946871502
1.57951386370785
1.57948591770197
1.5808368899659
1.58372265032479
1.58880409469333
1.59648025521977
1.60610866664159
1.6172836523907
1.62940940769039
1.64169811193695
1.6532079361896
1.66292914910916
1.66991595772648
1.67344272946765
1.67314315625404
1.66908303319328
1.66173293651985
1.65184357040834
1.64026482208111
1.6277677025736
1.61491902818809
1.60203156869423
1.58917301775379
1.56560868369127
1.52201367429336
1.47107893267124
1.40856935022211
1.28645305922447
1.31454621823535
1.44527235634005
1.51096019356252
1.56942231410468
1.61498071930059
1.63213143677687
1.63894993557443
1.64474464381676
1.64991711821941
1.65463163570919
1.65878259393506
1.66201765125151
1.6638270902509
1.66368141324537
1.66118083488661
1.65617313201103
1.64880618928888
1.6395060119062
1.6288972946098
1.61769867717486
1.60662417203724
1.59631098072216
1.58728043719958
1.57992958460681
1.57496924583978
1.5720564403346
1.57063620824163
1.5705875072667
1.57192675012161
1.57482260818692
1.57990011332289
1.58761094629236
1.59729166241233
1.608566998849
1.62090273486023
1.63360890389077
1.6458755881063
1.65684622597885
1.6657247485263
1.67189848569086
1.67504470099244
1.67518408157349
1.67265669181959
1.668022386639
1.66191537347732
1.65489658119859
1.64734244226548
1.63938946627891
1.63092230010124
1.61266692219499
1.56902901934033
1.50983970019242
1.43881896852397
1.30616031721645
1.32512611213217
1.4622426163655
1.53368779517754
1.59993744490219
1.64498404959761
1.65699657211265
1.66024929226366
1.6622110129644
1.66339179923371
1.6640511446553
1.66419030092696
1.66358375319908
1.66186134754844
1.65862517479073
1.65357319377766
1.64659654156327
1.63782526080255
1.62761524393052
1.61648872049373
1.60505235168521
1.59391745266925
1.58363910751609
1.57468080216064
1.56740339276378
1.56249898822094
1.55961157897953
1.5581971471406
1.55813127786834
1.55942623957257
1.56224814444745
1.56719796806755
1.57472625444862
1.58418726874619
1.5952367923536
1.6073966588794
1.62006165768775
1.63253290921901
1.64408084154224
1.65403340790946
1.66187420692903
1.66732521859215
1.67038647594331
1.67131471315521
1.67054270211594
1.66856133915429
1.6657971665581
1.66251442845641
1.65875836025431
1.65432797326585
1.64253002715309
1.60243224193568
1.53688825874786
1.45883083015038
1.31853641730416
1.33488573495463
1.47990716725587
1.5593298057008
1.63399210072143
1.6737655843163
1.67871363561277
1.67800310098493
1.67600431087356
1.67325169062167
1.67004796095049
1.66645580673183
1.66233722929151
1.65742601899867
1.65142510022579
1.64410734959924
1.63539509947993
1.6253994205451
1.61441350780615
1.60286886236385
1.59127203685963
1.58014078085512
1.56995323793028
1.56111637149314
1.55395370679641
1.54912854460148
1.5462825237732
1.54487831916044
1.54479202863534
1.54603163187101
1.54875714493115
1.55354977231427
1.56084918657572
1.57003898071694
1.58080797058646
1.59273363545451
1.60529117033572
1.61788402207414
1.6298973389869
1.64076979318095
1.65007101626984
1.65756502946735
1.66323906007676
1.6672848098936
1.67003372675121
1.67186264181541
1.67309396263404
1.67391217669883
1.67430401755449
1.67403939545127
1.66989782714593
1.6374252758186
1.56500502155424
1.47821700828889
1.32984120087295
1.34516995329781
1.50040516091706
1.59383564710536
1.67868642061093
1.70407534221333
1.70014251790202
1.69497491407238
1.68863732900192
1.68171885816259
1.67452023987388
1.66713478963319
1.65948828194214
1.65139876409664
1.64265363839685
1.63308880006024
1.6226515608783
1.61143346897824
1.59966853465527
1.5877026069458
1.57594644019079
1.56482634314298
1.55474309790789
1.5460446209828
1.5390133432576
1.53427904915868
1.53147939327497
1.53008442379165
1.52997079005664
1.53114153616229
1.53375051061689
1.53835718304485
1.54539206346092
1.55427498055927
1.5647321303431
1.57640004248713
1.58883582744478
1.60154421309828
1.61402151743987
1.62581219357364
1.63656774588763
1.64609338575111
1.65436772692989
1.6615266800425
1.66781302316716
1.67350357012803
1.67883156175376
1.68391942104497
1.68872390891443
1.6929187157903
1.69747156605451
1.68095137556992
1.60020750388473
1.4993751846139
1.34171584959349
1.35608328592326
1.52172467911025
1.64149070994009
1.73700146130209
1.73229162532616
1.72053319446979
1.71066573873585
1.69994770866142
1.68890674772573
1.67780851043542
1.66675642882233
1.65572288445424
1.64459331363775
1.63322413333453
1.62150284444846
1.60939666149681
1.59697942398208
1.58443316917042
1.57202790528797
1.56008809563657
1.54895574959701
1.53895819616625
1.53038515870656
1.5234766202327
1.51882701094227
1.51606791675945
1.51467534467296
1.51452628673338
1.5156182399573
1.51809938655799
1.52250793367608
1.52926818610644
1.5378408971382
1.54799187953792
1.55941684752708
1.57175187852862
1.58459653379802
1.59754893898809
1.61024890775692
1.62242123871513
1.63390862968529
1.64468408542335
1.65483705366195
1.66453472486618
1.67396721058033
1.68328958578765
1.69257246616638
1.70175949141838
1.71055491798769
1.72195507030287
1.73549984886309
1.64622038842593
1.52041389059828
1.35435602366324
1.36692924122931
1.54431463082844
1.68749149400003
1.7850599160998
1.75811640266509
1.7386292650791
1.7244691686349
1.7097474886391
1.69491281985789
1.68021856014705
1.66578520862025
1.65162898576347
1.63769381754905
1.62389438352303
1.61016136346934
1.59647889008874
1.58290667441923
1.56958388488268
1.55671680737181
1.54455588942459
1.53336903113615
1.52341705317114
1.51493508575668
1.50812157343497
1.50353674151361
1.50080386746999
1.49940232115049
1.49920901438056
1.50021531436044
1.5025646745957
1.50677593234094
1.51327083101583
1.52155314791369
1.53142842987161
1.54264894962516
1.55492358776075
1.56793692922618
1.58137640718572
1.59496415971401
1.60848769838658
1.62182195741202
1.63493592200689
1.64788020746675
1.66075691084701
1.67367805714067
1.68672197980361
1.69989629774876
1.71310050320601
1.72604204694224
1.74462538179537
1.77461474673166
1.68483377289223
1.54334769448338
1.36699037039329
1.37672937520139
1.56972038524765
1.70795973607945
1.79751464196241
1.78207096590628
1.7534567738513
1.73602120360737
1.71797719328261
1.69989046077563
1.68205374640177
1.66463369989057
1.64770007056037
1.63125450848539
1.61526466517892
1.59969955692148
1.58455934581279
1.56989419767886
1.55580995398307
1.54246172171387
1.53003901537627
1.51874714131636
1.50878910302597
1.50035097987958
1.49359248289441
1.4890433004784
1.4863164631763
1.48489150545926
1.48464475093254
1.48556087036402
1.4877797260865
1.49180340214196
1.49805468133442
1.50608011042955
1.51572320068684
1.52678811923513
1.53904845811382
1.55226248135935
1.56619347841592
1.58063248305127
1.59541900783907
1.61045462482458
1.62570486468399
1.64118716860937
1.65694597767956
1.67301935466404
1.68940342007699
1.70601856944707
1.72267205788611
1.73890192613336
1.76601811614397
1.78225225992027
1.70083009459013
1.56934445652976
1.37896977311172
1.38627206641767
1.59062238280142
1.72472207571105
1.80569712946933
1.79772921404875
1.76541886811994
1.7454276818527
1.72482106760919
1.70410387342495
1.68364485436483
1.66368176582673
1.64435139658423
1.62571656527936
1.60779622134426
1.59059542945
1.57413079244978
1.55844765510723
1.54362745226454
1.52978582712054
1.51706390920626
1.50561597375158
1.49559656619577
1.48714939715874
1.4803996216209
1.47585189391897
1.47310761497823
1.47164311754488
1.47133363276602
1.47215656898826
1.47424934884182
1.47810009654956
1.48413569470959
1.4919433474218
1.50140129621092
1.5123596588197
1.52464782362289
1.53808623427163
1.5525011441128
1.56774012065869
1.58368509576082
1.6002593425445
1.61742531807008
1.63517189402907
1.65349174061943
1.67235180821687
1.69166094558086
1.71123787313861
1.73077359569801
1.74981522373811
1.78084909995633
1.79001308496907
1.71734146396087
1.59207485868627
1.391167240878
1.39505264967393
1.60744643080356
1.73763235896162
1.81155093273769
1.80772480264973
1.7746394481263
1.75313676353496
1.73068383210183
1.70793516138922
1.68536072806418
1.66329017439
1.64193777622175
1.62143062367739
1.60183795885197
1.5831992934142
1.56554817155143
1.5489291339999
1.53340680333548
1.51906754040011
1.50601534025815
1.49436425862973
1.48422964192729
1.47571998182965
1.46893088817653
1.4643486150997
1.46156216607758
1.46004141462943
1.45966004413996
1.46038761970023
1.46236016442165
1.4660544382358
1.47190368876156
1.47953237419991
1.48884923919249
1.49974378280404
1.51209225387181
1.52576649762998
1.54064425912767
1.55661913299902
1.57360774981409
1.59155158417797
1.61041120860185
1.63015191145207
1.65072111139868
1.67201948906645
1.69386872693125
1.71597842417395
1.7379151407052
1.75905466214584
1.79203183294733
1.79887262858514
1.73358192718676
1.61252962308443
1.40312619783697
1.40279390981376
1.62097709180837
1.74778251451384
1.81654542635129
1.81496376069956
1.78217052467722
1.75985752003259
1.73614196761448
1.7118544026305
1.68759718809399
1.66380235086907
1.64076534016455
1.61867651016725
1.59765225680513
1.5777637058408
1.5590607320844
1.54158969509028
1.52540428788778
1.51056996199077
1.49716323480125
1.4852676290102
1.47496800694241
1.46634478812665
1.45946943275057
1.45481696811784
1.45196376933144
1.45037023334444
1.44990809776591
1.45053847549052
1.4523968488383
1.45595080263552
1.46164134951117
1.46912600294436
1.47833919631737
1.48920308133759
1.50163228475898
1.5155404202472
1.53084701015943
1.5474832985787
1.56539506086987
1.58454040261716
1.60488085821315
1.62636485012167
1.64890361726844
1.67234083002912
1.69641799142043
1.72073819325445
1.74472801310913
1.76757998767296
1.80217625836171
1.80941070461073
1.74987313953948
1.63152727794888
1.41459399918964
1.40937318011813
1.63213796296245
1.75680709377306
1.82229483316982
1.82181694670128
1.7893548715518
1.76651592562077
1.74186559505028
1.71636868218925
1.69074865617028
1.66553417944393
1.64109485655049
1.61767654976632
1.59543548005665
1.57446888613602
1.55484039177019
1.53659901522491
1.51979161516695
1.50446936245635
1.49068941855969
1.47851329938519
1.46800339928342
1.45921895653725
1.4522127567891
1.4474559002083
1.44451228399374
1.44283006584038
1.44227867740778
1.44281013274847
1.44456002387517
1.4479884722576
1.45354483672009
1.46091503483602
1.47005406365864
1.48091009160763
1.4934282698345
1.50755555422205
1.52324523776897
1.54045986207185
1.55917091922469
1.57935367017668
1.60097561395022
1.62397765260995
1.6482477487008
1.67358777464508
1.69967525405749
1.72602261844856
1.75193621236365
1.77646741513329
1.81317097380634
1.82252501521069
1.7671786989062
1.6497702435809
1.42541433982314
1.41476642815236
1.64182101948393
1.76619571004666
1.83021559830074
1.83005428772252
1.79741608850189
1.774010841436
1.74850443307369
1.72195229797603
1.69516823706457
1.66875497071042
1.64313774581458
1.61860231926021
1.59533226652455
1.57344210057658
1.55300432081492
1.53406966586623
1.51668070668596
1.50087956395964
1.48671095938332
1.47422199256311
1.46345998799768
1.45446958240337
1.4472902887225
1.44239648096829
1.4393399193489
1.43755394351954
1.4369053178023
1.43733626801439
1.43898294218445
1.44229926501497
1.44774281213335
1.45502296649616
1.46410998321877
1.47497155700621
1.48757607090745
1.50189639565166
1.51791296804427
1.53561491947028
1.55499782197324
1.57605652818841
1.5987716992244
1.62308895490392
1.64889013403813
1.67595694788927
1.70392850351154
1.73225608571743
1.76016074050616
1.78659351298295
1.82629241891858
1.8390625807443
1.78644360411582
1.66783681176345
1.43546874638826
1.41899401570529
1.65076052531221
1.77712928611057
1.84144477966678
1.84091360995621
1.80727428775581
1.78304222855159
1.75656938253613
1.72897361681961
1.70112405318247
1.67366456514668
1.64704784168841
1.6215766767905
1.59744461664216
1.57477146007262
1.5536317071126
1.53407553685376
1.51614278441343
1.49987094663582
1.48529856006939
1.47246538366279
1.46141071281588
1.45217095349243
1.44477765156322
1.43971549220457
1.43652442430621
1.43462044481065
1.43386723531068
1.43419650136287
1.43574521392531
1.4389620289129
1.44431203571936
1.45152285632864
1.46057451642213
1.4714477816858
1.48412728245985
1.49860497235167
1.51488265772746
1.53297240307203
1.55289342781393
1.57466400088496
1.59828689022531
1.62372714370616
1.65088137341203
1.67953837885449
1.70933219640525
1.73969113865705
1.76978994399398
1.79850827892221
1.84232042855778
1.85970262970368
1.80841285283005
1.6861218802536
1.44463221760087
1.42207250880775
1.65945687921508
1.79047269937548
1.85684659556125
1.85516156974341
1.81946720618054
1.79401074245036
1.76634597259756
1.73763359804043
1.70876062249449
1.6803720581496
1.65291259107652
1.62667361799284
1.60183757537082
1.57851537606937
1.55677550932959
1.53666482218347
1.51822182064452
1.50148381436288
1.4864894667142
1.47327832492645
1.4618887266443
1.45235522046126
1.44470666162605
1.4394449657693
1.4360983632483
1.43406286727968
1.43319854425946
1.43342581068783
1.43488258667957
1.43801300910567
1.44328855774471
1.45044945217134
1.45947972015602
1.47036654984402
1.48310375770346
1.49769560208747
1.51415966582694
1.53252758606893
1.55284220767233
1.57514961045899
1.59948447826063
1.62584742459914
1.65417314263168
1.68428866700493
1.71586194068949
1.7483430088027
1.78090370217846
1.81237868390512
1.8615929387014
1.88491780609982
1.83358503488069
1.70477313119277
1.45273669100878
1.42397954060878
1.6681173900744
1.80676034152387
1.87699048573558
1.87308667163357
1.83409322239807
1.80695170939331
1.77783590219359
1.7479227378913
1.71807137575608
1.68888079025135
1.66074701954451
1.63391833292647
1.6085432179451
1.58470891496947
1.56247007805966
1.54186814682224
1.52294266297559
1.50573619967631
1.49029477648687
1.47666558375843
1.46489356774642
1.45501806235487
1.44707058613282
1.44157718178096
1.43805398250842
1.43587406184763
1.43489315012499
1.43501958163274
1.43639226050437
1.43945157772467
1.4446740331655
1.45180618486314
1.46082986107059
1.47173153314207
1.48450659856137
1.49916426118089
1.51573169449599
1.53425617304957
1.55480361607905
1.57745185365436
1.60227696089808
1.62933115714027
1.65861092760147
1.69001411683224
1.72328487310272
1.75794600941631
1.79321997080469
1.82793579841023
1.88397278326961
1.91489647703471
1.86214316293513
1.7236124994415
1.45954645865767
1.4246361881038
1.67658545145131
1.82609997006502
1.90202793966063
1.89439235440314
1.85073724064073
1.82148037656999
1.79071987792206
1.75959808893203
1.72888605328279
1.69908281822933
1.67049277414492
1.64328902970385
1.6175639843383
1.593367741285
1.5707350836251
1.54970208283019
1.53031393271618
1.51262608895399
1.49670103945873
1.48260293103764
1.4703918658441
1.46011913668183
1.45182444478345
1.44606491082889
1.44234344833174
1.44000670448643
1.43890508694034
1.43893405041656
1.44023348540658
1.44324106824806
1.44843690919825
1.45556681343855
1.46460362270893
1.47552514781562
1.48831971493469
1.50299284366349
1.51957367891954
1.53811968092778
1.5587177540825
1.5814798597335
1.60653128426865
1.63399002208104
1.66393595189239
1.69636833306647
1.7311493486487
1.7679298105262
1.80605031813722
1.84440173523393
1.90871003604841
1.94934929157107
1.89378378779765
1.74202638162189
1.46475134314604
1.42391055950195
1.68424861985185
1.84793415847588
1.93138785231454
1.91797629344795
1.8683826590616
1.83675375521482
1.80434720772326
1.77218485098662
1.74087606714688
1.71076465958151
1.68202310200108
1.65472080130985
1.62887529922919
1.60448939371872
1.58157538893487
1.56016764361697
1.54032527881561
1.52212767851343
1.50566582051605
1.49103231668357
1.478312393222
1.4675771914403
1.45888028345767
1.45281685744353
1.44887442559001
1.44636897432785
1.44514425762084
1.44508207851027
1.44632335163829
1.44930458611558
1.45450831210367
1.46167150716355
1.47075056369256
1.48170561509333
1.49450773059878
1.50914814214185
1.52564803947807
1.54406713312194
1.5645086928178
1.58711861476952
1.61207638033382
1.63957640010783
1.66979880019564
1.70286863166081
1.73880107674862
1.77742639321941
1.81827916118854
1.86041309147562
1.93419915268651
1.98711325720736
1.92737228620451
1.75882598905243
1.46798466550443
1.4216452366673
1.68995153368529
1.87058271182932
1.96316811739124
1.94162958957229
1.88536338863075
1.85148584432081
1.81777116279939
1.78501025047254
1.75357999781038
1.72362412556814
1.6951526466573
1.66811007810887
1.64242593265046
1.61805037488002
1.59497543546115
1.57324246072532
1.55293787430705
1.53418076932805
1.51710656964687
1.50185071697401
1.48853525431537
1.47725979886411
1.46809749730315
1.46168844727761
1.45750116855961
1.45481581458403
1.4534677399689
1.45332438980805
1.45452785134936
1.45751579336005
1.46277251545936
1.47001710892779
1.47918142157117
1.49019767248062
1.50300755564423
1.51757477462211
1.53389946048822
1.55203220183203
1.57208458692157
1.59423290782049
1.61871226461746
1.64579957219792
1.67578531173355
1.70893437395733
1.74543498904006
1.78532996649779
1.82841039716498
1.87400760125476
1.95768625239971
2.02543042957616
1.96033460656853
1.77212649486024
1.46887175714934
1.4177039226036
1.69201440514051
1.89050696219013
1.99309153403701
1.96183216477798
1.89946640335016
1.8640703311094
1.8298498286027
1.79727359661137
1.76644744778827
1.73729480776348
1.70964832856266
1.68331606342257
1.65813275806981
1.63399601337738
1.61088543985513
1.58886433144168
1.56806629125359
1.54867192222056
1.53088190791824
1.51489220205885
1.50087512512136
1.48896789132171
1.47926856118514
1.47246840868054
1.46801161367564
1.46513627297181
1.46366713726752
1.46345670666981
1.4646485763349
1.46768491386246
1.47305205253121
1.4804414000501
1.48975178837013
1.50087613683352
1.51371250079197
1.52818063740323
1.54424252858232
1.5619239276655
1.58133251931877
1.60266773232179
1.62621817854803
1.65234498237788
1.68145199377012
1.71394560415704
1.75018613509542
1.79042849117544
1.83473609409426
1.88279230730755
1.9751415413428
2.05880234793583
1.98773761115329
1.77939776915148
1.467104027768
1.41201081810457
1.68857401194741
1.9015887124084
2.01334376681502
1.97409412799576
1.9082900575235
1.8728380874197
1.83940968221492
1.80814376016497
1.77889258392432
1.75137056698009
1.72523457677626
1.70015318020688
1.6758645846498
1.65221839315382
1.62919535819482
1.60690284265359
1.58554928667789
1.56540575674139
1.5467645083947
1.52990307435856
1.51505890115569
1.50241580036024
1.49210106995728
1.48486214271908
1.48011150017035
1.47703794774759
1.47545297826178
1.47519374582605
1.47640593897852
1.4795407163002
1.48508800608173
1.49270157157518
1.50223892301638
1.51354155077757
1.52644758251586
1.54081296115448
1.55653979757345
1.57360814969951
1.5921048158426
1.61224143488798
1.63435543470976
1.65889122557228
1.68636406833622
1.71731282051326
1.75224803518885
1.79159741904788
1.83564344971931
1.88438769844485
1.98179014778571
2.07790202572139
2.00151231651633
1.77798727735757
1.46250448344456
1.40459780939419
1.67812530217037
1.89689927985481
2.01457828070681
1.97404930187344
1.9098468681974
1.87639479346804
1.84543541045843
1.81686103484652
1.79034216558892
1.7654185684927
1.7415835541137
1.71836644511442
1.69540793850815
1.67251616494102
1.64969151227173
1.62711521709215
1.60510699531375
1.5840651994202
1.56440550808005
1.54651087532705
1.53069912418922
1.51720849185362
1.50619792370669
1.49847375118984
1.49340738131362
1.49013038280574
1.48843798835703
1.48815186978708
1.4894206711721
1.49271014336208
1.49851695514352
1.50644804156021
1.51631230815042
1.52788779073448
1.54093501687224
1.55522303053129
1.57056745620041
1.58687606843553
1.60419262039578
1.62272676879606
1.64285922751061
1.66511744054868
1.69012586648329
1.71854211563526
1.75099169251327
1.7880091001459
1.82998301550197
1.87709509571725
1.97344214539676
2.07243137409411
1.99313060663399
1.76594683344155
1.45509815113431
1.39557647162501
1.66039256330158
1.87241525941224
1.99078113899643
1.95947069945219
1.90307288882775
1.87392202824854
1.84722495765274
1.82281384639055
1.80025939673696
1.77896790173776
1.75828010619786
1.73758089549108
1.71640696489781
1.69452964482255
1.67199088918308
1.64908329498167
1.62628339940144
1.60416128864929
1.58329237813273
1.56419002695879
1.54726636721435
1.53281928477756
1.52103888302781
1.51278983938049
1.50739155445571
1.50391038579795
1.50212219092921
1.50183337312754
1.50319662693304
1.50669866169758
1.5128476367333
1.52119649176385
1.53150037384669
1.54346327635674
1.55675043442594
1.57101877294152
1.58596644489787
1.60139659243362
1.61728245397702
1.63381483276245
1.65141349268961
1.67069347456379
1.69239232947401
1.71727706123271
1.746052952051
1.77928895501796
1.81736098962519
1.86039385459498
1.94867080752741
2.03700251272607
1.95859295002591
1.74325673452657
1.44507798958561
1.38516721660702
1.63643038486702
1.8310322798854
1.94491369124074
1.93132809569449
1.88811088073277
1.86528613890414
1.84445952762993
1.82555985061055
1.80812781457419
1.79146431520827
1.77475448088404
1.75721902897738
1.73827223107388
1.71764741669932
1.69545146215873
1.67213246965348
1.64837718946607
1.62497735780853
1.60270602883148
1.58223016166667
1.56406644153424
1.54857349459859
1.53596847025489
1.52716972019639
1.52143332321751
1.51775358122327
1.51588415281926
1.51561681853307
1.51710949995104
1.52087624109467
1.52744258483304
1.53630364206449
1.54715890253158
1.55963086637697
1.57327394023234
1.58760788012266
1.60217994172642
1.61665170996152
1.63089370690004
1.64505903147172
1.65960531854727
1.6752480785541
1.69285361595635
1.71330208345356
1.73735730527914
1.76556732293739
1.79819769590753
1.83513194307348
1.90964508168612
1.97711915795538
1.90326571147642
1.71186989626357
1.43283128372206
1.37364496799493
1.60834636636279
1.78049062694373
1.88668876641174
1.89334688664342
1.8661615086512
1.85096882404273
1.83715373083146
1.82477924166504
1.813393406965
1.80219421614244
1.79018726774173
1.77639080973247
1.76006339509179
1.7408907629349
1.71906695133917
1.69524309933548
1.67037292362328
1.64551982322344
1.62168872917338
1.5997174783485
1.58023133502698
1.56364559324922
1.5501967632526
1.54084792029146
1.53478213724534
1.53091759954249
1.52898380713505
1.52875905931339
1.53040748371282
1.53447562027706
1.54151232492869
1.55095538750002
1.56245074045877
1.57553676314661
1.58964644212506
1.60414119839531
1.6183855419483
1.63186145555786
1.64430208332813
1.6558031214666
1.66686254468859
1.6783182535854
1.69119428763153
1.70650436134376
1.72507120048788
1.74739805249879
1.77358798572833
1.80323673169657
1.86129923564129
1.90522832843965
1.83809702374097
1.67517164388138
1.41884162374634
1.36129709336897
1.57849994408586
1.72842273953125
1.82591745844907
1.85018174441904
1.83901265881535
1.83183994847808
1.82551333473207
1.82018284339759
1.81538829464849
1.81020265407791
1.80341234508227
1.79378259236275
1.78037257810762
1.76280332341009
1.74137361100466
1.71698108720791
1.69089684774711
1.66449643788964
1.63903970195888
1.61554218253803
1.59473379218569
1.57707747412602
1.56281906884253
1.55295421363463
1.54658735762469
1.5425615385705
1.54058156609276
1.54041392426071
1.54222945176107
1.54660927381402
1.5541300693298
1.56417725418247
1.57634926953955
1.5901036294337
1.60474901845752
1.61947600878983
1.63344248393318
1.64591842262471
1.6564678266073
1.66511087250519
1.67239091418823
1.67929513670964
1.68704193480867
1.69681026889603
1.70950076432947
1.7255804229741
1.74500276753441
1.76713179176391
1.8091206415497
1.83284753526646
1.77300211404967
1.63668341394264
1.40361728926791
1.34641890984502
1.54402722402743
1.67190709518431
1.75977996807277
1.79843550848635
1.80320317621457
1.80472203431949
1.8068015361823
1.80957373219875
1.81250694353047
1.81448683107872
1.8139976037298
1.80945438065484
1.79963451663312
1.78405944272801
1.76315929120738
1.73815101945679
1.71070977025065
1.68259542879263
1.65536790792075
1.63024008483653
1.60804856022835
1.58929655032234
1.57422877274213
1.56385623418926
1.55720490334021
1.55303308278164
1.55102221609479
1.55092773996689
1.55292447404155
1.55763742332435
1.56566620572755
1.57635182484741
1.58924841369394
1.6037308937927
1.61897200696618
1.63396519283475
1.64761865189956
1.6589354357413
1.66725863895696
1.6725058623131
1.6752794193763
1.67676769271756
1.67845307906757
1.68174280088058
1.68765981314769
1.6966678561843
1.70861967718288
1.72275233961256
1.74909429010359
1.75639553543856
1.70444744285723
1.59310953796851
1.38515263274047
1.32055424450652
1.48896625182333
1.58918394979012
1.66314178618999
1.71328886186271
1.73547635418448
1.74798766241005
1.76127304766941
1.77526501009273
1.78921792350386
1.80168063727153
1.81064962023961
1.81397946043505
1.80998449820451
1.79800084857443
1.77862999391108
1.75354546446398
1.72499712623231
1.69527657258124
1.66634192148765
1.63965368660971
1.61617146179376
1.59643569561965
1.58067794603122
1.56987848934773
1.56301915619958
1.55875103994436
1.55674222179463
1.55673823992784
1.55890379226283
1.56392747236024
1.57238595644475
1.58360174390773
1.59708211474155
1.6121054810939
1.62767562149125
1.64252865937948
1.6552329544821
1.66441517256034
1.66909867689536
1.66905229074379
1.66497362094975
1.658364416
1.65111719960956
1.64500079386948
1.64126088916512
1.64044058798057
1.64239515091145
1.64640222309239
1.65562783604104
1.64903264922951
1.60813790940795
1.52582124066192
1.35316933551644
1.27884888895236
1.41620190416768
1.49170060633622
1.54990433738476
1.59933359509708
1.62925235444341
1.6471747198477
1.66624696866786
1.68613940365977
1.70594884139654
1.72414577841905
1.7386948216047
1.74743201910558
1.74864097249497
1.74160443984875
1.72685463122383
1.70599717596072
1.68123216681118
1.65482777150819
1.62874364200316
1.60445954559802
1.58296343637212
1.56482608610251
1.55030663737291
1.54033237005673
1.53398474783815
1.53001644265972
1.52812167179464
1.52805645533425
1.52995969832229
1.53444028634629
1.54197777223526
1.55192061020297
1.56375426361227
1.57673366021685
1.58984079094733
1.60179646301775
1.6111653406865
1.61658525325994
1.61710398789001
1.61252008648367
1.60355430907088
1.59171601939555
1.57889103318217
1.566841308882
1.55682969367593
1.54946924872814
1.54476632736188
1.5422545530081
1.54109267759426
1.53018161856917
1.50041607223702
1.44121829223894
1.30351131835361
1.22917945110928
1.33917143114938
1.39641997976348
1.44073228949814
1.4809760949877
1.50710931505016
1.52286997002344
1.5394624684166
1.55648532396548
1.57317129673591
1.58839103086497
1.60075518893388
1.6088512211219
1.61157312900375
1.60842796809121
1.59968476815761
1.58630100548563
1.56967431053341
1.55133824245574
1.53271126279322
1.51494909091139
1.49889525668842
1.48509867754336
1.4738664297027
1.46601769620834
1.46093615676699
1.457669205422
1.45599550891819
1.45570529246051
1.45688646637873
1.45995445460625
1.46518504502188
1.4720443086892
1.48005689852928
1.48858452716116
1.49681700937119
1.50380723477338
1.50856829572555
1.51023837247649
1.50828761114065
1.50269984462426
1.49404068381079
1.48335555429262
1.47192208505111
1.46095542725438
1.45137645381912
1.44370190518067
1.43804919209421
1.43420102518977
1.4306025040951
1.42084018949297
1.39911721257941
1.35523940679965
1.24663946174709
1.15243057323405
1.22710428440486
1.26470381839349
1.29337786583868
1.31932977268705
1.33527673462385
1.34497811748706
1.35490163189959
1.36474961628819
1.37410312159851
1.38243799090566
1.38917590190905
1.39376954993441
1.39580347909621
1.39508210786493
1.39167705325322
1.38591880407896
1.3783375014572
1.36957393374046
1.36028733304189
1.3510809282555
1.34245507734404
1.33478757725087
1.32833514459881
1.32364005240102
1.32050133987572
1.31835593765516
1.31710960521386
1.31661598150213
1.31689380838009
1.31814874876848
1.32040148379412
1.32337344894934
1.32674729250689
1.33014052220067
1.33312115714625
1.33524237916383
1.33609643257172
1.33538122725275
1.33296465922607
1.32892619890635
1.32355768799271
1.31731701655328
1.31074492188325
1.30436816473957
1.29861530397024
1.29376407220754
1.28992721298375
1.28706914384082
1.28446787624221
1.27738194792648
1.26319371066177
1.2347311102485
1.16236197600666
1.18343987493523
1.26086138445467
1.29484453081389
1.31554726040935
1.3281034716881
1.3305215642913
1.33285429599299
1.33498360828243
1.33692601381064
1.33863161906609
1.34000796946612
1.34093709709454
1.34129585503734
1.34097935923762
1.33992344737016
1.33812141529404
1.3356315230055
1.33257407388765
1.32911938994256
1.32546989235394
1.32184025396962
1.31843922522478
1.31545569775054
1.31305052059411
1.31135693497952
1.31050959605133
1.31017231800509
1.31037032799821
1.31112535325183
1.31242001965234
1.31464041943039
1.31766483576515
1.32130620841385
1.32539660743704
1.3297297493328
1.33406872526839
1.33816053329097
1.34175610156455
1.34463333405094
1.34661946134523
1.34760833342314
1.34756878529365
1.34654195501377
1.34462801053654
1.34196529961392
1.33870651530521
1.33499615911289
1.33094996160944
1.3266270218158
1.32053658437445
1.30378641795202
1.28094624263418
1.24714524229469
1.17339672164858
1.26797149533497
1.3828321815018
1.43398697658223
1.46506536379574
1.48337331198941
1.48792842410547
1.49070147022186
1.49314735458358
1.49530958647275
1.49711807206147
1.4984244839188
1.49902880763248
1.49871579626358
1.49729998042681
1.49466986195853
1.49082041151717
1.48586596539094
1.48003133382701
1.47362497486516
1.4670021586774
1.46052703696912
1.45454083962342
1.44934046941882
1.44516919462484
1.44235192236206
1.44085429618392
1.44024886515373
1.44050785601546
1.44166196350423
1.44375472896719
1.44728723005568
1.45232477643956
1.45847634702892
1.46549325058941
1.47305599900115
1.48078226372721
1.48824859051933
1.49502476164096
1.50071698746007
1.505012703344
1.50771733535648
1.50877363899836
1.50825785031262
1.50635306168323
1.50330663865124
1.49938242647407
1.49481785859661
1.48978870880647
1.48436492029439
1.47505653085797
1.45144190756464
1.41764170547947
1.36655859639412
1.2561569116528
1.32250246311485
1.46372834977888
1.52935856163644
1.56948600716599
1.59122518729308
1.59447918517847
1.59605344076885
1.59701301097436
1.59750523438634
1.59752752473222
1.59695981951881
1.59559578850956
1.5931928631974
1.58953538440962
1.58449635582868
1.57808220761513
1.57044973727579
1.56189289012176
1.55280569950375
1.54363312485224
1.53482225850773
1.5267833158933
1.51986525453444
1.51434728990677
1.51064632980536
1.50864956064985
1.50781486801894
1.5080905573517
1.50951115414396
1.5121494105128
1.51663296798443
1.52311782038534
1.53112054630687
1.54035931006485
1.55046143037564
1.56096984774017
1.57136748648039
1.58111916043757
1.58972696894568
1.59678993309146
1.60205448217874
1.60544194758143
1.60704390254221
1.60708498318445
1.60586231849794
1.60367684302972
1.60077188563039
1.59728649157026
1.59320643316626
1.58567356600645
1.55946339253453
1.51672695238787
1.45021702164296
1.31188006990806
1.36689929950753
1.53598534484593
1.62025023012285
1.67069740172287
1.6909244654435
1.6866900187551
1.68345003201385
1.67931209955562
1.6746445232006
1.66959652800156
1.66414590691911
1.65814648307008
1.65139122711061
1.64368482974537
1.63491166940836
1.62508420188248
1.61436167485054
1.60303760659785
1.5915030244546
1.58019765211878
1.56956170482738
1.55999767851702
1.55184679797972
1.5453811344263
1.54106485436073
1.5387111974604
1.53769980349487
1.53795856529017
1.53952103528272
1.54248171952734
1.54754562812075
1.55494617267958
1.56415881132049
1.57491048940974
1.58683742872182
1.59949099829157
1.61236137371742
1.62491896180855
1.63666978430214
1.64721563799226
1.65630543787879
1.66386336121019
1.66998378640385
1.67489162537591
1.67887605197023
1.68221166535077
1.68508104499715
1.68750517641133
1.68926720302054
1.6916077553977
1.67032379542122
1.61813041711739
1.53058040377424
1.36015919117881
1.39220268971284
1.58812908881769
1.69418584536023
1.75387753351425
1.76432782868857
1.74807044485924
1.73740907430933
1.72617991420417
1.7148416982556
1.70359433757808
1.6924491369564
1.68129003510016
1.66993849537877
1.65822047985399
1.64602635800566
1.63335299997548
1.6203207533899
1.60716444216495
1.59420407664555
1.58180502943204
1.57033791199374
1.56014591583851
1.55152357265225
1.54470764397996
1.54021703246423
1.53771926844326
1.53663661692115
1.53685618067079
1.53840697066327
1.54142226410327
1.54655332245014
1.55417560384185
1.56371916932525
1.57494639800646
1.58754260854328
1.60112368130234
1.61525782357603
1.62950158618592
1.64344684994075
1.65677113525367
1.66928020097183
1.68093138578229
1.69182955500072
1.7021940455151
1.71230199321477
1.72241756656744
1.73271528336668
1.74319733705191
1.75358903178874
1.77086981662348
1.76384697568472
1.7036159819734
1.59130911929575
1.38967950530837
1.40778211425543
1.62250714885396
1.74741250850208
1.81386020339214
1.81167978927811
1.78339625236704
1.76676578429138
1.75015716216879
1.73397917529258
1.71838120492729
1.7033409265109
1.68872776133559
1.6743613541023
1.6600690313312
1.64573617553176
1.63134139539184
1.61697085237799
1.60281110126714
1.58912496867235
1.57621829065668
1.56440585436296
1.55398305800536
1.54520679178929
1.5382856033309
1.53373759778237
1.53119074534306
1.53007215688716
1.53025836570004
1.53177444384754
1.53476223145861
1.53985863203573
1.54747445040128
1.55704858344197
1.56837159341608
1.58116846941239
1.5951073558689
1.60981943643373
1.62493058768022
1.64010182415018
1.65507207537454
1.66969426677695
1.68395541678657
1.69797424460735
1.71197491773393
1.72624095938199
1.74105629835241
1.75663852616217
1.77305878280209
1.79012451482724
1.82123418276915
1.83014052209169
1.76412369722783
1.6308261136436
1.40791112504151
1.42121809198098
1.65378005775076
1.7996013620652
1.87262310653856
1.85375204989476
1.81253920566145
1.7901509947487
1.76854202698379
1.74796696700846
1.72847520597844
1.70998689506263
1.69234258009768
1.6753506683477
1.65883373873906
1.64266896261144
1.62681627190057
1.61132977821309
1.59635182136714
1.58209309937954
1.56880501497717
1.55675092846258
1.54618168926005
1.53731847892764
1.53034319115479
1.52575971494748
1.52318225761852
1.52203182383446
1.52218264012717
1.52365569714648
1.52659319258462
1.53162849132965
1.53918203275546
1.54871574456645
1.56004700200332
1.57293869894654
1.5871080773446
1.60224480247292
1.61803860452692
1.63421385139565
1.65056568836147
1.66699047729897
1.68350321562614
1.70023690391015
1.7174228767653
1.73535527720743
1.75434507640648
1.77466750473517
1.79650079756076
1.81982958547586
1.86520755256973
1.89374203735253
1.82214898738412
1.66612586218525
1.42366733321875
1.43410538422712
1.68479282097821
1.8546046430335
1.93409778018788
1.89395600745178
1.83910810941053
1.81096967610055
1.78444030935901
1.7595626454076
1.73627490895733
1.71443346438153
1.6938469217259
1.67431094163696
1.65564262014671
1.63771075273984
1.62045702147321
1.60390445837954
1.58815247295407
1.57336087812959
1.55972749847379
1.54746451299416
1.53677781184991
1.52785192347462
1.52084082977644
1.51623284830834
1.51362841373418
1.51244447826982
1.5125531596572
1.5139707426157
1.51683956599285
1.52178616109037
1.5292406854551
1.53869148192851
1.54998432611288
1.56292142885508
1.57727011312391
1.59277889231629
1.60920105252514
1.62632346545451
1.64399632298898
1.66215816331524
1.68085067473385
1.70021962312153
1.72050137617368
1.74199764634781
1.76504264077269
1.78996564893352
1.81704922508104
1.84649514066951
1.90641756713646
1.95859843094363
1.8816475933593
1.70050400558075
1.43890302113806
1.44619528183424
1.71335814494684
1.90465555755852
1.98841242612746
1.92851987658609
1.8615823866447
1.82842112035539
1.79750384772419
1.7687383795307
1.74198579249696
1.7170595306912
1.69374985664727
1.67184841580744
1.65117249998423
1.63158672651252
1.61301841336794
1.59546368759779
1.57898353045337
1.56369134934851
1.54973536195508
1.53727963139794
1.52648706674279
1.51750649510045
1.51046417567946
1.50583266737873
1.50319923276004
1.50197711742744
1.50203660483049
1.50338868275696
1.50617568073678
1.51101589658566
1.51834901391353
1.52769222626706
1.53891995358433
1.55187325110355
1.56636802450949
1.5822089834354
1.59920927095097
1.61721384912981
1.6361232682269
1.65591358862062
1.67664844991249
1.69848076859972
1.7216439176508
1.74643456138321
1.77319027344636
1.8022636461683
1.83399304958424
1.86869249712537
1.94111093591331
2.01378144865378
1.93365578000597
1.73172979913333
1.45338288706783
1.45724139206602
1.73719009127168
1.93924978858378
2.02368152007752
1.95368259492749
1.87882835354303
1.8419260676894
1.80753777856309
1.77556992916056
1.74587497820789
1.71826994743045
1.69255664590658
1.66854151739382
1.6460539917608
1.62496281753909
1.60518782720839
1.58670489895212
1.56954337844456
1.55377697243441
1.53951042308048
1.52686477197987
1.5159637401248
1.50692293592957
1.49984226999501
1.49517991201781
1.49251044643856
1.49124290824199
1.49124588144458
1.49252448705916
1.49522113749002
1.49994547116865
1.50714685024634
1.51637234915647
1.5275241469735
1.54048012705614
1.55510138303681
1.57124400270218
1.5887749643814
1.60759054256998
1.62763461745564
1.64891375560235
1.6715061927858
1.69556299605976
1.72130141310426
1.74899202091872
1.77894173603152
1.81147282535134
1.84689838415592
1.88550000891366
1.96574783652976
2.04810621596706
1.96826831567618
1.75757141467253
1.46694063055728
1.46712990418734
1.75423866391119
1.95541280173439
2.03678760712228
1.96736761886411
1.89043984467321
1.85134841785713
1.81463318375101
1.7803045333614
1.74830088259327
1.71850301688304
1.690763573454
1.6649285030387
1.64085508854401
1.61842700227627
1.59756520578827
1.57823332283871
1.56043702528257
1.5442181626397
1.52964530311996
1.51680276125337
1.5057800472027
1.49666313458585
1.48952791342499
1.48482086836344
1.48210435799166
1.48078209611248
1.48072100468814
1.48191977210753
1.48452114004556
1.48912631881176
1.49619466724111
1.50530292763279
1.51637920786349
1.52933507023239
1.54407215421687
1.56049183418507
1.57850768243687
1.5980593902827
1.61912611844261
1.64173692879099
1.66597618519936
1.69198263431229
1.71994204443518
1.75007425230983
1.78261539706609
1.81779448240443
1.85579953043911
1.89675418268253
1.97897063363572
2.05926248950164
1.98325213248233
1.77661515861709
1.47950330382154
1.47558552486138
1.76509713406082
1.95473124280337
2.03055379293909
1.9714864159326
1.89677431955497
1.85712993294577
1.81923126921146
1.78339271246157
1.74972546555903
1.71823262582053
1.68885519655409
1.66150267561597
1.63607571157819
1.61248366538193
1.59065724643244
1.57055582345953
1.55216939813854
1.53551594854974
1.52063546578269
1.50758229516363
1.49641731599199
1.48720113058684
1.47998861712387
1.47521829831741
1.47244078721478
1.47105294963273
1.47092001915273
1.4720336703222
1.47453729497189
1.47902429648358
1.48596433299064
1.49496262615429
1.50597066987973
1.51892983218543
1.53377701035259
1.5504522915489
1.56890834232623
1.58912036238551
1.61109496585031
1.63487614292657
1.66054661464097
1.68822341842403
1.71804725097146
1.75016551687742
1.78470853761499
1.82175578395368
1.86128419371802
1.90306404675056
1.98318379498273
2.05220288290276
1.98232913399744
1.78992912589049
1.49088329091428
1.48262243367751
1.77084375089381
1.94630849371322
2.01646278655359
1.96914354050222
1.89925008585696
1.86024069444276
1.82209345338831
1.78546520054371
1.7506988115754
1.71795810006033
1.68729847729463
1.65871005854536
1.63214817166942
1.60755600821639
1.58488090045263
1.56408471658296
1.54514887316027
1.5280748187338
1.51288119337102
1.49959903075298
1.48826629895643
1.47892281030317
1.47160585343453
1.46675041541658
1.46389589446413
1.46243050685446
1.46221772724624
1.46324160057774
1.46564650305808
1.47001882825284
1.47683869891527
1.48573793226482
1.49668838747316
1.50965699429971
1.52461045371382
1.54152111261745
1.56037369311478
1.58117182217467
1.60394295832029
1.62874014053786
1.655639045737
1.68472911233908
1.71609780437436
1.74980711216644
1.78586046212474
1.82415503220203
1.86440420694943
1.90599265757533
1.98186735393269
2.03919372394358
1.97557950740248
1.7990438293866
1.50115313313597
1.48832712602815
1.77353267343528
1.93640926936908
2.00189545358724
1.96430277505188
1.89978772268615
1.86201038890927
1.82418696775589
1.78726489318009
1.75181819501328
1.71818098863738
1.68653142001615
1.65694621901293
1.62943963351922
1.60399223338675
1.58057176258331
1.5591471754315
1.53969681116983
1.52221178574292
1.50669583405348
1.4931628833978
1.48163354299861
1.47213147105401
1.46467998425295
1.45971539833767
1.4567664569321
1.45521073676402
1.45490984488628
1.45583952913895
1.45814545584181
1.46240783213739
1.46911721011315
1.47792966188754
1.48883410555272
1.5018186746934
1.51687457232792
1.53400044850876
1.55320693784221
1.57452035253265
1.5979842391795
1.62365733246727
1.65160640090684
1.68189255619084
1.71454966946739
1.74955334823116
1.78677793924337
1.82593581476641
1.86648495247106
1.90748441863929
1.97906867974968
2.02766320868332
1.96943056945623
1.80624216685893
1.51042873522094
1.49288640054689
1.77511895491434
1.92862006325167
1.99082761891569
1.96026089662176
1.90034656542303
1.8638439300655
1.82653076800487
1.78955227572568
1.75367107780939
1.71937232112675
1.68694658984904
1.6565508043957
1.62825408412433
1.60207237746287
1.5779938720689
1.5559965898191
1.53605944842325
1.51816810246683
1.50231690729514
1.48850830422441
1.4767507894989
1.46705641176274
1.45943818394678
1.4543388664418
1.45127708738161
1.44961764004752
1.4492201113085
1.45005121884359
1.4522581720861
1.456415754936
1.46302469338001
1.47176267980499
1.482632222596
1.49563832714538
1.51079169525774
1.52811196526572
1.54763058432976
1.5693923142851
1.59345410721249
1.61987988673026
1.64872964720648
1.68004122633022
1.71380305585323
1.74991602144089
1.78814196944983
1.82803470978875
1.86884635967028
1.90940917786639
1.97796152461403
2.02132014248677
1.96726345250718
1.81349993007876
1.51888823716869
1.49652449193108
1.77706403478966
1.92486098223865
1.98527356546331
1.95926930545178
1.90253728081913
1.86696584992555
1.83003413511206
1.79300520619381
1.75677299468693
1.72193598561143
1.68887182425184
1.65780008597833
1.62883286452047
1.6020140882448
1.57734874991386
1.55482342061445
1.5344195339404
1.51612096863346
1.49991742328917
1.485804961968
1.47378492743749
1.46386218330755
1.45604309353228
1.45078212995489
1.44758825496376
1.44581117251301
1.44530823735598
1.44603632879318
1.44814438969544
1.45220245197776
1.45872094828866
1.46739633636214
1.47824112872261
1.49127291849921
1.50651718491912
1.52400981638212
1.54379890093407
1.56594476400579
1.59051696652786
1.6175867434645
1.64721317086782
1.6794212085328
1.71416967913267
1.75130723572927
1.79051448646968
1.83123078609707
1.87256576264286
1.91320906236609
1.98056993818615
2.02183308198516
1.97068647285281
1.82216353062336
1.52670512111647
1.49943079943287
1.78028667972954
1.92606705689194
1.98616022561772
1.96264434433958
1.90745127197507
1.87225261095988
1.83536951048826
1.79813173924556
1.76151101377146
1.72617420670513
1.69255129271414
1.66089885765037
1.63135394925355
1.60397677376793
1.57878259995333
1.55576414529185
1.53490609289417
1.51619347654948
1.49961560220174
1.4851670039748
1.47284670072791
1.46265674832295
1.45460051136525
1.44914956476158
1.44580348686963
1.44389438432183
1.44327708536536
1.4438977430731
1.44590716223701
1.44987121482126
1.45630938605665
1.46493381226004
1.47576327863486
1.48882364908414
1.50415058725342
1.52179182995637
1.54180852848222
1.56427460176064
1.58927276329571
1.61688561742047
1.64717997598105
1.6801823473942
1.71584344850513
1.75398973265112
1.79426063541139
1.83603205500149
1.87833068577003
1.91975928466077
1.98793952471768
2.02978881811941
1.98031463677296
1.83295749803394
1.5339771882569
1.50170650548207
1.78520264282696
1.93252229444646
1.99372959328294
1.97093597801397
1.91562000947457
1.88015338653033
1.8428937171293
1.80520821282218
1.76810061220481
1.73226012582788
1.69812991972805
1.66597333242769
1.6359306701639
1.60806417060596
1.58239127391609
1.55890758375385
1.53760138983968
1.51846172597021
1.50148183592376
1.48665969733898
1.47399696365378
1.4634973601495
1.45516495674443
1.44949397250589
1.44597462777187
1.44391865996022
1.44317796500548
1.44368700385041
1.44559851863573
1.44947478173581
1.45584352689367
1.46442917138147
1.47525281421349
1.48834408287492
1.50374410560794
1.52150803228647
1.54170659515341
1.56442560940599
1.58976200695362
1.61781469999508
1.64866828734555
1.68236736623037
1.71887905537851
1.75804146002752
1.7994966496565
1.84260900760313
1.8863748403979
1.92934565686014
2.00032569045496
2.04509872625205
1.99611304596378
1.84604683093715
1.54067739167606
1.5033349303473
1.79175103178178
1.94395453776352
2.00764445453194
1.9840117979867
1.92701129706124
1.89065872426646
1.85260856866969
1.81424427278288
1.77655963961445
1.74022062231425
1.70564335648197
1.67306635528578
1.64261053547615
1.61432550032457
1.58822283026859
1.56429819846192
1.54254452457814
1.5229584354396
1.50554215765613
1.4903026874167
1.47724971859897
1.46639340802943
1.45774237346333
1.45181921043519
1.44810445269852
1.44588635964861
1.44501334475326
1.44540714178066
1.44722246735328
1.45101859716132
1.45733060924952
1.46589137510066
1.4767200121955
1.48984501507223
1.50530781565289
1.52316605896659
1.54349607181742
1.56639337039151
1.59196971095648
1.62034486466333
1.65163099048743
1.68590718678017
1.72318153557367
1.76333783698277
1.80606463655196
1.85076584708228
1.89645693230047
1.94166824841073
2.01727160724884
2.06706867986204
2.01745554832979
1.86105796988646
1.54662977338074
1.5041746102564
1.79938586165643
1.9594640577232
2.0268950477429
2.00103867448746
1.94102123432021
1.90329011041373
1.86414916659351
1.824972260228
1.78670014492089
1.74993074014132
1.71501455425513
1.68213551739992
1.65137432888904
1.6227551078708
1.59627738626068
1.57193594772256
1.54973117311347
1.52967253568763
1.51177770639796
1.49606938132898
1.48257147499066
1.47130580212091
1.46228957860222
1.45607971834561
1.45214627317303
1.44975050691851
1.44873662194693
1.4490125386591
1.45073496632504
1.45446092221428
1.46073189157938
1.4692848232427
1.48013211933961
1.49329565584673
1.50881124124421
1.52673314475983
1.54713816703871
1.57012802452571
1.5958284227475
1.62438284529997
1.65593878011582
1.69062380130079
1.72850854317566
1.76955309782419
1.8135328730914
1.85994006311129
1.90785973941449
1.95583768889141
2.03757347966847
2.09424860571618
2.04299071896796
1.87704857186583
1.55150990785254
1.50397458059629
1.80705161840738
1.9773399910786
2.04956751055318
2.02039869016605
1.95646828920571
1.91711060853788
1.8767990336846
1.83686076759526
1.79813828418314
1.76111985538972
1.72605680419099
1.69305378354386
1.66213492880498
1.63328993245102
1.60650359023514
1.58177204502494
1.55910888734029
1.53854424175684
1.52011977682468
1.50388214122109
1.48987670048121
1.47814274154473
1.46871035445622
1.46217687378854
1.45800048479895
1.45541147637916
1.45424890213066
1.45440576108349
1.45604077669989
1.45970968234945
1.4659594890265
1.4745262152105
1.48541031906631
1.49862082930362
1.51418095544615
1.53213433692064
1.552551407117
1.57553452970058
1.60122007633308
1.62977523222394
1.66138704733377
1.69624101472012
1.73448604807346
1.77618186080903
1.8212231551148
1.86923280201485
1.91941550870797
1.97037987814504
2.05918503671144
2.12413647303459
2.07038304513094
1.8924602522677
1.55487120137586
1.50241162946911
1.81319443256393
1.99485600904793
2.07257265612126
2.03962553878546
1.97163194140591
1.93077915160092
1.88954194397094
1.84915553548415
1.81032248318136
1.77338856812184
1.73848181905743
1.70561112632119
1.67473440141754
1.64580349474832
1.6187905695655
1.59369967838101
1.570567221356
1.54945508809583
1.53044014375304
1.51360315772131
1.49901938379801
1.486751997977
1.47684839416333
1.46995242958615
1.4655083306589
1.46271096165637
1.46139306183066
1.46143162236403
1.46298742857089
1.46661623352096
1.47286985617651
1.48147775304944
1.49242274441088
1.50569398197076
1.52129387265322
1.53924646782696
1.55960680973443
1.58246971637822
1.60797583529943
1.63631234581101
1.66770549383502
1.70240209565913
1.74063690194877
1.78258170136704
1.8282695042183
1.87748231814435
1.92958521165502
1.98330060077588
2.07916672857764
2.15286309251329
2.09604953049862
1.90512853614023
1.55619866325625
1.49914591578556
1.8158884672616
2.00824961574904
2.09156960297276
2.05550508312932
1.98439637675634
1.9426785178171
1.9011618632047
1.86094981631723
1.82257818351931
1.78623349944749
1.75190994730264
1.71951451943526
1.6889370776496
1.66009449027844
1.63295383092873
1.60753855595288
1.58392193326495
1.56221253484798
1.54253658737747
1.52502119195624
1.50978109732229
1.49691024187122
1.4864777147459
1.47917968995765
1.47444355336593
1.47142389778932
1.46994575961316
1.46986911722794
1.47135690998961
1.47496660325127
1.48125438447286
1.4899370332429
1.50097372490753
1.5143259928615
1.52996599744255
1.54788740313146
1.56811840076671
1.59073509910863
1.61587257487854
1.6437302712475
1.67456833384708
1.70869177109267
1.74641952958317
1.78803479890951
1.83370984305257
1.8833916213492
1.93662286573417
1.99227564110547
2.09384548862773
2.17515194701253
2.11516231814179
1.91245961217001
1.55498645867984
1.49388596769151
1.81314388984035
2.01321985599797
2.10149631235988
2.0644921949811
1.99254255626692
1.95112958486194
1.91039029110208
1.87127887043973
1.83416319573694
1.79907470666962
1.76587817385532
1.73438279806954
1.70441584985923
1.67586786889753
1.64871359478684
1.62301233517469
1.59889285915896
1.57652922253135
1.55611409453811
1.53783496327952
1.52185654253479
1.50831051725981
1.49729170334958
1.48955360893973
1.48450311831161
1.48124951108122
1.47960855468029
1.47942236992314
1.48085619348615
1.48447127664416
1.49082810563956
1.49962449460169
1.51078995332658
1.52425022638322
1.53993676618313
1.55780034477494
1.57782845460791
1.60006438259112
1.62462442955537
1.65170884510414
1.6816020246958
1.71465834267617
1.75127101396926
1.79182132031508
1.83660261108788
1.88570525516771
1.93883179417616
1.99500458194836
2.09934703821906
2.18504853670494
2.12235313424093
1.91186069738588
1.55082710345301
1.48644311044889
1.80341115553217
2.00597775651521
2.09775267648513
2.06351540136726
1.99415643174778
1.95466291301432
1.91607739207692
1.87922216984745
1.84432264704854
1.81127841074456
1.77984096617899
1.74973298647876
1.7207293731232
1.69270694865475
1.66566487533214
1.63971894604766
1.61507609188049
1.59199802045575
1.57076326035726
1.55163494775338
1.53483846232858
1.52054977732444
1.50889268230641
1.50068165298592
1.49529881102871
1.4918032697605
1.48999988853844
1.48971234328021
1.49110834680282
1.49475527267789
1.50121822555998
1.51017008079321
1.5215050946938
1.53510512573412
1.55084995900405
1.56863375735476
1.58838754076785
1.6101051856743
1.63386826633666
1.65986359429666
1.68838728506288
1.71983074648167
1.75464628523881
1.79329125664811
1.8361474535822
1.88340363120637
1.93487050284256
1.98967582269855
2.09254903951832
2.17743164423974
2.11311439526133
1.90143062173367
1.54348480045526
1.47677627938515
1.78604034829528
1.9847276323591
2.07798078628344
2.05083981058735
1.98804746250398
1.95226996164346
1.91734367787905
1.88398862038107
1.85233023593298
1.82216800431836
1.79316046691136
1.76495663575497
1.73729000545134
1.71003733958801
1.68324085496467
1.65709600952719
1.63191317565714
1.60806591729472
1.58593909385759
1.56588678589515
1.54820499836103
1.53311937737877
1.5207846977183
1.51207798264575
1.50635216449697
1.5026121328944
1.50065030715227
1.50027170103842
1.50164666877653
1.5053510352851
1.5119551183875
1.52110183191239
1.53264557583784
1.54641701092536
1.56223364818466
1.57991905347779
1.59933105728704
1.6203960919005
1.64314347860285
1.66773106214205
1.69445338468506
1.72372613428908
1.75604480269962
1.79191871532952
1.83178057801867
1.87586307436806
1.92401470865857
1.97540755496589
2.07203613252041
2.1501543562757
2.08571513765522
1.88056064545836
1.53295179403983
1.46499322299698
1.76155183695202
1.95038187204184
2.04297702396329
2.02663917437164
1.97397688723327
1.94355028935883
1.91366435933557
1.88496244330479
1.85750594734283
1.83102053639184
1.80508708069508
1.77928936917044
1.753326931536
1.72708789909132
1.70067527092349
1.67438733230922
1.64866332493979
1.62401255739947
1.60094563575898
1.57992119400281
1.56131383678058
1.54540235068845
1.53237292479521
1.52316405668691
1.51709564598539
1.51311593601948
1.51100374406141
1.51054569403119
1.51191484096428
1.5156973367681
1.52246928085074
1.53184024793376
1.54362173215434
1.55758752735567
1.57348377728423
1.59105061668366
1.61005662917331
1.63034301550133
1.6518694930933
1.67475002696768
1.69926581651819
1.72584674867119
1.75501942731956
1.78732603629494
1.82321907167388
1.86292891484273
1.90628271115904
1.95244479347253
2.0386478795015
2.10495247767075
2.04195216453109
1.85024981282645
1.51944126638888
1.45133384043063
1.73143200138384
1.90623187659765
1.99636232948053
1.99280513268157
1.95260947339897
1.92868970187171
1.904863220811
1.88170059066982
1.85921030222246
1.83705410829815
1.81473916906363
1.79178425133334
1.76785606679577
1.74286063574974
1.71697553249774
1.6906215625837
1.66438876535647
1.63894229546458
1.61493393821695
1.59293664845881
1.57340828214723
1.55668168437583
1.54297320867304
1.53327876280725
1.52688296183981
1.52267765672458
1.52042759856655
1.51990189508951
1.52127612311023
1.52514755293275
1.5320981446043
1.54170299312027
1.55372965155953
1.56789189728273
1.58385828758216
1.60127569412402
1.61981028237333
1.6392028719165
1.65932871660523
1.68024568843639
1.70221329365327
1.72567024278365
1.7511688585702
1.77927479628642
1.81044380961401
1.84487989942294
1.88236317943833
1.92203328685444
1.99511166321351
2.04683170484793
1.98654933734328
1.81274809905106
1.50335441118265
1.43611776368477
1.69763756773589
1.85652722288231
1.942971039262
1.95216029697145
1.92520988794084
1.90828992536051
1.89102813629944
1.87389414851507
1.85682907439864
1.83942245537634
1.82110034020356
1.80130902861428
1.77967740397768
1.75612981503352
1.73092547498851
1.70461983608022
1.67796750980171
1.65180144139019
1.62692258934559
1.60402188329871
1.58364060209224
1.56616369975737
1.55183489587746
1.54170097992507
1.53501098238892
1.53060500783837
1.5282340590437
1.52765128717616
1.52903447274286
1.53299038381514
1.54010660264354
1.54992473869277
1.56216973287547
1.5764954401366
1.59249082705907
1.60970472154717
1.6276932462157
1.64608727242564
1.66466795170033
1.68342956343298
1.70260601252381
1.722644321243
1.74412365435055
1.7676338075382
1.79363346455853
1.82230189544178
1.85338269745163
1.88601865218218
1.94505601913
1.98193686690274
1.92518035331988
1.77084159527495
1.48519808471607
1.4174557129003
1.65658197026743
1.79710231449993
1.87849075153294
1.90046371613417
1.88772026540323
1.87870957313488
1.86900522349531
1.8589138190512
1.84826032296233
1.83652720698643
1.82303002093905
1.80711771317499
1.78836488336297
1.76671077881263
1.74250733991742
1.71646719258828
1.68953724525971
1.66274468253768
1.6370604751428
1.61330726899234
1.59211707439653
1.57392948029644
1.55901595678229
1.54845880084031
1.54149415991704
1.53689687405775
1.53441145885265
1.53377524905957
1.53516021954875
1.53919495572797
1.54644822025152
1.55643919904235
1.56884722523271
1.58326123496877
1.59918176178012
1.61604634228973
1.63328387521363
1.65039621120709
1.66705298455539
1.6831731138191
1.69896142914652
1.71487800212263
1.73153918343119
1.74957178683534
1.76945226741236
1.79135667542315
1.81503175346151
1.83968265481323
1.88358662763404
1.90533508858117
1.85308840711048
1.72039591432462
1.46276854073468
1.38533095708077
1.58768071564577
1.70086670127099
1.7731233851496
1.80935077077533
1.81403350581876
1.81603969028213
1.81714854206402
1.81738888946655
1.81635731527656
1.81333170849544
1.80743398172508
1.79784801573732
1.78404925029184
1.76597844768012
1.7441011199513
1.71933564022996
1.6928842835962
1.66603190572631
1.63997320162985
1.61570220324603
1.59396764851099
1.57527916940289
1.55994454714999
1.54902801065288
1.54185396933361
1.53708471696889
1.53448587944438
1.53377772482405
1.53509662781446
1.53913294299103
1.54633255014768
1.55623869011601
1.56847125882574
1.58253468912742
1.59781358665239
1.61359781497796
1.62914537513574
1.64378300496303
1.65702807180576
1.66869710091442
1.67895798890497
1.6882951711301
1.69738802497928
1.70693581830021
1.71747796212717
1.7292496641541
1.74208827782197
1.75536815350415
1.78012918632236
1.78400825291827
1.73934297552582
1.63726011237495
1.42406091151394
1.33109431883825
1.49183941727103
1.57696747061512
1.63607977344747
1.67734154855966
1.69425483202916
1.70374716708166
1.71256686841309
1.72044244547928
1.7267826556276
1.73076155772257
1.73145008525106
1.72800801098841
1.71989611922493
1.70704162076733
1.68989668128335
1.66936991368574
1.64666155141518
1.62306447034403
1.59979112413969
1.57786056710632
1.55805032723567
1.54089915917128
1.52674165462697
1.51659679212368
1.50988614112727
1.50537190464369
1.50284541660782
1.50203395774994
1.50304923095213
1.50649680213666
1.51272846701424
1.52131529561625
1.53185291399844
1.54381837352871
1.55656733410579
1.56936105354077
1.58143095556315
1.59207998307407
1.60080372667463
1.60739670453005
1.61200196233948
1.6150755045968
1.6172686326801
1.61926398065038
1.62161555429556
1.62463315730408
1.62832458248003
1.6323672818031
1.64095654791155
1.63382381110928
1.59878621288265
1.5257009776226
1.36063892522122
1.26932852875419
1.39421314567837
1.45775838934195
1.50362937402329
1.53976107858928
1.55753707587783
1.56778558292891
1.57750939703741
1.58638291740911
1.59387398125183
1.59931818022841
1.60201289544487
1.60134410587879
1.59692305905083
1.58869274473076
1.57696787920296
1.56239482600816
1.54584734378691
1.52829402953179
1.51067513117097
1.49381356737743
1.47836779968993
1.4648213558133
1.45349851342385
1.44526844401461
1.43975243441312
1.43595904605858
1.43373980527344
1.43285942800731
1.43339142753943
1.43579046754091
1.4402665302766
1.44648949538023
1.45409814087113
1.46264324817975
1.47159323214444
1.48036207533263
1.48836246876211
1.4950805167985
1.50015819441263
1.5034603589521
1.50510115593122
1.5054146615446
1.50487403148872
1.50398249559408
1.50316780207419
1.50270534418679
1.50267683596836
1.50294181575195
1.50498206017463
1.49555302731843
1.46900890485179
1.41624039602949
1.29057817350922
1.18072191185459
1.2621783484041
1.30287475176349
1.33283869979037
1.35732371429725
1.36853005170824
1.37568277000904
1.38236089811694
1.38835485138016
1.39336702792851
1.39705716690235
1.39908853615767
1.39918160048899
1.39716768182629
1.39302976968572
1.38691918320987
1.37914335139754
1.37012844427499
1.36036720159696
1.35036458417947
1.34059176386365
1.33145437217642
1.323276258729
1.31629696559958
1.31104263022229
1.30747655314161
1.30491452088132
1.30331653488671
1.30251919716908
1.30252377171827
1.30365162481671
1.3058640673834
1.30904593857889
1.31295824288564
1.3173209810013
1.32182366878155
1.32614570671672
1.32998562527837
1.3330955125575
1.33531386210499
1.33658825093242
1.33698019225676
1.33664866086533
1.33581492254468
1.33471688959706
1.33356381095225
1.33250042080053
1.33158315869563
1.33075812114381
1.33159188613307
1.3238778443682
1.3065404388293
1.2736156146542
1.19342109425015
1.19828088034916
1.27643476340487
1.30921712729156
1.32693839556674
1.33349189909756
1.3290762169132
1.32734036086277
1.32491890808887
1.32192268992163
1.31842372618824
1.31447892407
1.31013996690412
1.30545911414988
1.30049434478287
1.29531390352746
1.28999939733383
1.28464670829681
1.27936446745528
1.27427035944867
1.26948593011437
1.26513077020327
1.26131696532318
1.25814463808365
1.25569927274297
1.25403752848178
1.25325715206663
1.25299184186181
1.25326066637476
1.25408693966454
1.25544814194915
1.25775507919564
1.26089597291545
1.26473231573849
1.26916473145594
1.27407614125713
1.2793346691847
1.28479878604535
1.29032400782935
1.29577027674645
1.30100902566715
1.30592888017799
1.31043910562198
1.31447029088123
1.31797230673749
1.32091011255309
1.32325819043982
1.32499358546489
1.32608431193141
1.32646381049188
1.32839797376946
1.31899148092621
1.29966826727235
1.26664855492587
1.1904830537626
1.29209197639369
1.41336477182428
1.46456280887298
1.49072481300154
1.49799880615376
1.49088110647158
1.48649430771023
1.4811080031406
1.47492549043975
1.46808512190267
1.46069529004962
1.45284743606937
1.44462538365813
1.43611505476587
1.42741362672751
1.41863616303258
1.40991825464599
1.40141423868274
1.39329159412881
1.38572284496295
1.37887660023395
1.37290927934303
1.36795884019373
1.3641417492628
1.36164928912408
1.36040625999565
1.35998605810806
1.36035581488355
1.36154842882699
1.3635943344437
1.36698396560863
1.37178033215544
1.37768116440214
1.38455329500002
1.39223692227404
1.4005488459418
1.40928967299749
1.41825379647498
1.42724078457395
1.43606646645439
1.44457178848603
1.45262770702953
1.46013506676319
1.46701947991711
1.47322236705271
1.47869000546105
1.48336163464637
1.48715297134757
1.48991767582243
1.49412264792645
1.48344618270644
1.45523488618605
1.40343320055156
1.28406492534409
1.35774189088115
1.51329684876104
1.58141327553561
1.6143974585548
1.61912748407101
1.60545272341263
1.59700118704533
1.58730173822434
1.57671743063107
1.56550697008711
1.55386263964011
1.54192868842617
1.52981886370753
1.51763459114954
1.5054813448934
1.49348053308804
1.48177526206822
1.4705297617892
1.45992355473867
1.45014230429666
1.44136755063685
1.43376730711484
1.42748904382058
1.42265649361073
1.4195145194799
1.41792077682855
1.41735848843693
1.41777516253776
1.41920867795709
1.42171068318374
1.42587309731449
1.43182953372137
1.43921258312871
1.44788256393992
1.45766982389847
1.46837811851995
1.4797926922865
1.4916917019052
1.50385942209024
1.51609906687887
1.52824264041171
1.54015534285098
1.551732822867
1.56289088526495
1.57354881213958
1.58360872441537
1.59293351676295
1.60132236889388
1.60846625775496
1.61985925998897
1.61238444606039
1.5772910049197
1.50762890838315
1.35213309689097
1.41455047087041
1.60840319936173
1.69789374165654
1.73755095818192
1.73388451842741
1.70785608075986
1.69230965192908
1.67550072511476
1.65804040001636
1.64034707783133
1.6227017279964
1.60528702513038
1.58822239496255
1.57159515818226
1.55548582241325
1.53998577146458
1.5252066207295
1.51128176594186
1.49836176125807
1.48660584304748
1.47617204958157
1.46720804788684
1.4598442281188
1.45419041952566
1.45052394900675
1.44863589316791
1.44793858704748
1.44836180532222
1.44994474461519
1.45275848451387
1.45747000598926
1.46428411566519
1.47280192909366
1.4829010592513
1.49443238226326
1.5072235594678
1.52108709342015
1.53583165295093
1.5512750842705
1.56725680313415
1.58364672197952
1.60034780903227
1.61728992278771
1.63441362577524
1.65164398324092
1.6688555058693
1.68582985186497
1.70220627005818
1.71741382680237
1.74310668637776
1.74620488361381
1.70472780659513
1.61176915284973
1.41401828573655
1.44626090447142
1.67313061563476
1.78272196553176
1.82693007240386
1.81187214951356
1.77392353843061
1.7508700713237
1.72695559414096
1.70293224846341
1.67929891194828
1.65635917462889
1.63428213907851
1.61315433132681
1.59302063648595
1.57391459412205
1.55587855743441
1.53897448571382
1.52328670344078
1.50891855712687
1.49598526386955
1.48460523141342
1.47489174852307
1.46694629461033
1.46085415342864
1.45695813055449
1.45489780539294
1.4541222771114
1.45451886256821
1.45612473669641
1.45905471152722
1.46393549075211
1.47112829485597
1.48017837738415
1.49099199339222
1.50345388312179
1.51743199785833
1.53278536405017
1.54937448819337
1.56707303705893
1.58577872453908
1.60542077246404
1.62596111574536
1.6473867321152
1.66969096459489
1.6928421915817
1.71673840346996
1.74114640201404
1.76562703990492
1.78945879443972
1.8293211768962
1.84648509494352
1.80094098389958
1.68581278146241
1.45092725354036
1.46507421704705
1.71137594317931
1.83380720383411
1.88045924893586
1.85670414814077
1.80960615911203
1.78158681243998
1.75305530478728
1.72485834114263
1.69752372301639
1.67134322315785
1.64645715379785
1.62291762556569
1.60073397832485
1.57990440561243
1.56043625916208
1.54235682761568
1.52571636218109
1.51058535491525
1.49704823522335
1.48519556469511
1.47511646196365
1.46689240045505
1.4605921503177
1.4565706395456
1.45442349419143
1.45359744242597
1.45396771041422
1.45556931836584
1.45852983732652
1.46347459000028
1.47081121611026
1.48008187628884
1.49121216269029
1.50411037718104
1.51867299023349
1.53479200093232
1.55236451300055
1.57130336852927
1.59154695750803
1.61306581125114
1.63586333539261
1.65996804510215
1.68541476131679
1.71221206072871
1.7402923871348
1.76943944742911
1.79918797763513
1.82871890559237
1.87923332409164
1.90692166698565
1.85931173160522
1.73003216182091
1.47310455422908
1.48053292484407
1.74283394295601
1.87605862588284
1.92446290505134
1.89279147150974
1.83740000211388
1.80509578312875
1.77263362943804
1.74092277230214
1.7104956457367
1.68162235187083
1.65441259992206
1.62888637072377
1.60502170495386
1.58278649005672
1.56215829449516
1.54313481060307
1.5257369685606
1.51000672522267
1.49600153411278
1.48378736685254
1.47343183192516
1.46499840561428
1.45854153979484
1.45441529061713
1.45219893820053
1.45132544788812
1.45166665160487
1.45325515131183
1.45622247482706
1.46120348502866
1.46862419604462
1.47803739138677
1.48938563680924
1.50259860571235
1.51759841083293
1.53430649780717
1.55265241005761
1.57258339502732
1.59407317369716
1.61712773020053
1.64178569291478
1.66811073414146
1.6961732061079
1.72601754379251
1.75761019144926
1.79075955570008
1.82499753681363
1.85944035336683
1.91954207852073
1.95670770996184
1.90772428819664
1.76664775827846
1.49156505210265
1.49442435750399
1.77110326083578
1.91375426570626
1.96337191165474
1.92439329215304
1.86137975759404
1.82513960462348
1.78907882273321
1.75415437702838
1.72089547714769
1.68955078860858
1.66020333407863
1.63284606599608
1.607430761986
1.58389945178171
1.56220361751661
1.54231430331423
1.52422538852945
1.50795197985722
1.49352574961888
1.48098887281874
1.47038792096254
1.46176861043816
1.4551711489417
1.45094894074725
1.44866556611953
1.44774249508064
1.44804841722222
1.44961296787166
1.45257142479425
1.45756486778065
1.46503722031928
1.47455350452616
1.48607339858403
1.49954796928752
1.51492479400451
1.53215428324318
1.55119752102803
1.57203470880022
1.59467273911833
1.61915001099499
1.64553629324481
1.67392517716831
1.70441620447417
1.73708265811849
1.77191854836202
1.80875379180699
1.8471225200495
1.88608936929492
1.95500673833072
2.00088934685577
1.95112068635454
1.79988129124159
1.5085035710966
1.50649347754645
1.79477940214174
1.94459723600792
1.99482361797558
1.94976949416514
1.88063294897407
1.84115832927669
1.80210950993048
1.76447975257641
1.72880369785537
1.6953222772672
1.6641059407398
1.6351331718579
1.60833994736697
1.58365088525425
1.56099811414245
1.54033138197634
1.52162177064989
1.50486090423942
1.49005730941391
1.47723138355923
1.46641016182972
1.45762268289718
1.45089569816981
1.44658231775276
1.44423206955252
1.44325609241254
1.44352040163719
1.44505111735907
1.44798686563998
1.4529727454607
1.46046915734088
1.47005488154369
1.48170612204051
1.49539447910702
1.51109172576121
1.52877544045233
1.54843579710802
1.57008269280764
1.59375191885583
1.61950871589065
1.647446737344
1.67768009034758
1.71032548839956
1.74547016918669
1.7831183325897
1.82310351856087
1.86494857747728
1.90767473730358
1.9837320662294
2.03692392639675
1.98703199803312
1.82817270448901
1.5236279124413
1.51654285111864
1.81283343025223
1.96693144181331
2.01706105546197
1.96777503717409
1.89459811790246
1.85287337284853
1.81165579637282
1.77198151055314
1.73441361963036
1.699210146497
1.66645119690645
1.63611909863876
1.60814856858383
1.58245820347295
1.55896971787517
1.53761865472374
1.51835899330516
1.50116348197753
1.48602122040203
1.47293379156509
1.46191100427709
1.45296697187828
1.44611627692483
1.44171273981631
1.43929350682826
1.43826012664554
1.4384763439092
1.43996420861742
1.44286537380077
1.44782718141885
1.45532508255605
1.46495252987679
1.47670115710515
1.49056154025845
1.50652752555941
1.52460106168503
1.5447978168876
1.56715282946568
1.59172503559149
1.6185991938565
1.64788340278078
1.67969998938242
1.7141667982721
1.75136438099441
1.79128150329262
1.83372587728338
1.87818053766376
1.92360970665386
2.00454329291225
2.06290644305023
2.01363934702277
1.85046962319192
1.53671652922854
1.52449011072415
1.82496254163329
1.97981836781423
2.02920722464195
1.97822683709928
1.90327795667854
1.8604085231385
1.81792683892928
1.77693319770049
1.73804596480149
1.70156931790718
1.66761835212552
1.63619980901389
1.60726329881451
1.58073397430429
1.55653300497089
1.53458960728595
1.51484706666903
1.49726453578379
1.48181604619867
1.46848793008009
1.45727562552761
1.4481805450117
1.44120677081997
1.43671043649628
1.43421788709326
1.43312142787568
1.43328286882166
1.43471961924351
1.43757611211533
1.44250052303029
1.44998202779091
1.45962911916167
1.47144737320126
1.48544429380801
1.50163310959862
1.52003671992527
1.54069204045158
1.56365403497624
1.588998366943
1.61682130786816
1.64723521211292
1.68035741313614
1.71628960239987
1.75508321511135
1.79668339803622
1.84083896326193
1.88696116138613
1.93393189506736
2.01730202350606
2.07814523751624
2.03018804571879
1.86649630778415
1.54769391602961
1.53045109023409
1.83141722735701
1.98428507775503
2.03249256863173
1.98180925311894
1.90732770099798
1.86431863982499
1.82142417512536
1.77980073680289
1.74014346275808
1.70282700628328
1.66802382523506
1.63578364462829
1.60608578346387
1.57887365444632
1.5540772211139
1.53162698353857
1.51146187348847
1.49353280914527
1.47780329985113
1.46424824342414
1.45285184541252
1.44360532202152
1.43650417681704
1.43190895600667
1.4293366453281
1.42817027022169
1.4282699734312
1.4296479262958
1.43245115955679
1.43732759846721
1.44477894414541
1.45442866594065
1.46629453014254
1.4803986308066
1.49677060239783
1.51545063275897
1.53649248465181
1.55996582048215
1.58595680547285
1.6145656863587
1.64589971499018
1.6800593272765
1.71711472473534
1.75706862244802
1.79979841500748
1.84496704831414
1.89188914544865
1.93936856147403
2.02285033114842
2.08405238801985
2.03789365042488
1.87664857196763
1.55669130632868
1.53463606275095
1.83332683703947
1.98191836734795
2.028678874478
1.9802728164563
1.90788159437013
1.86551791547453
1.82288930710392
1.78120446917946
1.74124170550782
1.70345969962043
1.66810259886679
1.63527600090289
1.60499978062696
1.5772445792343
1.55195664072768
1.52907413932401
1.50853722909641
1.49029351755898
1.47430033230935
1.46052490745278
1.44894341060253
1.43953947920208
1.4323020928021
1.42759870332641
1.42493820740643
1.42369394861374
1.42372459992378
1.42503645898757
1.42777902750229
1.43259917232365
1.44001005637472
1.44964974786733
1.46154630346348
1.4757339529399
1.4922557157337
1.51116548676494
1.53252974776223
1.55642818092137
1.58295216282716
1.61219985049923
1.64426625387332
1.67922626288116
1.71710794812771
1.75785238226094
1.80125446802871
1.84687685649599
1.89392990089185
1.94114206291199
2.02312145225051
2.08269181121604
2.03864003754418
1.88223575943107
1.56394137392823
1.53735687408633
1.83215377181536
1.97541176862871
2.02075473129668
1.9757565273023
1.90636050691808
1.86512040183459
1.8232006735387
1.78184895861276
1.74192069664247
1.70395907059093
1.66828387530559
1.63506170219654
1.60435821332335
1.57617626994905
1.55048311662117
1.52722910524634
1.50635993396405
1.4878240218372
1.4715763747904
1.4575800776217
1.44580634936385
1.43623385551521
1.42884714612988
1.42402337753352
1.4212644331531
1.41993322829267
1.41988709288934
1.42112576578611
1.42380113808591
1.42855843419949
1.43592134969742
1.44554195854141
1.45745664891714
1.47170934148007
1.48835354703177
1.50745359321718
1.52908511954298
1.55333408200327
1.58029322104955
1.61005469134288
1.64269725788882
1.67826610798422
1.71674286866151
1.75800278915736
1.80175520588502
1.84746276822757
1.89423818635611
1.94074802065789
2.02041608346677
2.0773513933318
2.03542862917764
1.88488728280804
1.56977501456348
1.53896268542423
1.82941039989285
1.96749183037656
2.01170920526451
1.97038171343777
1.90419803239154
1.86425681746661
1.8232462002292
1.78243668905255
1.74274608009466
1.70479188513063
1.66896371492226
1.63548637638441
1.60447055122237
1.57595192733781
1.54992035175714
1.52634069295496
1.50516704932091
1.48635181171331
1.46985092000395
1.45562646893823
1.44364763189073
1.43389063081441
1.42633766399018
1.42137863214661
1.41850927526273
1.41708101284032
1.41694988752813
1.41810833580515
1.42071059147913
1.42539982658816
1.43270946222275
1.44230483842279
1.45422870718752
1.46853231182439
1.48527697362279
1.50453459188497
1.52638710066153
1.5509240789481
1.57823742917523
1.60841179509847
1.64150913200785
1.67754558592153
1.71645861506251
1.75806215363713
1.80198770442926
1.84761004569569
1.89396077328333
1.93966150490501
2.01696130899856
2.07122606121294
2.03120279924766
1.8862333730081
1.57454828646388
1.53978153904039
1.82637945658951
1.96030573946663
2.00386919456076
1.96589351398059
1.90262032474667
1.86390912278291
1.82380382553515
1.78358365434469
1.74421062548641
1.70635992003713
1.67047793053478
1.63683841496874
1.60559105731152
1.57680099050745
1.55047936726073
1.52660587758135
1.50514449491514
1.48605383618375
1.46929346160223
1.45482729778191
1.44262519189109
1.43266336344622
1.42492370287335
1.41981209743883
1.41681880638507
1.41528238987996
1.41505758823771
1.41612872769044
1.41865236235806
1.42326933066952
1.43052207092497
1.44008833678547
1.45201527613867
1.4663591683264
1.48318667350186
1.50257479736803
1.52460956507018
1.54938255492328
1.57698416214777
1.60749223026206
1.64095446958514
1.67736293232064
1.71661882792594
1.75848629187354
1.80253457799037
1.84806991810894
1.89406326341331
1.93910658879161
2.0145360664605
2.06672883554917
2.02820531548979
1.88760520709584
1.5785772666335
1.54006775699723
1.82394864973049
1.95521785227989
1.99869858928616
1.96346985843897
1.90250077711619
1.86479271236156
1.82544973071612
1.78575082196636
1.74668478201413
1.70896526541049
1.67307832360805
1.63933310620915
1.60790851046608
1.57889274152433
1.55231474676525
1.52816779059349
1.50642616108641
1.48705630000415
1.47002368397866
1.45529667894775
1.4428484202599
1.43265752265956
1.42470759738394
1.41942394365118
1.41629180483017
1.41463525069888
1.41430763407478
1.41528429720213
1.41772410577567
1.42226537218481
1.42945890930984
1.43899391924681
1.45091994905434
1.46529605881387
1.48219190277554
1.50168739654977
1.52387092494095
1.5488351983007
1.57666958165026
1.60744749540749
1.64120730173451
1.67792502961029
1.71747749801739
1.75959507908329
1.80380473636033
1.84936631935423
1.89521013037408
1.93990862332922
2.01427915681659
2.065297909307
2.02778114533309
1.88986403759176
1.58208119406982
1.53996435007281
1.82255102176507
1.95281801474397
1.99682201172919
1.96366910867869
1.90428970050599
1.86729011455046
1.82850121733502
1.78919812657474
1.7503815816686
1.71278466196647
1.67691454849638
1.64310019749502
1.6115379267116
1.58233097623629
1.55552134587509
1.53111380209371
1.50909288990056
1.48943421556154
1.47211136541363
1.45709973975456
1.44437840602534
1.43393081089677
1.42574434397742
1.42026731627044
1.4169802396948
1.41519082940761
1.41475089689929
1.41562586496928
1.41797690503178
1.4224396657605
1.4295727170444
1.439075604849
1.4509981944973
1.46540001213436
1.48235134761475
1.50193289061729
1.52423382803779
1.54934747284007
1.57736320170786
1.60835325211113
1.64235276140554
1.6793314219305
1.71915544618036
1.76153942293826
1.80598933575423
1.85174065498945
1.89770044899702
1.94242652955516
2.01664270970011
2.0674352426892
2.03039948923477
1.89334329903941
1.58514330373077
1.5394848599318
1.82217051534713
1.95300143563354
1.99811705502415
1.9664516678406
1.90799993410722
1.87142858718238
1.83299238565631
1.79396197640345
1.75533773731374
1.71785459272344
1.68202284163084
1.64817560708152
1.6165145656753
1.5871497039736
1.56013120585745
1.5354732883822
1.51317083774508
1.49321018159374
1.47557545380582
1.46025191626439
1.44722740532835
1.43649277620381
1.42804133857165
1.42234817597394
1.41888919619424
1.41695370630107
1.4163917567614
1.4171578650264
1.41941549437844
1.42379751831899
1.43086962675598
1.44034042385014
1.45225786100224
1.46667944620949
1.48367356251255
1.50331934795584
1.52570505166965
1.55092390275195
1.57906621846364
1.61020623869857
1.64438200093651
1.68156656864237
1.72162927157035
1.76428655558984
1.80904381871621
1.8551323692715
1.90145078961766
1.94654424390605
2.02142124061005
2.07280937797806
2.03574303564416
1.89785805417093
1.58769380661361
1.53851477679335
1.82238330634533
1.9550599001623
2.00181148070966
1.97123399259957
1.91322976047656
1.87689145938102
1.83867783555075
1.79985448635896
1.76141061656699
1.72406734455265
1.68832189074882
1.65449743343407
1.62279020528886
1.59330971713538
1.56611041175494
1.54121476458216
1.51862887156899
1.4983520370617
1.4803819748254
1.46471711147979
1.45135724145234
1.44030344008029
1.43155721208069
1.42562429970651
1.42197600450237
1.41988104144188
1.41918741965781
1.41983773488171
1.42199770942207
1.42629733222743
1.43330871250803
1.44274800401162
1.45465880003705
1.46909383180426
1.48611668263497
1.50580217483328
1.52823534259109
1.55350799512069
1.58171153647926
1.61292444368412
1.64719260710964
1.68450070412194
1.7247330718968
1.76762340895138
1.81269433576647
1.85919060806083
1.90601519384194
1.9517027296441
2.02781473751571
2.08035998592115
2.04280520630885
1.90275221573652
1.58951527992936
1.53683067135692
1.82242590030174
1.95778131172565
2.00658459399677
1.97696574849486
1.9192152434459
1.88305748196525
1.84506067382297
1.80648222491673
1.76828983950796
1.73117732708346
1.69561539376835
1.66190592171603
1.63023138598199
1.60069575169578
1.5733556352104
1.54824214870047
1.52537479837443
1.5047692274481
1.48644064827991
1.47040462739081
1.4566765789628
1.44527090864751
1.43619974960389
1.43000343879241
1.42614857257524
1.42388103967821
1.42304647648726
1.42357454047326
1.42563314986282
1.42984927963967
1.43680065301596
1.44620921672043
1.45811151439206
1.47255239372445
1.48958726670615
1.50928323670439
1.53171901479686
1.55698259325808
1.58516526612258
1.61635028470757
1.65059420037683
1.68789885994503
1.72817221845944
1.77117683835175
1.81646644649445
1.86331359346983
1.91063724659651
1.95696612630036
2.03452021654328
2.08841139668549
2.05000069360591
1.90697832415987
1.59026883812101
1.53413419886999
1.82129464214203
1.95958355801409
2.01070355504639
1.98224192096329
1.92491363350943
1.88906737840623
1.85144303842006
1.81328255864103
1.77552183982652
1.73881635015613
1.7036003457806
1.67014669822023
1.63861914439358
1.60911391990771
1.58169017141261
1.55639007184628
1.53325043084546
1.51230795979312
1.49360034845486
1.4771650524889
1.4630372865837
1.45124820330828
1.44182314142332
1.43534088653649
1.43126317531032
1.42881089663487
1.42782694803375
1.42822707404197
1.43018128344566
1.43431336380567
1.4412057064616
1.45058405509423
1.46247497217313
1.47691194877783
1.49393831815438
1.5136093128188
1.53599320518642
1.56117045374028
1.58922934256912
1.62025625184859
1.65431841969719
1.6914369167214
1.73154765518448
1.77444877471465
1.81973398775212
1.86671396684351
1.91433402052068
1.96112522825492
2.03986825936059
2.09483631122947
2.05532629823727
1.90921968429114
1.58953827732335
1.53009700254126
1.81788218173534
1.95870877123762
2.01222570520382
1.98546486147752
1.92912128279415
1.89391744174803
1.85699720805017
1.81957511628859
1.78254507586534
1.74651601233183
1.71187973004841
1.67887641523315
1.6476497551189
1.61828922348786
1.59085949834584
1.56541842896852
1.54202580794695
1.52074555610992
1.50164388079274
1.48478561632906
1.47023042061401
1.45802984863246
1.44822509986695
1.441436981288
1.437122217263
1.4344747342593
1.43333431668761
1.43360191796238
1.43544947640357
1.43949734323483
1.44633145913138
1.45567918600873
1.46755399734667
1.48197424508259
1.49896678189621
1.51857008650402
1.5408368570201
1.56583493332725
1.59364489844834
1.6243522988706
1.65803211054712
1.69472291212726
1.73438827099931
1.77686322589877
1.82178473958839
1.86850726869358
1.9160110604518
1.96284164419713
2.04202180042679
2.09730749191552
2.0566054434152
1.90806334499761
1.58688762852676
1.52441059831697
1.81114574486302
1.95347214766806
2.0092619287428
1.98505725700419
1.93062147929918
1.89657494363008
1.86085205294458
1.82462383825433
1.78873238274042
1.75373475326166
1.71997809706682
1.68767003273188
1.65693626402055
1.62786333377658
1.60052682888708
1.57500683540729
1.55139336312807
1.52978487339465
1.51028297875198
1.49298592054191
1.47798272280665
1.465349083305
1.45514467473212
1.44803534849038
1.44347275005384
1.44062229002036
1.43932029739506
1.43945221974281
1.44119169250646
1.44515526118482
1.45193109158555
1.46124591657991
1.47309696293365
1.48748349515706
1.50441114696255
1.5238961989193
1.54596980086338
1.57068091993789
1.59809618091483
1.62829428139666
1.66135232678335
1.69732128562011
1.73618783627631
1.77782021765492
1.82189653694385
1.86781602229498
1.91460040849592
1.96082484482122
2.03923484596509
2.09362728596844
2.05180478871537
1.9022162330861
1.5819246067527
1.51683474677449
1.80027548022066
1.94255449488537
2.00029780876032
1.9796910244621
1.92834473067813
1.89610099358865
1.86218429671242
1.82770218570712
1.79343561040348
1.75988669852466
1.72735863558297
1.69602939237022
1.66601119271195
1.63739349922135
1.61026981976872
1.58475032878586
1.56096346216244
1.53905022755955
1.5191549263169
1.50141538934301
1.48595489695311
1.4728768753406
1.46226187117428
1.454822926817
1.45000674905754
1.44694933696622
1.44548330977928
1.44547813524347
1.44710882343625
1.45098756054696
1.45770317022438
1.46697961268673
1.47879484660413
1.49312516592102
1.50995018930493
1.52925832303529
1.55105274165804
1.57535656777368
1.60221518192432
1.63169301684389
1.66386184234718
1.69877748512139
1.73644213667304
1.7767498632
1.81941378339606
1.8638753383223
1.90920249512388
1.95401821884109
2.03012432166631
2.0821227251757
2.03940659407094
1.89072018834361
1.57436130675109
1.50723235387909
1.78483920348902
1.92521913532906
1.98443315083993
1.96849660896815
1.92150671119737
1.89175904415882
1.86029948692658
1.82815205744038
1.79602701699152
1.76436955797172
1.7334409022878
1.70339352203248
1.67433166997158
1.64635433001188
1.61958045068586
1.59415842898467
1.57026340800825
1.54808682630682
1.52782267201361
1.50965414383114
1.49374320371922
1.48022412791465
1.46920032606204
1.46143294222154
1.45636425334548
1.45310090103234
1.45147170019538
1.45132998880463
1.45285171720402
1.4566438907727
1.46329413465446
1.47252181601307
1.48428297198343
1.49852741281591
1.51520427588789
1.53426866117342
1.55568945803603
1.57945692934085
1.60558769440095
1.63412406003188
1.66512430464093
1.69864060894819
1.73468180220621
1.77315884714077
1.8138120527541
1.85612099817944
1.89920447220066
1.94175123384203
2.01390752769723
2.06192804236407
2.01867055590734
1.87313301444706
1.56405639421529
1.49558861646633
1.7648396591414
1.90144709226879
1.96154157956801
1.95117145279726
1.90969543938121
1.88308418200652
1.85468778329607
1.82542724815452
1.79593260237036
1.76658967776395
1.73761926655086
1.70915199920588
1.6812891014925
1.6541449979172
1.62787077741328
1.60266023872232
1.5787424464214
1.55636601802733
1.5357804778607
1.51721907495488
1.50088589785074
1.48694838076284
1.47553417115995
1.46745184132775
1.4621403065929
1.45867816940051
1.45689059065174
1.45661503461412
1.45802782057479
1.46172958413464
1.4683045585564
1.47746626180107
1.48914677371826
1.50326662993907
1.51974081434154
1.5384865152193
1.55943284774131
1.58253098277454
1.60776198638007
1.63513884214159
1.66469879978871
1.69648250047066
1.73049719709785
1.76666260423094
1.80473935942333
1.84424218799418
1.88434593511961
1.92382314829592
1.99050820066521
2.03315676053956
1.98978786939019
1.8495893041068
1.55103602541477
1.48200351166697
1.74068772513243
1.87187706167178
1.93221908338167
1.92797389219612
1.89288224158647
1.86990013454044
1.84504445034457
1.81911586612775
1.79265473234432
1.76598370602381
1.73928299384542
1.71266328117373
1.68622588522674
1.66010464423717
1.63448738836754
1.60961826503635
1.58578517963435
1.5632984240219
1.54246681182463
1.52357648363309
1.50687557900636
1.49256582990455
1.48079970643608
1.47243070000967
1.46689613409049
1.46324948339511
1.461312736689
1.46090821751692
1.4622118827621
1.4658163107469
1.47229982284942
1.48136958998329
1.49293255294831
1.50687826988535
1.52308518126291
1.54142940581128
1.56179636848737
1.58409356883775
1.60826142449672
1.63427813154762
1.66215417910579
1.6919127381628
1.72355351284138
1.75699945528768
1.79202767776592
1.82818809929733
1.86471846346072
1.90049200280035
1.96052034298887
1.99680077146824
1.95377319097088
1.82075117571007
1.53547976812651
1.46665849427701
1.71307702865194
1.8376112377687
1.89757896859731
1.89959032657229
1.87136210293502
1.8522856696551
1.83125768333061
1.80894424859446
1.78578679446258
1.76203994846458
1.73784144659079
1.71328182109899
1.68846318339415
1.66354001326542
1.63873840828591
1.61435448726916
1.59073650280402
1.56825761928889
1.54728670856098
1.52816311818369
1.51117896409204
1.49656993990147
1.48451287873431
1.47590225683538
1.47017548473566
1.46636637421467
1.46429434320349
1.46376783284364
1.46496180891913
1.46845781825043
1.47482632100028
1.48376801681305
1.49516469395728
1.50887464614737
1.5247390994905
1.54259195735972
1.56227329787757
1.5836448006709
1.60660366309232
1.63109039878087
1.6570856352857
1.68459192229482
1.7135984965785
1.74402943679705
1.77567811912708
1.8081330852736
1.84070397875004
1.87238044087501
1.92502134496497
1.95445236237835
1.91219577586294
1.7876324547399
1.51767502905261
1.44764984311138
1.67821641071091
1.79401824853126
1.8528635064016
1.86173700488818
1.84119092613396
1.82669485800989
1.81019582317042
1.79219555682901
1.77301044010853
1.75281091830733
1.73168213230448
1.70968879840594
1.68693182906065
1.66358745195786
1.63992366315275
1.61629401282197
1.59311358348688
1.57082511154116
1.54986377293868
1.53062746858735
1.51345651288855
1.49862358735949
1.4863326936468
1.47750543165481
1.47160831457456
1.46764356108835
1.46543694233915
1.46478288914076
1.46584630912807
1.46920861309738
1.47540362744407
1.48413840385439
1.49526633122906
1.50861105892
1.5239722088847
1.5411361707161
1.55989165927243
1.58004811013449
1.60145308938013
1.62400350790522
1.64764518705255
1.67235658617697
1.69811509524786
1.72484753626921
1.75236958432027
1.78032128309519
1.80810882887216
1.83486885768522
1.87901270280513
1.90059342178226
1.85968490471449
1.74583907810777
1.49542755153886
1.41474200653359
1.61569950357739
1.71549871990796
1.77099635894371
1.78918657346238
1.77890491131751
1.77153948684672
1.76212876919299
1.75096880158498
1.73818909106106
1.72382140218123
1.70785932585081
1.69031789786832
1.67128603613133
1.65096191489399
1.62966453032962
1.607820592985
1.58593191392252
1.56453243726079
1.54414490308888
1.5252450995749
1.50823810473974
1.49344741447667
1.48111579501071
1.47214142817902
1.46613351877658
1.46201755597394
1.45965675248986
1.45882915913884
1.45965816166332
1.4627624671578
1.46852811629007
1.4767214286025
1.48715507496301
1.49960393203512
1.51380967380199
1.52949255872739
1.54636964242651
1.56417718126461
1.58269289380825
1.60175214887302
1.62125199275744
1.64113870450587
1.66137799489911
1.68191101848838
1.70260266273874
1.72318965325097
1.74323266642234
1.76206078053883
1.79419203263507
1.80428759459052
1.76653430609829
1.67144286899703
1.45666668361716
1.35569512249948
1.51870875540634
1.59791777673853
1.64601516798491
1.67013868705532
1.67051002715401
1.66962736374853
1.66697826096939
1.6626058055984
1.65644733910429
1.64840009569579
1.63837011644495
1.62632023687277
1.61231241235959
1.5965353310175
1.57931054163436
1.56107572738911
1.54234964128964
1.52368729473491
1.50563502165179
1.4886932188456
1.47329115233653
1.45977482439066
1.44840692504637
1.44005049545353
1.43439526951464
1.43045051789573
1.42810090131873
1.42712550337221
1.42762634038956
1.43014019952646
1.43497252300076
1.4419206559222
1.45077551393321
1.46128625926008
1.47316525849303
1.48610051493708
1.49977469273385
1.51388850299339
1.52818425759655
1.54246395770999
1.55659632685083
1.5705091618935
1.58416688645698
1.59753710713059
1.61055278986234
1.62307682577074
1.63487055210765
1.64554764227824
1.66362210217074
1.66359969947046
1.63164606403044
1.55905035680426
1.38859767556581
1.2881485421673
1.41506418735637
1.47548417922016
1.51424898192329
1.53763539165693
1.5422749130947
1.5442738184572
1.54488776409979
1.54405481569414
1.54164328539394
1.53751133749925
1.53154587609159
1.52369659913195
1.51400482942718
1.50262163514235
1.48981050592586
1.475933374306
1.46142290768679
1.44674703683181
1.4323726810483
1.41873459997729
1.40621304542664
1.39512151948067
1.38570438493391
1.37869983458195
1.37390886181208
1.37050435912988
1.36840534741639
1.36741639349355
1.36761108780959
1.36941850828993
1.37304470402748
1.37834593255683
1.38512937161416
1.39316636971332
1.40219786059933
1.41194572042183
1.42212907457811
1.4324835572664
1.44278025415224
1.45284022039401
1.46254071479415
1.47181087519313
1.48061714840374
1.48894151119904
1.49675719918966
1.50400585950095
1.51057423118246
1.51625238835847
1.52601582783634
1.52169113952794
1.49632959207903
1.44266935533103
1.31253252933816
1.1936496571414
1.27520092372407
1.3140393159807
1.34018224862235
1.35754181762396
1.36093367709202
1.36344954468047
1.36501617663636
1.36557859618806
1.36504348241915
1.36331703110967
1.36032908835866
1.35605190340366
1.35051491387352
1.34381366757741
1.33611089031239
1.3276291166549
1.31863609757576
1.30942562981356
1.30029708333845
1.29153666878171
1.2834026456456
1.27611565982151
1.26985449324482
1.26506347710188
1.26178413368576
1.25938057064913
1.25784692193776
1.25704289529111
1.25697589502562
1.25799884688192
1.26009642881032
1.26326269029478
1.26736170786236
1.27223502642483
1.27770666170432
1.28359108603099
1.28970346548928
1.29587086529817
1.30194267160519
1.30779825745465
1.313350189647
1.31854209005744
1.32334145226304
1.32772888557447
1.33168586002082
1.3351822190622
1.33816103700692
1.34051148348643
1.34625215636082
1.34126102956285
1.32423559950901
1.2907637648932
1.20897646934922
1.15826842502673
1.21684487141475
1.2408437652328
1.25249238362908
1.25400893637781
1.24594934865523
1.24264828077668
1.23866784473217
1.23413747015637
1.22916715742839
1.22385960855092
1.21831329881037
1.21262296576079
1.20687984069207
1.20117200461631
1.19558471280115
1.19020047766765
1.18509878361444
1.18035541430059
1.17604146232042
1.17222215149969
1.16895564508075
1.1662920766037
1.16427310762533
1.16288297379742
1.16225625506073
1.16203847078599
1.16226259177872
1.16294691764284
1.16405284748451
1.16596812296708
1.16854001191581
1.17171549435495
1.1754416688871
1.17965707965751
1.18429241124147
1.18927183346509
1.19451467591207
1.19993716580045
1.20545401325566
1.21097965994847
1.21642906105989
1.22171796038136
1.22676273339974
1.2314799724659
1.23578595640131
1.23959563926335
1.24281889258087
1.24534763235544
1.25197581040966
1.24872190885786
1.23592999049618
1.21142140410655
1.15340189681266
1.23466845905936
1.32685447188495
1.36395912064569
1.38033210256694
1.38018561389503
1.36864982979955
1.36232630596005
1.35508870840243
1.34714195700481
1.33866225841915
1.32981529197768
1.32075623454087
1.3116284591524
1.30256378345939
1.29368387584224
1.28510199154223
1.27692439817953
1.26925114139555
1.26217606060296
1.25578615097709
1.25016047615303
1.2453688972812
1.24147101398078
1.2385161646037
1.23658640307196
1.23565680206547
1.23535188809414
1.23565815273575
1.23660110275059
1.23818815577821
1.24084152254497
1.24456699667391
1.24918956138842
1.25464673489598
1.26086536341046
1.26776191988919
1.2752440475021
1.28321247443318
1.29156286206517
1.30018725741561
1.30897486298226
1.31781193429586
1.32658080222569
1.33515829102401
1.34341412353083
1.35121013416479
1.35840072869279
1.36483182846655
1.37032163235447
1.38031803245789
1.37845792072347
1.36059222771141
1.32256414694775
1.23050451420928
1.29059173702271
1.40783864104082
1.4559577821606
1.47574521916189
1.47232824068433
1.45495530850877
1.44519515487297
1.43432635353254
1.4226670980677
1.41049204791421
1.39804592031296
1.38554224718549
1.37316447044766
1.36106983310698
1.34939449750978
1.33825856374547
1.32777015179538
1.31802816672883
1.30912372181497
1.30114042951959
1.29415388874422
1.28823072904502
1.28342764701597
1.27979146815066
1.27743155288581
1.27627750639916
1.27588943113842
1.27624094486508
1.27736198634149
1.279273527754
1.28247178646296
1.28700952941948
1.29267307916318
1.29940342616964
1.30713110663003
1.31577645147155
1.32525106787857
1.33545948884897
1.34630050503124
1.35766773966559
1.36944903429494
1.38152431531893
1.39376184631424
1.40601314714819
1.41810736119758
1.42984641170177
1.44100261824379
1.45131849535346
1.46049164819809
1.47676477443534
1.47848235814193
1.45705049682308
1.40735630621733
1.28888445189582
1.33865990739051
1.48114556251719
1.5409820059236
1.56349568560981
1.55450284238989
1.52920314958648
1.51490865613409
1.49938613121289
1.48310942134287
1.46647786429094
1.44982461238032
1.43341910019775
1.41747444424949
1.40215791831026
1.38760199864652
1.3739142535293
1.36118517258406
1.34949367022741
1.33891042599794
1.3294994671808
1.32131849401048
1.31441844230086
1.30884277628769
1.30462749252271
1.30190157550563
1.3005492540044
1.30007821653677
1.30045008363611
1.30169734047271
1.3038545668482
1.30747702122003
1.31266715640733
1.31918887875078
1.3269973256175
1.3360396390405
1.3462552745875
1.35757721615309
1.3699330818681
1.38324557075844
1.39743166465565
1.41239996265512
1.42804559717361
1.44424241669313
1.46083256785891
1.47761430287731
1.49432975927146
1.51065538871182
1.5261972322728
1.54048052506814
1.56574047099961
1.57397065191174
1.5498218123681
1.48740438607663
1.34132320226523
1.36223471213597
1.52448949218001
1.59337552594345
1.61722303870131
1.60305868860396
1.57298706621016
1.55485918050378
1.53557036746449
1.51565742117695
1.49559861117634
1.47578375735479
1.4565133845021
1.43801099962485
1.42043941455208
1.40391684145345
1.38853069610074
1.37434830005883
1.36142443051327
1.34980609315133
1.33953509244065
1.33064901495394
1.32318116309041
1.31715977366559
1.31260686083878
1.30972052938449
1.30824067032697
1.30772364328202
1.30808979971176
1.30937175136463
1.31164720666333
1.31542388981757
1.32095479499551
1.32793870413659
1.33634862560169
1.34615099948864
1.3573071783039
1.36977468595863
1.38350788749965
1.39845767690112
1.41456955043328
1.43177931890288
1.45000572366688
1.46913940478394
1.48902810696596
1.50945882078398
1.53013893720603
1.55068093545482
1.57060034408587
1.58934418270858
1.62047756778076
1.63499154497346
1.60967067562353
1.53729725960341
1.36914630248384
1.37665575726736
1.54879186591367
1.62238013873397
1.64676853863952
1.62931964767723
1.59562953418131
1.57529407830511
1.55380442453039
1.5317702446449
1.50972658242792
1.48809594201545
1.46719399019792
1.44724705094465
1.42841248392887
1.41079784253717
1.39447689230675
1.37950187203525
1.36591213198913
1.35373967138589
1.34301225157105
1.33375476882952
1.32598948138943
1.31973545640899
1.31500664908521
1.31201758572497
1.31046871949919
1.30991797574403
1.31027421847891
1.31156961827317
1.31389454962712
1.31775520054168
1.32344751986068
1.33065853767677
1.33937196004402
1.34956619118021
1.36121658094045
1.37429642496
1.38877728714178
1.40462821896433
1.42181318421058
1.44028587104672
1.45998104746131
1.48080174858128
1.50260197493855
1.5251653814358
1.5481818660134
1.57122641407481
1.59374987641629
1.61511569957951
1.65061713807958
1.66917485857751
1.64345555755758
1.56582590473304
1.38632586162277
1.38843164141539
1.56803147346695
1.64520689685231
1.66990395819736
1.64966973978523
1.612802370916
1.59067549123009
1.5674076261911
1.54366619957016
1.52002838504932
1.49694198683124
1.47473422658991
1.45363319583213
1.43379151476094
1.41530791616359
1.39824497854033
1.38264258317843
1.36852739475208
1.3559190067615
1.34483350467584
1.3352851757663
1.32728698248854
1.32085016277206
1.31598239424906
1.31290144431678
1.31129595876879
1.31071186651162
1.311055337361
1.31235782273044
1.31471343967232
1.31863990952235
1.32444797177977
1.33182682526159
1.34076888984347
1.35126299129961
1.3632965137196
1.37685621461115
1.39192824533869
1.40849695325317
1.42654175147657
1.44603119205563
1.4669133182033
1.48910145616285
1.51245494498149
1.53675506977488
1.56167794430101
1.58676888400457
1.61142962464591
1.63495627716724
1.67431477652657
1.69635216225763
1.6704801168588
1.58880914752514
1.40058056017462
1.3986924383652
1.58475907056605
1.66499556994822
1.68984801934963
1.66704477849452
1.6273842907233
1.60366209157472
1.578813122005
1.55355340925504
1.52849610977132
1.50411100579679
1.4807358982255
1.45860113325414
1.43785589049489
1.41859174995312
1.40086185285902
1.38469538262467
1.37010779723555
1.35710754624781
1.34570008038854
1.33588991124046
1.32768134938294
1.32107828733472
1.31608247150873
1.31291562763038
1.31125476423682
1.31063574471684
1.31096213747237
1.31226430732941
1.3146400815186
1.31861609267565
1.32451789362248
1.33203740604835
1.34117555506173
1.3519312474465
1.36430340199213
1.37829154305205
1.39389549070922
1.41111372038216
1.42993966665329
1.45035507874335
1.47231944673009
1.4957545620489
1.52052356853203
1.54640460325899
1.57306066969288
1.60001049845082
1.62661275444552
1.65210550472927
1.69493814522373
1.72025898636726
1.6944234350441
1.60928427315347
1.41336634729321
1.40734367052114
1.59865360872641
1.68122706610855
1.70607925882388
1.68112778513022
1.63917132125999
1.61413064622529
1.5879678265122
1.56143959379292
1.53518850588693
1.5097033268168
1.48533224717776
1.4623094385875
1.44078311181263
1.42084048775205
1.40252803656362
1.38586679349935
1.37086325692448
1.35751665205944
1.3458233958414
1.33577953171129
1.32738176606668
1.32062747740313
1.31551316754018
1.31226485880418
1.31054925261267
1.30989318176367
1.31019799130973
1.31149257139921
1.31387813367071
1.31788845521103
1.32386272993784
1.33149657933139
1.34079885790821
1.351777833265
1.36444301708701
1.37880548587089
1.39487719691464
1.41266886709264
1.43218568655348
1.45341996484285
1.47633970219786
1.50087209868372
1.52688128053553
1.55414025684588
1.58229870940548
1.6108514970426
1.63912078542719
1.66629463371147
1.71208943521081
1.74026413338848
1.71465648589616
1.62685487313674
1.42454846240494
1.41434657284734
1.60952273980872
1.69360911183874
1.71832784721225
1.69177822409599
1.64812653013864
1.62209498639842
1.59493311694501
1.56742670423375
1.54024078831514
1.51388057922177
1.48870523347157
1.46495518221298
1.44278099295173
1.42226910986537
1.40346280119024
1.38637812074232
1.37101539373754
1.35736701220261
1.34542237213398
1.33517071513412
1.32660250136445
1.31970968643491
1.31448438916447
1.31115748399754
1.30938680207347
1.30869098208084
1.30896950429365
1.31024937543688
1.31263487934669
1.31666532173477
1.32269223825222
1.33041574989889
1.33985186993377
1.35101722300535
1.36393063419767
1.37861312775461
1.39508682054007
1.41337227530654
1.43348359169882
1.45542034093807
1.47915534368862
1.5046173065472
1.53166759785626
1.56007118697274
1.58946339356132
1.61931742681704
1.64892587324765
1.6774391149463
1.72556590975989
1.75603114584948
1.73082219196008
1.6412667344347
1.43405579477915
1.41973311328699
1.61735965884852
1.70216847942891
1.72665293185412
1.69908632101844
1.65438854201833
1.62771353648041
1.59988588621663
1.57170670403455
1.54385670446331
1.51685531943268
1.49107364261433
1.46676117203322
1.44407449592947
1.42310317081377
1.40389101488101
1.38645253337622
1.37078491927539
1.35687636700691
1.34471149781138
1.33427463667664
1.32555155449367
1.31853004498423
1.31319883534424
1.3097944484099
1.30796725991342
1.30722834924575
1.30747566187157
1.30873389001523
1.31111010020102
1.31514766212368
1.32120915866774
1.32899981750192
1.33854189622725
1.34985918830014
1.36297833895935
1.37792848286179
1.39473967311709
1.41343966871697
1.43404837234752
1.4565690503993
1.48097537395645
1.50719335312488
1.53507752704811
1.56438154740553
1.59472494222305
1.62556118388267
1.65616012819414
1.68564864155096
1.73542625785161
1.76757369169714
1.74290087815115
1.65248111139817
1.44189518512822
1.42360186141896
1.62238394433133
1.70716288771558
1.7313563820507
1.70339662360044
1.65826144096731
1.63128185682492
1.60310958962561
1.57455164383135
1.54629802815778
1.51888036391973
1.49268254223837
1.46796570495736
1.44489586711586
1.42356935838014
1.40403412778041
1.386306459538
1.37038341254409
1.35625162946627
1.34389325351541
1.33328965530625
1.32442356301184
1.31727995851892
1.31184524763301
1.30836261417431
1.3064763152099
1.30569028078372
1.30590121655243
1.30713104421909
1.30948935230509
1.3135222792273
1.31960222317101
1.32743996786343
1.33706301356881
1.34850103937798
1.36178692559492
1.37695600568296
1.39404400457007
1.41308323566978
1.43409636978746
1.45708694877097
1.48202575074232
1.50883218449495
1.53735022873648
1.56731925801986
1.59834177105871
1.6298532774213
1.66110729094955
1.69121694337052
1.74200747919209
1.77519706155605
1.75115161619581
1.66070653206497
1.44814934783475
1.42612042731236
1.62495726408311
1.70917882447881
1.73308454346576
1.70522093484071
1.66019078216305
1.63320361072445
1.60496974834584
1.5762927295877
1.54786674090584
1.52023354667548
1.49379015565073
1.46881116154054
1.44547462205152
1.42388659602286
1.4041021703612
1.38614230190902
1.37000660889004
1.35568263241326
1.34315222462592
1.33239571711568
1.32339443686624
1.3161319230127
1.31059335935461
1.30702978924634
1.30508057293123
1.30424266424278
1.30441178346699
1.30560659795447
1.30793899122617
1.31195675046753
1.31804095660897
1.32590828104638
1.3355904317996
1.34712167275294
1.36053954750671
1.37588374064049
1.39319352212394
1.41250335492102
1.43383600542371
1.45719238219342
1.48253729998773
1.5097804885606
1.5387525678582
1.56917659767848
1.60063748967969
1.6325546603837
1.66417035985555
1.69459351362208
1.74583436156446
1.7795760674966
1.75618876512061
1.66631210974329
1.4529773621602
1.42749641883684
1.6255665334025
1.7088898743763
1.73256253239306
1.70520193796464
1.66070409747653
1.63394545686497
1.60587638033965
1.57729013495699
1.54888088067464
1.52119839652982
1.49465231359828
1.46953137283667
1.4460271455701
1.42425734472245
1.40428634719799
1.38614200991785
1.36982871215408
1.35533699996825
1.34265039554749
1.33174996951952
1.32261721454117
1.31523556238237
1.30959006415556
1.30594097779869
1.30392385186932
1.30302860091849
1.30315017077283
1.30430346029739
1.30660245639526
1.31059564391014
1.31667177344937
1.32455365383737
1.33427617442159
1.34587692292033
1.35939662477698
1.37487763228424
1.39236090011876
1.41188103642317
1.43345879853885
1.45709031825141
1.4827323565874
1.51028307016333
1.53955824334771
1.57026388407189
1.6019677448919
1.63407520203696
1.66582138137501
1.69631777185171
1.74757499936264
1.78147351456141
1.75872178464555
1.66980413967019
1.45658256562547
1.4279511098326
1.62474103339924
1.70701655498103
1.73055804941431
1.70401465823542
1.66034544586062
1.63398175446123
1.60623970866439
1.57789785068632
1.54964701939649
1.52204269062784
1.49550573425316
1.47033851540783
1.4467463201419
1.42485928080136
1.40475224183816
1.38646141692665
1.36999756851447
1.35535593823855
1.34252339490924
1.33148334156366
1.3222188905783
1.31471463759776
1.30895655627674
1.3052156044258
1.30312446029728
1.3021657129024
1.30223370092531
1.30333900887863
1.30559756903264
1.30955776426556
1.31561512477869
1.32349879204357
1.33324584305534
1.34489600058743
1.35849182231291
1.3740768611845
1.39169222685682
1.41137114684954
1.43313092634961
1.45696165195815
1.48281104472477
1.51056510955504
1.54002476705099
1.57087964335256
1.60268181911081
1.63482498219994
1.66654036132576
1.69694627270373
1.74793117631881
1.78169659015485
1.75950887759375
1.67173286966978
1.45918264433287
1.42769032167737
1.62297624646471
1.70423637788353
1.72778854539276
1.70227678495933
1.6596077574064
1.63373936823649
1.60642583230489
1.57842868310256
1.55043295205743
1.52299732547861
1.49655173537344
1.47141054244731
1.44779177245923
1.42583765042711
1.40563373602389
1.38722531337623
1.3706305866333
1.35585077550415
1.34287748942561
1.33169787030366
1.32229798638821
1.31466479743336
1.30878621314248
1.30494548368996
1.30277322181244
1.30174420670123
1.30175229632248
1.30280318359858
1.30501461669077
1.30893420192595
1.31496346947879
1.32283805066395
1.33259625473726
1.34427882851276
1.35792894839023
1.37359011854527
1.39130240059549
1.41109658241249
1.43298571218146
1.4569533985008
1.48293837865087
1.51081515265376
1.5403710764078
1.5712813286027
1.60308474369589
1.63516594126864
1.66675468386994
1.69697808133664
1.74753869574434
1.78099232770417
1.75925545912665
1.67260670718511
1.4609768080428
1.42687906933901
1.62066828896575
1.70109077565591
1.72482428256333
1.70047300638218
1.65887597650222
1.63355066803231
1.60671871487511
1.57912399713576
1.55144392398935
1.52423782383794
1.4979419373799
1.47288015151796
1.4492813378333
1.42729861786908
1.40702776510232
1.3885232457841
1.37181130732338
1.35690010030062
1.34378714202822
1.33246457088047
1.32292265361015
1.31515185747678
1.30914300700254
1.30519332266088
1.30293203976934
1.30182548229035
1.30176711822829
1.30275714323886
1.30491501247009
1.30878697269674
1.31477985815852
1.32263591489936
1.33239375613784
1.34409410114864
1.35777963863048
1.37349274806011
1.39127150223121
1.41114356589292
1.43311743835805
1.45717048588386
1.48323334493694
1.51117061629055
1.54075840901083
1.57166033463612
1.60340508296216
1.63537098175976
1.66678811068562
1.6967926452822
1.74688382921968
1.77993954783805
1.75850981359714
1.67281861142336
1.46211731640002
1.42562321026736
1.61806858547645
1.697920188918
1.72202104140891
1.69890334529364
1.65838782633914
1.63362052434617
1.60729291336907
1.58013156081931
1.55280488079209
1.52587026905898
1.49976719859752
1.47482610680665
1.4512842441254
1.42930387965628
1.40899001956496
1.39040604020356
1.37358654745991
1.35854737513876
1.34529298382963
1.33382168438757
1.32412913682234
1.31621043171122
1.31006026982298
1.30599158125269
1.30363282552622
1.30244111291516
1.30230958397963
1.3032323092825
1.30533035230526
1.30914807074046
1.31509695269582
1.32292594831466
1.3326730502855
1.3443779224296
1.35808171293467
1.37382469676975
1.39164217056812
1.41155821938321
1.43357681718932
1.45766973727333
1.4837609083094
1.51170722158644
1.54127646387823
1.57212410322149
1.60377214958922
1.63559546300974
1.66682581784206
1.6966077641742
1.74624701787397
1.7788744654883
1.7575907972041
1.67259554224666
1.46268906528664
1.42396000251952
1.6152635532714
1.69483677000341
1.7194919689836
1.69766017004375
1.65821497049918
1.63400970608798
1.60819917852388
1.58149326635424
1.55455015680487
1.52792274846205
1.50205056965939
1.47726745577668
1.45381635804313
1.43186673727052
1.41153167549258
1.39288305572058
1.37596407172012
1.36079894611821
1.34740010012731
1.3357731927033
1.32592047948684
1.31784279857056
1.31153969289367
1.30734157183366
1.30487667179258
1.30359207642987
1.30338064242964
1.30422967568717
1.30626174761676
1.31001881047641
1.31591635638038
1.32371008468191
1.33343641808811
1.34513291661754
1.35883812324657
1.37458923064334
1.39241799440236
1.41234451321933
1.43436834269563
1.4584564323508
1.48452754907961
1.51243323830874
1.54193606112601
1.57268690563328
1.60420464440022
1.6358634891268
1.66689819371164
1.69646080737412
1.74567913951831
1.77786063651051
1.75655826989614
1.67197646704524
1.46269946894887
1.42185813176202
1.61217855380971
1.69173175992023
1.71711514623011
1.69663247729562
1.65826410225303
1.6346345964896
1.60936312400933
1.58314308557792
1.55662100717076
1.53034268678986
1.50474458657898
1.48016088444117
1.45683766447812
1.43494973562842
1.41461721096006
1.39592018792106
1.37891078624564
1.36362242558625
1.35007659716385
1.33828756099047
1.32826543055565
1.32001795708285
1.31355051552362
1.30921275138234
1.30663322315174
1.30524818884486
1.30495025670844
1.30571933181086
1.30767937843274
1.31136940020617
1.31720819533301
1.32495820328459
1.33465327573168
1.34632775811241
1.36001644811884
1.3757523882392
1.39356292186099
1.41346363074776
1.43544961593483
1.4594836080945
1.48548057156618
1.5132888617656
1.54266869144487
1.57326972726209
1.60461110748408
1.6360692241637
1.66688335620541
1.69621275905612
1.74500900013108
1.77669978977364
1.75522334380056
1.67081839293988
1.46207936818019
1.41922650934869
1.60860218556873
1.68831009284732
1.71456908426459
1.69553288501233
1.65829544874522
1.63528150205136
1.6105958350749
1.58491456514549
1.55887058889269
1.53299986996717
1.50773282201221
1.48340119919631
1.46025200315397
1.43846390914996
1.41816335753946
1.39943867372214
1.38235150553446
1.3669454980216
1.35325249816851
1.34129675434804
1.33109759580943
1.32267091439367
1.31602894101215
1.311542241373
1.30884027616688
1.30734776979018
1.30695712142489
1.30764022294125
1.30952228869558
1.31313876617694
1.31891096667478
1.32660800000689
1.33626007719229
1.34789712636695
1.36154893694282
1.37724317144444
1.39500168067711
1.41483473409396
1.43673261416494
1.46065404229086
1.48651107887187
1.51415053510318
1.54333263233864
1.5737087174717
1.60480132275936
1.63599191919345
1.66652645350113
1.69557233732562
1.743877155967
1.77497523457446
1.75319055062695
1.66882633755491
1.46069425584686
1.41593014521792
1.60422569038338
1.68414414881768
1.71138796160629
1.69394181942293
1.65795514756945
1.63563286237762
1.61161442777596
1.58655644048417
1.56107541685914
1.53569452625306
1.51083531428095
1.48682473626964
1.46390899050326
1.44226964961318
1.42203925803041
1.40331480478151
1.38616842121261
1.37065528899967
1.35681911265489
1.34469567188871
1.33431497337362
1.3257023384531
1.31887790718556
1.31423469671815
1.3114037253799
1.30979765178638
1.3093087224187
1.30990025305502
1.31169852517714
1.31523472526292
1.32093174796916
1.32856524430414
1.33816064569135
1.34974216017712
1.36333316328505
1.37895450992061
1.39662121144558
1.41633708138265
1.43808677850595
1.46182468488629
1.4874602235481
1.51483961010357
1.54372473020965
1.57377091490284
1.60450688640372
1.63532223758155
1.66547257305761
1.69413610076859
1.7417898727132
1.77211879977266
1.74992305285638
1.66560150002896
1.45836391023516
1.41181065629865
1.59869171965156
1.67873911204336
1.70702912814288
1.6913631061135
1.65681731570568
1.63530201194489
1.61206995722307
1.58775442428454
1.56295190632968
1.53816952958304
1.51381729566616
1.49021539133851
1.46760801823982
1.4461792280032
1.42606795810309
1.40738073843788
1.39020149769666
1.37459854018812
1.36062912723058
1.3483422434005
1.33778011032489
1.32897880190182
1.3219674259246
1.31716272819396
1.31419805174253
1.31247372339488
1.31188192406015
1.3123769106339
1.3140857975293
1.31753468101824
1.32314693980658
1.33070458987171
1.34022709465428
1.35173155872347
1.36523341200581
1.38074508697211
1.39827314410855
1.41781343953623
1.4393437390931
1.46281317934775
1.48812813310858
1.51513442011854
1.54359649950965
1.57317536827834
1.6034084138586
1.63369659628615
1.66330912328607
1.69143946586331
1.73818633286824
1.7674925882826
1.74482216464391
1.66070094252866
1.45488756377019
1.40670852081037
1.59164607593891
1.67160369803079
1.70094698059647
1.68728449480606
1.65443103869268
1.63387254895261
1.61157957264928
1.58815682973812
1.56417632562304
1.5401256015484
1.51640053904612
1.49331292940035
1.47110424142002
1.44996106262492
1.43002944518024
1.41142669552087
1.39425012646475
1.37858294022515
1.36449776918768
1.35205853048361
1.34132120672175
1.33233392532579
1.3251357817692
1.32016815368801
1.31706761774831
1.31522226192193
1.31452433351258
1.31491866238678
1.31653290142507
1.31988708360554
1.32540378132266
1.33287117710356
1.34230157070102
1.35370354870189
1.36708299380332
1.38244217594178
1.39977739519564
1.4190747611466
1.44030348683572
1.46340605802005
1.48828478612988
1.51478463144293
1.54267287810236
1.57161733550546
1.60116627973681
1.63073550850171
1.65961266503405
1.68701261510023
1.7325110113446
1.76047820204362
1.73731364230296
1.65370091984219
1.45007109163506
1.40048379494968
1.58278691062516
1.66231410866176
1.69266018340255
1.68123718673183
1.65036677138812
1.63093794205896
1.60975947817008
1.58740145738672
1.56440634011715
1.54123832130026
1.5182766333416
1.49582327020329
1.4741165349368
1.45334591188027
1.43366554489318
1.41520493495085
1.39807646930028
1.38238005426078
1.36820547912596
1.35563325014224
1.34473456059309
1.33557078712755
1.32819193207732
1.32306440146913
1.31982907854451
1.31786235460907
1.31705673385287
1.31734740228095
1.31886219023509
1.32211393962945
1.32752292731972
1.33488331839292
1.34419910828251
1.35546899744951
1.36868774346952
1.3838456985646
1.40092702177206
1.41990614349019
1.44074183512536
1.46336820606767
1.48768209113062
1.51352666827897
1.54067184227401
1.56879302186839
1.59745145536975
1.62608144524193
1.65399457228097
1.68043428290459
1.72428356160105
1.75055702307721
1.72692479881833
1.64425684329274
1.44375213278268
1.39303293216438
1.57190238376499
1.65056967242448
1.68181171893412
1.67284478550086
1.64425722851613
1.62613696288898
1.60625531737489
1.58514122010112
1.56330240041751
1.54117583520688
1.5191215869268
1.49743053491089
1.47633748674893
1.45603525624599
1.43668706627192
1.41843596868475
1.40141098589699
1.38573035062162
1.37150257523442
1.35882617653301
1.3477887773786
1.33846599045839
1.33091946938653
1.32564040412142
1.32227523216793
1.32018972025568
1.31927689094953
1.31946225708147
1.32087339585466
1.32401467527208
1.32930239693304
1.33653658360176
1.3457119172343
1.35681598941258
1.36983100181046
1.3847337668834
1.40149452483529
1.42007415127955
1.44041908547024
1.46245326712857
1.48606650790002
1.5110991033323
1.53732318904702
1.56442242613034
1.59197310414988
1.61943185446122
1.64613992215755
1.67137710170212
1.71315425242218
1.73738031134565
1.71335099770439
1.63214816598468
1.43582019370358
1.38429839037131
1.55889450541944
1.63622308128193
1.66820276445603
1.66185831031386
1.63582780928153
1.61918161849285
1.60076715827654
1.58106649146975
1.5605476181153
1.53961645667591
1.51861137869573
1.49781080095063
1.4774456139418
1.4577122201856
1.43878364974184
1.42081752587942
1.40396067293911
1.38835084427434
1.37411640527758
1.36137488478011
1.35023117215859
1.34077577910547
1.33308250592121
1.32766632251667
1.32418063281681
1.32198224391365
1.32096504073415
1.32104505355802
1.32234910542339
1.32537166318277
1.33052321525128
1.33760961983482
1.34661544641928
1.35751621202501
1.37028041949078
1.38487002162819
1.40123986367955
1.4193356773349
1.43908993653901
1.46041483514747
1.48319178584013
1.50725722730528
1.53238522780235
1.55826843325293
1.58450033817916
1.61056382440089
1.63583548312921
1.65963853589098
1.69894065846961
1.72080536643813
1.69648851328181
1.61730550484036
1.42622759368795
1.37426957995728
1.54378121851158
1.61928934210939
1.65180494167164
1.64817040329825
1.62491582310709
1.60987573368401
1.5930680083607
1.57492357008276
1.55586592282279
1.53626624705915
1.51643878254281
1.49664807355998
1.47712044433228
1.45805576541309
1.43963709776757
1.4220370612378
1.40542079928955
1.38994611389744
1.37576170548259
1.36300451579825
1.351797005656
1.34224480376853
1.33443403876574
1.32890165139969
1.32530949452057
1.32300773978986
1.32189156741842
1.32186796024822
1.32306242019381
1.32595793363537
1.33095729447221
1.33787227285536
1.34667680781814
1.35733375265551
1.36979719793106
1.38401338601321
1.39992078834866
1.41744891470193
1.43651514870612
1.45701884954191
1.47883210333641
1.50178690630093
1.5256592678323
1.55015175664459
1.57487734607001
1.59934913969572
1.62298472391203
1.64515649027481
1.68163766277673
1.70090416658789
1.67644056354398
1.59980998873688
1.41498971299445
1.36297232135914
1.52667410403457
1.59992366664313
1.63274136214327
1.63180636100669
1.61148271210672
1.59812836881995
1.58302064527329
1.5665340625851
1.54904308002623
1.53088092705346
1.51233562771556
1.49365648137102
1.47506432816456
1.45676187783908
1.43894176428677
1.42179123356701
1.40549341188622
1.39022581824004
1.37615715025196
1.36344341791825
1.35222430518492
1.34262022079255
1.33472930448401
1.32910845236023
1.32542843135973
1.32303653605813
1.32182945560319
1.32170581739864
1.32278948250761
1.32554950128443
1.3303801285086
1.33709862601669
1.34566825445236
1.35603910237401
1.36815068212969
1.38193328147328
1.397308678908
1.41418978097989
1.43247846740893
1.45206087326872
1.47279948515916
1.4945218368802
1.51700630084735
1.5399664866806
1.56303702254625
1.58576500094563
1.60761466532165
1.62801454783566
1.66139936232192
1.67793323804785
1.65348464389364
1.57986301850195
1.4021714064121
1.34925626619632
1.50513805345829
1.57521743817959
1.60808435892607
1.61013312586448
1.5929575485588
1.58158682227701
1.56849814167087
1.55399767904222
1.53839724372757
1.52198391608283
1.50501378329517
1.4877169924255
1.47030657224433
1.45298707391356
1.43596075578764
1.41943031171119
1.4035981847946
1.38866323431612
1.3748158842437
1.3622329037322
1.35107272424482
1.34147174978917
1.33354189534582
1.32784581936817
1.32409254039449
1.32161223616267
1.32031232465249
1.3200828070366
1.32103668856752
1.3236423087295
1.32825651977249
1.33471630257252
1.34297225941975
1.35296023068629
1.36460331966679
1.37781380346885
1.39249459286312
1.40853981977989
1.42583385796537
1.44424800529412
1.46363420296888
1.48381558002103
1.50457431477362
1.52563828361426
1.54666919773063
1.56725665571953
1.58692640071536
1.60517681542014
1.63511601364313
1.64847489485095
1.62425036795025
1.55466245041511
1.3864579992812
1.3268442434748
1.46628886300494
1.52957515435638
1.56175394519239
1.56815171431392
1.55470175528595
1.54665528688694
1.53690017012705
1.52569459393199
1.51326808668909
1.49983453349878
1.48559544327181
1.4707457510611
1.455480949207
1.44000315193701
1.4245243412148
1.40926604959678
1.39445569897735
1.38032051383683
1.3670802675504
1.3549401127439
1.34408448910549
1.33467278860862
1.32683768985954
1.32109542845989
1.31730515513297
1.31472709460648
1.31331063069733
1.3129347169003
1.31367042325513
1.31603147101524
1.32022838091962
1.32617461369581
1.33380082328118
1.34302120453138
1.35373465080681
1.36582706675335
1.37917384733418
1.39364191615516
1.40909060902538
1.42537063788844
1.44232051688278
1.45976023121538
1.4774825797275
1.49524345436816
1.5127531748963
1.52967152458304
1.54560785192614
1.56011355057252
1.58562935831235
1.59399612945864
1.57066903493397
1.509234970279
1.36049615896415
1.28089070765547
1.39823499749325
1.45145885254733
1.48068916515073
1.49068479742447
1.48327939442874
1.47883414574296
1.47290506906864
1.4656271377425
1.45711791609029
1.44749955503025
1.43690311614825
1.42547282804593
1.413370614928
1.40077913859068
1.38790202602248
1.37496078955194
1.36218876814561
1.34982302816048
1.33809545615332
1.32722425144676
1.31740677028127
1.30881440949426
1.30159054245073
1.29623102528872
1.29264489911035
1.2901478648718
1.28870272195498
1.28818550830153
1.28865325394063
1.29055741197282
1.29405692602874
1.29909135118343
1.30557797071999
1.31341553633897
1.32248566408935
1.33265577962178
1.34378255834635
1.35571528694562
1.36829852297403
1.38137338656397
1.39477694778082
1.40833951622314
1.42188017379748
1.43520153546934
1.44808533303539
1.46029063936145
1.47155425240994
1.48157488488047
1.49935357063153
1.50237281730638
1.48155378498396
1.43134143055079
1.30823063946682
1.2268400656099
1.32057228130475
1.36292567871647
1.38752916771829
1.39833641284009
1.39475608079673
1.39270108970413
1.3894479660199
1.38505764778244
1.37957659164807
1.37306356350397
1.36559612541257
1.35727382235255
1.34822064244334
1.33858605739385
1.32854375952186
1.31828774523843
1.30802601939416
1.29797267769388
1.28833936812504
1.27932713000764
1.27111943772869
1.26387712738116
1.25773609577926
1.25312589572337
1.25001032456656
1.24779847253775
1.24646951383985
1.24590970288858
1.24615872242596
1.24759398613726
1.25031536586988
1.25429280767435
1.25944449966328
1.26567097817287
1.2728566403092
1.28087276326587
1.28958114526338
1.29883783277866
1.30849642515873
1.31841044460144
1.32843437180105
1.33842321513541
1.34823088306226
1.35770808487498
1.36670080511895
1.37505000060226
1.38258971454084
1.38912599825858
1.40102768357967
1.40088239650991
1.38357671576985
1.34461531813573
1.24783418179152
1.15245225932294
1.21296969841584
1.24110293437143
1.25864717277229
1.26769740638137
1.26495091739378
1.26453732441674
1.26325691328338
1.26114684385862
1.25823166659002
1.25454124911601
1.25011862969841
1.2450240971751
1.23933754146109
1.23315922316888
1.22660874281855
1.21982215665951
1.21294747832235
1.20613905771369
1.19955146944321
1.1933335573741
1.18762320300921
1.18254328903037
1.17819923583746
1.17483013763847
1.17257762837082
1.17092753957024
1.16991163895561
1.16944339844095
1.16950745630238
1.17045444700209
1.17219937838943
1.17480677730811
1.17821214974325
1.18233739807976
1.18709250769424
1.19237801522751
1.19808791513738
1.20411266455788
1.2103419530169
1.21666691456897
1.2229815271671
1.229183083103
1.23517180443948
1.24084985734741
1.24612004689954
1.25088396890149
1.25503738190942
1.25845618130016
1.26680507000982
1.26507911532527
1.2528153260632
1.22767064816326
1.16646025410246
