K
0.6640378942441659
0.7648115045875944
0.8197686957897962
0.9069752752553223
1.0113173877078823
1.0627271233473852
1.080405145573598
1.092576697399216
1.102042889942862
1.1117541249520613
1.1240475664417964
1.140210092678278
1.1604239183613854
1.1841043621778105
1.210576366935523
1.239851052546317
1.2729916313433904
1.3115329505365085
1.3561138268795996
1.405429623101898
1.4563983148668183
1.5052816877416484
1.5489542488391403
1.5857217385738298
1.6127780810576477
1.6325900797319324
1.648488001328442
1.6613500546627713
1.6725964070530943
1.681835400028362
1.6885470078573224
1.6900883455217033
1.6839384847378125
1.6695669664592985
1.6483467703516326
1.6238945851956197
1.6012148529227808
1.584256057440803
1.5730900829393815
1.563676325037618
1.5506736871705045
1.5302934987078227
1.5014121348669727
1.4653292836390492
1.4249548085854606
1.3839191610050596
1.3457785838109475
1.3132062967519134
1.2870862796259603
1.2504795594871574
1.1969270061147566
1.1364426978378028
1.0905798794746773
1.0967343949460833
0.6981617370291126
0.7419981206361305
0.8027431816440326
0.8920014559561703
0.9834051473884238
1.0179578598081147
1.0236012431152706
1.0226247877231374
1.0190575168359457
1.0167920361800866
1.018594644942048
1.025830958552119
1.0385944617991523
1.056086735421968
1.077264010601994
1.1017332443619423
1.1305475640359406
1.165972203920548
1.209801935341903
1.2619190951440997
1.3204762219084047
1.3828730013976933
1.4465958518966233
1.5096817683276578
1.5647979345342875
1.6118673841565627
1.6547956731473148
1.6933230234400336
1.7301907241559014
1.7638638111417086
1.7942779094023247
1.8167393407360146
1.8258274402005927
1.8217581977759623
1.8067867679579594
1.7845765396762732
1.7586313955271158
1.7305024433333744
1.6990682160547494
1.661661424836564
1.6162229805207857
1.5628582060618026
1.5039608920251746
1.4432072006414143
1.384202636478424
1.3294361438500024
1.2798457616078809
1.2350106364137148
1.193801209416253
1.1245691220373866
1.0389289830751827
0.9832813160436557
0.9701367772823981
1.034957081115809
0.8028814462463298
0.7910716004747133
0.8299456289286814
0.8969535429513449
0.964399999384608
0.985576759165295
0.9852782838228016
0.979311050289403
0.9714777034787977
0.9651992404423329
0.9628225516966937
0.9656338630577653
0.9740806428991692
0.9880221712791639
1.0070059085234193
1.0305759442135771
1.0585485624962616
1.0911073274748757
1.1286151974176792
1.1712802189192468
1.218953578826854
1.2711528793201932
1.3271793119874562
1.3861782211381648
1.4409431878566428
1.490102638862483
1.536742176837572
1.5799634293412532
1.6225342818891815
1.6627109133514264
1.7009504365733707
1.7328539798847165
1.7524655305538732
1.7600075092150371
1.7569447820806066
1.7452672579224926
1.726570452795547
1.7014423635912805
1.6695441739563923
1.630329881780333
1.5839194801786616
1.531591842581212
1.4756739752360872
1.418966876386928
1.3640406233377969
1.312717016317612
1.26591010939297
1.2238094991169906
1.1862446343058752
1.1285835212902664
1.070522095545975
1.0426621376898362
1.0434382710092487
1.0932307539394408
0.9642222906211844
0.919690999833585
0.9184653118568586
0.9446930358557566
0.9823400915343331
0.9932847925679644
0.9907429780763992
0.9844822066823834
0.9774200502773266
0.9717009248603045
0.96858932272553
0.968836719035681
0.9729499059569195
0.9813019795429305
0.994155126588821
1.0116528256041464
1.0338050125952538
1.0604730437610692
1.0913707837529996
1.1261106939247756
1.1643057892321942
1.2056809100725754
1.2500881234682157
1.2973361634695262
1.341838063619358
1.3822551710784936
1.4208196281311878
1.456506350897361
1.4913214659835197
1.5235454869816483
1.5532164211044461
1.5766418930130826
1.589743073388185
1.5936614777543263
1.5906157151250768
1.58312783127646
1.573103193497192
1.5611380914935855
1.5464776819739068
1.5277380881157792
1.5039343840294155
1.4751740253853827
1.4427354387970264
1.4086539591634268
1.3751129732997094
1.3439323648378962
1.3163285037421468
1.2929500964675842
1.2740516564356716
1.250834868991564
1.2369338269725436
1.2243081172410168
1.183756469213072
1.1146713067397702
1.0688568689169309
1.0319908624887548
1.0018701846732927
0.994090305078336
1.0085920495291627
1.0138206016931604
1.0119016872751865
1.0085355428542058
1.005597490271087
1.0038590267045673
1.003599232708229
1.005108307824075
1.0088272243865306
1.0152862069453714
1.0249994365827453
1.0384013605518427
1.0558090784910281
1.0773576113096313
1.102912700916859
1.1320444578468127
1.164154194844695
1.1987454056002047
1.2356440763267829
1.2748671668513336
1.311890613932226
1.3454591199415085
1.3771661410382434
1.4058929315221305
1.432931835418471
1.4565411873089824
1.4761895578631619
1.4887137217654491
1.4920299567418753
1.488132705006304
1.4800071345766104
1.4710580627097842
1.4643816687957654
1.4614162926580279
1.4603277390556446
1.457319752080988
1.4500101086433697
1.4383612554452099
1.4238450032903227
1.408477865074233
1.3941128092227733
1.3820693489360119
1.3731148568900517
1.3676755161216647
1.3660311447302793
1.3728214593804446
1.3922129640062144
1.3748452625673804
1.262898089970032
1.0540953900260122
1.1138138668167112
1.0888850464316875
1.0453551650823456
1.020113555557377
1.0215440064251597
1.0221716666065517
1.0204130480257658
1.0196090327575347
1.0200376320291047
1.021396190235846
1.0236396006809332
1.0270654351690836
1.0322020762812762
1.0395832235927283
1.049618033943524
1.0626347907216085
1.0789547068947924
1.0988373053545655
1.122315104555956
1.1490793243670954
1.1785743377601228
1.2103071126531015
1.2441283823146974
1.2800917895344546
1.3139795472875262
1.344464858965186
1.3727954144777235
1.397787282946354
1.4203487685145584
1.4387407270716948
1.4521351618285272
1.4577918354970651
1.4549841397077286
1.446198200482883
1.434573191426686
1.4233723759950854
1.4157975257368625
1.4152359638549736
1.4205433371660687
1.423979361601406
1.422985746145597
1.4185009310088204
1.4123605364991416
1.4063811865513118
1.4019034573140823
1.3996730301962308
1.400043863309921
1.403326157716451
1.4099538548828074
1.4312956071288376
1.466224603966741
1.440808403234904
1.2847225914122655
0.9999476723500728
1.1486158632204846
1.129025355839057
1.075395439572878
1.0385162679978173
1.0311428872357509
1.0277104215372965
1.0230810565542003
1.0259828802396924
1.0290876478155873
1.032384010142658
1.0362030333422803
1.0412980907627316
1.0484681336539063
1.058095184617195
1.0701450842069475
1.0845625980825175
1.1015398073307485
1.1214291617501073
1.1444520812252998
1.1704732281044423
1.1990382495873035
1.2296723771690794
1.262165283381154
1.2964296863625893
1.328293604063058
1.3564268362060126
1.3818948402509261
1.4035336052749325
1.421969078007383
1.4355184776654852
1.4431363101429293
1.4425348044787172
1.4342622013084276
1.4212488359700515
1.4067436238660147
1.393704547278721
1.3843954392978293
1.3801667637217128
1.3917969964360666
1.3981853828275408
1.4006810515309076
1.4010328269545924
1.4009875790574875
1.4019038679979319
1.404532311737495
1.4090917651761115
1.4156411894237886
1.424511562162647
1.4363898574199927
1.467090499396814
1.5111041299043049
1.4765209219586766
1.2892596312792284
0.9538285567020967
1.1852691263308308
1.1605721194296217
1.097042920671655
1.0527192097478302
1.0413147002782646
1.0393714146415718
1.0387777639533724
1.0394913840073359
1.0409623209368843
1.042467362950799
1.0447708009938326
1.0502392770028974
1.060318957140168
1.0739548339148284
1.0897447648395313
1.1070784988224651
1.1261118575244522
1.1473976031629096
1.171414922033015
1.1982301200336736
1.2274661658580317
1.2585629079928213
1.2910547165552027
1.3244864881010763
1.3545960028286559
1.3802251771599392
1.4024219023278175
1.4201759576236797
1.4338877142141244
1.4420207465173018
1.4433556813805883
1.4361375932513225
1.4222231720881062
1.4049336933252035
1.3876473317638875
1.3732886793453385
1.3642864273764066
1.3632201354683786
1.3689750341438085
1.3749989253117552
1.3797250984027543
1.38408170723258
1.3892071592802644
1.3958194421569023
1.4040593309129281
1.4136921912968294
1.4245956783443587
1.4372206080947014
1.452540044119373
1.4891640759223457
1.5369228717502574
1.491503379361572
1.2833729533525626
1.0017140880222763
1.2239635573923016
1.1835121398774542
1.1098132396244997
1.0626314385744953
1.0528824653788642
1.0563550748929018
1.0591916575476898
1.061656983933064
1.06277370693887
1.061884545155109
1.0590965010235625
1.0553830617394846
1.072519795367386
1.091529597930474
1.111453312020712
1.1320091649623685
1.1536411250021528
1.1771885228359082
1.2033739050612011
1.2323942537744141
1.2638225704289556
1.2968203952799247
1.3304260444675982
1.3635937978231074
1.3918992981962235
1.4145679356418377
1.43279924805618
1.4459002525561275
1.4541132028754933
1.4561706830643757
1.450743816873482
1.4366941105752458
1.4171427657300664
1.395645654266516
1.3755875485580884
1.3597689902355548
1.350275205386816
1.347947115536719
1.350929527469232
1.3562008558444676
1.362564260092233
1.3702057842594042
1.379526349972066
1.390573877908127
1.4029428384345892
1.4160509737902645
1.4296739501830646
1.4443778636662283
1.4613302885338755
1.4998782123154042
1.5448975759055912
1.487601641331043
1.27085539917988
1.046632802547769
1.2592348470660313
1.197666607444558
1.1143059101096517
1.0683678118977273
1.0642079269283726
1.0737284578145128
1.079868261334408
1.085065286941644
1.0882060031980372
1.08884091084551
1.0878657961146911
1.0889532130553259
1.0991860283493173
1.1175020862968226
1.1386449538148686
1.1609665353536767
1.184663683466831
1.2106126856649975
1.239601541272512
1.2717889497195798
1.3065111796007025
1.3424396756507146
1.377900027795
1.4110792469417404
1.437361723405179
1.4565366777968105
1.4700915603875444
1.4778021151783223
1.4798222577615308
1.4752818573503204
1.4628225743042529
1.4419973232072503
1.4170841097271436
1.3916657703494568
1.3689380679308316
1.3513714736948848
1.3404993886523304
1.3364856199568647
1.3379337227695385
1.343090501482701
1.3510341169380904
1.3614959234320454
1.3742495351483404
1.3887556388923175
1.4041567633811751
1.4195938055991637
1.434721460898877
1.4500798896404434
1.4668398846550754
1.5027281694931973
1.5381004184636649
1.4691415830426944
1.256275895618066
1.0827805274772349
1.283210774749361
1.202544510349164
1.1119529019184757
1.07012248868114
1.0725758476461766
1.0874404985539727
1.0967385417501987
1.105098143968974
1.1113582708446634
1.1152048873418756
1.1178263688012473
1.1223850443562073
1.1327680630831654
1.1494412968490648
1.1699167217237474
1.192649074384702
1.2176799071593452
1.2458276292648702
1.277813603148606
1.3136116267804372
1.3521668212603535
1.391507233077978
1.4291124015756136
1.4623137453033588
1.4863266736608056
1.5016247924179582
1.510067128701139
1.5119966019877806
1.5075362140749315
1.496301289791595
1.4769719706429365
1.449810015507004
1.4200718139116675
1.3911686712644968
1.3659536807287262
1.3465117975175562
1.334030975777205
1.3286056333383842
1.3293256916270066
1.3350028998570163
1.344767609444572
1.357983121341416
1.3739040245021188
1.3914887305011407
1.4094776587353421
1.4267197133575562
1.4426316716158432
1.4575133107395055
1.4723318588020706
1.5008493939071181
1.5204733915749664
1.4419502072195443
1.2442617604411497
1.1065077723037895
1.2897619205027673
1.197737041590226
1.1044384898332484
1.0680239075197995
1.075887275932752
1.0950274745514625
1.10728215250763
1.1190169154033827
1.129024153006626
1.136960782634213
1.143871136583267
1.152168875340706
1.1643240537950912
1.1808921611835044
1.2008913983935046
1.223701005198871
1.249702764303381
1.279802944906896
1.3146489390690597
1.3539674815348937
1.3962437550296174
1.4388154655226024
1.4783104853242794
1.5112482709899095
1.532777783163693
1.5441081238103087
1.547491030892555
1.5438542232596006
1.5333246969543177
1.5160102933414663
1.4906542521468782
1.4581211823010862
1.4243558287751723
1.3924384139544135
1.3648209942751781
1.3432960394209532
1.3289945284767932
1.3222735696587589
1.322688848545101
1.3293489273535655
1.341308988203998
1.3575832331475552
1.3769558562911064
1.3978969919301414
1.4186967844164746
1.4377955335542092
1.454202006110283
1.467792385216625
1.4792096471483052
1.4963671708940307
1.496226143570978
1.412230143799622
1.2382220999026758
1.116892928269096
1.2771077651509912
1.1834896561136143
1.092987648033716
1.0619484759103328
1.0733770144127122
1.0960609725033916
1.1111785813356594
1.1264417675326182
1.140556712957956
1.153005906038271
1.1644574161317833
1.17656806621389
1.1909452969000363
1.2081599617071037
1.2281206572104173
1.2510593986634768
1.277836475998891
1.3095241602992942
1.346706326837644
1.3888522623797563
1.4339992366551528
1.4788609194116455
1.5193494453138838
1.5513663940577502
1.5701977812832768
1.57776982810358
1.5766830095722844
1.5683819834477204
1.553011100774109
1.5310862796915063
1.5013875049052903
1.465121668027735
1.428481153692359
1.394093332326426
1.3640395837727441
1.3399919085704384
1.3233079640095942
1.314902314022024
1.3149303358984934
1.3227523014548388
1.3372753441751288
1.35713824826327
1.3806371590467352
1.4056895295416727
1.4300013865381496
1.4514224717102164
1.468380828521865
1.480228495880371
1.4872901340191025
1.4905834127938848
1.469471037609096
1.3853800901653306
1.2390870050643472
1.1155809371093637
1.2480737711926704
1.1610824075036317
1.0780807746347538
1.0516019740060738
1.0655720503382795
1.0919179944429782
1.1101163085025387
1.1291814063366254
1.1476501520462836
1.1646964801827349
1.1804931720893403
1.1960310364665936
1.2124064026048749
1.2303115848296424
1.250295822767116
1.273242035414595
1.300406133892668
1.3329852857857427
1.3714756557379608
1.4150976211873765
1.4615109749027706
1.5069640788715903
1.5469070408100714
1.5769410510817767
1.5927806034199488
1.5969885212261297
1.5924118083216992
1.5808785529969724
1.5625508385746802
1.5382032133430474
1.5065979920911483
1.4689130616988915
1.4310257268585334
1.3950265466829994
1.3627009317100234
1.3357343621166757
1.315868434621572
1.3048648756587546
1.3038882180638574
1.3127285844450072
1.3300479104622192
1.3540002272613423
1.3823308886790509
1.412321886367895
1.4409566449680509
1.4653253879155992
1.4831435295631634
1.4932094694281244
1.4956153154152385
1.4843917938371982
1.4437945353838162
1.364905830423849
1.2453335027765284
1.1061090639911548
1.2084276347866878
1.1328274177475455
1.0599750302559796
1.0370951525516021
1.0539398521514725
1.085014117645788
1.10690841926967
1.130291576694983
1.1533983137759072
1.1749523303170415
1.1945788335548762
1.2127717068835617
1.2304388723073139
1.2485363509927758
1.2681277571065288
1.2905494412061407
1.3172984757922421
1.3495997399594621
1.3878216506200187
1.4309635239383396
1.476422985256597
1.5202022837587121
1.5576064460871726
1.5843039858665813
1.5967551968413387
1.598026311881681
1.5910683446013536
1.5779298480102566
1.5587871823610646
1.5345050094778776
1.5037769214441203
1.4673708882888503
1.430287846152568
1.3940734666373442
1.3603197556340174
1.330741066770028
1.3073055526489896
1.292640878498625
1.2896641282701562
1.29916442397781
1.3192842209209594
1.3474456574261728
1.3808258329602556
1.4160912443565445
1.4494716261546976
1.4772234888111355
1.496286465445166
1.5049087175849163
1.5030299799112763
1.478402787762656
1.4216661766035434
1.3517744948444834
1.254431586489327
1.0930292197394502
1.1644904596442438
1.1016715461864224
1.0395853702719478
1.0196334973441579
1.0405875181277728
1.0779966468775855
1.1044681467139275
1.1328927982014858
1.1610329994619206
1.1870057058235708
1.2098657495238105
1.2298087938421607
1.2478407175352444
1.26530155191491
1.2836823247873281
1.3046079862193367
1.3296732103383686
1.3600464243983492
1.3959564060750858
1.4362506496017824
1.4782235739384686
1.5178794723450622
1.5506910404163994
1.572714478004419
1.5813951004669897
1.5801209065518464
1.5717906342622678
1.5585193489754499
1.5404968783263358
1.5185296128049197
1.4912054203827019
1.4585863190127377
1.4244024814342537
1.3897827268730119
1.3562985435024362
1.3256775905641045
1.2996740299869602
1.281000461581567
1.274970902034722
1.2848066017748239
1.3073703214305978
1.3390410855045498
1.3766700173730642
1.4165410156927543
1.4542643192257347
1.4853155796783697
1.5058665344673732
1.5136156593455767
1.5083565515876713
1.4727536663604008
1.4039309479026887
1.344593854835601
1.26423257930625
1.0810357074202355
1.1212037541131552
1.070541191345912
1.0188403490237898
1.0016750012678364
1.0280989741261854
1.0733230377305403
1.1052089926370006
1.1393934231747382
1.1730057361865438
1.20340905468458
1.2290650889823616
1.2500185316037544
1.2675533392346692
1.2834464939585042
1.2995426971266792
1.3176429443140976
1.3393572646997736
1.365778916780151
1.3970539683936742
1.4320126613475697
1.4680511094136934
1.5014268450866732
1.528030380362874
1.5444923530973638
1.5492911586734295
1.545902058996728
1.537029264987933
1.5247370859717637
1.509235122229352
1.4911569553058008
1.4689392356176465
1.4417676393959202
1.4120089581136153
1.3806680647998042
1.3495591968649645
1.3205277412659693
1.2948625064244472
1.2739490625707763
1.2642486133833284
1.2743580066367342
1.2982225436300203
1.3314654236999566
1.37128527620244
1.4139505854292436
1.4546822716417074
1.4883189304823343
1.5103259214646219
1.5178356102556374
1.510407992979668
1.4669615957162092
1.3898064178032237
1.340531462083923
1.2733158089523253
1.074204521395534
1.081227550156593
1.0416772719128986
1.0001997723004057
0.986367117509386
1.0193439514620348
1.0732550782499481
1.11104542071088
1.1514296230589758
1.1908217257328653
1.2257490619431906
1.2540469113689814
1.275626124337436
1.2920551701694558
1.3055077035575904
1.3181185418462156
1.3318206767426268
1.348247360159739
1.3684925254067386
1.3927657602395611
1.42008725160533
1.4481983607028055
1.473843531832621
1.4934878500026019
1.5043502824312114
1.5057232368741686
1.5008694668949702
1.4921866929483327
1.4816173157651735
1.4694076400744687
1.4559204358237074
1.4393403222454235
1.417936782680215
1.3930099979199246
1.3658704579727168
1.338852943904413
1.3140978024548071
1.2926332118641977
1.274237521668287
1.2619437601310648
1.272201847161905
1.2946747389475366
1.32641030046212
1.3655101294150942
1.4084487539201895
1.450267653828477
1.4853508994976063
1.5085582930588906
1.5164362772194602
1.5081604498371424
1.4601810098999664
1.3775845841468646
1.3364446451086809
1.2806069243202631
1.075404729191996
1.0450316355156344
1.016227718856978
0.9857651705017992
0.9766144175599605
1.0170975377927707
1.0799450233599273
1.123683526825503
1.170283375395081
1.215481692480493
1.2549993857779522
1.2860141995320689
1.3081717666449548
1.3231481980178763
1.3333824534339243
1.341249218099749
1.348843515580526
1.3579264073595672
1.369764127975872
1.3848555060332095
1.4026689104212942
1.4215465586756075
1.438918649315321
1.4518956042675184
1.4581590054633844
1.4573337837907137
1.4520851619389934
1.4444047380679679
1.4360693212947249
1.4273872801779959
1.4183198273271822
1.4066045190606757
1.3897593022317285
1.3687686059376352
1.345709851856208
1.323591804198153
1.3049127773398357
1.2906796101441136
1.2800631760932406
1.2706703371664931
1.2789024873649038
1.2962749211064144
1.3233815143845167
1.3589451858006891
1.3996980394283804
1.4406855191302905
1.4760407015574348
1.5001543568590063
1.5089907906221802
1.5011828895716122
1.4518620994082723
1.3657613841367875
1.329814498144115
1.2849451900803426
1.0859120056248996
1.011645307167993
0.9942722581997404
0.9765747972091796
0.974253755736711
1.023507679655027
1.0952898884982951
1.1447186778060041
1.1971986565895067
1.247932312292081
1.2919677008902912
1.32581822395949
1.3486472404164758
1.3619433435583301
1.3682183455944155
1.370052685236235
1.369799252528012
1.3695319933079049
1.370928969587901
1.375041620400931
1.3820444151913653
1.3911016400842395
1.4004761637010676
1.4079488680056187
1.4115099095351016
1.410502612258662
1.406518647432385
1.4009696419824562
1.3953482603426897
1.3900059638244349
1.3842413537258231
1.375179423677355
1.360303680918219
1.3414189809323303
1.3215996469443585
1.3044246596156697
1.2926229460623673
1.287166851413792
1.286918920406889
1.288537184728044
1.2901485480748722
1.3002724607159355
1.3207299451581722
1.3507711174465395
1.3875101875146783
1.4261924372357742
1.4609113163804706
1.4857505327025058
1.4961381097934403
1.490049795559714
1.4423654649784372
1.3539902407181656
1.3193577254274662
1.2849882872492062
1.1052273156801529
0.979677765655289
0.9752964726092204
0.9724127780524675
0.9796298746187466
1.0395978032285815
1.1205217971887071
1.175335269012179
1.23321570468277
1.289020785770392
1.3373123683158588
1.3739699359657973
1.397469249471225
1.4088028211053747
1.410351930353944
1.4048890618242587
1.3951665398932482
1.3837996566779454
1.3731326991457269
1.3650053662053874
1.360487334258012
1.3596951922287512
1.3617954531503578
1.3652555638283816
1.3683296799459397
1.369626953503255
1.3692588165683381
1.3677444935641474
1.3656591975106198
1.36272764338874
1.3573239261384376
1.3470858113797646
1.3310365414049392
1.3125096001903838
1.2952064157806455
1.2829136914297916
1.2783749299256442
1.2824402622647568
1.2935477046551398
1.3052201071000065
1.3025765664329623
1.3048694269769778
1.3176918465955254
1.3410860037408867
1.3726965664287545
1.4081294117759802
1.441618434604322
1.4671043948027802
1.4795699512971203
1.4762965222185052
1.4329657369237885
1.3432983912799359
1.3052402777997563
1.279484790471762
1.131109749084574
0.9482395548424051
0.9589592680500473
0.9721687091478364
0.9916563996030971
1.0649976805564565
1.1557620144342045
1.2158072817063215
1.2786566768734917
1.339005134132515
1.3911140129906752
1.4302965313847953
1.4542231822715563
1.4631657525450374
1.459216758797571
1.4453523075251287
1.4248803023333116
1.4011740622427966
1.3774440566824244
1.3564544058152574
1.340227088673225
1.3298208222255206
1.3252616960361057
1.325674598357737
1.3296213632714466
1.3349325274854822
1.34032595281389
1.3457855594709727
1.3512516515725934
1.3435752361148952
1.33321151720263
1.3186696699227667
1.3001250934860538
1.2817693211628258
1.2672957701890768
1.260381867580678
1.2636803795879608
1.2779846668987567
1.3015895818851906
1.3256136095297277
1.316601015432385
1.3104079193556024
1.3150768174661875
1.3312702091175554
1.357160912343443
1.388778823505194
1.4206148789318689
1.4466137111468014
1.461443674932151
1.461748122824655
1.4250471432152156
1.3353629789404715
1.288822967123848
1.267717723944797
1.1598708306079242
0.917450734595843
0.945835751699792
0.9745930952328177
1.0083343374043643
1.098033226251309
1.1998200567098658
1.265165997911101
1.3326966484404008
1.397080661475826
1.4524261067524338
1.4935762797866492
1.5174055461761105
1.5233951769111174
1.5132872779415085
1.490298410102475
1.4584178199890598
1.4219116043482178
1.3849279068704659
1.3511330680848748
1.3233916609339558
1.3035338687335893
1.292247655032654
1.2891183083405626
1.2928078302086974
1.3002772373659202
1.3084697119188484
1.315104021801844
1.3161134714504508
1.309628063985814
1.2979166226304446
1.2819494564626248
1.2634410926474067
1.247292872694584
1.2372111982848701
1.2367803998085385
1.2486409098137743
1.273709827546033
1.3105918653979716
1.35531876711607
1.33222274559158
1.317388079225786
1.313979969308251
1.3229747986215763
1.3429955352454888
1.3704940387172617
1.4002842778835443
1.4264435420901473
1.4434901139831786
1.4475783806696287
1.4189450410568285
1.3311687253233677
1.272024161052927
1.2498620391613118
1.1869918318320787
0.8883775596237729
0.9377070531225462
0.9791625538883925
1.027621346674713
1.1362314917613012
1.250426710972345
1.3213115168358338
1.3933832088369453
1.461347642661185
1.5192408675268547
1.5615444941626568
1.584481108766374
1.5868738185623827
1.5701991141060379
1.537975395726372
1.4949129922134528
1.4461436043407305
1.396626672324028
1.3507167512746694
1.3118540989653387
1.2823480270058782
1.2632369102845544
1.254216366556683
1.2536053451349511
1.2576788267814252
1.2621562778172535
1.2644156976598044
1.2628107133731854
1.2568197052264427
1.2469871713735452
1.233656993632242
1.2189436316552933
1.2077758706417998
1.2038979688638516
1.2108493912468683
1.2312762610921633
1.2660880346548644
1.313139977266439
1.3560849394010257
1.3434107762269603
1.3235996109633206
1.3138441956049212
1.3166404841891404
1.3312717907253222
1.354679031134117
1.3820732287305078
1.4077928708295353
1.426394927834773
1.433766924349073
1.4133356977177574
1.3298699565335355
1.256581314505449
1.2270791535778967
1.2080523408642616
0.9004263646445568
0.9370345487732961
0.9866857931422197
1.0484287723185874
1.1771843904720327
1.304926872142494
1.3816295005984986
1.4581937931080138
1.529331095753665
1.5890017295942407
1.6314221634447286
1.652415616046953
1.650490126582184
1.6271390760564564
1.586296989451853
1.5333089371510567
1.47389935757778
1.413445499853206
1.356577659969369
1.3069596094064182
1.2671105332936112
1.2382240076248834
1.2200142095543915
1.2106557421603799
1.2071733317347457
1.205592141806702
1.203584734338697
1.200181930948226
1.194759557554497
1.1874566917723448
1.1784098492679589
1.1695372312307946
1.1649198528129414
1.1679921269468836
1.1820502201071919
1.2094971800927596
1.2506517954580232
1.3009867947270626
1.340831793039228
1.3407747669722636
1.3238525047519418
1.3118816105041458
1.3109039651715666
1.321506495289276
1.3413538700435266
1.3661893826104299
1.390759075293917
1.4098594044782284
1.4193705704968693
1.405798326959409
1.3287855175304402
1.2435226502697094
1.2013158280167089
1.2197987957343204
0.9163774529400533
0.9457713237590242
0.9993134752028917
1.07140890465833
1.219553833930483
1.3612374758073107
1.4438975049192146
1.5248796056314762
1.5987723180822442
1.6593805378111433
1.7007253848545112
1.7185219352456442
1.7114356977505158
1.6814611505848782
1.6332135368559515
1.572519267811929
1.5050953692617528
1.4359552931996524
1.3694215085892283
1.3091528939410588
1.2579310632863823
1.217344321329978
1.1875637022289185
1.167345810595055
1.155404646968963
1.1480498400306878
1.1425886760311694
1.1379988878852958
1.1334096119599812
1.1287977893711236
1.124318858319385
1.1216045102846066
1.123533033450008
1.132924904075845
1.1525633028980473
1.184298523617093
1.2275193375834181
1.2760945269752306
1.313541769074831
1.3229903662054794
1.3142979632156573
1.3050262133205455
1.3036286680674951
1.3122800743094265
1.329593671522545
1.351996597873219
1.3747886835134502
1.393194091442053
1.4033386004807207
1.394149882104867
1.3246615242277162
1.2329700194353097
1.1748940528260916
1.2210310554550534
0.9360630803279993
0.9644963262479541
1.0198312286916136
1.0991426292992954
1.2638380753664207
1.4186338625447226
1.5069966722599357
1.5920711409377706
1.6681414926475553
1.728754571857859
1.7677939552608877
1.781118455105908
1.767966800803382
1.7313450867632454
1.6770446080973735
1.6114983588277645
1.5394896315667368
1.4640775652056608
1.388735574045356
1.3176101542811156
1.2543560264474332
1.2014365367408588
1.1598707896903862
1.1292738730161458
1.1099033099881208
1.097919019419781
1.0899833455048742
1.0848313380621266
1.0813642122617506
1.0794369662755294
1.0792622195009736
1.082138299507614
1.0896878615054921
1.103989521051769
1.1271654735075545
1.1604004296748869
1.2023596146160227
1.2468550669312637
1.2816984503268187
1.2967857197164456
1.2965441346289697
1.292820606843934
1.293778469657203
1.3024929965899483
1.318416177619076
1.338686638067182
1.3592399269638766
1.375862790398997
1.385127090433477
1.3774060330634392
1.315127275597
1.224146784184312
1.150031667841254
1.2129708556697256
0.9601078593363573
0.9926998367233365
1.0505508369143668
1.1353247663393458
1.312337258512075
1.477799669523085
1.5709005485936853
1.6591808270892792
1.7364647723586213
1.7959899197410738
1.8315903383349315
1.8394569313659814
1.819603604789861
1.776230186300694
1.7166722228102484
1.6489395905837565
1.576591403356933
1.4962571406163063
1.4119403706374927
1.3302814585602065
1.2559464103152909
1.1921332697907705
1.1405886373969447
1.1016315189484187
1.076625325653686
1.0613958587254915
1.0519908713129953
1.0468828032106792
1.0448017336509434
1.0454804410740708
1.049167876826796
1.056782535308844
1.0687621334717774
1.0864483655754003
1.1113021884394065
1.1439214866080647
1.1826266921419197
1.2219980576124418
1.2533928057615673
1.2706775407083102
1.276309758753556
1.278019459092705
1.28229151034458
1.2921072160963711
1.3073238800515834
1.3256295446916957
1.3435628186386823
1.357519967215071
1.3646330318719189
1.3556939245956177
1.2992159040240097
1.2154083783999061
1.1284318194736496
1.1989288468614425
0.9899803129282441
1.029721670698081
1.0925481274485178
1.1829425785935452
1.3677910654591996
1.539883625109617
1.6358591679989807
1.7256734585265987
1.8026425982966714
1.85975535585654
1.890954985309824
1.892920331772267
1.866441863844158
1.8166337857907169
1.7518455821602752
1.6817742456905702
1.6155198208169224
1.525998436711262
1.4342860122448684
1.3451305844007897
1.2629751652344834
1.191425974978814
1.1328270967496754
1.0880978542038033
1.059399751472273
1.0422744278278924
1.0323196415181353
1.027785209537892
1.0272969844634274
1.0304608091104461
1.037529390026633
1.04900684513984
1.06426923105684
1.084004934925629
1.1091082929045304
1.1397416145213466
1.1741471632996876
1.2078427896611044
1.234772418079458
1.251343914958038
1.2594865806195479
1.2645109463580433
1.2711609444629333
1.2817472242990962
1.296092159681325
1.312181097695723
1.3270339808978626
1.3376190215976487
1.341650114859644
1.3294745376394381
1.2769469336191788
1.204368795917417
1.1110463140926596
1.1832828021456077
1.0346693292691553
1.0838159503239826
1.1556634533574432
1.2538650029281602
1.4427657920263752
1.6163129731915329
1.7122717128205818
1.8007631858381814
1.8746773743133534
1.9269808473940941
1.9520533979060632
1.9473269311927017
1.9143572620666676
1.858694642115284
1.7885148719362116
1.7121878346978838
1.6335396224166803
1.5480051813721063
1.4565029970379488
1.365219514629858
1.2795242802562166
1.2037369080321452
1.1409284185840676
1.0927133736774697
1.0619630574087298
1.044095721163068
1.0344430058307676
1.031072600339278
1.0325655074615554
1.0383738597162138
1.048705861706383
1.0635547095325588
1.081256081108257
1.1019023353760116
1.1259092583183161
1.1531191939573757
1.1818169648061292
1.2084137273516302
1.2288751637233386
1.2415705252990956
1.2485482667226142
1.2537259444715274
1.2603917952062598
1.2699768754129475
1.2819885053564088
1.2945179630941992
1.3049810337272543
1.3109096493355026
1.3106331742357185
1.2932970584371009
1.243440388628689
1.185248617729271
1.0963050876987468
1.1680840776530848
1.1397826276185055
1.2040384679580722
1.2956425165010759
1.4069925546735846
1.5901403807074976
1.749775225117694
1.8356981681532007
1.9123544365839737
1.9729757589027668
2.011616946723757
2.0243217067998787
2.010135096261166
1.971344378167842
1.912715687368762
1.840097881588321
1.7590225871779148
1.6736983201609383
1.586671980924493
1.499514349729332
1.4140986360343166
1.3332710409635695
1.260532174924393
1.1992328481242964
1.1518107226503342
1.1219084099324126
1.1053212601938875
1.097521033770438
1.0964696918170271
1.1007778217390132
1.1096125838600774
1.1229098302800682
1.1397560380425453
1.1573989508187155
1.1754835644002508
1.1942091289339638
1.2133104683800413
1.2310926484617493
1.244549165904248
1.25128822954907
1.251669681701292
1.248556997172319
1.2452920263577025
1.2440884123769056
1.2455008869489803
1.2486204055411447
1.2516180257396485
1.2524042820754038
1.249254326910331
1.2412850744616126
1.215490471207177
1.1693495654678125
1.1323179527128353
1.083483729095544
1.1536308528859953
1.2997878773568983
1.3957938158014058
1.518399750611127
1.6339934604626862
1.776739498724667
1.8866584172777925
1.941460188829723
1.9863490576054599
2.0169642788360016
2.0303678961953424
2.025601275200477
2.0037232049220504
1.967108677829747
1.9182489445108286
1.8590826612604596
1.7916858839912524
1.7192367503588457
1.6456887360393588
1.5744820160663209
1.5076462397658499
1.4460834463351964
1.3906601340160636
1.3429519156012493
1.3049780666610709
1.280458524511961
1.2666602479898486
1.2600823052410006
1.258990842052409
1.2619570696717255
1.2678060613677933
1.275536664890013
1.283248006679178
1.2888681557401949
1.2928760383549072
1.2967475535252595
1.301283473900731
1.3044213021984359
1.3010642428712438
1.288113151110942
1.2677335731221222
1.244289852213955
1.2215292446894639
1.201635926104422
1.1851355549034026
1.1712592937197248
1.158564132404773
1.1455917958556214
1.1313785073463154
1.1157196461467895
1.0855762754989058
1.0522798882684348
1.0397047245331934
1.0294574880538354
1.1328927842819296
1.3582792383967528
1.5232930149684027
1.6843478950571613
1.7818646417331976
1.84656845210014
1.8868379604578425
1.9053118454036302
1.9177040117118864
1.9212844873212687
1.9146255312577647
1.8981111456872333
1.873824733978139
1.8448087617472289
1.8136641413004373
1.7809697722262094
1.745419406223245
1.7062401064562982
1.6647314591036417
1.623527394581346
1.5850571999939704
1.5504377211700575
1.5193585722700083
1.4910516528505988
1.4655204893949676
1.4457049360332623
1.431245647869327
1.4202998761927557
1.4121223590304723
1.4051302851826113
1.3982870726127086
1.3894987848536209
1.376850071729697
1.3609978518221912
1.3437230024027118
1.3283260741164165
1.3185554819230816
1.3173847621981012
1.2945132709529554
1.2644762048797302
1.2297881148107568
1.1940922712449393
1.1607970905658682
1.1319787633778775
1.10788091006885
1.0871100144790862
1.067486652653505
1.0472788745235793
1.026162620614836
1.0052927911623688
0.9741357937555666
0.9603859365956069
0.9728882101614512
0.9745703886008631
1.0938682521582965
1.2860725609020363
1.48680555725443
1.6522324734113654
1.713327654723253
1.6901651325036673
1.6650713673599802
1.6568947568007115
1.6511392038072108
1.6439929395259427
1.6320006742259956
1.6136553636832425
1.5896607880286746
1.5623687301008529
1.5349758100557733
1.510764672935278
1.5373277246979222
1.556042635425809
1.5660484216533719
1.5677881623315446
1.5627941943582115
1.5530786000027037
1.5403720009908557
1.5255383659318587
1.5084229812676082
1.5017301454911525
1.492802255657176
1.4821382480348047
1.470317993776004
1.4563686045656898
1.4399711803239308
1.4190015561589056
1.3923345427219538
1.3623103713418283
1.3295168634923045
1.2943808180540723
1.256645139225956
1.21565175984701
1.1714469978208508
1.1257629909385243
1.0820614337565082
1.044698378401351
1.0177928681833763
1.0043118364433508
1.0055475963482234
1.0209038908008936
1.0478622518295344
1.0821115434662143
1.0229638048384289
0.9741014017292512
0.920749502394149
0.9310342594277063
1.0114890029947563
0.9482046295587638
1.0603998688628586
0.792004234056766
0.9655609456646352
0.9203903555396739
0.9557509959186404
1.0111964914154226
1.0421063558120982
1.055274434408734
1.0686346059458682
1.0867218287229818
1.1144638077926379
1.1555605812393515
1.2114407326780763
1.2808433068204572
1.360097982473333
1.4443562104508931
1.5297420153400736
1.615332482746327
1.702731311311579
1.7924998218861203
1.8810319250451693
1.9612412742690986
2.025683506795818
2.0693964246559657
2.0911600663402923
2.093674388656969
2.084710088845331
2.0683421997772458
2.0471285367542857
2.0203080913381104
1.9880119216663934
1.9467960092694956
1.89499127153066
1.837025852928202
1.773829277080759
1.7074433459006022
1.640862508679263
1.5774411871122869
1.520119669920277
1.5210151368647062
1.5078043164407355
1.481084409145737
1.4436273591087523
1.3995343888811846
1.3531854997762722
1.3083879930289035
1.2679283592965909
1.2335047594984596
1.2058884425567926
1.1753104274108057
1.1230775546357095
1.0680111611972094
1.0510143664209908
1.0785076820488289
1.1568445860838146
0.7718373561130902
0.8052387126404694
0.8479808864312144
0.9050747408058961
0.9656486744500944
1.0103680088824625
1.0368915800131713
1.0139622740254683
0.9999309681382534
0.9991300610930293
1.0144267175769421
1.0467400176899067
1.0947244050537668
1.1546652620624527
1.2207991436003232
1.2862652291681307
1.3445908571131873
1.4168950983976887
1.497870133396549
1.5821340648321522
1.6636621045268838
1.737264710454907
1.799758380795901
1.8503238679648568
1.8864384386628146
1.9121250336747206
1.9318335333254733
1.946521711192238
1.9574571408392083
1.963563188013376
1.962988137513038
1.951856290781036
1.9291291181651917
1.8958625381371925
1.854953858290564
1.81046336408982
1.765996009288422
1.7226608349890555
1.6782392126953496
1.6290242564698805
1.5728893403602544
1.510780200310081
1.4460300593231508
1.3826571409003154
1.323750650285313
1.2704714436095834
1.2219111375124656
1.1761156210858903
1.131948354436279
1.0580290717715475
0.9836301344222635
0.9602819301048002
0.988787101205935
1.0852166992546672
0.8226962985145262
0.7999662528315996
0.8380489572773767
0.8770096951097769
0.8968433989486021
0.8990052032204598
0.8943122234166714
0.8853863585316764
0.8766594278614137
0.8741138249747716
0.8822340741977602
0.9033440098786463
0.9378146710757133
0.984338710251687
1.0402630880274406
1.102131368100497
1.1665043060772078
1.2308394746181979
1.2937691423847206
1.35441030442068
1.4117319047963692
1.4648297736058689
1.5134831802989182
1.5582825500856534
1.5961420661838193
1.6283468536811194
1.658011469830435
1.6849925892452837
1.7110919905691875
1.7350728443578416
1.7568508856903116
1.773521433636945
1.7821761250764308
1.7835927974969195
1.7782750625418962
1.76533145897088
1.7426290610824673
1.7083181751996264
1.6624382617908555
1.607343469404497
1.546817619360899
1.4846306792599944
1.4233958263547597
1.3642240899887839
1.3072195760900527
1.2524067058237904
1.200402465103749
1.152430057111114
1.10988021146551
1.0492232807695063
1.0022466690241199
0.9935970593946585
1.0118464329583106
1.068528489173593
0.9154868984589786
0.884686140955275
0.908650026652285
0.9167820957618622
0.8977413132779251
0.8736916460319327
0.8583007726555102
0.8429149617116732
0.8300633981692114
0.8226774168098951
0.8232091928348556
0.8331767552878291
0.8530940256648804
0.8825679430958568
0.9204317444542478
0.9648778633611502
1.0136115723241839
1.0640680496487789
1.1137156780994673
1.1604193168273904
1.2028018918401209
1.2405374761509216
1.2744551245439997
1.306230830497605
1.3344749065634982
1.360017056470795
1.384951484508687
1.408814498809899
1.4329524976680466
1.456104938205813
1.4783054217636242
1.4974389522065998
1.5119888305849591
1.524977736185345
1.5381872806335153
1.5489293651350444
1.5514210359499356
1.5412094787834718
1.5177347963143408
1.4840333927210434
1.4448027801459875
1.4041402110199777
1.3639415335760807
1.3237386627854106
1.2824526035674766
1.240676506354547
1.2009154480841802
1.1661196651729355
1.138425465457875
1.1079294740654775
1.0965123428368868
1.088199203147172
1.0589746777265585
1.0352489804996399
0.9494150940345996
0.9596330964952174
0.982187246897373
0.9735104947381927
0.938741466693574
0.9068979681782867
0.8886292351191589
0.8711401134938979
0.8561909397676163
0.8457332171991355
0.8414299124274851
0.8443656258401625
0.8549744502225899
0.8730811189661131
0.897962982394934
0.9284036118990703
0.9627677062734172
0.9991427480795124
1.0355551614391694
1.0702131107962911
1.101714595844028
1.1292373255418606
1.1529627110486462
1.1751656145820002
1.196678268805349
1.2174921279105244
1.2384886683045164
1.2589151074334992
1.2797408827934573
1.2997283952846783
1.3186376541343185
1.334089236915542
1.3446535729962834
1.356304138579923
1.3780974687697838
1.402308669369807
1.4177324311083415
1.4200603046629847
1.409517138743388
1.3893380381520533
1.3640857009749179
1.3378896501362734
1.3130923569931758
1.2896088840000517
1.2655077986424847
1.2395784222971795
1.2137772158302624
1.191918056645193
1.177044850795645
1.1702044865416095
1.182894596032406
1.1625810957530156
1.079965833021991
1.003359581434088
0.9404768151992682
0.9931581514629708
1.018454717017303
1.0057359625880022
0.9693252935156804
0.9375581236535496
0.919509909510718
0.90213591716993
0.8868533978896708
0.8752515870172569
0.8687388084869565
0.868298611408557
0.8743973599917049
0.8869813090178373
0.9054997366154994
0.9289380634716358
0.955888328502825
0.9846873818260647
1.0136160041981859
1.0411098034000659
1.065923040326363
1.0872202496592154
1.1046221305281905
1.1182574463092636
1.1409470157684478
1.161725610906397
1.1820169404172438
1.2013505220099931
1.2207943675146287
1.2393234946923912
1.2568718484724446
1.2712972115640764
1.2804701643313927
1.285920937248037
1.3194639323389854
1.3461588816418966
1.3620006901875406
1.3652151860643262
1.3568139162923707
1.3401323188647214
1.3196021581313844
1.2993179299751558
1.2818753625301214
1.2676744938145126
1.2547441851783105
1.2397748254515517
1.2220635030666709
1.2060126755215796
1.1964920238663994
1.2004103956736296
1.2248435036941383
1.1957763494962024
1.0836714142984532
0.9918639656700714
0.9191789789544972
1.0145832547813096
1.0409309113670673
1.0285048190405406
0.9959488659704772
0.9671896540363212
0.9504071524285622
0.9338130295097691
0.9186252779042822
0.9062650022719316
0.8980677407559634
0.8950549776331429
0.8978070757198707
0.9064079538509596
0.9204322828676187
0.9389750248006075
0.9607400007296054
0.9841945686592074
1.0077729841994691
1.0300916881080744
1.0501447004709683
1.0674980259243403
1.0826715541244183
1.0982642141000243
1.1159838859883024
1.1342921400353851
1.1527115325212316
1.170278171371428
1.1878365853035626
1.2045076769106486
1.2204623903360916
1.2343663008387549
1.2455514918650543
1.2613678854709152
1.2875092085027307
1.3103223105985102
1.3235518525406638
1.325546133037272
1.3174819787547505
1.3026360769070906
1.2852411749946746
1.2692068581280815
1.25706502310669
1.2493099146562163
1.2441578651014733
1.237809221646569
1.2265552088493883
1.213693746160662
1.2071015569953283
1.2183958362965706
1.251452024659667
1.2150319776455354
1.0820829217615509
0.9891965385064255
0.9687457223532323
1.0313265117593302
1.0541101181456476
1.0448790467037863
1.0213001808447377
0.9984583139230856
0.9839461759357195
0.9687205296316459
0.953908929637034
0.9409134631495273
0.9311514256795558
0.9258211821916132
0.9257186406694291
0.931108550832702
0.9416739128187964
0.9565654494687004
0.9745376297687973
0.9941366850143124
1.0139154503801977
1.0326613693203597
1.04962872428365
1.064774580395861
1.0789764637209298
1.093958639645433
1.1093848566781663
1.1246611172018295
1.1400304351074726
1.1546719251650197
1.1692089676213684
1.1829171016214175
1.1961205037774794
1.2083611806083383
1.2204984366550606
1.2386401627559016
1.2619880381207023
1.2814397914287514
1.2921777339854355
1.2929988983258807
1.2852766761519165
1.272203464919555
1.2577413175419516
1.2454813915205356
1.2376822231557274
1.23463548294055
1.2344310695142893
1.2332267981721532
1.2263651561608069
1.2145992104279504
1.2100703597518891
1.228041587288199
1.2680110175222234
1.224404508430022
1.0759368133506473
0.9925357294076086
1.0242470489350153
1.0461690048525798
1.058532962410747
1.0542241038965752
1.0444548228163602
1.0303240262278257
1.0190424186448175
1.005789918286326
0.9917069607867857
0.978302930501663
0.9672119743808227
0.9599372800415046
0.9575842524685962
0.9606306819388144
0.9688416493308325
0.9813766620626723
0.99700443368033
1.014325165986271
1.031978714707522
1.048856976746727
1.0643184693147327
1.0783562915064746
1.0916100494103405
1.1050657074028547
1.1179442213168578
1.1299795944681863
1.1416457299218523
1.1524406148735362
1.1628571139726276
1.1724072346000134
1.1814751696909913
1.190382493996095
1.2014106778272733
1.2199413608909895
1.2418933922589417
1.2592808330176515
1.2685109211315624
1.2689793030807046
1.2622477409406705
1.2513551711066861
1.2398996253982977
1.2310496632309758
1.2266874781750405
1.2268106577514926
1.2292858159473354
1.2300832156416024
1.2241324524550365
1.2067804129318307
1.2059419514990657
1.23029345116297
1.2741061341198439
1.2230827076174335
1.0646720169481598
0.9996362046350263
1.0771839396115421
1.060939594797748
1.0564501951555116
1.0571066256606672
1.0650983954651414
1.0617454297625064
1.0544377584265947
1.043753111748228
1.0309120575084365
1.0175962277857877
1.0057270935218363
0.9971764178738283
0.9933895705263569
0.9950377325875984
1.001926312431303
1.0132056899927053
1.0276706959250401
1.0439863889361556
1.060853811575739
1.0771761669418478
1.0922322688001367
1.1057948735948289
1.1180953339747934
1.129576531993079
1.139448577020383
1.1477936613424295
1.1551765208921072
1.1614095715506505
1.1668315535612195
1.1712162329717133
1.174883080880242
1.178755231348599
1.1869791125600304
1.2059376642584092
1.2275165884945645
1.2439580966001786
1.252790329805502
1.253961053433899
1.249120366811749
1.2410387187809957
1.2328480205547487
1.2272230187997948
1.225650276266929
1.2278966684494697
1.2317925999911983
1.2335014667097755
1.2285353305865683
1.2145534253218235
1.2042985095794116
1.2278688625566585
1.2697244676833375
1.210891974110837
1.0477479032438184
1.0081571538474938
1.1196481432060283
1.07542017364467
1.0516013101498833
1.055121971881018
1.0836160235042624
1.0916883843966148
1.0886894445838982
1.081049245590243
1.0700747464273808
1.0576135836464617
1.045863982033951
1.0370306191662084
1.0328170710035411
1.0339885199033247
1.0403493920480285
1.0510825968360011
1.0650833480406583
1.0811321671929832
1.0979892862976985
1.1145056137637726
1.1297642221921367
1.1431929310303677
1.154566527622827
1.1638694982934277
1.1704677493703053
1.174853896100038
1.1776589552168426
1.1790048502971084
1.1790431428436865
1.177784314195902
1.1753236016758362
1.1726794783384407
1.1757353193011164
1.1964213165770279
1.2182863154145864
1.234491176986048
1.2438085063859194
1.2466380539556636
1.2445845796015882
1.2400270262901456
1.2355401930722794
1.233260380912249
1.234297397544483
1.2382912516107891
1.2432424610020913
1.2458086894558031
1.2423374116155796
1.2311600785428347
1.2176049564583067
1.2246362776442157
1.2550667584992445
1.1887805103452511
1.0251728086652208
1.0164888080528758
1.1465218065878546
1.0875847508284118
1.048741513959095
1.0504357691666077
1.1011423297676566
1.1194605486534228
1.1206430987798734
1.116314129256026
1.107803590041128
1.0970634657900955
1.0864927139820504
1.0784986781094539
1.0748530443412099
1.0762652717323873
1.0825326224018887
1.0929699613124964
1.106681705545086
1.1226319438513443
1.139660099502861
1.1565453185432129
1.1721330879528282
1.1854711783277694
1.1958846134263807
1.202961444939339
1.206301490748981
1.2068294799558463
1.205244165697019
1.2019648956479212
1.196969505524107
1.1904928510290052
1.1824077451304
1.1735890943068004
1.1662604943975314
1.191954895891291
1.2132393150039513
1.2290426745670626
1.2391249093527277
1.2441385991344496
1.2454988426830933
1.2450900752629317
1.244864826318653
1.246392880764534
1.2504189512045152
1.2565058997824976
1.2628867090274054
1.2667027611983543
1.2648268841268344
1.2554381185537038
1.2404362056187923
1.2242645988625096
1.2308421554019846
1.1596523930923057
0.9978113103954441
1.0237913204330484
1.1567659900693936
1.0949187125511606
1.0516940957858014
1.0451159782558581
1.1191359151132243
1.145018857598163
1.1499748329393158
1.1490486064939844
1.1434765663341286
1.1352252239574439
1.1267832146564332
1.120566501153772
1.1181704074783247
1.120125811568777
1.1262800992953148
1.1362026259140658
1.1493036774964913
1.1647855461154757
1.1815933132601446
1.1984501160988326
1.2139845221023087
1.22690405797195
1.2361523245058985
1.2410130249953149
1.2413645118974794
1.238522126102766
1.233245814729756
1.2262180822157371
1.2173104850278749
1.2070108648052609
1.1952575761311601
1.1838550083684458
1.1801222780341947
1.1943326674602255
1.2115861674706931
1.2256224910082456
1.2358732208708552
1.2428923077420282
1.247762377567022
1.2518131331492086
1.2563516722377348
1.2623679464990591
1.2702198206201114
1.2793435392879728
1.2880932890904158
1.293865005812828
1.2936609792468134
1.2851606180989872
1.2681805410952431
1.2287870956659306
1.1988443096364791
1.1300217376159745
1.0402077896523316
1.029810873139992
1.1530773636353313
1.0958092232932741
1.0590288896099904
1.0729566393054923
1.1379645920477417
1.1688965168411756
1.1773408267372352
1.179934231087898
1.1776887323443426
1.1724946728551038
1.1668148966469707
1.1628484852289114
1.1617928730059424
1.1639924504666894
1.1694753177783144
1.1781761030438045
1.1898655092158614
1.204006587962983
1.2196691958847212
1.2355572722992019
1.250149772641888
1.2619154946935063
1.2695446143050657
1.2721494462911256
1.26991912762549
1.264452973882727
1.2565366325082856
1.2470462332939756
1.2358233266926093
1.223600754307759
1.2105758634174506
1.1993467939026845
1.1955778496065999
1.2016117923590741
1.2120550897179736
1.2223956318331592
1.2315256373100616
1.239672970872921
1.2475156465408932
1.255843632927511
1.2653595284131662
1.2764892849756082
1.289157830309414
1.3025441932400348
1.3148984668654748
1.3235618095387063
1.3253418246984663
1.31731499672291
1.2979465343529493
1.238513200046552
1.1623577265113667
1.1132036790916944
1.0826531747619645
1.0348027944522211
1.1401949288552344
1.0902425676488854
1.0650781561989227
1.091949090694507
1.155900058371218
1.1917255631606156
1.2039804480353362
1.2105563149447645
1.2121142216409235
1.2103804088011412
1.207689823898923
1.2057937475366025
1.20540069263585
1.2068495734729292
1.2105326708459858
1.216822995459459
1.225857323823399
1.2373496714273702
1.2505030765876826
1.2640491720250528
1.2764115952257398
1.285957955469128
1.2912860624523406
1.2914866821227673
1.2870787496768024
1.2797873170825795
1.270349968415574
1.2597293260374582
1.2477652412938776
1.2353187120366678
1.2226924835684532
1.212194855803971
1.207116901585156
1.2075301454988094
1.2114856484034129
1.2171989262182257
1.224073996632603
1.2322517312828607
1.2421244510230276
1.2540762195470971
1.2683347485364707
1.2848357472943495
1.3030473042674175
1.3217551251344153
1.338875080233231
1.3514239706858113
1.3558065206519234
1.3485160949293329
1.327169554709991
1.2527936333667378
1.1260333487858594
1.1220051023234192
1.1228527862424025
1.0395428364719332
1.1228383209506725
1.0796539343682765
1.0664521594466625
1.102318512171216
1.1708383248152703
1.2137570422347932
1.2309849149799674
1.2426454270183727
1.2488406030197166
1.2509465963062727
1.2510526139317248
1.250289939302092
1.2490952376614228
1.248173215939693
1.2484472399970907
1.250746359544598
1.255542691113427
1.2627756891598445
1.2717887149519194
1.2813948386922573
1.290065119803179
1.296206520801686
1.298476043328836
1.2960655678756108
1.289808704034969
1.2813686626126417
1.2713298341425925
1.2606113495712836
1.2490119456865099
1.2373336633837113
1.2257093408765807
1.215653557148311
1.2090571514140278
1.205680214228074
1.2050441998495125
1.2069537594921087
1.211579212718759
1.2192730731605879
1.230385366627732
1.2451340198991934
1.2634946020220996
1.2850728974483898
1.3089416216401224
1.3334488746945279
1.3560530084802067
1.3733008866382184
1.3811067742972227
1.3754471409524884
1.3534166302612345
1.2702112045279639
1.095204334038316
1.1473162406019295
1.1586582622149
1.0452578458197288
1.1041990144743683
1.0661846488719178
1.0635131543325287
1.1062029652520686
1.1822847973761657
1.2349192588274365
1.2587391844861142
1.2771804658503054
1.2894479198508624
1.295976510507686
1.2982329260840904
1.2969079769092893
1.2928870153616587
1.2876171925182298
1.2826143067145315
1.2791331035330162
1.2779433114900545
1.279195401247038
1.2823958205310633
1.286502736754659
1.2901327884360685
1.2918472105236032
1.290464763265529
1.2853325706829988
1.2775195067460685
1.2684317710612814
1.2583840462465687
1.248123640116383
1.2373228591639365
1.2265580395903115
1.2156205676104501
1.2053296092157897
1.197179740018726
1.1913473842920843
1.1881869128149705
1.1881920696230417
1.191867400861384
1.1996563344722326
1.2119239642488402
1.2289069730824673
1.2505789390750268
1.276458258192977
1.3054065464077649
1.3354433609258292
1.3636143955245983
1.3860078929360968
1.3980667344188247
1.395318385612294
1.3744864474175373
1.2885961577153968
1.1258890340137035
1.1750350112435528
1.1882795897107001
1.0533714391811762
1.085398569133037
1.0517869108453295
1.0584705085912696
1.1067344115661213
1.1914396269786143
1.2553880319002102
1.2870685317992088
1.3139110110145558
1.3341244732961495
1.3461958719289622
1.349339665181342
1.3452913306895558
1.3363602757463766
1.3248040579503761
1.3126869390020712
1.3016572891352318
1.2927742100946529
1.2864201385820797
1.2823159675771474
1.2796405936881183
1.277241798006537
1.2739085714182181
1.268655652356707
1.2609539565889385
1.2519461196537778
1.2425945621335694
1.2328389966822393
1.2231496890614635
1.2129811863405309
1.202600140721099
1.1914404492124901
1.180000286080732
1.1701366864193032
1.1627072496044197
1.1586419531519474
1.1586766056399742
1.1632305506663572
1.1724896326490764
1.1866010685304416
1.2057725060331197
1.2301186240508921
1.2593251975739879
1.2923185886183615
1.3270344290170322
1.3603009510635649
1.3878929509517357
1.4048823820667231
1.4064058496130019
1.3888271897264888
1.3056805166546384
1.1522569497404271
1.1981523951138664
1.2104558016895675
1.06510885563018
1.065876015984211
1.03760251431373
1.053559348838394
1.106931214214379
1.2003588344856875
1.275995192822826
1.3159606215680197
1.3519020824972678
1.3813011445960839
1.4008296372950682
1.4028102734333165
1.3942404666253985
1.3788144556750246
1.3594137007168696
1.3386230360695885
1.31850340688224
1.3004466628873101
1.2851309236664705
1.2725696794420163
1.2622431982092628
1.253296019131513
1.2447743290042812
1.2358609180571356
1.2260496977574553
1.216329946463125
1.2070552527321439
1.197712365638477
1.1884261700938186
1.1783751275578265
1.1675356374455008
1.1550930572877571
1.1416411511356475
1.129870904192599
1.1213478026421781
1.1174140242599522
1.1188495923401771
1.1257858184885723
1.137899778189137
1.1548217434811452
1.1764980534572005
1.2031515811076576
1.2348041172596422
1.270719907679128
1.309042444849992
1.3466483445745392
1.379216047357136
1.4015965763096807
1.4085967115076434
1.3961654075559364
1.3202205023924447
1.173073051114434
1.213974115571249
1.2245800397665707
1.081091301288554
1.0444312104580622
1.0238641656003717
1.0500405275899576
1.108858732615915
1.2110668833877218
1.2980720112885669
1.3460174874252113
1.3906835354914153
1.4288983500336159
1.4576638735285463
1.4562867956362726
1.4425126150593668
1.4197340455686516
1.3914587536561631
1.3608545927817375
1.3304725117594494
1.3021242862740892
1.2768752697326957
1.255117690077051
1.2367010329663533
1.2211021390522723
1.2076140544007692
1.1955202523363808
1.1842076244319442
1.174277859746278
1.165353206635556
1.1564266810255737
1.1472592209005783
1.136757696249385
1.1247214940097126
1.110266630750951
1.0943973756903769
1.0807978038301025
1.0716150636906696
1.0684559218718093
1.0720577755295924
1.0822214135914745
1.098041846560214
1.1184620751728955
1.1429426026732172
1.17168523106807
1.2050997610076644
1.2429747076753852
1.2839024197293327
1.325053213325365
1.362229332887857
1.3902291027872289
1.4036134722512055
1.3978772359448868
1.332774634971685
1.1892356945062774
1.2225264713195212
1.2307545329921663
1.1010414268977058
1.0205153229410546
1.0103220183030983
1.048031682336811
1.113306093776814
1.2249392399599586
1.3229423706852057
1.3782212607352538
1.4306173532431434
1.4762519071265838
1.5098736198048586
1.5083770096318478
1.4895080517092487
1.4591121022652809
1.4214548877350008
1.3803782405011902
1.3390211637408662
1.2997163119596338
1.2640073267473844
1.2327327545567968
1.2061451732363182
1.1840484873196664
1.1659369976956544
1.151110617856092
1.1387310712971657
1.1288546920093976
1.1203290796869627
1.1116641590511602
1.102308025250701
1.0909746984375626
1.0774508943171637
1.0609578151320884
1.0430384571617712
1.0282275143529689
1.019043826145607
1.017224107862395
1.0234309250951603
1.0371745096516725
1.057012898248424
1.0811751690773024
1.1085217710345505
1.1391220913082765
1.173759889252014
1.2128328297041464
1.2555238947931353
1.299465454745499
1.340759964430652
1.3743173301016995
1.394575275107011
1.3966145072253997
1.3454181393470712
1.2036486693671706
1.2257075678980554
1.2297425245036988
1.1236737470084033
0.9952455832274082
0.9969706812989437
1.0469803285431074
1.119992437424122
1.2424620614894994
1.3514465121632078
1.4133778138250432
1.4722996632144425
1.5237189049751474
1.5614881069573048
1.558808444962092
1.535168727655899
1.4973362469526579
1.450302495664986
1.3986273783344805
1.3461163566156744
1.2957068997828967
1.249485734405306
1.2087668280197559
1.1741935647699915
1.1458475718885182
1.1233489726975832
1.1059268864932512
1.0924363258428897
1.082377579349897
1.0739000324146704
1.0651103392617716
1.055275026333602
1.0430426653907627
1.0283281534089028
1.0105550200523896
0.9917348456188214
0.976890096792923
0.9686876961776023
0.9688924093547573
0.9780982197840946
0.9956036821840708
1.0195278338431766
1.0474369560118757
1.0775625866081326
1.1097787724867305
1.1452115536128449
1.1848805716490556
1.2286068268983645
1.2745652859565364
1.3192751138010321
1.3579068291613674
1.384939886736032
1.3951888561214485
1.360293951636578
1.220208382684663
1.22628857737583
1.2228151492310304
1.146806032110194
0.9715994050370436
0.9847040433428794
1.0464688932430215
1.1281535386931572
1.2633484123353194
1.3837252413620327
1.4517029499230705
1.5158614794369991
1.5712271169818284
1.6128911909010326
1.6071239288116537
1.5793767760612116
1.534787448370708
1.4789589784898922
1.417166862205665
1.3539264135699942
1.2928295190843235
1.2365318277380213
1.1868089133315995
1.1446410419341175
1.1103053651699306
1.08345659270592
1.0631766565679621
1.047983988538589
1.036981277866423
1.0278202145365212
1.018340792979624
1.0077962269022642
0.9948798150877979
0.9796924750100027
0.9618656809766275
0.9436897892705809
0.9302340330982519
0.9241239108359636
0.9270906915025321
0.9396957638693184
0.9611281331096262
0.9891942562825631
1.020884567233491
1.053799317491727
1.087553617493191
1.1235526985598674
1.1633931606869448
1.2075082287759913
1.2546232226521294
1.3017347196763651
1.344400827008992
1.3773353360565657
1.395324767343052
1.377747738596274
1.2423407995240563
1.2268619347303482
1.2115434268293623
1.1677016131908016
0.9534218747821673
0.9755283444136404
1.0469803053785975
1.1372684930230275
1.2868892397081244
1.4193139616843977
1.4927675841072727
1.5607136856030621
1.6175599199708803
1.654706183859801
1.65191398229245
1.6215654631803256
1.5715415938098842
1.5081519553770582
1.437387251528288
1.364484765696635
1.2937010988050484
1.2282469638733569
1.1703112191100191
1.1211329768385978
1.081093341964212
1.0497998489581764
1.0261454257415956
1.0083518529859228
0.9954118765174081
0.9847402463757668
0.9740390428652781
0.962664385470385
0.9493913638381077
0.9344856437439001
0.9177452500226932
0.9015447008664835
0.8906289820847988
0.8874441219988696
0.8936537279376304
0.9098355905111886
0.9351889386349082
0.9673767597508338
1.0029618879475044
1.038932159890485
1.0745157845767401
1.1112285443100618
1.1511094510776767
1.1951122283195212
1.2424679553448064
1.290669561613437
1.335763656693115
1.3728901144623877
1.3970796207663791
1.3955122906930453
1.2881463403320799
1.2291246496039847
1.1976065567644694
1.1836108977040252
0.9435230212747839
0.9721660894681818
1.050293219873983
1.1476692926951162
1.3123513738888162
1.4574753312210125
1.5358282272582824
1.605939326750921
1.6613442680478738
1.6933232996140082
1.6921813135116077
1.6611181715773122
1.607501650833817
1.5383597263078683
1.4603748280962332
1.3794768538183673
1.3005519917077066
1.2273137105794434
1.162291294601457
1.1068980165266653
1.0615406182575526
1.025732482119625
0.998193915854442
0.9769677969294612
0.9612657742504307
0.9484879926050369
0.9362572819413879
0.9240507189183742
0.9106927846590837
0.8965534405765871
0.8815432325927771
0.8679812127797353
0.8600711894963023
0.8599949670497891
0.8693244325039283
0.8886931390995791
0.91743258827671
0.9532873616577942
0.9926686960901625
1.0320813834608178
1.070184894902352
1.1082517369769889
1.1484675913163611
1.1921302826454527
1.2388946763504884
1.286747940581537
1.332305854086414
1.371302501692787
1.3992620406238108
1.4099728955206468
1.3255731661470893
1.233726256452233
1.182648852203405
1.1924059068632833
0.9423601428577023
0.9772322993987367
1.05933917905046
1.160874001375479
1.3392263922084455
1.4976723989607066
1.5804891967238914
1.6514071859757868
1.7038667234454385
1.73159204198072
1.7297408472048996
1.6985058191981868
1.6429667450367609
1.5700892161345732
1.4870071335670902
1.4002132048560276
1.3151213704507905
1.235850834473618
1.1651747876306602
1.1045937894964228
1.0544823501539105
1.0142566315744048
0.9825432918760876
0.9573822174650243
0.9384856741622418
0.9233666061743497
0.9095567960291102
0.8966033458900619
0.883318363675635
0.870106363864433
0.8569267825812996
0.8459478488354346
0.8407603431312151
0.8432429469392626
0.8548542044678398
0.8762968745566695
0.9071265091826342
0.945405302502297
0.9877868513833534
1.030636465096149
1.0719734475791052
1.112345334488558
1.153581400031513
1.1970182846418584
1.2426081513381255
1.2888228952736716
1.3329184580667677
1.3713579310626478
1.400350936410942
1.4183450204895311
1.352215803317108
1.2405547804202828
1.168151583196755
1.1931172898410765
0.948718779100617
0.9924739247069029
1.0775649489309391
1.1796913163000022
1.3672040076116565
1.5402078499063683
1.627435681512034
1.6985474916086587
1.7481210151166802
1.7721086044371972
1.767943967612425
1.7357331083132665
1.6790802249996128
1.60417994502622
1.5181345088057288
1.4277183095753634
1.3386823777700578
1.2554012614527654
1.1807641619455187
1.1162584890308704
1.0621762407216238
1.0178653964082212
0.9819840706987338
0.9527693156607631
0.930628675349939
0.9132313586390933
0.8979756895617207
0.8844080649957983
0.871269137549665
0.8589323460525188
0.8473328727479873
0.8384095498815312
0.8351551177855778
0.839139396753658
0.8516931624025205
0.8735803918051809
0.9046192433441066
0.9433470909748528
0.9870090569153902
1.032297682489341
1.0768158591092698
1.1200849116644607
1.1630078934919659
1.206514984238195
1.250645217494025
1.294314728370734
1.3354662734441909
1.3713742957478492
1.399040664191946
1.4195468103386122
1.3673767749431334
1.2490920308595537
1.1552520196719425
1.1861522964239017
0.961427367857543
1.0185378835056758
1.108011096006798
1.2082506424165114
1.3958756630635696
1.5870161016222541
1.678144969929972
1.7489171292826005
1.7957285909584562
1.8161257604145153
1.8089403841048086
1.7749421297906651
1.7173613487632016
1.6416739319812796
1.5545708384429822
1.4627593375789387
1.3720752951731463
1.2869584484250944
1.2102536723434998
1.1433044760315711
1.086253745167893
1.0384209041370336
0.9986464067838521
0.965565758091621
0.9403979190378302
0.9209666874909257
0.904496931305054
0.8904715247536737
0.8775149754506072
0.8659121859139607
0.8554975660726898
0.8479063018567967
0.8455859920989384
0.8498169410505668
0.8618067473879605
0.8823727520440087
0.9115918451631876
0.9485136796044549
0.9911199938741962
1.0367555833741955
1.0830202257334518
1.128559721453373
1.1730776493406336
1.2166728047087874
1.2591713474099742
1.299804734126465
1.3371677985278352
1.3693339253589232
1.394092453306896
1.4134530609344962
1.3711098586182662
1.2585596258479066
1.1444541965383477
1.173054902125238
0.9802954397319551
1.0552664778060863
1.152455498966192
1.2514750150487313
1.4243096206933115
1.6406269504401159
1.7330334517966637
1.802316747213892
1.8460713443321464
1.8628736605097258
1.8525469404316204
1.8166026284677979
1.7584292899155862
1.6830827189898439
1.596702512211852
1.505649576278559
1.4156121469038272
1.3309160388687966
1.2541910318400789
1.1864692205285936
1.1276427312779693
1.0770399086258575
1.033852354166935
0.9973088797965064
0.969497798084072
0.9483778595048269
0.930975210292627
0.916660721432524
0.903911609851877
0.892873657144275
0.8832040527498657
0.8761621295445872
0.8737214930219958
0.876915970566163
0.8868619548487153
0.9044393254465869
0.9299622469032435
0.9629400282803878
1.0020388277107801
1.0453192765068517
1.090694740633227
1.1363821146653839
1.1811032493653786
1.224005664594358
1.264444785557123
1.3017435027905706
1.3349833344810687
1.362898063451199
1.3839490197457935
1.3998215457956442
1.36344962126444
1.26788759993308
1.1352019167507517
1.155864699355002
1.0108082263812763
1.1107623632318862
1.222047623911465
1.3243195773996652
1.5107361721849994
1.7107522162060027
1.7999293058665229
1.8652901699905342
1.9045273575525694
1.9169134755650266
1.9031697231343838
1.8656185821350515
1.8080078216643538
1.7350433751563958
1.6520770866364707
1.5647936568346041
1.4785086552849431
1.3972804583139238
1.323311250224672
1.257020346697754
1.197831203935192
1.145145704529139
1.0988139664006797
1.0589816217468884
1.0287463731855186
1.0061861702810595
0.9880853169894579
0.973640066341587
0.961127720682881
0.9504728136155172
0.94102490538246
0.9335173089140173
0.9294934539338137
0.9297903929417918
0.9354979653244743
0.947607846435163
0.9666815327807583
0.992647818391206
1.0247846976712982
1.0618516768437416
1.1022679937642839
1.144260144513102
1.186014572920294
1.2259001313575908
1.2626793428073706
1.295516132510803
1.3237364503998361
1.3465476151224038
1.3629610192769661
1.3733251563071158
1.340021070030892
1.2565191050885012
1.1235600658818736
1.1329678466908255
1.0835154915496306
1.2312879022604206
1.3771619058404172
1.492813601090101
1.670076608749601
1.8315839237448268
1.904750407840329
1.956555341915511
1.9842177297951882
1.9877334884483935
1.9690847764392299
1.9318801796064404
1.8806110385092094
1.8192479038276181
1.7507902234863633
1.6787086850486337
1.6072985678263545
1.5401905810882743
1.4786453188584314
1.4212456071383692
1.3661564943850735
1.3134668879817133
1.264880034597981
1.2223301402836273
1.1902247171101699
1.166744626596226
1.1483389131686892
1.133867579026804
1.121209650319173
1.1097838825211324
1.0981214595945927
1.085898583811989
1.0744894944645487
1.064785509489146
1.0581565291080426
1.0559391282068875
1.0590355911467504
1.067770180012034
1.0819837172807254
1.1011935015383278
1.1246343883726777
1.1511658277698575
1.1792224224764172
1.2069928467911615
1.232794661708578
1.2553759119612633
1.2739139990337198
1.287794357310485
1.296451658911442
1.297429225546206
1.2656108918798807
1.1975817739912515
1.0893543714642053
1.0902836714259176
1.1748737353581011
1.3931441888505032
1.598498265791734
1.722752180502866
1.8356177411523142
1.9239009437670327
1.963025259881487
1.9881511533418839
1.9968874478478271
1.9897625549030442
1.9693078992269204
1.9392499207391514
1.9038006323044
1.8668979927291756
1.8387647988359843
1.8041475300027823
1.7676039138432635
1.7336499458984775
1.705674503362661
1.6701618514069205
1.631203909894027
1.590352234777402
1.5501707571983183
1.513229040090443
1.4841059683918316
1.4616361129744524
1.4425392529059557
1.42557698173261
1.4080368934508645
1.388700709415017
1.3645214070370717
1.3341726026328071
1.3010827230874633
1.2673580139240084
1.235398871233857
1.2070036028815423
1.1829395117828194
1.1631725820295875
1.1474835200297884
1.1359136505182517
1.128714048765642
1.1259503546404999
1.1271366018011648
1.1311617880130638
1.136543932362807
1.1418427558772468
1.1459752439260964
1.148284609053826
1.1484301241167716
1.1426884565639805
1.1208748726436113
1.0805226492740916
1.0182112913421912
1.0326218217037586
1.1425796745137793
1.4407061941885964
1.7054474700952866
1.8138463920040364
1.8251985027598618
1.8348844356779024
1.8458445560883725
1.8561135499202055
1.861737608484777
1.8614266702479776
1.8565371449470194
1.849990082656996
1.844989837500732
1.8432424038433248
1.8436340914811307
1.8439704778700292
1.8432634359213227
1.8417055908277682
1.8395709318217497
1.8362002722043518
1.8297692738604838
1.8183617633978064
1.8013618896615569
1.779453349357954
1.7562875868627996
1.733100037926935
1.708246036958687
1.6814929707908866
1.6497703381562099
1.6121293072154148
1.5644068889979725
1.5063377128453748
1.4462304277060427
1.3879294346564632
1.3341280286882968
1.2851898642671757
1.2395991476149888
1.1958435480005762
1.1538712063289507
1.1150750647111198
1.0813766599071333
1.0542502604409358
1.0341151752060023
1.020197439773467
1.01082189940233
1.00402484679745
0.9982540332865778
0.9928056174796936
0.9877763276471305
0.9813049635039073
0.9805959186959676
0.9792735697320782
0.960501503205619
0.9960221124722687
0.9556426350253368
1.325888212102093
1.571350841943772
1.6444243279769908
1.5704198000797223
1.4991531580720339
1.4697500034934206
1.5170744277783585
1.552682447771268
1.5792569115763726
1.6006164279768214
1.6209544288229873
1.6441826017331316
1.6731261553896553
1.708564210028276
1.748923688291365
1.791121265142582
1.8317649232440765
1.8679245028664266
1.8973644276610935
1.9184007723655077
1.9296092083545922
1.9296282007545176
1.917196909513955
1.8945686674734286
1.865054942912067
1.8284998409654962
1.7862478179961399
1.7350922009803815
1.6752892801805679
1.602512017464509
1.5191379866031167
1.4389272823691885
1.3904880214456627
1.3396266182409606
1.2837893174253132
1.2223404423757658
1.1570939711455754
1.0918576372580089
1.0312552614173804
0.9794106257334553
0.9389847720729501
0.9107163508374122
0.8933517316258546
0.8838679286617166
0.8781575455427936
0.8724912576954557
0.8653370214224659
0.8579315416266629
0.8523525888520049
0.8772439516539384
0.9209047854787021
0.9426943584345441
1.0154115133493826
0.891676386978207
0.8823815779944444
0.9164073767874824
0.9493438829357413
0.9696203270528058
0.9859110440881809
1.0017241562906214
1.0267170114763415
1.0653195522953867
1.1224533111536377
1.202589366515701
1.3085272872938027
1.4401257585275624
1.5933715632174048
1.7604994116580317
1.9317984761846352
2.0985554903030157
2.2546220062263154
2.3943645147530543
2.50955414376826
2.5900884672323183
2.6282810596378217
2.6226616610530273
2.578737258209717
2.514971632858243
2.44632629492399
2.3754637331600312
2.306842266805692
2.2370641333352697
2.168333660340745
2.097105318522443
2.025427478389723
1.9602955163697264
1.8999097690976163
1.8427439407630153
1.7878548872992674
1.734607878733159
1.6819444581009386
1.6278843592749852
1.5702281113877925
1.5081141550556396
1.442795300164104
1.377091509693707
1.3142478421498838
1.2568879206772792
1.2063237479866773
1.1622576010700845
1.123049440688886
1.0870371459321417
1.0313700521297007
0.9996149832857824
1.0450245356840793
1.1670003393951252
1.3654929189064697
0.8271359824727109
0.7969672266935371
0.8347247280685359
0.8625080882936479
0.8690145183875903
0.8770662270248971
0.8865691647584035
0.9002997403062917
0.9207642505354786
0.9532714016834619
1.0038173786133517
1.0769146069524047
1.1743904132878593
1.2945206522446953
1.4314624158915297
1.5757069894880875
1.716921152463876
1.8501733299121434
1.97423801627807
2.0823972251333975
2.1657340778042924
2.218352724959657
2.239594254187898
2.2337332858449193
2.2112369498926703
2.1823886624470417
2.1504942589345264
2.1186451473009593
2.08604681427548
2.054548416290463
2.0236166639019753
1.9951328952260428
1.9707992235832654
1.9462747706588819
1.9163651051729518
1.876903474271007
1.8261147571166898
1.7648699887508053
1.6958461375175655
1.6221499926642007
1.5462173448383323
1.4696084795752027
1.3936275534794809
1.3199384611019054
1.2504803209182784
1.1868782582166375
1.130012492583436
1.0801343201481655
1.0373793815116628
0.9791009140457307
0.9474627810302505
0.9789516131114928
1.0694028003685907
1.2385861376507445
0.8342279940367885
0.7838257549229506
0.8163886891703445
0.8274673678486739
0.8015334101815975
0.7823621942399016
0.777219089467398
0.7772898390250811
0.7839954671033325
0.8000190523679948
0.82894949557053
0.87411219027101
0.9375635886430729
1.019430192819962
1.1174617032539311
1.2269097480526077
1.3409862996843367
1.45194160754441
1.5523801520856435
1.6363288630936212
1.700008339283443
1.7424362897341938
1.7655773122055751
1.773688654627532
1.7724924598107283
1.7677633291184252
1.7620314078192203
1.7567398575375963
1.7523479382235194
1.7497455752822388
1.7498974910271734
1.7541380621745026
1.7613817128995806
1.767767371214831
1.7670849081106994
1.7525978470854062
1.7196437547925925
1.6676164029612368
1.6002687977703938
1.5242476869420263
1.446716740162337
1.3731339384336643
1.3056454172732792
1.242476749338705
1.1808781061552855
1.1214713819491986
1.0671836334208584
1.0206978105294962
0.9835582131723589
0.9406354514437072
0.9280052025325923
0.9533409443939569
1.0028603104549472
1.1009073534997311
0.8873552716961791
0.8368896075471924
0.8641530303364384
0.8589469841235752
0.8056614200984952
0.7608914307345932
0.7399126747798423
0.7237535091884036
0.7142638871593948
0.7134491821215371
0.7232872371349726
0.7454016390383857
0.780746103281869
0.8293154675420803
0.8898638395104446
0.9596964500502247
1.0346973788098244
1.1097493248949497
1.1795462172693156
1.2395707536950762
1.2868924857780026
1.3205697760607833
1.3416945542710224
1.3531724095798823
1.358634559317514
1.3622223534717008
1.366239447223888
1.3715005220458458
1.37880485484319
1.3882547345278144
1.4007038245138044
1.4165676789997481
1.4347567966467836
1.4543708024612882
1.4714083236988176
1.479213861765063
1.4714446088051476
1.4451779868730608
1.4022854283560477
1.3485568207427971
1.2913362834980235
1.2370549049369668
1.1897008099941977
1.1504674142504105
1.0993881542227015
1.049401575347984
1.0054152638885434
0.9706422406136054
0.9464227984960145
0.9275853215606057
0.9362890310996727
0.9478132605497326
0.9476031706922265
0.9753719167549567
0.927600665995134
0.8932748995752777
0.922465228947284
0.9148235903654579
0.8568691199232253
0.8041168290306213
0.7765793968658353
0.7525064274935276
0.7339614461777598
0.722936914240166
0.7210919804059318
0.7295253401742237
0.7486460898872992
0.7780850337985031
0.8165943829912357
0.8619776252130565
0.9111763130872423
0.9606274262543938
1.0068650894262046
1.0471544554407588
1.0798751172093806
1.1045228031968195
1.1215077881432811
1.1321651736894403
1.138431910971824
1.143433453301629
1.1492611477534773
1.1565892679450493
1.1662913975473035
1.1783038888173307
1.1933752654132832
1.2116148639474387
1.2324598945047067
1.2566869611063893
1.2809303200466782
1.2984024502544993
1.3026820588863015
1.2905487277191232
1.2631115613724966
1.2251035820228187
1.182849152856299
1.1419921513187217
1.1058479937810337
1.0744180732973634
1.0436554145593626
1.0098945067542078
0.978195810036952
0.9544044245885386
0.940785813413843
0.9399469564236635
0.9621952266578391
0.95899652539131
0.92443198102334
0.9207811749931407
0.9475624149554077
0.9241189252082073
0.9556831833771181
0.9516962427433008
0.8990548119611952
0.8470076735169099
0.818115061933341
0.7914399455907283
0.7691458579363303
0.753311105325588
0.7456079553820834
0.7470709064532576
0.7580062770621915
0.7779686247017521
0.8057342727487751
0.8392959648901656
0.8759864854091223
0.9128251250254293
0.9470512509104821
0.9766493242192356
1.0006216618404322
1.0189053989600874
1.0320879016865736
1.041279487395291
1.0476514087205773
1.0533336167071332
1.0599914693551988
1.0681297380601538
1.0786678236237193
1.0915869676134666
1.107789556479992
1.1274679474540867
1.150074015250076
1.176259902956507
1.202154435509182
1.2212363053440842
1.2278286255613629
1.2192197263808577
1.1965399138504031
1.1641453151246757
1.1278455412551895
1.0928937509584928
1.0625351663470448
1.0373635223478834
1.0154039775915542
0.9936093302599665
0.9722166700167544
0.9558237521433036
0.9480609594862148
0.956140795248327
0.9846268467615771
0.972651923317845
0.920870425866762
0.9062130551375939
0.9673181372730513
0.9485859958098171
0.9808526985697154
0.9824141909864604
0.9390281643712286
0.8908554341277802
0.8623165060247016
0.8346454430265655
0.8100675923818854
0.7907701703914256
0.7785311695697424
0.7744635452935204
0.778927599736305
0.7915321602470414
0.8111448388872544
0.835923150520056
0.8634609530425909
0.8911304477661965
0.9165790696026187
0.9382001777365071
0.9553622866001442
0.9683105590255953
0.9778710114301727
0.9852302812232773
0.9912418868916676
0.9972137597352423
1.0043402283725555
1.012925593100272
1.0238922580652
1.0372896472571278
1.054221832608179
1.075069927097538
1.099009266088686
1.1259613906123116
1.1518052180188
1.170659962426228
1.1776422095361596
1.1705521887844976
1.1506122013943147
1.1219239040946132
1.0899125933787526
1.0595453449699057
1.0340273912284532
1.0142450761087887
0.9989187559874128
0.9855798526704577
0.9729401295994963
0.9632841752816884
0.9603508050730711
0.9749819615600772
1.007786921325986
0.9888874204692261
0.9245768289844513
0.9018664015643101
0.9935359469261932
0.9722191862788792
1.0022796880291174
1.010626460103481
0.9803040095475981
0.9389553527875386
0.9121727474152709
0.8846580559572247
0.8586715778258687
0.8365375422914445
0.8202207990420595
0.8110314486277215
0.8095141262194465
0.8154449108282602
0.8278537807834357
0.8450774036259542
0.8649244926255514
0.8850191653596686
0.90327627009484
0.9183411362651912
0.9298015477292259
0.938094081358486
0.9442088691992276
0.9494051015009329
0.9544380955760744
0.9600535532693416
0.9670477684565272
0.9755534713956374
0.9864427226219024
0.9998240014966306
1.0169652041341737
1.0384402519640175
1.063066758574639
1.0900136234778706
1.1151812525381817
1.133380847598777
1.140449440319904
1.1346308485267986
1.1171958076595394
1.0919699383849206
1.0639858057936182
1.0379151394053807
1.0168867774390147
1.0019501286839574
0.9921824899510443
0.9854539830532107
0.9800354643035245
0.976630971230574
0.9781891456931896
0.9982607379991032
1.034192627025995
1.0091427815645488
0.9355665333839056
0.9035709637892353
1.026034602022734
0.9961627460637729
1.0203627980239622
1.0355258311297533
1.0211372928448144
0.9893253705487045
0.9656474259162917
0.9394195318320889
0.912910203394291
0.888608784400351
0.868742275275082
0.85492468618854
0.8479982987725241
0.847999203252179
0.8541728437353955
0.8650424253403572
0.8785962207862876
0.8926379453952142
0.9052472299821875
0.91519762097864
0.9221620716212752
0.9266342466509391
0.9296490663436808
0.9324789156275125
0.9359460454346888
0.9405003501248963
0.9466503367585275
0.9544299681495668
0.9646234263789816
0.9773909563063243
0.9940858787442404
1.015437700758201
1.040028749385016
1.066513195795558
1.0909312633922428
1.1087070885835733
1.1162742215515866
1.1121913016144616
1.0976619608384424
1.0761482498254373
1.0522328386388586
1.030256171009524
1.0132404404887827
1.0023513052714963
0.9969326188527261
0.9951223138011834
0.9951088343384347
0.9967568457746784
1.0020709045267218
1.0260255458927117
1.0631438234544488
1.0325908560247525
0.9543102282267543
0.9104114525507564
1.0606360167806326
1.0207805534841914
1.0363765990426699
1.0572567492759395
1.0603727078039507
1.0403287630843545
1.0209381125448884
0.9970304174447415
0.9708629161667004
0.9451158791878242
0.9223384159091649
0.9045266756187181
0.8928941676445737
0.8877856682231067
0.8886798615794546
0.8942806076708889
0.902733679375679
0.9119836544382335
0.9202144611558271
0.9262429231056302
0.9297215382221433
0.9310873043594986
0.9313224437837897
0.9316701443133081
0.9331375206206113
0.9360724583859015
0.9407809788072068
0.9472680593035095
0.9562099237212978
0.9678211584978503
0.983469098244389
1.004004632209783
1.0279483697075065
1.0536909491643718
1.0774973238132508
1.0953421155088845
1.1041372189021021
1.1026086032038067
1.0917441844364442
1.0745174850845316
1.0549711849350716
1.0370591417546844
1.0236712910802108
1.0160860726803742
1.0139227228944554
1.0156154354854434
1.0194212238053715
1.02472949552568
1.0326958406251443
1.058222761501406
1.0933723571330323
1.0577248478730505
0.9792416403566834
0.9217238783331849
1.0922000579381537
1.0451074804426843
1.0521061830702236
1.077124243450527
1.0977992702295014
1.0909071442308167
1.0766274847666606
1.0558385446312801
1.0307791115489144
1.0043324322506941
0.9793953503195887
0.9583712759718689
0.9428518067494567
0.933474905776085
0.9299313140224953
0.9310976080925091
0.9352831389030946
0.9405786218561191
0.9452605517535586
0.9481515853627682
0.9488220434195587
0.9475782781531568
0.9452844851076879
0.9431235354996487
0.9423501647190837
0.9433279084943532
0.9462160069750677
0.9510388938383624
0.9583552974084225
0.9684358247236359
0.9826025793249363
1.0017736021529107
1.0245203623776502
1.0492084480350832
1.0724663674059283
1.0908113128305315
1.1015481625232608
1.1034431713906212
1.0971292868325984
1.0849619783495423
1.070336879655437
1.0567448660298873
1.0469035172854595
1.0422000681693904
1.0425515191025305
1.0467238723710404
1.0531080472366423
1.0607618181720584
1.0700709665801096
1.0941674026337709
1.1230525216793414
1.0828424862298582
1.007992290424129
0.9367791436880224
1.1170489698450319
1.0670466332862012
1.0690283235809983
1.0977764840465252
1.1345941971247786
1.1408109330557197
1.1318493512444594
1.114567999400743
1.0911745261853232
1.0647310106274164
1.038449968228463
1.0150873770453595
0.9965291391763618
0.9836220279961952
0.9762286487974964
0.9734152812456954
0.973704130342066
0.9753817842659552
0.9768481782199246
0.976937067636664
0.9751175387954673
0.9715293600012187
0.9668787951669693
0.9622612884617111
0.9591921479093715
0.95810277082429
0.9590367314239183
0.9620617003141778
0.9676166672720342
0.9760209827012337
0.9884995645582094
1.005934910270409
1.026932835419125
1.0500640272181032
1.0725518224726243
1.0915110365345664
1.1046025711239316
1.1105579152804117
1.1095649139916768
1.1032633204695563
1.0943003983596657
1.0856093306226176
1.0796621039155632
1.07791096038117
1.0805489106571309
1.0866575746383917
1.0947536930359534
1.1036040038064725
1.1128893983674022
1.132270005901355
1.1502582796098528
1.106840355917595
1.0389927931052292
0.9546751891027282
1.1338635666906745
1.0841948244734998
1.0870131823801654
1.1223537495338753
1.1732205706991168
1.1904982697465922
1.1862975247605347
1.1724146068786336
1.150964814912358
1.1251103664031281
1.0982765466088966
1.0734195611200332
1.05253832996388
1.0365635257640953
1.0255177401750621
1.0187266580478196
1.0150152034854913
1.0129399947381243
1.011074431037004
1.008291993790949
1.0039711491473229
0.9980799101082464
0.9911495846392175
0.9841676107118434
0.9788872213641746
0.9758063059186447
0.9748620569691229
0.976166027995035
0.9800387572210325
0.9868294403676555
0.9976185108378351
1.0131210751106574
1.0318649030577867
1.052780614214232
1.0739515093758663
1.0932036026305814
1.108574909927316
1.1187599712871696
1.1234930867514374
1.1236712891302223
1.1211321807839796
1.1181565447836805
1.116860454934166
1.1186539333761565
1.1239079169325041
1.131929206848385
1.141292977082816
1.1504771042666042
1.1585428531357453
1.170320389080841
1.1737041188420374
1.1296948665296318
1.071276034117045
0.9744580989366586
1.143422254625393
1.0948000356469594
1.1036766054096425
1.1504754077525576
1.2145598631533214
1.2400860436483119
1.2397502146984265
1.2289026867283963
1.2094924590134102
1.1846824310356483
1.1579590134979947
1.1322390793867239
1.109393650595004
1.0903515683145975
1.0753706708670179
1.0641623595665373
1.055956747047524
1.0496446824235899
1.0440114354796217
1.0379975437083462
1.0309137487084636
1.0225726239069077
1.013334700304025
1.0040691144037213
0.9967255185747902
0.9918277062406836
0.9891948651413498
0.9889633827642147
0.9913310653980874
0.9966447902831002
1.0057918710263913
1.0192253295480642
1.0353628127817673
1.0535155127890212
1.0727278542726213
1.0916467905555014
1.1087598879657663
1.1227992984293127
1.133133793993231
1.139990092633159
1.1444127163166367
1.1479706805995238
1.152299223941536
1.1586039322968698
1.1672629307222628
1.1776552407799896
1.188315189639397
1.1974341562819208
1.2035717479384662
1.2060768054099185
1.1932498194844705
1.1520328259325128
1.1037350233142567
0.9953212525026525
1.1476417456975128
1.098360045603465
1.1157679237462932
1.1765747300304013
1.2546258707637477
1.2877589039252166
1.2910744884937673
1.283299298295263
1.2662062050262732
1.242884109057938
1.2167227670082967
1.1903397639330784
1.165304982945479
1.1426173733639706
1.1229541226350819
1.1065582647132606
1.0931394259373186
1.0819467613772706
1.0719811493249825
1.0622564234263598
1.052033757223476
1.04099539808452
1.0293492805713407
1.0178440714573005
1.0085776860807745
1.0020376185535131
0.9978954712537359
0.9962797922111356
0.9972460013509603
1.0010977403411687
1.0084839407055792
1.0196081316013472
1.0329473725044214
1.0481513283559534
1.0650491083207092
1.0830724501974642
1.1012161807800993
1.1183668691781523
1.1336914840169598
1.146915419533672
1.1584041286015176
1.1690290482969432
1.1798522886587617
1.1917056128840786
1.2047759132196427
1.218339328134797
1.23078912686264
1.2400468540833463
1.2443039830678724
1.2377047919102593
1.209658868598958
1.1739555425801536
1.1346982578393823
1.0167182008744275
1.148438895470028
1.0956417458694419
1.1213250501138994
1.1954944559217022
1.287996195687017
1.3300130509136237
1.337761190308314
1.3338957591713205
1.3199366301438578
1.2987283257234308
1.2733396060125712
1.2459178362414463
1.217824583456387
1.1904178195479111
1.1650291911803556
1.142544696063718
1.1231761896313026
1.1065081640336438
1.0917227556968914
1.0778856665974164
1.0642105798639927
1.0502691756274654
1.0361355357397233
1.022434352167641
1.0113586987310907
1.0032940123009886
0.9977258542584009
0.9947388447971865
0.9942120983696584
0.9963737319798813
1.001615899069637
1.0100273819597598
1.020444614207399
1.0328403179155705
1.0475301232168184
1.0644977912003106
1.083183288364117
1.102700909879607
1.1221861093885455
1.1410781602890288
1.1592539781471372
1.17699089338461
1.1947669754257837
1.2129317988696906
1.2313244586045045
1.2489745478016514
1.264058483944985
1.2742523490229154
1.2774911102816193
1.2638506151902442
1.2236649396695225
1.1942204854147291
1.1620074724495681
1.03831768102095
1.1468704018081448
1.0882073098148801
1.1204735415623892
1.2055648322860866
1.3116972834352754
1.3637497131702971
1.3769399268622549
1.3781446581320218
1.3684418124462685
1.350087764742866
1.3254473744463662
1.2961592733679779
1.263770012519803
1.2303965463533517
1.1982278319311979
1.168852092626143
1.1429666165467205
1.120440673836486
1.100582417974794
1.0824696679708283
1.0652534549090384
1.048398951628297
1.0318511780777702
1.0160939126065651
1.003349088309288
0.9938447928994338
0.9868487628249605
0.9823747858405705
0.9800935961356144
0.9801530428125159
0.9827113802719789
0.987937447174302
0.9953150987646341
1.0051518217545656
1.0180218918238804
1.034175048228816
1.0533136650264663
1.0747420544485318
1.0976549875492863
1.1213836461809883
1.145521233263879
1.1699185125595182
1.1945563205530112
1.2193015618862415
1.2435862357618033
1.266122491561185
1.2848322628412279
1.297164294459531
1.300853402801248
1.2835558605462414
1.2351779817276833
1.2106101916696717
1.1834619320448914
1.0598417195939729
1.1428085208580139
1.0777425284112871
1.1148339326351249
1.2078189369823118
1.3255141408732412
1.3877014538509633
1.4068561969851028
1.4138637121331785
1.40915966688199
1.394064762265785
1.3698774976401913
1.3377823179554074
1.2999359042747964
1.2595429073908613
1.2197877277254225
1.1829862434744205
1.150291268945532
1.1218057033073785
1.0969124114978872
1.0746619545282494
1.0541192120370038
1.034629821232786
1.015993056555354
0.9985149886334074
0.9843579690699156
0.9735547496077432
0.9651461416407116
0.9590663558452311
0.9547681890254449
0.9523442923914694
0.9517717704008487
0.9534662467465552
0.9577346620643685
0.9652201963233498
0.9766402505394076
0.9923186993316819
1.0120375601383584
1.035182463540537
1.0609970773616832
1.0887886795410275
1.1180188775121696
1.1482875393252308
1.1792309994565677
1.210333671442412
1.2406653405461232
1.2686299020130307
1.2918946801441935
1.3076854979688657
1.313531204167653
1.2963977690645319
1.2434817838190935
1.2211035888334543
1.1973834777267691
1.0808789654597724
1.1351978676499297
1.0655233162990527
1.1065067993166484
1.2046212921861563
1.331182345273428
1.402603674430187
1.4275663373660898
1.4403601962055521
1.4406289004198574
1.4285497556460869
1.4042176361108627
1.3684797318345072
1.3243462290310717
1.2762740551312888
1.2285060327494184
1.1840831728949315
1.1445811792286131
1.110298383871609
1.0806604105402307
1.0546668363435294
1.0312771167408408
1.0096954914878236
0.9895424876542009
0.9708958063811319
0.9557506788131139
0.9439242354084566
0.9342515116058034
0.9265968222814324
0.9202186638413916
0.9151941850330816
0.9113806644002649
0.9095240544371569
0.9107789125645375
0.9160897959457339
0.926268015414585
0.9416357308823106
0.961960837748843
0.9866259415507467
1.0148757225393779
1.0460045307140164
1.079422608066503
1.1146165109421453
1.1510399823130362
1.1879427294871918
1.224140224385349
1.257790590819255
1.2863317941604904
1.3067614909362688
1.3163569858865227
1.3029030142454132
1.2482531553420446
1.2249388306102063
1.2030484782610242
1.1007471886863194
1.1227607635344012
1.0522383153941457
1.0973117917214001
1.1986232480765444
1.33149229472862
1.4106901381049348
1.4407707217477312
1.4586788873203327
1.4632035914202326
1.4533400291600567
1.428050823923338
1.3879947321899153
1.3371164301714806
1.2811385290586872
1.2253406557259907
1.1734482616914255
1.1274191869710204
1.0877195019366679
1.053804747043999
1.024618561929772
0.9990075224822779
0.9760155951524113
0.9550501006896475
0.9359126438578345
0.9203247642724114
0.9078838493286323
0.8972657729312545
0.8882861692409331
0.8800612096002457
0.8726889048820767
0.8659630537469158
0.8609559151759567
0.8595577116949178
0.862944011126048
0.8719893045817172
0.8870029975063095
0.9077265331627081
0.9335204461426246
0.9636120835309668
0.9972840440286836
1.0339382237365202
1.0730421381170567
1.1139986389454692
1.155961607165643
1.1976086696422918
1.2369301235070949
1.2711719743536511
1.2971026717345495
1.3117012349101564
1.304774039359269
1.2503895253184683
1.222964596708677
1.2008006140161387
1.1184393984736078
1.1048654330278236
1.038194679060103
1.0885084215601144
1.1921649213274736
1.3295132977731243
1.4149416870358602
1.4491594299963146
1.4710980335896293
1.478732365209017
1.469988261798986
1.4428935803220562
1.3980678557543764
1.3403741378929086
1.2767035435684813
1.2132713450450074
1.1544054261330499
1.102392172598272
1.0578412281436034
1.0202359993917818
0.9884717554215043
0.9612862660186026
0.9375548617217211
0.9164496753557522
0.8974679519957913
0.8819790649820743
0.8693729065150273
0.8582256122729793
0.8483293768960084
0.8387232695689109
0.8295507075603523
0.8205897053375737
0.8131782988556588
0.8097463301844672
0.8116100622436584
0.8196730902353839
0.8342359028602618
0.8550323236092463
0.8814213888228026
0.9126323549722543
0.9479607396160714
0.9868430955543537
1.0287983246539607
1.0732724370149405
1.1194252269281109
1.165887522614071
1.210551119288058
1.250516318921764
1.282346992029313
1.3027187595538754
1.3044109198934737
1.2518561908962067
1.217172766966279
1.1918143900417777
1.13266426634971
1.0821793031448665
1.0237634953394816
1.080929996644062
1.1870786937355893
1.3280496995399285
1.418369582396092
1.4556394969894468
1.4803152548761627
1.4896997052168752
1.4808974166573265
1.4512897086331227
1.4015852205524097
1.337459519350454
1.266780049428476
1.1965306343956028
1.1315280985481755
1.074325598492609
1.0256546393438732
0.9850298885506571
0.951311929506175
0.9231415138968463
0.8992284147662204
0.8785049839202964
0.8601608436773791
0.8451798420799348
0.8327736187097975
0.8214778334067164
0.8110867868788096
0.8006244600668301
0.7902941842027568
0.7798972044324146
0.770961338076936
0.7662429779448214
0.7671109625590333
0.7744605623282177
0.7885798126394499
0.8092075327252124
0.8357211479323486
0.8673776235486157
0.9035193800222918
0.9436618528509112
0.9874289195517767
1.0343684501594625
1.0837043198909269
1.1340749708670521
1.1833271727915324
1.228476302420191
1.2659554658508698
1.2922133695407059
1.3037380088524195
1.2545647683840933
1.209745143801093
1.1776619682404625
1.1419852946221183
1.0567948467182273
1.0098301732761787
1.075322849655074
1.184749719796388
1.3293560824712694
1.4235212690176668
1.4627379071086068
1.488746786633627
1.4984146930345983
1.4884085091967973
1.4558490555426615
1.401621957029907
1.3319826429114574
1.255479730538444
1.179647266588747
1.1096636113525107
1.0482912698164946
0.9963707462900494
0.9534582740288579
0.9183979678840615
0.8897502592030458
0.8660708965086604
0.8460616463962395
0.8286202587499312
0.8143557347454201
0.8023454872673874
0.791135064979121
0.780545819655775
0.7696333057737151
0.758670186468566
0.747508999369422
0.7378057483854458
0.7324714084542812
0.7328613577394825
0.7398330296975213
0.7536531253043983
0.774063547698488
0.8004605444672085
0.8321340968579296
0.8684873439181143
0.9091355376118969
0.9538286170926881
1.0022308823482482
1.0536382714369557
1.1067077103204441
1.159273546515136
1.2083437046636583
1.2503573184055954
1.2817198381053065
1.3030337550610953
1.2589970313816459
1.2021944219053418
1.1599254715341105
1.145056812759211
1.0317696298430357
0.9980324849254997
1.0726696995473326
1.1862577784398451
1.3350428091965003
1.4322667274125076
1.4723363147354527
1.4982171524442476
1.5066583401096585
1.4943994573090096
1.4587820891752488
1.400900987576865
1.327208320964433
1.2465354779400843
1.1667145497123859
1.093161996243058
1.0288089737623547
0.9746081749408335
0.9301780908493795
0.8943697623610151
0.8656830395473003
0.842535268026471
0.8234135502939833
0.8069483974539505
0.7934159274635713
0.7818134778038672
0.7707345306926399
0.7600509746242232
0.7488748881462097
0.7375537843881804
0.7260017857985214
0.7159633675999193
0.7104050113552358
0.7106372395937821
0.7174722785777735
0.7311571763985102
0.7514355493058047
0.7777127078302278
0.8092941757763653
0.845621804506958
0.8863845326171622
0.9314236178021332
0.9804722026227698
1.0328425467594442
1.0871659267137972
1.1412668479918655
1.1922357157249606
1.2367185353234051
1.2713696912196772
1.3007798412239122
1.2636632819118496
1.1950782326490594
1.1400209568295536
1.140929385279849
1.0103342004109468
0.9906849833185818
1.074349445309528
1.1924666799252348
1.3460519599710685
1.4457853887738357
1.485700510853231
1.5100604126707544
1.5158709923323708
1.5005130773300277
1.462052636647272
1.4017864083718856
1.3258926663316164
1.2430224655151518
1.161038790384173
1.0854849740195747
1.0194387627654935
0.9639834207818102
0.9188291062847367
0.8828601130019009
0.854535073571295
0.8321476114884931
0.8139863926683417
0.79844111757886
0.7855156806567549
0.7741881686618663
0.7631270069486484
0.7522749275826549
0.7408026826887816
0.7291303233550048
0.7172171475688011
0.7068646323641603
0.7010670175839735
0.7010934706912972
0.7077340928629912
0.7212457738780519
0.741398682440639
0.767617405640377
0.7992084102250148
0.835605589238703
0.8764925032590559
0.9216950180300074
0.9708873544243818
1.0232630090908472
1.077317733070723
1.1308370051567178
1.1811048856031126
1.2252468087672748
1.2605482774428476
1.2949021266350964
1.2660609925238329
1.1883196255917068
1.119212225555788
1.1293485355628097
0.9951785327395286
0.9904387163338164
1.0820979892039035
1.2040136869989426
1.3625974243175367
1.4645875941330473
1.5035908427724505
1.525351127518957
1.5275086963231557
1.5085753526062724
1.4677332478594585
1.4064896837020489
1.3303478482164337
1.247331996303135
1.1650706757867386
1.0891286529986102
1.0227142862314904
0.9670630374649053
0.9220055754218842
0.8864816432144327
0.858921671396283
0.8375040121995563
0.8203317155392419
0.8055812817567429
0.7930591132314229
0.7817916993849472
0.7705423125571511
0.759339159940488
0.7473936064684994
0.7351821150050271
0.7226605340120337
0.7116423017888812
0.7051664619266192
0.704486213269588
0.7104167276773795
0.7232839758999938
0.7429496731517164
0.7689181489242446
0.8005300522261785
0.8371869324074929
0.8784667684645905
0.9240098094441618
0.9732123003232847
1.0249139582818678
1.0772853819823054
1.1280254338989775
1.1747880686149772
1.2155529234450166
1.2486619388042297
1.2842883131188039
1.2642631021368411
1.181685167392696
1.098642010645179
1.1109259397385085
0.988118428828528
0.9998222439657395
1.0978284917284122
1.2212459951601666
1.3840334135403616
1.4884306492027617
1.5262046713449307
1.5448560563589226
1.5429715672505637
1.5204895808095638
1.4779027839005996
1.4169908308728356
1.342385529655015
1.2611448850427596
1.1804187981258458
1.105682246878207
1.0402454542707165
0.9855040276862279
0.941424700841587
0.9070114415934316
0.8806661960484778
0.8604499567849655
0.8442899061435266
0.8301850777589568
0.8178378542101499
0.8063996851935716
0.7947442430344136
0.7829896329838323
0.7703529783900561
0.7573320648400036
0.7437998278619902
0.7315086575511712
0.7235749757754536
0.7212679457151298
0.7254822122357614
0.7366817341588406
0.7549044510964105
0.779836181997406
0.8109548326805519
0.8476920056956809
0.8894900467680836
0.935649157758512
0.9850088823183362
1.0356943519377477
1.085234600982699
1.1311833222420946
1.1718829359274339
1.206670748057211
1.2352968639212585
1.2691017413937287
1.2575254225191421
1.174896344774238
1.0792148977495997
1.0870732522811326
0.9901496934249457
1.0208106753484254
1.1233983413864987
1.2442287956096192
1.4087111111493902
1.5161442755538528
1.5529043996765954
1.5685925717899238
1.5629534445495794
1.5374509556238716
1.4939165910801235
1.4345028868434309
1.3629835928605283
1.285260055279696
1.2078008743395174
1.135870804132896
1.072827985516723
1.0202101016701834
0.9781126113758258
0.9455917595275802
0.9210021343137015
0.90227330550559
0.8871693928427616
0.8735708922201998
0.8611979670710238
0.8494102188272455
0.8371996233232407
0.8247598583326112
0.8112639569763399
0.7971740481443321
0.7821766854479774
0.7678623437538434
0.7574616341408958
0.7522956213217559
0.7533910361709637
0.7614068093966889
0.7766207193669221
0.7989836164785392
0.8282258164206387
0.8639477224540197
0.9055779034920753
0.9521082765664284
1.0016638259740283
1.0512327066833
1.0971707711856493
1.1367641618867328
1.1695687267861659
1.1968416633310306
1.2198143570251347
1.2499410033447635
1.245684775607536
1.1672472522201496
1.0613214404524045
1.059686588314616
1.0016379204568617
1.054496594646164
1.1603646005676496
1.272999782074686
1.4339546971992447
1.5455782001473233
1.5819943487017174
1.5953709799348983
1.5867599615576355
1.5591330862066446
1.5156097164038806
1.4588322689168056
1.3918541965415678
1.3193427266067272
1.246924490192375
1.1795271978756714
1.1204757401164873
1.071402208535338
1.032497127673892
1.0028331095902951
0.9806778619247392
0.9638067765862656
0.9498510036244694
0.9366771658231621
0.9241761239213814
0.9119885615818554
0.8992127134060268
0.8860742570130646
0.8716389500402629
0.8562565272722773
0.8393087642078951
0.8221080568269684
0.8080526320151639
0.7985670723262035
0.7948685701431822
0.7978561686836793
0.8080743461808314
0.8257580644477479
0.8509251995759418
0.8834288503905192
0.9228473538290015
0.9681114228745664
1.01686938374563
1.0649063367867815
1.1068285176306134
1.1393506273508358
1.1637852744183743
1.1835740491022027
1.2010563258471052
1.226992720423636
1.2283913857958113
1.1571193769136687
1.0445931449268937
1.0307148364120846
1.0266342916617919
1.1097197243361847
1.2191212706282464
1.3148343881311324
1.4594708932284979
1.5784531531795705
1.6155436443314415
1.6272628662137867
1.6164183229019258
1.5876507229126904
1.545481293602229
1.4932989522360476
1.4335810140049075
1.369498066258511
1.3054962006958026
1.2459373020585345
1.1939733667716872
1.1512507554366624
1.1179947011429805
1.0932191804646816
1.075014592168585
1.0609496596752148
1.0485952921335497
1.0360251609873021
1.0235226506836874
1.0110791858958499
0.9978563952001449
0.9840237305650216
0.9684350287758364
0.9512026648325067
0.9311966374436904
0.9092677485068064
0.8891414021782466
0.8724683347457857
0.8607851952699257
0.8553308258346427
0.8569707470531064
0.8662343255354384
0.8834065030713965
0.9085672813801913
0.9414611495822865
0.9811057224810089
1.0250884033544794
1.0686806463678924
1.105152663884571
1.1304185820241008
1.147198206884216
1.1605110493514081
1.1732255498732254
1.1949566904716524
1.20053244960735
1.1390833712393365
1.0251726125503422
0.9971274206533528
1.0917241961758444
1.2355490425823805
1.356213225969917
1.4171714702956961
1.477905904434436
1.625051021796161
1.6623434372611332
1.671849871364228
1.6593546886644994
1.631563700948542
1.5947077722914036
1.5537251048212195
1.5114735897691647
1.4686178865816994
1.4266070568839824
1.3882543663243427
1.356020202941429
1.3312608466347444
1.3139782427965343
1.3027966063493508
1.2952620876245713
1.2886398298563249
1.2809532654433577
1.271304805419971
1.2605661284679597
1.2490135459449283
1.2357483272554197
1.220671101365694
1.2021173201352184
1.1796242034050926
1.1508228674780536
1.115629937134046
1.0790714992018784
1.0435908822963562
1.0115673885843948
0.9849704476602025
0.9652262188770396
0.9532656226327172
0.9496330665204484
0.95451995616089
0.9676369629736008
0.9879122411078382
1.0130780587777035
1.039387883570148
1.0622582478791054
1.0788005910394465
1.0900372694492524
1.0991153217014784
1.1082994993644943
1.1257555905213994
1.1339843148552537
1.0884991201352634
0.9887870726655501
0.9457943244520814
1.1728167332675177
1.4030461255048827
1.5602182531075608
1.5983879142021795
1.622456724677003
1.6746956535039828
1.6910778644976079
1.6909496374539983
1.6774693936529788
1.656351408848839
1.6333600814611666
1.6132675603426216
1.5993189795491383
1.5921638588209566
1.5903643626593889
1.5934067046111384
1.6017143560487173
1.6153427221512022
1.6332015142328777
1.6528177414146374
1.6708565314176105
1.6845050130535424
1.6924388841395217
1.6940218096767539
1.689141759358071
1.678750876974667
1.662460237484267
1.6403292255337056
1.6098970574832605
1.5702612206395634
1.5170547535597325
1.4498197491299567
1.377877560880571
1.3053644789682632
1.2358592463116642
1.1720533220787503
1.1158100850514923
1.0683795545547652
1.030539125017452
1.0025749327147246
0.9841586154269008
0.974233634279709
0.971028371608827
0.9723055755503597
0.9759045185183426
0.9804111864041644
0.9854827875758884
0.9914832918760292
0.9987392442631681
1.0140002134448456
1.026764715123241
1.0058585861566416
0.9451348703719729
0.9049206849449328
1.162476385998545
1.4508543998246437
1.6511414393978012
1.679828819801155
1.6391269701740594
1.629474281348401
1.6265739667525432
1.6203856271032175
1.611740392909988
1.6041775735322628
1.6018609687914793
1.6083147052004543
1.6257012599208738
1.654357870943847
1.6931537664138898
1.7406115505988697
1.795348558955389
1.8556443574556183
1.9188602445581842
1.9811473641190875
2.0376865346187576
2.0835018517973842
2.114424447891609
2.127480161675646
2.122206787834884
2.1030122703816923
2.0713656164436003
2.029063334971763
1.9730500850840795
1.9034832737949978
1.8149235335370475
1.7089631342974136
1.600686682671301
1.494570170950709
1.3934248482861773
1.2989743496829982
1.212636297578424
1.135873258264803
1.0700027748081
1.0157786714693926
0.9730962750027177
0.9409895914779017
0.9179050912199967
0.9021284039401177
0.8921829784014481
0.8870248853583775
0.8859728029572499
0.8884839904458999
0.8939584771759286
0.909210061841172
0.934021795978562
0.9471158973932987
0.9341848064042761
0.9132974978882561
1.0782707026382556
1.321445118586029
1.4986473209956803
1.5254445527055085
1.4616203266792098
1.4268450071101706
1.4194298179991927
1.4175353847417567
1.4202214184890236
1.4291461000652552
1.4470829030433114
1.4768403250697273
1.5207466991235654
1.5800419060199185
1.6544299608781483
1.742404742759553
1.8415540871654497
1.9484256914983753
2.0583022119938246
2.1651149605399933
2.2616058094766274
2.3398349680575476
2.3920707968407915
2.4119474001723193
2.398929178972744
2.3622825288869933
2.30625467813462
2.2358762750307983
2.148348278190796
2.046765667215318
1.9270261348130913
1.7958193433921092
1.6724086598510761
1.5572517270192643
1.4477126432134173
1.3421886646637486
1.2416469087708972
1.1488156370560259
1.0666944806307692
0.997358356674457
0.9414145042423069
0.8980926086350387
0.865752888720356
0.8425312260961381
0.8268342668548614
0.8174872888619483
0.8135712312778035
0.8142117787916939
0.8185711145904201
0.8344586760185583
0.8745636264250131
0.9253150883113435
0.9616541840536152
0.9869184695951693
0.9890829808928231
0.9127070951722795
0.9479010358556418
0.9721507630316883
0.9714603820113449
0.9782391640890832
0.9948105406414938
1.0264284886073278
1.078203563845967
1.155493821550725
1.2634199711109901
1.4058626017526141
1.5839144811660206
1.7941194299924896
2.0273909954269147
2.269798622129044
2.5055419281816054
2.720080454263687
2.900220895140621
3.032332482522718
3.1039896226782675
3.109179094488085
3.0520326704395577
2.9460852520739307
2.82438389780644
2.7068076391527494
2.593750034969226
2.4903140569324793
2.3904794970217833
2.297201776772654
2.2058137497837533
2.1191794313901338
2.0446871821167307
1.9783194880746955
1.9163926252969758
1.8559057869579658
1.7946765101768427
1.7312611886194063
1.6647138912586783
1.5944052459890292
1.5201860694577234
1.4428773721198664
1.364578531628075
1.2883412806233803
1.2173615066476646
1.154167028762965
1.100140474986485
1.055503395506997
1.0197806239969014
0.9768752323330583
0.9795109316863346
1.0811057117727187
1.293734866551682
1.6309301313401092
0.8702467516478526
0.8024165949696781
0.8339091187931913
0.8442388674632026
0.8240017882990608
0.8177403447061139
0.8260472787729072
0.8467040940079317
0.8830038067574146
0.9388303707951643
1.0187408031858092
1.1273622562673085
1.2680531205199737
1.4409968190352407
1.6411636523394493
1.8569400917123642
2.070465236425706
2.26500668695148
2.433199902781565
2.5638840073363074
2.6453741316379964
2.672738512721444
2.649857517647912
2.587526734856343
2.509043761080667
2.4295610016061664
2.3503231270773717
2.2757388567126
2.2030686196844864
2.13763288469954
2.0805616147742874
2.036297667374384
2.005418224329528
1.9789335631601603
1.947840190669907
1.9050299992730566
1.8469558293600827
1.7742656745831509
1.6910212236196427
1.6028182813475593
1.5145176345613427
1.4284073409232532
1.3443482457513172
1.2625091677276903
1.1850342465993786
1.114946609098886
1.054638987242835
1.0052554935593236
0.9668722420385322
0.92384752115234
0.9245595606143794
1.000839755128095
1.1524436505411435
1.407542457717873
0.8322462707659046
0.7660885034919785
0.7913602710236807
0.7883662786704886
0.7472116526745403
0.7239124684229787
0.7219146191018702
0.7307636048611584
0.7520794289107339
0.786974490267506
0.8368821148065804
0.9043453085312274
0.992488257967934
1.1032814509004853
1.235796437480329
1.3850706596980615
1.5419122552317415
1.6939617732170071
1.827928578155754
1.9323902413999625
2.000321434426648
2.0305348215256673
2.027434047987547
1.999156201478081
1.9599002255464775
1.9193324091606279
1.8790738646727518
1.8419782161883935
1.8072237658038217
1.7779038471448119
1.7556605135857568
1.7444218039967727
1.7434573062233054
1.7451456517850428
1.740064213835588
1.7195286940864394
1.6781967533503166
1.6157075683289246
1.536524171617517
1.4480769914576772
1.3582202005490918
1.2731087772871854
1.1957564570106711
1.1253160387922811
1.0600790741820838
1.0010733605458897
0.9505549634184012
0.910134730012784
0.8803580291346321
0.8521291250560697
0.8619281092645377
0.9128438638776537
0.9947282346418068
1.143258726252853
0.8483158960939553
0.7834662158284932
0.8030399277259708
0.7927164270130227
0.7378885823678479
0.6964919877415827
0.6800343814893514
0.6706523039079284
0.669960461987482
0.6793767529936947
0.7003776139329756
0.7345754058016523
0.7834412182126597
0.8476904339969455
0.9265095717332226
1.0168775190385901
1.1133106397011958
1.2083596101361125
1.2939361835031666
1.3630879610369762
1.4115036934047402
1.438160324008102
1.4450590715079972
1.4364737287825695
1.4202057014891205
1.402747742145091
1.3862330668550118
1.3726188568884288
1.3621165675419975
1.3561909420738918
1.3562026784393342
1.3641932789574716
1.3786058246958302
1.395125824942901
1.4072672743784496
1.4077409149753348
1.3907396305338393
1.3541072553007236
1.300191971407593
1.234873628569448
1.1653597805258675
1.0979389103358956
1.036528768436577
0.9818894503101689
0.9318572097341604
0.8864944418218907
0.8487491013676992
0.8207035788952729
0.802930880536905
0.794223090744461
0.8157604168491374
0.843709899168667
0.8702695186490725
0.9361052108099398
0.8838976821158779
0.8201507910705476
0.8380303956255154
0.8313990412386211
0.7799409434357627
0.7335453474567472
0.7103837156642235
0.6914494420466275
0.6788080038685269
0.674417997385869
0.6799432108379893
0.6965802533719125
0.7249209725124184
0.7647592359694056
0.8147945449515285
0.8723426553570355
0.933303610960713
0.9926243301367313
1.0452620650573599
1.087310483624189
1.1167657796061194
1.133602703408229
1.139298713963422
1.1363234614757332
1.1289620928309307
1.121155524441129
1.11458206278387
1.1105080941934895
1.109415534354206
1.1120619300524335
1.1196020265311153
1.1333494505778003
1.151976827295096
1.1730316732264825
1.191697506293229
1.201769435197482
1.1977551592092046
1.177009531950279
1.1408043276229094
1.093752635864026
1.0419708051561132
0.9910060889429118
0.9443971627801433
0.9031093324698363
0.8659416992713177
0.8321497161710989
0.8041679514139893
0.7849505145919938
0.7755657912129797
0.7805966027427157
0.8114595970891406
0.8277986621124823
0.8303837425536119
0.8568242945905509
0.910747185134173
0.8471671044878505
0.8647213625176653
0.8641090771704731
0.8207226696328743
0.7756654624316426
0.7507741635877021
0.7283169132808478
0.710584149525237
0.6998128741982882
0.6978168936639545
0.7057327666150242
0.7239271988937842
0.7519389993752235
0.7883517847928356
0.8306543405103387
0.8752955985705176
0.9181325918109496
0.9552568703112851
0.9838925982641711
1.0029332192985518
1.0128810413801634
1.0153541823834418
1.0126031396817508
1.007891440865192
1.0037833866088062
1.001373377812932
1.001420857532548
1.0044459941526889
1.0108913672732005
1.0217983955278283
1.038073132256266
1.0584260444730635
1.0810235002515987
1.1015562796104694
1.1143639214737386
1.1144270813548423
1.0992823487591352
1.0699975678787288
1.030691253883306
0.9869044665761506
0.9437291043798324
0.9045030130539595
0.8703813584045558
0.840806602159314
0.8150741122691727
0.7943039282020641
0.7809492764146537
0.7764781798695141
0.7888638351492036
0.8247865564392812
0.8360379653713825
0.8280071403201672
0.8355246169833149
0.9371666350451445
0.8731229238718445
0.8903030841165825
0.8966199015860264
0.8633468934781819
0.8218597074277332
0.7967579401345106
0.7724274293571959
0.7512737734712917
0.7357372507878808
0.7278040592511998
0.7286877992126575
0.738747133471029
0.7574939096307824
0.7835549630353185
0.8146126683375445
0.8475055114432115
0.8786629709765862
0.9048478127178755
0.923923231763065
0.9352729216905137
0.9396947708880953
0.9389324729632642
0.9352110995131575
0.9313632638041592
0.9290867602704301
0.9290322893287705
0.9316135295606636
0.9373749057911983
0.946598175329272
0.9602796847486645
0.9788267666577801
1.0005917436079617
1.0240625380224644
1.0453393680197816
1.0593090867375987
1.0614729143462034
1.0496436048812041
1.024816684095083
0.9907583340515259
0.9525660892314958
0.9149920707893533
0.8812622739228866
0.8526995397427526
0.8291323670861745
0.8099991491042348
0.795704625315823
0.787845304037745
0.7877833938653225
0.8061913878329062
0.8460017338519334
0.8535625719049929
0.8351449980189926
0.827656892531095
0.9667610751536193
0.9017605229912933
0.9181843296099567
0.9324240793950533
0.9115801337319591
0.8756933927956679
0.8515077068753699
0.8263190546756983
0.8025485043007683
0.7827988158005175
0.7692747185825402
0.7633930233292535
0.7656775314708157
0.7757858926288417
0.7925112406492043
0.8137668454229373
0.8367190165087367
0.8582180467313185
0.8754837497501413
0.8867828814434692
0.8917788198676742
0.8914160616718592
0.8874917425413891
0.8822121052065187
0.8782201761083928
0.8766357629188671
0.8777750243531448
0.8818300579845344
0.8893683912455344
0.9006251151951741
0.9166663645781297
0.9374444352356236
0.9605335208851749
0.9845857583230485
1.0062160437835472
1.0209186513177555
1.0247219074613685
1.015699084020783
0.9947550699173665
0.9652973626386105
0.931996144129792
0.89930380044436
0.8703815057303446
0.8467260639349471
0.8284729241562371
0.8152102395927514
0.8069539156210449
0.8045433554610174
0.8089126257092796
0.8330069403185147
0.8760484019583912
0.8803583725983348
0.8619271989827323
0.8277187704434498
0.9990179024776608
0.9330484744348834
0.9483897199479097
0.9708678129457464
0.9638952515415574
0.9353230729344328
0.9131136393591105
0.8880503635243802
0.8624489146202424
0.8390300338851148
0.8202651938426502
0.8078978974438908
0.8027758941380139
0.8048465764015995
0.8131556700485164
0.8258575943242448
0.8403866232363487
0.8539000517360048
0.8639249669670721
0.8689668954746211
0.8688131736181823
0.8644298064225829
0.8575865514394634
0.8504473497965477
0.8456229264929422
0.8438798592074411
0.8452882836296679
0.8499139311318576
0.8583266603000476
0.8707689782765476
0.8884097783696421
0.9109466493008833
0.93515096324614
0.9596569139334126
0.9816271592952033
0.997175673726677
1.0028081258123884
0.9967740668536382
0.9798013941909747
0.9548778858917054
0.9262246763681455
0.8980088670187618
0.8733577066363697
0.8539573685898026
0.8402318452824025
0.8319400617559986
0.8289065061153164
0.8314221815462352
0.8399089722581324
0.8690391432601594
0.9142191532410705
0.9153404366104396
0.8937974627780249
0.8353229599522302
1.0326572649402046
0.9663471714570241
0.9808939880574293
1.0114951635127851
1.0188073803494175
0.998789753713737
0.9795041359954919
0.955499420698716
0.9288497493608141
0.9023522059911936
0.8787915920421369
0.8603433917575602
0.8482983440847887
0.8429793847057476
0.8437136342623585
0.8488780642157032
0.8561302179292339
0.8628736546971094
0.8668656391018348
0.8667581095798137
0.8623633907134557
0.8545778499053365
0.8450764635708027
0.8359549289225664
0.8298873593849844
0.8274399027252348
0.8284976817439538
0.8330615308746108
0.841678906525094
0.8546127174485566
0.8730928748814122
0.8966848810069402
0.9216132947962503
0.9464560681646875
0.968900999284251
0.9856666889538848
0.9936681175831237
0.9912228224544941
0.9787649331508561
0.9587660066805684
0.934938037266319
0.9111405131799374
0.8904706428864831
0.8748152207848479
0.8648956329045079
0.8606785258523558
0.8619243821488332
0.868549962857
0.880505116981571
0.9135374697322838
0.9591193377563955
0.9565639825166962
0.9302526953349514
0.8504096758386275
1.0658708334057716
1.0000723871558443
1.0152219211441116
1.0541152728930059
1.0753753603097727
1.0644922698533625
1.0488288463659092
1.0266472537180271
0.9996541363127303
0.9706940451025574
0.9429008104894772
0.9189442885739998
0.9006031323676869
0.8885749049476589
0.8824372064738648
0.8807667802187575
0.8814438336237267
0.8821246475570559
0.8807896685173271
0.8762062880436743
0.8681588584823773
0.8574108028882855
0.8454858143095018
0.8343807428650157
0.826875660608758
0.8234279178634812
0.8237774384355688
0.8278960869265353
0.8362888111382326
0.8492340077201768
0.8679622746295459
0.8919313116086511
0.9170599304926688
0.941985112465888
0.9649467611562994
0.9832639394002765
0.9942067810366833
0.9960677111132835
0.9888780525083627
0.9744874063378569
0.9560095305950453
0.9369324477988165
0.9202868858798178
0.908145922184536
0.9015310005147061
0.900647155902197
0.9052753069915526
0.9150826989352883
0.9296223811578688
0.96493172788419
1.008527587194048
1.0014273369424214
0.9700197699030803
0.8725295615137373
1.0968321165819968
1.031724224617507
1.0499009486247377
1.0984762126015022
1.1338906345788433
1.1321254410216235
1.1202237689679562
1.1001375863194531
1.073187780751146
1.0422569311076346
1.0108268345659137
0.9820424408844705
0.958098860718336
0.9399649860397684
0.9274082451803375
0.9192225684495907
0.9135743532941413
0.9084361583531733
0.9020487321573059
0.8932981805840761
0.8819141416480086
0.8684814140866405
0.8543236290965237
0.8413040156244865
0.8323120416141995
0.8277416794972334
0.8272109076714841
0.8306797686097225
0.8385940812566861
0.8512323745407333
0.8697629102054405
0.8935052219446236
0.9182290778763716
0.9427864259984438
0.9660583867733922
0.9859963286869331
1.000210056280261
1.0069215311215465
1.005695635008418
0.9976797765152617
0.9852948124338212
0.9715593698955802
0.9593525600961827
0.9508723388626916
0.9474064794425383
0.9493982555446074
0.9566939454503819
0.9687967726235631
0.9849448722677389
1.0205972251508633
1.0595006842441923
1.0470812378589285
1.0113273050926739
0.9005845515002779
1.1241445020670493
1.0583684376440148
1.0821265025016995
1.1430760378906202
1.1950551635533622
1.2028159603642101
1.1941724960959503
1.1756863939043234
1.1485792715391216
1.1158202909900725
1.0811901602836007
1.048180876815368
1.0191928335883644
0.9952907909237716
0.9764087274540596
0.9616473846667771
0.949567852382244
0.938535995689977
0.927089352715785
0.9142361479310486
0.8996320119042303
0.8836510511231372
0.8673815621879517
0.8525235233884348
0.8420598246670232
0.8363339360215957
0.8348495558641703
0.8375575427845743
0.8448262335002796
0.8569110587532266
0.8748533873076574
0.8977870416448327
0.921440142660608
0.9450002464219753
0.9680837046402275
0.9893289649186986
1.0067120450389797
1.0184026613120174
1.023509731335187
1.0224614151353548
1.0169224617566692
1.009335118277671
1.0022992503602461
0.9980174979241654
0.997951790373955
1.0027332818662762
1.0122762243935954
1.0259759573602834
1.04284146018716
1.0769569867276476
1.1087549857428458
1.090819559130685
1.052196453371527
0.9329493357245304
1.147010039560636
1.077400481434199
1.108228925665887
1.1840847695901702
1.2559995301015037
1.2748481664242137
1.269516943273738
1.2523918331880786
1.2249392558547545
1.190374469307437
1.1527728839163003
1.1158361587909467
1.0819505004404355
1.0521762744079375
1.0266969455027495
1.0050535282388884
0.9862917582564016
0.9692022143446436
0.9526107649141191
0.9356239102294417
0.9178013244649388
0.8992923189650849
0.880940187064191
0.8642696987507389
0.8523403764357012
0.8454365592278835
0.8429388333599049
0.8447797392053573
0.851223420790149
0.8624733411830651
0.8793803217656265
0.9008752610439708
0.9227766121645053
0.9446543733430403
0.9668713186880232
0.9887827959682305
1.0087788225238281
1.0250515623821976
1.0363465938357914
1.0424447568381818
1.044261720177296
1.0435867825597098
1.0425980776705757
1.043334560610496
1.0472793363394814
1.0551452981553067
1.0668754652958494
1.081790254243128
1.0987576949617799
1.1299586118380032
1.1531560159066714
1.1302457801534909
1.0905488396698686
0.9677393725724303
1.165089935334975
1.087247998220516
1.1249198669760505
1.2164246301017703
1.3098574894874322
1.3412632437274525
1.3402374225629716
1.3254498640524035
1.2985406073876649
1.2629302911663938
1.222864020287668
1.1821192249275272
1.143092565646329
1.1070265549311349
1.0745537504648284
1.0457706714828647
1.020229312498905
0.9970993484994835
0.9754219444900549
0.9543415041812919
0.9332984438553272
0.9122297994608755
0.8917593807652031
0.8732483544861529
0.859822047068114
0.8516839208087418
0.8480676261981929
0.8488695315862148
0.8542103493531065
0.8642116822716649
0.879480768954509
0.8988122541903208
0.9183472211557663
0.9380119157337274
0.9587672657896424
0.9806226100682665
1.002410874391248
1.0224482386002478
1.0392706911584921
1.052168648488794
1.0614048192159926
1.0681071622247866
1.0739194161758019
1.080539659152862
1.0892861490851191
1.1008081810039767
1.1150052495954876
1.1311341230680998
1.1480016873036687
1.1757587755082928
1.1900892096618039
1.1631890363339406
1.1241570746800942
1.003020602529541
1.1781738280790481
1.0877059982158102
1.1304965530581543
1.2361594525618191
1.3502349580842257
1.3946832193024672
1.3988539521471366
1.3876087739997132
1.362580288921777
1.3271928124598653
1.2855865588588473
1.241391880097044
1.1971248435163884
1.1545419517034368
1.1149746297873824
1.0791702830569705
1.0471624249966296
1.0184007417171228
0.9920223782161807
0.9671247828311063
0.9430109206916143
0.9194446751066717
0.8968839806273643
0.8765510005519271
0.8616191713719309
0.8521843283097911
0.847304730978532
0.8468206858195733
0.85066416471853
0.8588558713438321
0.8717378306507747
0.8881347240325378
0.9048260391496727
0.9220410882368283
0.9410626694185545
0.9623614402391424
0.9851757285918407
1.0080275800085972
1.0294098884584382
1.0483234481144066
1.0645448790109662
1.078614476722708
1.091601096602709
1.1047318592122077
1.1189932718908087
1.1348229246178785
1.1519880314651403
1.1696691985251602
1.1866649588835811
1.2113682157236232
1.217645155494302
1.1876525348951559
1.1506979287151218
1.0368812705885186
1.1858468966676194
1.0798057133228565
1.1253043941362444
1.241927422766598
1.3736701816575556
1.430403308609496
1.4400385749125566
1.4329997119542166
1.4107471811060748
1.3765044735157266
1.3341008816228201
1.286907480294699
1.2376304216107934
1.1887351344857835
1.1424212150222062
1.1001521476249612
1.062405860240692
1.0288088312882258
0.9984757584894347
0.9703761819086559
0.9436625127191597
0.9179661609004831
0.8936256430702384
0.8717331826685357
0.8554586409658839
0.8447695636164592
0.8385378039376575
0.8365376229452808
0.8384830709490096
0.8443022716797286
0.8541002042253105
0.8669342212376263
0.8804829379338373
0.8952388593924351
0.9125575490063835
0.9331186492062481
0.9564506913354505
0.9813025166326289
1.0062465705503214
1.030175956110238
1.052567424588732
1.0735078117616057
1.093537957003008
1.1133732043177083
1.1335697731165655
1.1542405915037188
1.1749327890856849
1.1947121439829047
1.2123791587687924
1.2351073263834509
1.2347758004035068
1.2021248195034384
1.168117708388524
1.0674237349918383
1.1873382505157761
1.0653505491351258
1.1114039003123222
1.235012414388387
1.3800366458441886
1.44715589238143
1.4618385269463876
1.45897357486364
1.4397174930979726
1.4069284438437883
1.364002522335246
1.3140467984290412
1.2600361683775463
1.205227659489709
1.152743163800125
1.1047669657851202
1.062177602278242
1.024708458161272
0.9913837472362236
0.9610016265292076
0.9325524233309767
0.9055407353032527
0.8801809435074446
0.857400841173119
0.8402606246351595
0.8285950620537369
0.8211182294085483
0.8175483562401089
0.8173924807869174
0.8205234753082722
0.826875226518876
0.835876013490021
0.8461927133139024
0.858548271936814
0.8742516422796309
0.8940107711406925
0.917516447583334
0.9437135488413746
0.9713098109029851
0.9992095787095339
1.0267426431983357
1.05369304649466
1.0801857691527443
1.106474424972205
1.1326705070445056
1.1585010891166758
1.1832148907939135
1.2056976944857758
1.2247169247102694
1.246857519161029
1.241565839889486
1.2062103844761851
1.1752158923851772
1.092787355350731
1.1816604411474374
1.0463762810919384
1.0918032241013245
1.2185979990368352
1.3720380943317276
1.4469293535806014
1.4657102150514096
1.4663900246738883
1.4497435879648632
1.4181687057923786
1.3745771025001532
1.3218471156928626
1.263289850863968
1.2029782046631319
1.1449320305175572
1.0920076727683645
1.0454367899019286
1.0050322113979293
0.9697231982517192
0.9381408880383335
0.9091050792610974
0.8819583704840175
0.8567302033157391
0.834108779431247
0.8168934473508934
0.8047981360922815
0.7964494274296141
0.791537150392041
0.7894148563366079
0.7899461342375431
0.7929643163216212
0.7982958637535085
0.8055163123417823
0.8155343458886766
0.8295888705101613
0.8483506463301036
0.8716035577722241
0.8984599211605255
0.9277833183310987
0.9585550408949859
0.9900640259515513
1.021926327005357
1.0539888593692153
1.0861500223773044
1.118124130026153
1.1492326629564011
1.178354010454975
1.204103636683083
1.2251437072682032
1.2480667868635602
1.2394653466822252
1.2011132951361767
1.1720966279202325
1.1112611636074534
1.1680272619768772
1.0247615631065408
1.0696774205279465
1.1967479682813333
1.354134828970279
1.4339902197459276
1.4556259999912011
1.4588300787248676
1.4439833798300505
1.4130108588115005
1.368357631093247
1.31272852401697
1.2498100315353913
1.1844624517760123
1.1215215013849993
1.0644284561455024
1.0147160138531377
0.9722730786080435
0.9359644061937997
0.9042840205503505
0.8758772954331688
0.8498765863343514
0.8260492664751288
0.8047635196852334
0.7884014035633546
0.7765772316493091
0.7679211362271681
0.7621274795663068
0.7584725356914287
0.7568450154841405
0.7570330195596097
0.7592044485927101
0.7636656742774599
0.7714509138942568
0.7837314953939377
0.8011385525694626
0.8235360604159472
0.8502031635445872
0.880182761778426
0.9125848639321763
0.9467427627887232
0.982223998025042
1.018736367918021
1.055949602803792
1.0932583977481052
1.129582678287348
1.163361670207188
1.192831084758045
1.2164513296041597
1.2413311134750196
1.231082653467722
1.1894612004725114
1.1601506611976518
1.121457948347573
1.1464007220598462
1.0020858945058282
1.047840767279155
1.1735208756590223
1.3313186391765508
1.413496376309312
1.436642929946894
1.4411558329863372
1.4270782164906601
1.3959326804037855
1.3497813085569104
1.2912237219075875
1.2243195383931642
1.1546245490822642
1.0876539944408483
1.02731644743372
0.9753848831622992
0.9318232065192086
0.8954657163618258
0.8647021377178651
0.8380064494142271
0.8142678175919189
0.7929376000283169
0.7740114791348175
0.7593346197472868
0.7484467145450351
0.7400674119157883
0.7339239046943747
0.7292900594433208
0.7260989242203825
0.7241335612168031
0.7238176946611843
0.7259873535403852
0.731735423493912
0.7421573151545053
0.7578468617835639
0.7787463719210912
0.8043073811292258
0.833777152292546
0.866446360706348
0.901776182818118
0.939400340575548
0.9790217736790714
1.0202105001970734
1.0621330293774467
1.1033329425077298
1.1417582991152095
1.1751596385657574
1.201697933343316
1.229405131360363
1.2192610422342127
1.1743242786539714
1.1415072746786203
1.122479677938175
1.1179289839785587
0.9797009871077088
1.0285306606078977
1.1524213791899334
1.3081678739158697
1.390295112250043
1.4135892903273655
1.4181158417932678
1.403707688557921
1.371635096042168
1.3237180305761211
1.2625137058050993
1.1923815901484136
1.1193962109130196
1.0495619224500856
0.9871170586272562
0.9340110027987611
0.8902798913637006
0.854757196109646
0.8257604313472415
0.8016071058433725
0.7809370462116446
0.7628671939390343
0.7470036913364282
0.734589655931277
0.7251164098812909
0.7174581275713509
0.7113962261396907
0.7062603944209392
0.7020394563416483
0.6985426879726502
0.6963800917186832
0.6967495931851927
0.7007428118206214
0.7093553001228474
0.7231254873671675
0.7420513667234434
0.7657396131028951
0.7936451884587739
0.8252746167914536
0.860287372960782
0.8984836243091509
0.9396787101352446
0.9834591645729981
1.028857400939467
1.0740908676466348
1.116608761561668
1.1536247648417541
1.182958615976609
1.213850443522447
1.2056495966655196
1.157832134877113
1.1182490832863379
1.1140283604241041
1.0850591204257445
0.9589106768679704
1.0134192179219774
1.1361744969834617
1.2883764969869744
1.3683090455287559
1.390381714723619
1.393601114765176
1.3777911389976378
1.3441909781370052
1.2945587724829641
1.2314360585188602
1.1593035100439069
1.0844788005047592
1.0132229446953633
0.9499683476080596
0.8967919398746684
0.853809442929431
0.8198865147003269
0.7933047923142605
0.7722529616922591
0.7551376109694714
0.7407492611314125
0.7283109200158385
0.7184454527903841
0.7106217906334551
0.7039089633382146
0.6981592425459019
0.6927941182925598
0.68786889267538
0.6832431866525995
0.6796801520958042
0.6786392839325674
0.6811728964400614
0.6881497380395439
0.7000166753186664
0.716777317408371
0.7381419663740079
0.763739839705477
0.7932932820748972
0.8266963848976786
0.8639787590294845
0.9051429385127584
0.94986604931994
0.9971119513940689
1.044824922168461
1.089999964840712
1.1293773437853756
1.1605567920443483
1.194128687626467
1.189676706851929
1.1402693872709428
1.091859574987846
1.096465878753968
1.0512512685672346
0.9411537282578838
1.0037296291060323
1.1266795700300556
1.2746504742747056
1.350499388639645
1.3700347658591838
1.3706853997728616
1.3525244430037144
1.3170249902055238
1.2660735900357556
1.202170279828843
1.129636211624115
1.0546779881630555
0.9835670497152034
0.9208209376250643
0.8686270914035278
0.8272084925534147
0.7955046208230022
0.7718013710291386
0.7541915630104455
0.740873396751566
0.7303290043200189
0.7214124099004747
0.7141381965344132
0.7079788443597564
0.7022183662012231
0.6967943172370608
0.6912341432200537
0.6856704396198484
0.6800244734446614
0.6752094397182943
0.6729218780883659
0.674172049208232
0.6796948667010457
0.6898129729463257
0.7044720460428286
0.7234057190744619
0.7463458080515117
0.7731890620154644
0.8040568634110902
0.8392208459545507
0.878883835872153
0.9228153949062639
0.9699032705188427
1.0178229350830619
1.0631885705148154
1.1025030139972745
1.133554569592877
1.1683035790622809
1.1691702474889754
1.120471502236276
1.0632099014124983
1.07084267584246
1.02040545256037
0.9281278312855226
1.0003712058739176
1.1249969740023487
1.26869950764077
1.3390338067718126
1.3549468184393876
1.3520040767192267
1.3307944150318796
1.2932803488291171
1.2416446401654666
1.178291224720942
1.107065054419977
1.0336864605343885
0.9642093819610787
0.9031670692368192
0.8528736344755641
0.8137037086593079
0.7847148440099521
0.7642321422306301
0.7502781828932847
0.740861604601012
0.7341707254837433
0.7287035370541858
0.7238974098174253
0.7192583402954611
0.7142938276393968
0.7090405325050194
0.7031276939460979
0.6967708057117001
0.6899399550192216
0.6836961714323009
0.6800031091522658
0.679864884576751
0.6839203080671364
0.6923752617918555
0.7050763435896532
0.7216962820683454
0.7419699266288887
0.7658861867550043
0.7937412065394694
0.8260105788337581
0.863046954208404
0.9046301748364614
0.9494610183070185
0.9948616960111019
1.0371680821135245
1.073133835897423
1.1014533464837282
1.1353057754905689
1.1424933773434067
1.0972686392614177
1.0329741241647687
1.0388785055555712
0.9962220034971362
0.9218436783235169
1.0040709503527419
1.1313109737658107
1.2711161505998176
1.3352391416582412
1.3469075387261475
1.3397994055759297
1.315230974784914
1.2758463160902191
1.2242505189129116
1.162716386516421
1.0943510286061817
1.024056916601497
0.9574839991704734
0.8991499216015304
0.851532152637523
0.8152031175677436
0.789371710118881
0.7724193969759285
0.7623043841304948
0.7568474882781436
0.7539478700610232
0.7517606830213137
0.7491985322782145
0.7458438144436615
0.741434176668707
0.7361186869207719
0.7296103133232692
0.722198144318944
0.7138519984983631
0.7057394971983678
0.7001305293221486
0.6980819035509915
0.7002251821928287
0.7067285270195028
0.7173733318725373
0.7317410422625521
0.749482814181592
0.7705706530361296
0.7953758733317956
0.8244876148847766
0.858297006889696
0.8964247491155555
0.937148937195471
0.9772552960052255
1.013029725203832
1.0423243613966044
1.0655287730435026
1.0965163532624773
1.1101039107838762
1.0706583588888854
1.0020465343858982
1.0028340889718244
0.9816930566901242
0.9246174013200023
1.015529032184028
1.14492921079317
1.2811638022697187
1.3392586873618437
1.3466736650427678
1.335416024280805
1.3076461795087337
1.2667967042607677
1.2159824602098517
1.157364579359755
1.0931568868605226
1.0271867347649157
0.964566025359615
0.9098004777092626
0.8655730005818916
0.8326843325507822
0.810503080192347
0.7974558405033481
0.7914139157971732
0.7899891805167512
0.7907872802398027
0.7916459337979238
0.7910438350838908
0.7887081754593495
0.7846194295397089
0.7790474129566942
0.7717578851793326
0.7630748089138568
0.7528732174326521
0.7423160648831649
0.7339859333544344
0.7290506471592006
0.7282491875450645
0.7318480427257658
0.739690840565254
0.7513564485747122
0.7664310214847612
0.784808813341534
0.8068231431786765
0.8330409321374895
0.8637171223933306
0.898024462675101
0.9333577792164767
0.9656357626225687
0.9917104731433811
1.011819218670181
1.0284368420051673
1.055167040692286
1.0742832943745741
1.0418608558236968
0.9716147473770017
0.96523060766318
0.9788071511888993
0.9389724990948889
1.035631466627662
1.1644592177948958
1.2966953634970757
1.34973015414562
1.3534948211222015
1.3386910450301626
1.30834004813358
1.2666955197609113
1.2174501083234062
1.1627431996584032
1.1038419198050817
1.0432891408701603
0.9855774165512725
0.9352467569433189
0.895220619044807
0.8665259384015057
0.8486634295316671
0.8400591195668411
0.8384426030578327
0.8411718308254805
0.8455528085743766
0.8491656053615713
0.8502133645597325
0.8486732585228861
0.8447861893279888
0.83892890568548
0.8308664579045999
0.8208699406494162
0.8085764056018667
0.7949608817186703
0.7828931860193424
0.7737101212412094
0.7683708747885433
0.7673768785366422
0.7707871399834769
0.7783494712499442
0.7897533687909137
0.8049283957923774
0.8241941294301856
0.8480496808704615
0.8764935089662877
0.9078394606900678
0.9374682815202144
0.9595595773749507
0.9733316715532845
0.9830842680903165
0.9928096932849106
1.0146899105274516
1.0378661857587712
1.0125980750515096
0.9429015822060702
0.9284699053316112
0.9884276041157194
0.9673460907355821
1.0656840751411722
1.1883130077543718
1.3144554708749798
1.3638782161832723
1.365075463227218
1.3478033990310636
1.3158772301329584
1.2743487690124276
1.2275538220461728
1.1777895961817513
1.1254087861400837
1.0714191462061138
1.019669256166671
0.974851886503099
0.9401368102758492
0.9167185104992785
0.9041575011951613
0.9007981301623563
0.9041417303894766
0.9112259281694711
0.9190618304000673
0.925099611348698
0.9275268853969361
0.9267074010497256
0.9231382348217764
0.9172276864925748
0.9086439445343192
0.8974586800414043
0.8828917612400966
0.8655128440440839
0.8484747642454872
0.8333684702684878
0.821488325496776
0.8136812394218026
0.8103266767867696
0.8114650628527189
0.8170534697614199
0.8272529619385494
0.8425749637102347
0.8637094249567585
0.8908692789162034
0.9220362093210577
0.9479992310809698
0.9568367180213422
0.9566118915028549
0.9565853775758804
0.9602500042191751
0.9775294089297117
1.0031630961470206
0.9843667703217498
0.9168673763266115
0.8945106791227406
1.0149650902558758
1.0204142682745132
1.1156879875884498
1.220530974715128
1.333326775303267
1.3803956974743758
1.380297431907675
1.361870847676054
1.3296994351955291
1.289669866423232
1.2469263621741211
1.2043394680951793
1.1614337713018192
1.1167720510957473
1.0736220197784703
1.0371833583953887
1.01075941348021
0.9955423072468866
0.9910134677014455
0.9952827720194649
1.0054400093511462
1.0180421626462814
1.0298009929012575
1.0383345336424432
1.0422989417111204
1.0426307159521255
1.0399890103722993
1.0345887808569478
1.0258137570870576
1.013292671671689
0.9955362911481512
0.9724134391330151
0.947531178644415
0.9229456759340091
0.9005086660161323
0.8815983606367959
0.8670543385980675
0.8573160719439382
0.8526933337670118
0.8536371861117978
0.8608664032881393
0.8752660754678259
0.8975803549573184
0.9279982637601197
0.9657551071172782
0.948900672226295
0.9355352222276397
0.9277826978720357
0.9266720860291447
0.9398380038880322
0.9666285165375696
0.9540448411143994
0.8907310538648332
0.8602909615854288
1.089763507833399
1.1586656959719703
1.244026455600151
1.2939251512570837
1.354987995148977
1.3988452173231467
1.3998594761308207
1.383293486419805
1.3545917799773217
1.3205281064761494
1.2871526005202154
1.2588346957981595
1.238041853143872
1.2119549800642822
1.1902751855676088
1.1763049174156168
1.1722287327837904
1.1787693806097685
1.194978938504024
1.2182078513118377
1.2444008543352143
1.2689645687983375
1.2884105495078189
1.3020911934969412
1.3104556732213557
1.31468034457842
1.314931728890078
1.310626910660344
1.3004388417458503
1.2830455409873545
1.2553392366796827
1.2158639611073334
1.169978841565584
1.121061070653904
1.072323047790413
1.026344053887196
0.9849558964935426
0.9493919943001372
0.9205263624531176
0.8990425975591583
0.8854430924951545
0.8798734072804856
0.8817280094519883
0.8888420352264098
0.8959561448674691
0.8955464781640871
0.8879183746646807
0.8807126675818212
0.878555779669822
0.8892356143258038
0.9157956191617935
0.9115349177577228
0.8592615655651227
0.8194675297375764
1.1942519603136144
1.3733361549636782
1.459025605299549
1.4393434891353538
1.4106893618922327
1.419513616442129
1.4148564945148023
1.399770441044801
1.378767987616065
1.3578296545364201
1.3422008736960167
1.3353215128998794
1.338300162074227
1.3504920970144365
1.3716000811149294
1.4024914322395108
1.4441212543991062
1.4963537387285963
1.5571264830476297
1.6220220072808547
1.6845841237614028
1.7378950404294364
1.7776135768196468
1.8043773126182185
1.8193747922825179
1.8249369196951464
1.8215639915550816
1.8086379170232305
1.7837017774308674
1.744771382989305
1.686115735148241
1.6056700696961135
1.514226247189067
1.417485647377319
1.320667751944588
1.2280663200395983
1.1429800054443306
1.0677614628350633
1.0038466653258045
0.9517701332798645
0.9112199872735259
0.8811575427087587
0.8599905549826573
0.8457901931304925
0.8365822494395442
0.8307692416734309
0.8275895070285529
0.8271952043567692
0.8300910849670569
0.8438959203950973
0.8718758991351481
0.8818809970407707
0.8541578516230482
0.8109709418553908
1.2194673045702085
1.473878965156673
1.5698734477397358
1.5160956711274338
1.4345599632752233
1.4047859345651381
1.3899492904080026
1.374378980288575
1.3613072996792626
1.355211771832241
1.3601500964062294
1.3789421786931715
1.4128213286889226
1.461644246049313
1.5248909808247395
1.602458843532228
1.6942672967287433
1.7991803616578128
1.9138819363303905
2.0320787668153364
2.14453889580831
2.2405507949661843
2.3109080815281478
2.3511069190041036
2.3619304434905484
2.3526885288039354
2.327525007672982
2.2883308928412447
2.2315772394570703
2.156074629397658
2.0538869797790413
1.924130240461727
1.7840776728992669
1.6406557365329
1.5001471086240046
1.3679983704719891
1.2486173198855834
1.1450323052441067
1.0585946160083448
0.9889416948667341
0.9342908657886926
0.8920127325819486
0.8593894051212737
0.8343759718323086
0.8160146921033349
0.8041853357316672
0.7988502474630691
0.799397761716975
0.8045653077038948
0.82163340821733
0.856313920694068
0.8886026759262476
0.8954885246138893
0.8602121027260963
1.1342936492853724
1.3569856876870081
1.445784264983622
1.4077778414397077
1.3310150373560037
1.2954038925930467
1.2810565682578179
1.271162222257556
1.2689875630360166
1.2781508087156095
1.3016940725144266
1.3417414269333172
1.3993135068061107
1.474177326071266
1.566378128596569
1.676765145356366
1.8054563555054006
1.9509357974407613
2.109176553880865
2.272836768833603
2.430985901683028
2.5699228456328966
2.675382123042818
2.735703204902675
2.7461613262306965
2.720523894488314
2.6676335207966697
2.5946673131482645
2.4993331006581987
2.383990736656348
2.2408214839687997
2.0720768980350646
1.8997258924737306
1.729613922822487
1.5672029133781087
1.4177120570775434
1.2856375599722925
1.1739912468199138
1.0837321314848134
1.0136309825200795
0.9605457786128424
0.9200736397100377
0.8877316405792629
0.8606409065075611
0.8385849931306032
0.8230392166740685
0.8150833805173592
0.8142070006532658
0.8185335533019563
0.8340747137731306
0.873499335105063
0.9265086642566769
0.9643249246947548
0.9662376300636191
1.04723224510246
0.9514007877231765
0.9844424809492904
1.0045550702478532
0.9983631776894474
1.0033867616951382
1.0209358512470952
1.0556539278646981
1.1131816256557183
1.1993534153084258
1.3198166671789369
1.4791359829086492
1.679223110712582
1.9172791394959598
2.1840538211359974
2.463768776128622
2.7366573784559565
2.9828929545940004
3.184381842245863
3.324245305816979
3.389214377592876
3.3751443776225507
3.290119097906594
3.1524072119475806
3.002282630793147
2.8613485854541767
2.728247749689584
2.607751926904133
2.4918306555052254
2.3830398241435926
2.2753556750217565
2.172584950473446
2.085368444775363
2.0107476028144764
1.9450701601130664
1.8843083589853649
1.8246054531844915
1.76281215655317
1.6967970260564187
1.62545138776422
1.5485677528903494
1.4669358473463843
1.3826449721132683
1.2990354737999037
1.2200205211210193
1.1491540434343752
1.0889041622294051
1.0403553301541402
1.0034062627182632
0.964094312953255
0.9810107507518753
1.1147273922906875
1.3927888412442124
1.844214852638602
0.8891588799047514
0.8139660293276625
0.8413612860182353
0.8447066846237536
0.8177941764165422
0.8087188602290839
0.8173584295436661
0.8409838630277073
0.883959289230062
0.9509079461293912
1.046796660832222
1.1766722375428667
1.3446620310686972
1.5520374854727201
1.7946672982741956
2.0609090932247773
2.3314434379837032
2.5581207166307443
2.754179234362102
2.8990848310205224
2.978533548618688
2.988913206700196
2.938032176565211
2.841713359646416
2.7313495226943303
2.6244627836573575
2.5203645073233485
2.42270018124492
2.3246300557217587
2.2396707144412065
2.1619853401712152
2.096490307167461
2.047835662342829
2.008050580349101
1.968001437219797
1.9194285098950201
1.8569318974393105
1.7792140760126118
1.6890560010475053
1.5921069563408843
1.4950965861742602
1.403296302537596
1.3166465032971688
1.2329056587635672
1.1534460224613794
1.0815129054020414
1.019861552979381
0.9699167953224394
0.9318578724358857
0.891579776096519
0.9038628548088357
1.0078876196660116
1.2068323163760493
1.5288749865150468
0.8190973109880278
0.7542030890027478
0.7743234336717457
0.7675316463986865
0.7286478673112246
0.7100760840499567
0.712420436806261
0.7281344065681776
0.7601825209976508
0.8102845524901362
0.8777196752808417
0.9611495604735919
1.0647294739267086
1.1938482484651463
1.349219948570394
1.5257484181824914
1.7124268969005723
1.8934760851206527
2.051244884449006
2.1703113290783977
2.2413594498938947
2.263252050920679
2.242416266149002
2.189950945047961
2.125719713793047
2.061600583454315
1.9981610947373234
1.9389412338660845
1.8823323639763412
1.8329835056626667
1.792078911238939
1.7641974373803786
1.7499611667108346
1.7411481480715076
1.727958860815574
1.7012751420320928
1.655071648409524
1.5880707579272018
1.5038225059201535
1.4091786816812273
1.3120107041589868
1.219248163709866
1.1354499458071712
1.0611676133239165
0.9947183567387565
0.9363272035201672
0.8873919126554506
0.8488792008327308
0.8209508841339714
0.7957511834475913
0.8126684162452537
0.8800840711038435
0.9886984894081742
1.1738223199377835
0.8075786028419184
0.7437224338709042
0.7565526555557356
0.7471760124337865
0.7042279168924653
0.6743681854783755
0.6648600339893086
0.663104771231256
0.6708913033327044
0.6895386237923251
0.7202415640894152
0.7645979631713378
0.8245515641864141
0.9014659912829315
0.994883422391342
1.1014944934634467
1.2147033853346654
1.3252066408339551
1.422747638969702
1.4985662287571504
1.5475064849728721
1.5688347058638128
1.5655647336106657
1.542909853818135
1.5109322981990712
1.4773173193958442
1.4442118124381418
1.4149117602434431
1.389352499854489
1.369952401405741
1.3578002001319918
1.3554688167271864
1.3617815610294026
1.3713258238600647
1.377041122523715
1.3715782548964932
1.3492539143731577
1.3078503552755154
1.2493170768109436
1.1789466036812668
1.1034854400523217
1.0291675964716704
0.9604635417236415
0.8997201264212764
0.8474005140391595
0.8033107401987548
0.7681180444417376
0.7425861450286276
0.726739025514285
0.7199799617117358
0.7447419846520992
0.78287698395711
0.8279122166481411
0.915271537237025
0.8330358004806855
0.7649121176716496
0.7737576384115572
0.77036763457956
0.7355542280639888
0.7037910594830085
0.6884517765884792
0.6770616783749519
0.6718539648062125
0.6750295602849468
0.6884316485910205
0.7133663640194301
0.7505330645809516
0.7998380775918245
0.8599690802965518
0.9279004889883858
0.9987270956695916
1.0661977234630955
1.123994372377079
1.1673077491350334
1.1939590698818625
1.204532840485685
1.201594812181538
1.188589608294655
1.17127221102892
1.153795316449488
1.1373879837488619
1.1238271117504
1.1132734105314748
1.1070561505929415
1.106271825999184
1.1127458463530666
1.1253241256360271
1.1405719514085841
1.1533084651223484
1.1575619549665062
1.1482609660802061
1.1229719669539402
1.082784501222833
1.0318325503019965
0.9757408484089797
0.9198461633609867
0.8679561129775802
0.8218991051678777
0.781783661784684
0.7474053847564212
0.7201968681094109
0.701945288937274
0.6930725666285108
0.6977082114112426
0.7300753707237818
0.758617287626367
0.7828962076668566
0.8206820381360583
0.8594839950611103
0.7877396257229239
0.7948183491015416
0.7979284163368419
0.7723231476309371
0.7426592403150589
0.7257731245875574
0.7107774924750405
0.7001507511583965
0.6964246933757821
0.701610734681285
0.7169077875919325
0.7426825169942206
0.7784688331930906
0.8227818759161483
0.8728189825680324
0.924393773624802
0.9724423327019853
1.0121145846303532
1.0400308793893576
1.0550786562137904
1.0583689957837288
1.0525085980037665
1.0407350670698816
1.0278575214140326
1.0166286931947177
1.0075757430814236
1.0014832538615013
0.9983545799605338
0.9986965126238785
1.003256747490518
1.0134109625895744
1.028324471021246
1.0455056377321856
1.0605190397999116
1.0680449159321974
1.0634928651841593
1.0446012333334083
1.0122639481793034
0.9701298329813105
0.9232194354448114
0.8763149589704936
0.8328235384604291
0.7943912518688669
0.7612392441226495
0.7332761098456985
0.7115230887964684
0.6977345836872195
0.6927026335285931
0.7032436378855982
0.7401084320666526
0.7662542253367777
0.7850814750576552
0.7954594125760419
0.8881897409032546
0.8131995419444643
0.8191973777305437
0.8293798855784762
0.813851716616777
0.7876596519929159
0.7704498053117331
0.7533666396570375
0.7389849845506281
0.7300212720260106
0.7286223457777774
0.73601459773249
0.7525091909158345
0.7775906268494098
0.8098409336761179
0.8467277550418258
0.8845847144893334
0.9191006375367166
0.9462996222514962
0.9636099315790474
0.9704838870430152
0.9682857922305653
0.959631625213541
0.947652334227079
0.9366525394137533
0.9285201741582743
0.9234185211770511
0.921736035689853
0.9236132908348488
0.9292323840967737
0.9387528869619166
0.9520550208500779
0.9686954736356476
0.9871264451071077
1.0034365855442609
1.0128327028089736
1.0111783569579773
0.996431962644909
0.9693902152884517
0.9333404848001763
0.8928322395770106
0.852232951541766
0.8147026166575274
0.7818640713807145
0.7541418178409472
0.7316286519092017
0.7150262181369875
0.705615074575365
0.7041599066278094
0.7196855084273965
0.7601632405828829
0.784952376873221
0.8004577814377437
0.7860371347523539
0.9217711718917292
0.8438589930255943
0.849409471472367
0.8677730080171758
0.863866491592574
0.8424295581030897
0.8257142469079847
0.8073364869674652
0.7898255663426952
0.7760014985334734
0.7681756843171633
0.7677426446357817
0.7751786852535412
0.7901548240735308
0.8114858361045638
0.8369447709105954
0.8632834547588308
0.8867349457905623
0.903924814567453
0.9128032038652317
0.9131432604136377
0.9064022483427445
0.8951331629326656
0.882337842614801
0.8719952744594611
0.8653965438300298
0.862446658810023
0.863327598773635
0.8683484037047849
0.8777695750522677
0.8920533238991628
0.9090674709851623
0.9274560914983717
0.946989108806546
0.9643414533006536
0.9752611435969497
0.9760594698431689
0.9648945581610823
0.9424449565716587
0.9116335789896366
0.8765701505766794
0.8412800791564984
0.8087819079734838
0.7807778843800414
0.7579260066537084
0.7404865385189326
0.7289524450290288
0.7241153502168516
0.7264467008421907
0.7469297245849026
0.7905316475167188
0.8138885672643653
0.825321372600633
0.7859243634765699
0.9592899416831238
0.8791993298854649
0.8853007145583344
0.9126681519698847
0.9213317981379004
0.9055795612685191
0.8900693126241399
0.87110791039975
0.8510026604465167
0.8326023748824173
0.8184349003725166
0.8102195863099344
0.808812045257623
0.8142628675926586
0.8257092926691694
0.8411955798053788
0.8577756877967121
0.8720706356806733
0.8811302996475634
0.8832448064427203
0.8783456706447217
0.8678636761745069
0.8542207689430996
0.8402674061889542
0.8297987769709623
0.8237169995864848
0.821733861924287
0.8239104110405777
0.830634878451369
0.8422003462524791
0.8594003854568544
0.8800816182921346
0.900721090872686
0.9215039692740127
0.9399829257254155
0.9525355757067977
0.9559013507572108
0.9483718310808389
0.9304352887955923
0.9046054734831128
0.8745546879547175
0.8440162016189041
0.8159450181302269
0.7921894252575206
0.7736546435711024
0.7607590989789623
0.7538712529814299
0.7533984436484359
0.7594450171744338
0.7846327505223227
0.8304879250780903
0.8517138183959584
0.8574458019977385
0.7947268098621817
0.9994611187687374
0.918133187673
0.9262593032684217
0.9633345368927559
0.9848902214281604
0.975193056054658
0.9614576885615368
0.9425972512867784
0.9204453561715108
0.8977993820159333
0.8774706516540619
0.8616614287233184
0.8517866443740267
0.8483807887549328
0.8508800203985394
0.857508550729378
0.8655400955136122
0.8719196876547842
0.8740532828725752
0.8704869289252658
0.8612184978513046
0.8475700018511633
0.8317751385122525
0.8165109068817169
0.8054762468404754
0.7993203330755174
0.7976055936593109
0.8003225158344102
0.8078848537605603
0.8205913043186164
0.8393907317531849
0.8624869866693294
0.8852542404104783
0.9073665868442589
0.9271524159729159
0.9416629625025454
0.948031748983697
0.944599565840657
0.9315686790290698
0.9109686077015122
0.8859984740515232
0.8601046252677973
0.8362095489908326
0.8163376046433627
0.8016506995712406
0.7927371896911943
0.7899135575218047
0.7933149059993632
0.8027097149710349
0.8319803531337838
0.8787325748818154
0.8965412523015107
0.8956705691584631
0.8124882966416356
1.0406629646014018
0.958704426645369
0.9707469779287712
1.0185431405006382
1.0532095894946418
1.0491980272808938
1.0374782577699824
1.0193585182105862
0.9957599783927472
0.9693180917400042
0.9432057158581406
0.9202511856388782
0.9025329876110335
0.8910253430189904
0.8853264493770463
0.8837694446165506
0.8838680734567412
0.8829360771285092
0.878754790177356
0.8701055288822972
0.8569998387440069
0.8405853482190595
0.8228502460429225
0.8062666418515511
0.7944732403787428
0.787946671988231
0.7861306910047315
0.7889746811091949
0.796889963908928
0.8101736745113746
0.829841571611397
0.8542682478279381
0.8783953347674354
0.9015488464330552
0.9226392228414195
0.9393565080395613
0.9491818845799618
0.9504275031166703
0.9429187921140514
0.9281155120811181
0.9086757895229585
0.8877148549819357
0.8680997658195243
0.8520198684913628
0.8408891198105218
0.8354823867594714
0.8361283755242417
0.8427902360661202
0.8549704475876043
0.8873612008359785
0.9332215128067448
0.945911246966454
0.9384620176533581
0.8388392530093032
1.0810401199896844
0.9979607945162419
1.0158324487837287
1.0760312181944283
1.1252879865659609
1.1270994794450238
1.1168675889887336
1.0995473410288856
1.0748362357406636
1.044994199407814
1.0135925460000403
0.9841787306511933
0.9594410810209408
0.9405286952186684
0.9270425067833642
0.9174920556716505
0.9097729170773345
0.9016766335110376
0.8914092095765519
0.8779808170372811
0.8613702694810039
0.8424867538114059
0.8230147958279741
0.8051867425863138
0.7925874088773783
0.7855675739862009
0.783474560562684
0.7862328729613306
0.794234851009003
0.8077648563043849
0.8278290649206911
0.8527877659989599
0.8773800687383001
0.9009491527378407
0.9230109663462535
0.9418796048285961
0.9553553589317794
0.9616776490562865
0.9602405739652077
0.9518688271712414
0.9386030677899242
0.9231461565196348
0.9082344639524939
0.8961621251302084
0.8885579698296521
0.8863819092172569
0.8900215783606426
0.8993534777579758
0.913696907969663
0.948071338933094
0.9910998182844
0.9969633408788321
0.9836298437904464
0.8726307412200357
1.1186721316605195
1.0322321199424234
1.0572046412466634
1.1318331609749106
1.1989368838801175
1.21011070541981
1.2018749665958746
1.184150958878163
1.1574185132681805
1.1238724826716147
1.0873321234445912
1.05203519745272
1.0209415897872005
0.9949136709197043
0.9735809325170821
0.9558517128740196
0.9401695502304742
0.9248840982298946
0.9086385878602904
0.8906375953557789
0.8707673885503351
0.8496371854930893
0.8285841701801271
0.8095821218413666
0.7961681082686243
0.7885966548356462
0.7861318373985109
0.7886803894741482
0.7966017701160187
0.8101520359079002
0.830254872105053
0.8550846144008236
0.8792190016889736
0.902313304038542
0.9246418482468831
0.9451772693993729
0.9620422344638707
0.9734074772400766
0.9782416022920601
0.9767226638174956
0.9702247749945665
0.9609488164303146
0.9513869287716162
0.9438261175315266
0.9400240803316114
0.9410851627306377
0.9474716095718958
0.9590382556987889
0.9750062484620945
1.0103029159254664
1.0488496552111632
1.0467157743572688
1.0286286560509714
0.9119774157843061
1.1517448693097572
1.0578540411751838
1.090003425828543
1.1804691587100724
1.2685628346249453
1.292366363734526
1.2879706471248926
1.2710013900664636
1.2426129531887027
1.2056275439074577
1.164193280831277
1.1229517335518349
1.0851277931162082
1.0514860950409812
1.0218766018247052
0.995715298667642
0.9720236616949551
0.9496792929832435
0.927693244927997
0.9053809396508011
0.8824639296512243
0.8592126093046317
0.8366165915148801
0.8164123982295238
0.8021187459488986
0.7939120062613674
0.7909708396218363
0.7931820287462428
0.8008518932429711
0.8141896766865283
0.8339687734264578
0.8580373077087962
0.8807853485083875
0.9023675201034174
0.9239818763703893
0.9453086438524055
0.964814025123276
0.9806458716499644
0.9914191638071473
0.9967294722933319
0.9972980146353156
0.994763986796395
0.9912526045548388
0.9888930744691933
0.9894345547336277
0.994034968439976
1.0032050248753115
1.0168150452604727
1.0340662849522562
1.0695337741742335
1.1026235096168875
1.0922199749319796
1.0707850719376977
0.9544742474016664
1.1786577102442681
1.0720754470410976
1.1101600780816254
1.2163748565318515
1.326742813278972
1.3644530976793896
1.3649361977191081
1.3503203304170226
1.322009507658662
1.283256111211445
1.2384405905389955
1.1920050149083365
1.1472269064814347
1.105607731481559
1.0676332349176245
1.0332727277097062
1.0020573017531222
0.9732607406033303
0.946107403279865
0.9198963276201751
0.894125947595747
0.8687526858986284
0.8444960818983619
0.8229286971268314
0.8076009689120157
0.7986100543116995
0.7950238647981335
0.7966943869368404
0.8038369851948101
0.816588284285697
0.8355097239655073
0.8581069458378594
0.8786688754459511
0.8978587527341261
0.9178159628755592
0.9389353226140852
0.9600472208023336
0.9793483256872569
0.99522413455966
1.0068253733503565
1.0143127592437964
1.0187660902291724
1.0218499962732375
1.0253793672675378
1.0309267363155352
1.0395705874168886
1.0518014100203439
1.0675084080443908
1.0859339738082774
1.121233622236809
1.1486645851223216
1.1305391114286163
1.1073021971844883
0.9973893370197919
1.1980411775637596
1.0737511752391469
1.1155793266939995
1.2356585738476764
1.3671968534956926
1.4187303543703975
1.4245475694353504
1.4131883369676133
1.386131101463762
1.3468608679109415
1.299878133415389
1.249473698809647
1.1988814742824845
1.1502153979475223
1.1048279098299545
1.0633987018626225
1.0259345821521146
0.9919377212356661
0.9606337423294978
0.9311556359586944
0.9027714165934889
0.8752483173290936
0.8491935144947063
0.8261117031207749
0.8096115623448185
0.7996823592603397
0.7952381251805359
0.7960687834877765
0.8022377333132654
0.8137687753105227
0.8309521371664991
0.851166701652034
0.8690548302036794
0.8855627920015425
0.9034247348794845
0.9236451644427304
0.9454321629167031
0.9671179413759607
0.9870094052458618
1.0039943414341257
1.0178279529957568
1.0291032870128975
1.0389920860217874
1.0488773498364004
1.059998351424922
1.073207553811717
1.0888760898355812
1.1068804155248377
1.1265380208899434
1.1616566247268363
1.1837732383167368
1.1588488310158682
1.135311953152527
1.037771790010177
1.2087285459884614
1.06353770069258
1.1066567070836504
1.2372435038545129
1.3866186104886593
1.4505487535714947
1.4615140231277222
1.4536829387976289
1.4284988147334017
1.3895204968922745
1.3412466699461596
1.2878615151948363
1.232668430731615
1.1783216890031292
1.126997689868117
1.0801005845826457
1.0380524368601762
1.0004269450745547
0.9662597788095778
0.9344024429067781
0.9039347214673347
0.8745880748448366
0.8469917851872695
0.8226224705496561
0.8050915615685298
0.7942450562276919
0.7888189350430113
0.7885180287372148
0.7931953258900434
0.8027301491166946
0.817121953991246
0.8339928758141599
0.8489962871712561
0.8631283862263707
0.8791122074183346
0.8982886554551887
0.9202145078242288
0.9434354585931058
0.9663215491231939
0.9876750166326194
1.0070175298005548
1.0245760010316958
1.0410688396369345
1.0574048949187167
1.0743892005673552
1.092522704213799
1.111944616957889
1.1324540070199325
1.153445184190951
1.1884897766294196
1.205845026268589
1.174981836588584
1.152297476388566
1.0725591609226954
1.2097724840550859
1.0435660800025037
1.0859948612576178
1.2230093396783135
1.3853845218330683
1.4591931171101618
1.4745302717027398
1.4699246745358903
1.4467239012012898
1.408443999795464
1.3594652605267896
1.303827498519706
1.244938678838123
1.1859957248359494
1.1299588092312034
1.0789017805686798
1.0335898351238226
0.9935934501994828
0.9577191345526834
0.9245593575560221
0.8930597979834531
0.8629396613987146
0.8348177222688922
0.8100676223228224
0.7921507045253334
0.7807660799006725
0.7745113184338737
0.7730127169959528
0.7759096377874357
0.7829577353377604
0.7939334943709885
0.806961590266478
0.8189911281863025
0.8310451801734025
0.8454977764330207
0.8637167134832846
0.8855018467553456
0.9096393326792905
0.9346558608515448
0.9593947137094807
0.9832821186820289
1.0063067689241387
1.028827902112541
1.0513201032615638
1.0741286271671937
1.0973165508765557
1.120672252127173
1.1438180654014631
1.1661944558702755
1.201221140111883
1.2144156523462908
1.178299555616873
1.1568371970600622
1.09880818315643
1.2005838453404718
1.0167950545457751
1.0575450159317894
1.197022648801566
1.367085766973296
1.4477304531805888
1.4662931342196743
1.464191457122905
1.4426589743362723
1.4050999173905974
1.3556844528935483
1.298240290050853
1.2362541820315263
1.1734476742629505
1.1135214479570446
1.0591579400307285
1.0114255168607975
0.9699135685567308
0.9332940461041367
0.9000126394751636
0.8689100025292763
0.8395988102326527
0.8125300965006423
0.7888264705911271
0.7715870164118939
0.7603910278795037
0.7537978281938813
0.7513915275465843
0.7526626952147041
0.7573013810454738
0.7649618704023038
0.7742979591892991
0.7834149127749455
0.7934054779989728
0.8063125208097536
0.8233967528528786
0.8446036340300399
0.8689513270785805
0.8951708922113761
0.9222208107324436
0.94952400571947
0.9769423515942766
1.0045967873679638
1.0326278452090676
1.0609599650844865
1.0891662705998353
1.1165498956474105
1.142408030023336
1.1661602747978947
1.2011321833221043
1.2109327222329471
1.1703282083097146
1.1492258913248057
1.1140734090507425
1.18119371630075
0.9863291790649776
1.0255962098366727
1.1643169899709538
1.3371491617592166
1.4216146426754825
1.4421335695218909
1.4415899784003667
1.4211202863884531
1.3840017664802033
1.3341522671606403
1.2751402714167066
1.2104947597652942
1.1444208248721741
1.0812940634407988
1.0243387227452019
0.9749097810503626
0.9326758551236068
0.8962828117704182
0.8641102394086909
0.8348815491754084
0.8079988588067958
0.7836021483684947
0.7624345001285343
0.7470312067280833
0.7368858873486935
0.7306372668028195
0.7278703542708301
0.7280214945237006
0.730764603314091
0.7357050232483499
0.7419137532991258
0.7483652315705792
0.756220039515619
0.7672928184887964
0.7827417710308747
0.8026249687988486
0.8261906245383653
0.8524080833992557
0.8804080838630555
0.9096888939780279
0.9400945195629364
0.9716456297313417
1.0042884702016894
1.0376168602649085
1.0706960681291504
1.1021901462405126
1.1308492760577924
1.15594644985086
1.190778309260622
1.1983719989892925
1.154550579227408
1.1314720901858892
1.11681727481903
1.1525443242014912
0.9549167372839197
0.993982966440414
1.1297884653869488
1.3012739267453044
1.3867921752056314
1.4079926415788155
1.4079596868370172
1.3877822038911316
1.3506530381595678
1.300265994630298
1.2399370070372067
1.1732032351318662
1.104662985275347
1.0392431345157465
0.9806115149428154
0.9303834764948291
0.8883518389289355
0.8532059324335185
0.8232952836175463
0.7972047635737102
0.774063786560832
0.7536255662922091
0.7361872218607995
0.7235802053606382
0.7152431652286647
0.7099936683607484
0.7074513793366091
0.7070851081975729
0.708580660949113
0.7115392581979663
0.715315651801997
0.7194793976950463
0.7252174165147598
0.7341735402499631
0.7474275746909991
0.7651408123390852
0.7867888802582231
0.8116015079429676
0.8389321247038429
0.8684364104527625
0.9000590066845929
0.933873010881939
0.9697987045845943
1.0072424409439646
1.044810405829287
1.0804001322354413
1.1119250813365513
1.1382943483172645
1.1728490687169597
1.1799714535221213
1.1350303185251336
1.1065081894958093
1.106680784639322
1.1166611571891587
0.9247071888787811
0.9656705854280778
1.0975579856180127
1.264406714409492
1.3483107441756659
1.368856768271514
1.3681938472611392
1.3474539924364939
1.3098443694221742
1.2589379227344095
1.1978554503250527
1.130067743268755
1.0603599188725812
0.9939887981972085
0.9349272267083243
0.8850129337861519
0.8441931171723995
0.8112494816174739
0.7845317309579735
0.7624899958336904
0.743969432836325
0.7283196054777736
0.7153758365325501
0.7061922329294466
0.7001766010751072
0.6963924334645804
0.694516599638535
0.6941131960072384
0.6948973711197874
0.6965001471335268
0.6984689301131914
0.7007656649452781
0.7045456716603385
0.7112811783327859
0.7219642153956285
0.7368319064041301
0.7555620951885801
0.7776402799335632
0.8026708940525885
0.8305346689153397
0.8613832551913967
0.8954810589146752
0.9328850092762926
0.9729849570076442
1.014061254917033
1.0532306693565647
1.0873193597373267
1.114616481623277
1.1485685611223622
1.1572989291374771
1.1140826804801376
1.0769811064316595
1.0845192547281304
1.0765895717729859
0.8972413692619892
0.9426746959960974
1.070805668213974
1.2305251455639645
1.3100509154886595
1.3284551592597187
1.3259134157905585
1.3037420875710257
1.2653002497694517
1.2141890286675485
1.1534033926737337
1.0861825476225984
1.017138861211444
0.9515417353269914
0.8935165737013238
0.8451030814090837
0.8064467938030802
0.7764797014841982
0.7535991466998269
0.7361544605050615
0.7227310355165916
0.7122909349955787
0.7042156670038178
0.6987547875661659
0.6953018010278588
0.6932016480638568
0.6922037500434244
0.6920041636222474
0.6923650453343255
0.6929795437148523
0.6935614091445554
0.6943578747439064
0.696439817382111
0.701065912820811
0.7090883860807522
0.7207587247408458
0.7358997198239254
0.7542160285831191
0.7755612486792591
0.8000784562579085
0.8281945024159136
0.8604512479139238
0.8971411449926253
0.9377550477870381
0.9803817511020174
1.0214560616656594
1.0567117925199951
1.0838625212829354
1.1166272263012076
1.1289788151626143
1.0906248480022296
1.0443851961520345
1.0522370336701463
1.03608316017212
0.8736082206576312
0.9261826391705735
1.0518375907791464
1.2029023036789337
1.2753680731350552
1.2901043573680098
1.2844470455317931
1.2600725766973189
1.2206284295747993
1.1698800638049567
1.110746142233945
1.0460185052215885
0.9796938416092374
0.9166870596836095
0.8611360271547451
0.8152968178228177
0.7795830411188539
0.7531493223216875
0.7344994506348511
0.7219280492553442
0.7137966009751311
0.7087039965138658
0.705589327959964
0.7038965714024833
0.7030171485955286
0.7025897383552403
0.7024484267765566
0.702434443782092
0.7023765769997479
0.7020563121890786
0.7013814188939373
0.7008775316318998
0.7015097195443544
0.704273848620638
0.7098022467694703
0.7182629644499544
0.7295282183632257
0.7434513881983971
0.7601068498950462
0.7799114476740376
0.8035965184704471
0.8320025215686826
0.8656575034718536
0.904139179306445
0.9453439792168417
0.9851242344964075
1.0185767946107818
1.0436531967789133
1.0746382300007309
1.0922436158007391
1.0616498389362194
1.0091541122613539
1.012521314177392
0.9991445222731123
0.854716043591702
0.9167679680734985
1.0421205121154786
1.1841878382361417
1.2475615171554506
1.2574118481518444
1.2476852317906888
1.2205791671035464
1.180123522927553
1.1303241704368534
1.0740564367194443
1.0135179730765527
0.951712928162847
0.8928473860569066
0.8409457433054983
0.7985172629213836
0.766323874694009
0.7438111745145132
0.7296365815874329
0.7220725922195018
0.7192805641644887
0.7195122720774909
0.7212723588387125
0.7232186435147836
0.7247579299120912
0.7258233895590321
0.7263455377041691
0.7263056320335654
0.7256141347476557
0.7241448398930798
0.7220339488297416
0.720144078298577
0.719367484595901
0.720440628801361
0.7237224462903742
0.7291872344518074
0.7366177514266506
0.7458975079252077
0.7572628526333685
0.7714009090576859
0.7893567556284499
0.8122450959958442
0.8407439304464145
0.8743685439541843
0.9106709960925847
0.9450793940873878
0.9730918442059969
0.9940636024722942
1.022670039153152
1.0463170587227444
1.025516933721701
0.9715449467027738
0.9685365488683829
0.9695681952548907
0.8416610630126137
0.9146671722292314
1.042192793051195
1.1759671213927216
1.229321011153143
1.2336851188871627
1.2194562274042098
1.1894514687952804
1.1481185258061297
1.0997161073735455
1.047102400067109
0.9918656800775929
0.9358145452507296
0.8821645037091417
0.83472081511756
0.7962922508799805
0.7680575442909547
0.7497915286415945
0.7403149793442716
0.7378742838308343
0.7404253947678494
0.7458740512737028
0.752301998698365
0.7576346082550328
0.7613336345129668
0.7636296938143791
0.7645637251684334
0.7642415952798042
0.762654633342986
0.7597306586097645
0.7557990197663436
0.7520920601111027
0.749501530650981
0.7486153638447832
0.749592336616809
0.7521859856891541
0.7559510194060376
0.7606186249980037
0.7664642419255207
0.7744127358458199
0.7858216511025561
0.8020353425260398
0.8237474274662475
0.8501831354337094
0.8783831657825372
0.9038198443435173
0.9236679238170954
0.9391341113129686
0.9645024827100698
0.9937389950339843
0.9834042608996377
0.932470715632867
0.923571886271248
0.9505906635034215
0.8361934231547626
0.9201551437337896
1.0515817656997384
1.1781595053257379
1.2216829777544997
1.2206574439660105
1.2020917269468312
1.1694382290583933
1.1275466983567763
1.0809050628787997
1.0323800372436016
0.9830331758732376
0.9334351565239447
0.8856235034675138
0.8431337474724212
0.809147259249371
0.7853033191278637
0.7716905212923464
0.7672440179803068
0.77012688087001
0.7780445961509569
0.788543369822415
0.7993154221346561
0.8076750056846976
0.8132251545422927
0.8165138947177033
0.8177085471984531
0.8170197805612873
0.8144829857219983
0.809978968395202
0.8038554747314873
0.7976285097709896
0.7922490576323197
0.7883415724462424
0.786094172244003
0.7852239636362924
0.7851013930662445
0.7851674945986284
0.785526711508316
0.7872060972548086
0.7918172726952043
0.8008609101464891
0.8148768237288275
0.8325314991865514
0.8503165101065323
0.8646101829544094
0.875123908620117
0.8844921483405095
0.9057369398628077
0.9391014132126179
0.9385428550001093
0.8936556579577118
0.880635079919648
0.9446499705921539
0.8412088413828137
0.9340560234579314
1.0689568075543137
1.188816891796689
1.2234938256281063
1.2177750866608237
1.195590497563798
1.160960449081383
1.1190815417084696
1.0746379457590225
1.0305417840122517
0.9874600455632845
0.9447531723203649
0.9031419880554197
0.8659583711740558
0.8369003022036181
0.8180667762574867
0.8097652445472179
0.8109244922131685
0.8195059861352026
0.8328735446324307
0.8481882694077005
0.8628337076750273
0.873753913228583
0.8808592438172999
0.8850620668342468
0.8866553671783909
0.885911386119035
0.8827909975629327
0.8769398285875382
0.8684025485187927
0.8587988470299684
0.8491897491865041
0.8404097102411409
0.832911474560676
0.826661484629372
0.8211675492591474
0.8158063398170436
0.8104754455982545
0.8060762506801825
0.8042501271114022
0.806468549869312
0.8128550231865503
0.8211348072478576
0.8273903565198746
0.8300374667680185
0.8314525356899389
0.8349014990725494
0.8515435828704936
0.8871807276863883
0.8947661706898172
0.8572081838206558
0.8420684926265662
0.9531774407159342
0.8609018392366792
0.9582838788224379
1.092667712014292
1.2045584571409347
1.2316984811800664
1.2224089637336042
1.1977706947678834
1.1622275121704095
1.1212311706573068
1.0796250004891284
1.04041923214337
1.0040539529372954
0.9686940773429397
0.9335775781675736
0.9021492495973878
0.87884279107643
0.866083436397934
0.8641960347219587
0.8719198591654083
0.8868437282636685
0.9058485059549818
0.9256677897367018
0.9435325807127833
0.9564562421490034
0.9649446557522532
0.9703239954037685
0.9729124227755538
0.9729033653043536
0.9699317313759429
0.9631460518700516
0.9519221308979271
0.9378629765620446
0.9222479676150311
0.9062795300727162
0.8908246451811542
0.8762590030581666
0.8624928352396415
0.8492681887750755
0.836694851490683
0.8256724528794892
0.8177152709400041
0.8140401068184284
0.8140324502937574
0.8138072185343659
0.8090794090392325
0.8012912026323165
0.7949620854623296
0.7933224730890421
0.805487758630851
0.8416951540087674
0.8553995611669671
0.8250949523552601
0.8093404665395542
0.9815694790689142
0.9084138245824752
1.0037705641752042
1.126919616438388
1.2243166464554913
1.244023570346764
1.232249830454885
1.2066016818856862
1.1717420044176599
1.1332481302096487
1.096068213066874
1.0633678460859022
1.0355471315362004
1.0093391843163553
0.9822395651127379
0.9588862174341667
0.9444015080441168
0.941044787683782
0.9488493440278847
0.9661112121325046
0.9897426721587641
1.0158077647104615
1.04041627683632
1.0609362651441878
1.0755032082088394
1.0858961085221661
1.0937154082570064
1.0987734132466958
1.1008114057757745
1.0987203680443556
1.0908018161463837
1.075352282538494
1.0540607182732913
1.0286821467388367
1.001050300504021
0.9726646777066726
0.9444927660453647
0.9170502352750373
0.8907354511108395
0.866255537833
0.8448520634060439
0.8280726840026396
0.8169935184837713
0.8106807698551104
0.8039012422310936
0.7908175543104153
0.7749231298486524
0.7624314418466018
0.756529440761097
0.7643434739630908
0.799670231360047
0.818109550876386
0.7951707190534266
0.7794347282771202
1.0680229627975104
1.0572747681353167
1.1354399718375203
1.2044294615246174
1.252049181910168
1.2586274519795972
1.246155298705455
1.2233530212276456
1.1943787646930963
1.1644260651525924
1.1381508313063107
1.1184605614955474
1.105214121595063
1.0950642651407942
1.0878226566513385
1.0874222758476002
1.0971059273506718
1.1183402974219376
1.1505930632049228
1.1911445544063644
1.2351900944161458
1.276571561932121
1.3094573635685287
1.3318504369822683
1.3492563460050822
1.3662028514740197
1.3809378666667975
1.3911014588179573
1.3955994571917352
1.3920600800616427
1.377071216956187
1.3470849844257118
1.305065398930477
1.254098243118323
1.1974771552973213
1.1381230166945382
1.0783953168463414
1.0202119444905762
0.9652839871207559
0.9152719539521769
0.8717537827666654
0.8360013462907426
0.8086067734873753
0.7889275018995832
0.7742724604641344
0.7599798013718321
0.7439911308734516
0.7299600063207755
0.7218484511828849
0.7255664787922317
0.7577671733911496
0.78073496140579
0.7676779036957684
0.7503034337078482
1.2007784268462374
1.321309823448386
1.3718097368983597
1.339220919259254
1.2877059626651424
1.266569400741663
1.2538277901642585
1.238072150882081
1.2216616681384413
1.2084829894581588
1.202143622047798
1.2048773358784615
1.2172902948474849
1.2392429211274623
1.2711914888932692
1.314509222451744
1.3707044095905525
1.4402768721051111
1.5215749879124199
1.6098940945125646
1.6972818972295372
1.7737121359196293
1.830238285589406
1.8647234921874574
1.885193070490394
1.9010990508685357
1.9118539539012147
1.9140898221005234
1.9049072247885854
1.8807788917435688
1.8352475548466631
1.7635255086119894
1.6736488082985137
1.5710223147552986
1.461314409283059
1.3499419494718297
1.2417760377413956
1.1408558546334773
1.05011903254709
0.9712795181204384
0.9049273924091271
0.850804159824932
0.8081334854922538
0.7758800724945718
0.7528370175991775
0.7375018308256897
0.7279006396535661
0.7219849927832324
0.7189377967347004
0.7234122492168138
0.7532089881185982
0.784014015816477
0.7858002172242379
0.7614298603956992
1.2544923374089942
1.4780912103871129
1.5069042463399964
1.408831938450115
1.3018900019092792
1.2628485079198504
1.2480030616560287
1.2356022230838895
1.228042818240583
1.228979849437085
1.2418123288356648
1.2689330267656256
1.3114537624943612
1.3694770728965093
1.4429361822985889
1.5322575789820578
1.6380756859038736
1.7601119097952231
1.8956645461653268
2.038174134067357
2.1765971922481535
2.296600164048381
2.384382819654737
2.433046049066043
2.448272926208338
2.4476503533636884
2.436968593135437
2.414849481889842
2.3759965797648643
2.316331716200032
2.225939905380031
2.1000238197150827
1.9538920441203245
1.7959762681122375
1.6351776463552004
1.4798877517591134
1.3370470383735673
1.2113505277887053
1.1048813731005636
1.0173055864257161
0.9465211991849906
0.8895598255440071
0.8435686871697476
0.8066672112267621
0.7783006891001646
0.7587415970859519
0.7479522721969272
0.7445529033695566
0.7457737793630377
0.7541967213892761
0.7875826967764159
0.8329163012028596
0.8570129308154079
0.83046130080644
1.1653254265801876
1.3917801768923452
1.4216994025913356
1.3396390506460039
1.2502871775571596
1.2172799893891888
1.2022499748201636
1.1918848807089337
1.1905970231682932
1.2024415644208972
1.2307063955482223
1.2778686740552698
1.3455429322428258
1.4342568362787145
1.5297035828090932
1.6435251404029196
1.7767661437531994
1.9292551125561028
2.0983682529733616
2.277658840667337
2.4560205634439587
2.618338397440419
2.7483010637050715
2.8328374066114925
2.8649368156268764
2.8590029209586723
2.8253251591485737
2.7698679829743607
2.6897009846980504
2.584010991408277
2.441610001616605
2.2606194359525387
2.0650872955529613
1.8661206782779132
1.6746923087283105
1.50012249837218
1.3489479739989374
1.2244103539495328
1.1265937200816487
1.0530016522089878
0.9992668041478074
0.9597667255491906
0.9280972398897661
0.898031491461216
0.8673981671460708
0.8412050542578231
0.8245517800693318
0.817628107914623
0.8169837435045483
0.8224715183928728
0.8569384563447242
0.9110756355907961
0.9498884277771876
0.9513714594093529
1.074438954482241
0.9819149704165984
1.0157550591784386
1.0362934170766354
1.031819084363786
1.038691337303506
1.057534623467609
1.0939391091369057
1.153733970301497
1.2429403455992314
1.3674188261952567
1.5320544438688568
1.7392712391156908
1.986946476528168
2.266354587477461
2.561401620446176
2.850453480245745
3.110489674706092
3.3204034088224423
3.4617957364059566
3.5217157883872328
3.4977533940145826
3.4002058989260684
3.249234502895721
3.0875375950572796
2.9368768729869337
2.7948498010746357
2.6659404120162247
2.5411543099765166
2.4231240402101384
2.305721318089564
2.194326725220676
2.1020870580738626
2.026663501734577
1.9640732572912132
1.9090632604651954
1.8559551332943722
1.799716328416042
1.7369022401199499
1.6660865627428254
1.5876273123144427
1.503109891490895
1.415056755696087
1.3269053568611
1.2427117926206777
1.1664384623600983
1.1011518844232313
1.0484902094745623
1.0086268650972539
0.9665723129456092
0.9849623535940734
1.1362679715916868
1.461137128578501
2.0004701891680177
0.8948491866338266
0.8273023800862859
0.8530020154647235
0.8543206793661955
0.827934537458866
0.819550778060544
0.8287451389138965
0.8536902028833293
0.8994633344200826
0.971393690729559
1.075055691466578
1.2160077117723327
1.398856614650403
1.6252986131804406
1.8911889771784622
2.1831780150940636
2.475902816846497
2.7406089084514664
2.959290914054484
3.114347346783549
3.1927168497427814
3.192820895980576
3.1254141715912938
3.0095706513001974
2.8814885591453443
2.7600734377383964
2.643752417509333
2.536204907234956
2.4303870661298723
2.3307104423264717
2.235806974328271
2.1529549638142402
2.0902952624591213
2.0405615077583246
1.994587260319184
1.9432029012132768
1.8792662244623526
1.7993364477590512
1.7043463151129308
1.5990037342987784
1.4905812979373
1.3900659400663322
1.303634671005264
1.2207338417110298
1.1410949539175643
1.068067877723036
1.0045918366745388
0.9523351547897224
0.9117166740036332
0.8672545339777313
0.8827484213803469
1.006490912817616
1.241302550805822
1.6107946982496633
0.8052533321241937
0.7497008637417834
0.7666384160975098
0.7605743843457439
0.7295337430160517
0.7174717319020087
0.723331930282659
0.7432646399288179
0.7815727889563734
0.8424132489432815
0.929514595115588
1.0122774343162788
1.1237671787628236
1.266628064153088
1.4399955970612348
1.6376222782536225
1.8468140792973096
2.049260584344174
2.2242821389499334
2.35377824008873
2.426988101303961
2.442958058812588
2.409656839015061
2.340383340693661
2.2590612207895906
2.179167308254609
2.100705515025198
2.0277940755805055
1.9580422550002663
1.8962226332353564
1.8425400454816825
1.8019131793045378
1.7766197619927357
1.7587523363853632
1.7387726705104762
1.7074939148787132
1.6582919806085399
1.5888244183194848
1.5014756606500996
1.4023077056509687
1.2991018747227847
1.1994827271482675
1.109475035178348
1.0311822174015985
0.9628068380729012
0.9034732657263658
0.8537756763564149
0.8142792715633385
0.7850449365689208
0.7573834897070161
0.7763819318271484
0.8565636118444263
0.9856246169474779
1.1951250833958766
0.7757446387103938
0.7192384704496048
0.7273563489419101
0.7216175610471921
0.6931543654869506
0.6751330186305227
0.6716653097763823
0.675838830016205
0.689918580311934
0.7156093641347422
0.754230621554295
0.8075068901655088
0.877708667118054
0.9664942929845338
1.073386172033083
1.1945598506647999
1.322318803458175
1.4457655697601013
1.5529094927506115
1.6336494719538879
1.6823451815647665
1.698764466672449
1.687087995104734
1.6535543991450925
1.6093704210543551
1.5624062276702015
1.5158005263660617
1.4746319740696587
1.438323220624332
1.4094173040016373
1.3882579498610572
1.3774137930305839
1.3762347285763876
1.3790106373859394
1.3786963913054187
1.3681347404257742
1.3417491582408756
1.2971136273730977
1.2356308147575725
1.1619277483421677
1.0822836278840937
1.0028821507224779
0.9286114675880914
0.8627115609611212
0.8070489167666018
0.7620245148978396
0.7270092227935705
0.7016509848493299
0.6855606437142202
0.6774529897338148
0.7019956931350158
0.7469467026228734
0.8039007133243592
0.9046103274721623
0.7929874925630989
0.7293590316457204
0.7323204087565373
0.7336042639086943
0.7162525714323135
0.6988451902576192
0.690521983215368
0.6855741391896174
0.6867899851452567
0.6969047314388435
0.7179998767183378
0.7513492528544934
0.797530928539187
0.8563728062413909
0.9264474957245533
1.0043587313831273
1.0844353726861204
1.1593475468309866
1.2216925714116114
1.2659722788870982
1.2900057057420564
1.2950880576952029
1.2849605641818311
1.2642117857736959
1.2394769123566947
1.2135172618127696
1.1875246343472585
1.1653264192571005
1.1469883726597812
1.1340074768480568
1.1269815251404223
1.1276182332659093
1.134821466116854
1.144724036853789
1.1521420604217452
1.1514238631919702
1.1378698627411563
1.109179258218848
1.0661976222118568
1.012545277256595
0.9533373384141111
0.893670000417165
0.837518773234717
0.7873100868019777
0.7440586834198655
0.7080384414445988
0.680145246919014
0.6613739601968186
0.6516331589889842
0.6537218197266181
0.6843831749857792
0.7195026460328108
0.7548229684208144
0.8006419078341324
0.8183199018262206
0.7489666150450401
0.7494070344458778
0.7571553829955979
0.7495920117285748
0.7350067899323631
0.7254529596082683
0.7171383387834354
0.7131067345944123
0.7163399776389415
0.7289710978276664
0.7520630573063566
0.7857640000306865
0.8294743935208218
0.8816397979469222
0.9392239816809015
0.9974666052105982
1.0504608008048095
1.0925343512777812
1.119851114493718
1.1314161222717387
1.1289922510228434
1.1161108397355466
1.0968413718035
1.0771770155767422
1.0599174386089247
1.0450866001958001
1.0335417187628577
1.0249196030801941
1.0199751321095079
1.0194629056053734
1.0249469356629741
1.0354860322105488
1.048115048727256
1.0584406705346172
1.0615123019609671
1.0531610087718222
1.0313252323880826
0.9967316409109865
0.9525676971832348
0.9033402038947131
0.8535227429342945
0.8065681441673411
0.7645262513930003
0.7282045290024622
0.697848034919202
0.6743176918524629
0.6589936176180647
0.6522745548896766
0.6591112187309319
0.6934876267691222
0.7270608541884959
0.7575180412027267
0.773366250576374
0.8485844235251879
0.7737793951754429
0.7725590873392957
0.7871268732165515
0.7894736642189207
0.7784655404783084
0.7686821098580681
0.7583790337866912
0.7506480160145275
0.7485359964042142
0.7541910898687948
0.768623078062193
0.7918955256709244
0.8234050217433168
0.8617848597969019
0.9044076471019334
0.947158158012469
0.9850179590766192
1.0133442265146095
1.0292453200114253
1.0323499686428663
1.0246181422803107
1.0094401401226425
0.9906440048569146
0.9736694022220505
0.9605591083670549
0.9511083022187751
0.945736314853457
0.9442729362869577
0.9467242024775647
0.9521315649680726
0.961162211224292
0.9740864074701613
0.9886513748252335
1.000946093025403
1.0065311523990488
1.0016796639670804
0.9845592580123076
0.9558303428483005
0.918349025633057
0.8761499109853854
0.8332413388719483
0.792727036741562
0.7564856924321777
0.7253780742649157
0.6998603049589767
0.6807012873355663
0.6689635461629225
0.6651112309606876
0.6759015087712337
0.7132916929424703
0.7464139854754702
0.7737173665994934
0.7635840716147861
0.8859680495796933
0.805575987869211
0.8035859295045827
0.8261309339342875
0.839519011931188
0.832923315839603
0.8235471769355659
0.8118834178456303
0.8008889089107415
0.7935851152079556
0.7921689713659619
0.7977583285374377
0.8106168332213329
0.8304770617619566
0.8563863676907583
0.8861162427956594
0.9160029905415781
0.9416363281016406
0.9590858623687472
0.9660897500626641
0.9626413181141971
0.9507444445771761
0.9336085316505777
0.9148122574964451
0.8993102808657314
0.8885132117708533
0.8820127717696535
0.8800343775280914
0.8827421387505587
0.8906737464048055
0.9050659998760041
0.9162057984734577
0.9312138612530065
0.9475391274176305
0.9615902687153847
0.9693967532796441
0.9676401334546406
0.9546778487963508
0.9310711017658854
0.8993392508966515
0.8630838055812068
0.8259368302563759
0.790785660446303
0.7594920304553037
0.7330766340381265
0.7121826938958726
0.6974927207464173
0.6897019707874275
0.6890479748821352
0.7038902948908413
0.7438825328533458
0.7764384946037581
0.7995479907943143
0.7641065953076361
0.9291949174632974
0.8435463486632998
0.8422540060655437
0.8739158583363956
0.8991955675572785
0.8975676950331839
0.889103843947158
0.8765541775114439
0.8625514127098274
0.8500372452114491
0.8413279615653886
0.8378367778411087
0.8403271156831512
0.8491801957135302
0.8639356181554481
0.8825792801141747
0.9016734038919514
0.9172310917729641
0.9258598519184938
0.9257495034809893
0.9170984987150956
0.9018458885218323
0.8829718614621692
0.8637940788974499
0.8489135400525538
0.839299683864267
0.8343845756672186
0.8342586846040553
0.8391877986333541
0.8496224715674677
0.8661986942584348
0.8846031820403787
0.9025893100817326
0.9208594052064089
0.9367441155030526
0.9468485115715654
0.9482439181153424
0.9394110486919465
0.9207421604956424
0.894383036635793
0.8635193594640801
0.8314791316566427
0.8010405796064742
0.7741486719077074
0.7520176637289109
0.7354358495071386
0.7250100591356397
0.7211423368777709
0.7237779871858656
0.7426613478271805
0.784494756865586
0.8156245656790265
0.8333207568238928
0.7743486170699425
0.9764600253365037
0.8863190977966379
0.887746148999883
0.9296788791053129
0.9674402021607441
0.9708448931757713
0.9636282441976332
0.9506171558582178
0.9338439338171162
0.9161314086039812
0.9000082884627465
0.8873814445376865
0.8798184655010673
0.8785564408546005
0.8834091419407013
0.892276131259073
0.9018536361965802
0.9085706517601526
0.9095436013749398
0.903345096882012
0.8902913327243738
0.8721805597885443
0.8517168803990262
0.8319409685774455
0.8171884422900217
0.8081144686012393
0.804025305285206
0.8049231888784647
0.8111140227893676
0.8229795777630239
0.8412967921795129
0.863410981518891
0.8846269364733489
0.904993729478749
0.9228667869934711
0.9355255916957746
0.9404125330723668
0.9360566270155225
0.9225959448099883
0.9017419661595406
0.8762473963236534
0.8491624165638956
0.8232065983273448
0.800449833934062
0.7823051567354289
0.7696917604997431
0.7631739279796612
0.7629463235600801
0.768697603562256
0.7913488891305135
0.833874370234066
0.8619926234542179
0.8738726648324813
0.7942638046511551
1.0255457369387861
0.9317159155701279
0.9380768840870457
0.9915698218549946
1.0425679423907759
1.0504727535093594
1.0443564773517442
1.0314351495331784
1.0122947354919676
0.9895997576811498
0.9662060415861861
0.9447202128580754
0.9278560093120098
0.9176139349421205
0.9134730854204517
0.9131558459491265
0.9136734937129936
0.9120031429254474
0.9058145374743978
0.8940393669408195
0.8770483296802848
0.8564258720817417
0.8345403305365049
0.8141223964646347
0.799277172651647
0.7904209726175363
0.7867602715845724
0.7882387918825872
0.7951798249208941
0.8079304026831624
0.8273818576674162
0.8514441419662473
0.8748246315220108
0.8969328553447312
0.9167231686217996
0.93209580410364
0.9408183333264237
0.9413955046281521
0.9336301918320632
0.9187292361084272
0.8989638412725992
0.8770811566849327
0.8557319898276505
0.8371025549048767
0.8227922783085345
0.8138535310622479
0.8108553617912151
0.8138721471307071
0.8224064295637507
0.8483366609664407
0.8901470757821984
0.9130419482939619
0.9194496365601768
0.8234585591027095
1.0740112402873938
0.976506252948637
0.9895606679495529
1.0561076889134065
1.1220177170145382
1.1352850095377907
1.1276687115665074
1.1161519881571649
1.0951969586409644
1.0679084933625262
1.0375820750436042
1.007735244452543
0.9829116404724187
0.9647723057618334
0.9518867771012101
0.9423135999400561
0.9336918625568524
0.923678510240189
0.9105282942704148
0.8934973017195406
0.8729364599812236
0.8501314324470887
0.8270454251988756
0.8060615838306163
0.7910651001639296
0.782286793789877
0.7788587376644535
0.7806865686296697
0.7881003894780948
0.8014176341581054
0.8215574728600593
0.8465530085342814
0.8709185203878244
0.8939820328006782
0.9152403577979205
0.9331610949835205
0.9457935939328481
0.9515688301260907
0.9499019346195651
0.9414404457145363
0.9279158582400147
0.9117112167309881
0.8953479693187603
0.8810737824886823
0.8706357011059813
0.8652145957772809
0.8654285949816658
0.8713154633208633
0.882275198773709
0.9109454156455244
0.9506867106968759
0.9659554179058084
0.9675753064288968
0.8607604593019793
1.1193725261409764
1.0164778013645253
1.0369655188360056
1.1180407656639941
1.2014485344034742
1.2238047088929012
1.2196905522489112
1.2054254909518791
1.1816246973501257
1.1497782498910865
1.1128495086308994
1.0738826981434646
1.0437059098579407
1.017608105170577
0.9954973269967814
0.9762937920729814
0.9583694109743377
0.9400832173124836
0.9202425199561207
0.8983516842715064
0.8746425503845737
0.850009394213875
0.8259526438605078
0.8044944705773347
0.7893266769661929
0.7805473934611654
0.7772395083978149
0.779287356329625
0.7870248077268968
0.8007377309645674
0.8212885772431547
0.8465030741839435
0.8707064726779802
0.8936156424351246
0.9154651747473022
0.9353061828633448
0.9514510006231501
0.9622427165320485
0.9667032964594527
0.9649099901346968
0.9580198087525451
0.9479851351312971
0.937107245010913
0.9275993515583797
0.921279565083956
0.9194234898234387
0.9227203134371156
0.9312402412497932
0.9443642857245833
0.9753745973068841
1.0121214867776802
1.0179218843107936
1.0154720907362578
0.9041907675086025
1.1592210860494434
1.0470858710983697
1.074533035945194
1.1710601968538865
1.2744207910126162
1.3083701349987271
1.308129665723538
1.2945686580838716
1.268831319685375
1.2333780921176147
1.1918150695777094
1.148502649168014
1.1082086537056672
1.072431432779652
1.040480608400285
1.0115341297159075
0.9845382551309333
0.9584545427055172
0.932531350620023
0.9063959059908737
0.88004028965362
0.8538895133016986
0.8289749657967016
0.807007211879059
0.7915625410103856
0.7826621147251687
0.7793546184875123
0.7815155661693245
0.7894835142731323
0.803520619953725
0.8243738678135192
0.8492944109641861
0.8721434776561191
0.893496185722298
0.9146677442422679
0.9353409124534229
0.9540774000664243
0.9691430643625417
0.979209941495714
0.9838348616683911
0.9836197428657036
0.9800498034685997
0.975114169710947
0.970868952565453
0.9690866391632031
0.9710608258919498
0.977534720748973
0.9886509970705805
1.003842298281972
1.0370379366405602
1.0705163874942494
1.0661915914027724
1.0603576405019781
0.9511143978678722
1.1913019583047486
1.0645385223054094
1.0974352852517606
1.209199973246224
1.3336647861852704
1.3804681721347574
1.384755733768829
1.3731809500209544
1.347031479755856
1.3092903866005337
1.2640700600697137
1.2157410252523877
1.168080479515841
1.1233249935725929
1.08210820125566
1.0442671444123373
1.009293386631275
0.9766037139719823
0.9457049676177968
0.9161742366719992
0.887643390629111
0.860065725956035
0.8341223704602327
0.8113609518273466
0.7953709689621131
0.7861281809172608
0.7826303004419246
0.7847433383403258
0.7928046574074535
0.8070823115729759
0.8282351364854919
0.852610955590128
0.8729510241441673
0.8912374375256373
0.9103160894411618
0.9305084881856144
0.9505834275539072
0.9687452163802072
0.983394644530771
0.9936766836724775
0.9997250332120454
1.0025777470139423
1.0038495434151107
1.0053154965824875
1.0085594472055444
1.01477473241854
1.0246954881468053
1.0385373605392503
1.0558319665365665
1.0912342783199394
1.1217092825340793
1.107787844702854
1.0993461841131322
0.9983764751433843
1.2136099053791793
1.0668376730119773
1.103091872105245
1.2284263196174492
1.3730874043914818
1.4327186364128734
1.441798315382845
1.43284610060033
1.4072070331167073
1.3681925357150306
1.3202374512600514
1.2677958316771958
1.2145055716340412
1.162873640031919
1.1143883449903003
1.0697203078984163
1.0289227288537113
0.9916795889896252
0.9574636611228763
0.9255304795754274
0.895079855860884
0.8658174507741135
0.8384004746772772
0.8144178872130674
0.797556333252365
0.7877060680600692
0.7837516465346563
0.7855207444158571
0.793299585004767
0.8073575780348268
0.8283283295841554
0.8519049639395931
0.8692355605608914
0.8836449891782251
0.8997382791552996
0.9184478154064849
0.9387231665703679
0.9587460114332564
0.9767532687493686
0.9916277022889342
1.0031769629493386
1.0120725252946947
1.0195436307778185
1.0269905602290048
1.0356692898238165
1.046532732204799
1.0602037347866706
1.0769310124474456
1.0963665729482268
1.1339357797856426
1.1618136102223287
1.1394247440563814
1.1293250533705885
1.042388976618135
1.2245418856037116
1.0543019117987684
1.09183342686779
1.2277737371764643
1.3895976406887602
1.460656201973507
1.474212143408573
1.4680009651718582
1.443404349089384
1.403962514278447
1.354308606727203
1.2989455929573235
1.2415371228777294
1.1849235084449352
1.1313033552666032
1.082094060767021
1.0378105289640949
0.9981888179989825
0.9623458335789631
0.928946526453496
0.8968399923282329
0.8658739948217657
0.8369701206201502
0.81181443212425
0.7941136448944757
0.7835992114724574
0.7789881694108628
0.7800221471692016
0.7868206306335637
0.7995131065206315
0.8184636830258796
0.8396275982579611
0.8547459531170025
0.8664944450745095
0.8801055589685931
0.8972286841905681
0.9171523574780355
0.9381707820131451
0.958504798064935
0.9769406739116965
0.9931205919393882
1.007466392463086
1.0208647204215566
1.0343051219552164
1.0486173319748704
1.0643806355059193
1.0819789915719762
1.10161956594629
1.1230771164934372
1.1624541038838967
1.1879057125317314
1.1581610490849183
1.147340168554642
1.0792933232699737
1.2231033117385053
1.0293682867059977
1.0666474919022926
1.209489515210915
1.3839593553567986
1.464024951060829
1.4812540935564509
1.4774652668363664
1.4540947438823286
1.4148487691319909
1.3644322626631038
1.307264312141093
1.2469681640785488
1.186706898536818
1.1293626531052114
1.0770268606080162
1.0305544649172231
0.9895981003959324
0.9528993809025417
0.9187839558225737
0.886033670890165
0.8545855336749513
0.8254243841104171
0.8001763922132026
0.7823830537656271
0.7716222778788611
0.7664848488711961
0.7666131069737268
0.7718917312121047
0.7822125430728392
0.7975171865761054
0.8145658499501615
0.82762063275918
0.8382321209997451
0.8505466650872557
0.8665787282428136
0.8860724538858912
0.9076007243647486
0.9295264769616223
0.950682456616055
0.9706714228945112
0.989771719248456
1.0086050153645567
1.0277839973989151
1.0476813407514047
1.0683949480259631
1.0899161140770328
1.11229569517852
1.1354246748295667
1.1758400153379442
1.1987674302332123
1.162590406898935
1.1515067425361611
1.1053503891011272
1.209131399314183
0.9958184336370693
1.0321747503575724
1.178137041294348
1.360223442562976
1.4465180746612343
1.4663955163543407
1.464449666349407
1.4422116981147388
1.4035192457973464
1.353026901496861
1.2948899050252534
1.2325353021157992
1.1693955660298543
1.1090390296360018
1.0542010572149554
1.0060327390262815
0.9641436155117179
0.9271166207237385
0.8932501189170666
0.8613669195171438
0.8312871143669713
0.8037506450467694
0.7800965269132646
0.7634513530159744
0.7532820179339735
0.7481704802331294
0.7476949479663043
0.7515636659031992
0.7594924185231485
0.7711615226818674
0.7841090135776981
0.7945926663760486
0.8038488597268442
0.8149905989772513
0.8298979642582146
0.8486009219903753
0.8699866024011019
0.8926593096980494
0.9155934161725928
0.9384251866473265
0.9613602542339442
0.9848467860760654
1.0092185650196746
1.0344372091667842
1.0600408651776507
1.08541634958704
1.1102520546316628
1.1345314008141596
1.1749364620693203
1.1953358951752024
1.1538496360163504
1.1418891455136029
1.1175565884962715
1.1834723083382204
0.957796511347584
0.9934549380483576
1.1391727884429506
1.3240775365895816
1.4140121385325113
1.4355364510510888
1.434765918511509
1.4133768614246227
1.3753391494870153
1.3251722573375528
1.2666056549333056
1.2027202560352335
1.137189743176359
1.0742989069862043
1.0174245674050046
0.9680338083249386
0.9258078559050208
0.8893402731601422
0.8569725581206452
0.8274959161235178
0.8004961494442546
0.7763263473084813
0.7558950884195388
0.7416834930867137
0.7330756308490863
0.7287705574611956
0.7283279002581527
0.7313923630977953
0.7375835723440448
0.7464559671217659
0.7560610820580175
0.7638933219283334
0.7711875703334716
0.780526408509509
0.7936056924835799
0.8106144226086704
0.8307273586714727
0.852834465148859
0.8761174990486698
0.9003102658342511
0.9256235586977222
0.952452975409514
0.981014791083129
1.011001888953641
1.0413922864166405
1.0706939391655368
1.0978090594390932
1.1226870042716932
1.1619661730231254
1.1804378264728819
1.1357828486309967
1.1206687845122953
1.114280537705743
1.148038360923995
0.918979906741337
0.9549230146158217
1.0977140383842425
1.2810668331274735
1.3722661333346977
1.394482956782254
1.3941661745252245
1.373189394251017
1.3356970320959645
1.2860705771979417
1.227551245734374
1.1627832538255283
1.0956272908749314
1.0310310177203952
0.9729491455532563
0.9231635530201311
0.881504851736521
0.8466576406715336
0.8170030645558032
0.7912359144276222
0.7686536220215989
0.7491769944733021
0.7332313106403457
0.7224986358929776
0.7162988404534243
0.7135489618701683
0.7138237388208574
0.7168074518912261
0.7220689976022983
0.7291066906435
0.7362464702527362
0.7417060444227429
0.7467570025217455
0.7537176234866618
0.7641727998191687
0.7784341250135257
0.7959365160618779
0.8158642666141208
0.8376470215129475
0.8611857128710065
0.8868022094407864
0.9149934191080128
0.9460655161659299
0.9796893443001583
1.0144805327004511
1.0479315586313427
1.0774395608926652
1.102424282983237
1.1394838785194015
1.157499636007339
1.1136678252000303
1.091280745297356
1.0956418694594776
1.105694669559796
0.8820960375633543
0.9198941802398996
1.0579532627313004
1.2356581751053142
1.3253806060049604
1.3471094347198624
1.3463332788900626
1.3251593582393977
1.2879669032329488
1.239115986208146
1.1814864046622109
1.1172365113287608
1.0501156712972164
0.9854173459765562
0.9275187557823417
0.8785143410765108
0.8384606682845417
0.8062088307767066
0.7802092140873704
0.7590606524529238
0.7417751030269137
0.7278446451603745
0.7172043590888368
0.7106502571734215
0.7074484913827098
0.7068003247623023
0.7083170060761376
0.7117977619685272
0.716789673253245
0.7227864138615635
0.7282467997741287
0.7317836480384627
0.7346486692603373
0.7389743613283911
0.7462651324609889
0.7569294834006144
0.7706270567069557
0.7868173695547741
0.805190352267501
0.8258686696342002
0.8493833158272505
0.8764678543384111
0.9076940824924346
0.942955664735027
0.9808570742752964
1.018176862030119
1.050238259578971
1.0748176421100986
1.1086364930712895
1.1282064074746283
1.0903629324725486
1.0568653867951243
1.0634803438842142
1.0599820627667584
0.8487991949560528
0.8904919352658437
1.0232013379712588
1.191598207328751
1.2762441550394414
1.2958100627387248
1.2933662252093254
1.2712459695935134
1.2340785087703643
1.1863977410679558
1.131046943732249
1.0696944414661744
1.005321233018946
0.9428923723592115
0.8869905787445806
0.8400887041317268
0.80261018861773
0.7736972874839573
0.7519533981858878
0.735936078673324
0.7244123852420133
0.7164715324100184
0.7115649626237115
0.7095558228798508
0.7096577745679091
0.7113897807721634
0.7144139305832773
0.7186910574066742
0.7237768521314609
0.729218249970156
0.7335810208957843
0.7356972931883926
0.7366994738135736
0.7384859365714621
0.7424373181898348
0.7490080150358244
0.758032569108229
0.7692104649839402
0.7824878816544225
0.798245911328788
0.8172924420687041
0.8406737369832648
0.8692989969739537
0.9033716268719089
0.9416542300934296
0.980580713991988
1.0137981864782972
1.037244705449238
1.067728563631221
1.0907132586880242
1.062663013540305
1.0190502127018317
1.020977871576707
1.014748859500011
0.8198294605088043
0.8678395734631509
0.9961667676807774
1.1529309600208069
1.2288653699096765
1.2444405644872787
1.2390351441578302
1.215216462531855
1.1778288430467907
1.131696963037698
1.0799418071095332
1.0239240814887316
0.9652900457246848
0.9077550556569642
0.8557298857348072
0.8121566896793954
0.778028051215569
0.7529455489651374
0.7357787094551708
0.7251178183065767
0.7195343486965996
0.7177415047536865
0.7187101017589396
0.7213461751262488
0.7248073079527586
0.7289388145201396
0.7334644789967821
0.7385257167755251
0.743720324043907
0.7487090556202545
0.752246901185279
0.7533742763861594
0.7530054970385158
0.7526612394691535
0.7534707133879646
0.7558370005265458
0.7596955665332891
0.7649401424960577
0.7717699616906041
0.7808626490441063
0.7933541412329544
0.8106267712921265
0.8338919779754322
0.8635566606866292
0.8983660343059666
0.9343259034903256
0.9646578862684649
0.9859135729698106
1.014299088289438
1.0420645809991358
1.025756611752287
0.9780862988126802
0.9721174294817141
0.9737999683452095
0.7953787161415747
0.8523664100743711
0.9790182182152399
1.1239508621274854
1.1888964201849186
1.1991773219125248
1.1898265388020004
1.163732359624762
1.1259246518465407
1.0814801003495722
1.0338764694983476
0.9844664623116639
0.9336378415799514
0.8831431800163706
0.8365703463819565
0.797292748534608
0.7670709564708428
0.7461347971520246
0.7337190026394544
0.7285009655608082
0.7288880123831384
0.733232324312367
0.7400225442728892
0.747207050882753
0.7538915219367244
0.7602434613106928
0.7660579864519804
0.7716515665087467
0.7766885585342684
0.7809775529573493
0.7835856003515781
0.7838989171012622
0.7825977465534234
0.780673697886131
0.7788182111661405
0.7772178476535325
0.775774456741902
0.774499943898399
0.773854816807767
0.7748818717673344
0.7791123126383119
0.7882707257307067
0.8037793919445869
0.8260495977110358
0.8535570425584665
0.8820117497840971
0.9057700564439678
0.9233091511219396
0.9497367925318417
0.9826040190462152
0.9787263036354555
0.9341482088221169
0.9211246165703625
0.9406535004759116
0.7756473477275676
0.8441929105975978
0.97310094991636
1.1076981505822299
1.1609769584692657
1.165445655848917
1.1517348949933115
1.1231374055862846
1.084841248381895
1.042057944465848
0.9985124104487271
0.9557178583459748
0.913328305592757
0.8710765758876406
0.8310142730622175
0.7967006812467022
0.7708021514276776
0.7542958902898896
0.7468190761176324
0.7471357371967128
0.753483153545299
0.7638526128828251
0.7762587554069812
0.7877394366701342
0.7973830072239871
0.805679452935904
0.8125088541416192
0.8183466617773366
0.8229288532656852
0.826190522849541
0.8275279280007701
0.8267729850907272
0.8244735789219101
0.8211499174547017
0.8170062373322602
0.8118341983377918
0.8052334167916657
0.7971370007507665
0.7882666517848455
0.7801539433843451
0.7748362497977955
0.7744006879837195
0.780387920685627
0.7930406988461174
0.810498502889481
0.8287231701046937
0.8440085205769315
0.8564184539005466
0.879626336677226
0.9165959289282417
0.9245635892340849
0.8884454647599315
0.8719386243491742
0.9184224701479824
0.7616577634040052
0.843655799443195
0.9786121582309124
1.1047560498810485
1.1467931581906965
1.1456320770369963
1.1277530013874528
1.096860721246367
1.0582510959217517
1.0171476069687964
0.9773649741300405
0.9405774363557944
0.9061955596860649
0.8724343456106218
0.8394038827153417
0.8105070600886919
0.7893803430114542
0.7777585210068592
0.7756056991154652
0.7816892143471008
0.7940214171218559
0.8102221788035346
0.8278758299982742
0.8432507372432659
0.855517751861246
0.8655179413187049
0.8732433495376705
0.8793264042157732
0.8835548640758615
0.8859048822030352
0.8858656697662174
0.8834834890440265
0.879227612257669
0.8734683322598947
0.8663078260878714
0.8573476682777755
0.8456641139986545
0.8306359909440132
0.813071566327037
0.7951213070465268
0.7794707045736655
0.7686066056214894
0.7641209243947383
0.7659935657651277
0.7721406044513669
0.7792720362194657
0.7855918891609657
0.7921603771339355
0.8108244430856157
0.8501114001188657
0.8682400144325088
0.8432923120999782
0.8277274497101664
0.9097353728402761
0.7564395547563053
0.8520210254889303
0.9946269000087484
1.1131945413312934
1.1449812848172922
1.1389081480453673
1.117595076104077
1.0850763785561677
1.0466700988731674
1.007500692192502
0.9713312111331291
0.9399020978673074
0.9126172977686545
0.8868330268397412
0.8608834764821547
0.8378554395824093
0.8222880363763851
0.8164583120835958
0.820427704339594
0.8327943075165801
0.8512383354885408
0.8729902139802517
0.8953119676011853
0.9140043280964537
0.9285381004018879
0.9401902306462461
0.9491005019982987
0.9560599430198243
0.9607966241617273
0.9631166676686975
0.9620844080107728
0.9574862854355508
0.9497068258905791
0.9392303869863654
0.9264653188460772
0.9113978438020884
0.8932048814108768
0.8707230043742298
0.8442935072839871
0.8163996522691048
0.7903660457300687
0.7690890051125711
0.7541703328757762
0.7453017147643055
0.7403363346580828
0.7369488273023006
0.7348644592919457
0.7356800950490473
0.7491453292800501
0.7889047295875719
0.8148964443801965
0.8014420804118514
0.7905160282154593
0.9165333777433262
0.766256738988859
0.8721648831916344
1.0195831083076885
1.1292714190983881
1.1518970647024878
1.1420014942236083
1.1184457658680702
1.0854258213200922
1.0481547713752657
1.0115482371222404
0.9791912288316159
0.9527351533563078
0.9315196350218384
0.9125183694053924
0.8933203692994105
0.8770661709321541
0.8686211368415131
0.8702320753087253
0.8817303694081929
0.9013245437049612
0.9261978682163096
0.9531391899591959
0.9792659265130972
1.0004717539980734
1.0169606543317917
1.0305990673138548
1.0416162918175407
1.0508128954908658
1.057498792337335
1.0609410986556014
1.0592237253385879
1.051600459596908
1.0385028095482356
1.0207123744250182
0.999062269697204
0.9740523323232765
0.9455311590890725
0.9129599251112304
0.8766915435569138
0.8389808685100774
0.8032459179741616
0.7725422773606031
0.7483786185913691
0.7301267900152936
0.7156140077754697
0.7033797600093957
0.6942259711267643
0.6900166887598813
0.6984001994871608
0.737204220217389
0.7686840291630301
0.7653855798394188
0.7610654646273658
0.9450418827095048
0.8077940284572119
0.9162780274979662
1.0580732210114996
1.1517931614741534
1.1646512512118186
1.1519166067852675
1.1276816203241762
1.096021510425858
1.0618088333541191
1.0295564449387304
1.0024736620137926
0.9818464247804934
0.9666298275680308
0.9539302352991629
0.9427884765606496
0.936714637678105
0.9395062342221328
0.952652307583568
0.9754073921669651
1.0052378338359933
1.0384074315384182
1.070910699146326
1.0998251598251072
1.1224562164507141
1.1411593923822068
1.158512414402667
1.1739753495316803
1.1876917544990022
1.1979323454133202
1.2030579451725703
1.1997206231021036
1.186687760570501
1.164699537299897
1.1350629982772538
1.099188670857982
1.0582099392182558
1.0128839717578895
0.9639677169363564
0.9129474419781497
0.8624441213555744
0.8157119857113688
0.7755066709767756
0.7429640339976988
0.716958487813993
0.6949080496625082
0.6756274511962961
0.6606179375029857
0.6519969295285281
0.6553491306516331
0.6920098082593465
0.7273607759363239
0.7331375867548472
0.7361848476901657
1.038692092980849
0.9658848319738566
1.0546173674092694
1.1443334129523088
1.185583656860212
1.1808479958063653
1.1668392909616203
1.1464579818652891
1.122633028526452
1.0989956950629398
1.0789105227133116
1.0645627746342579
1.0564117864847558
1.0536114166029116
1.0558305161378552
1.064605341696299
1.082442987215908
1.1112169983280624
1.151105475464805
1.200018345621517
1.2534842725204496
1.305215157542685
1.3484899865503912
1.378064621882999
1.391135828566363
1.4219839272786574
1.450496194633782
1.4746590846904057
1.4944231792509268
1.5068905653513631
1.5089460890580704
1.495105312623803
1.464532520978089
1.418790930680864
1.3601692053937908
1.2912364375425378
1.214699033141368
1.1334905793336985
1.050904843418893
0.9705562097287826
0.8960588848686386
0.8305070360799816
0.7759508018624351
0.732985872267176
0.700408664652738
0.6751110032785358
0.6536851218081515
0.6358500415157073
0.6239425227006414
0.6218175427946934
0.6543762231632141
0.6928527573517878
0.7076578667955469
0.7154017862937929
1.1926975836906566
1.2660518707519433
1.307394291832057
1.2782176718649434
1.2161610215003387
1.1829254355763
1.1701136370790017
1.1599989573192626
1.1526353616413907
1.1493197222013547
1.1518428393332043
1.1617001735931833
1.1798332024900449
1.206950252391913
1.2440538311908962
1.2926517327688847
1.3543914334458995
1.4301799807757771
1.5190035379506461
1.6167881905757193
1.7158614087370005
1.8057305107395447
1.8756694315601363
1.9191201119414902
1.9394709153524905
1.9566194874944312
1.9766826322270705
1.9923647253074703
1.9996599709913305
1.9939452861288487
1.9690118260640999
1.9177025863473294
1.842877758186664
1.7474055722410606
1.6354033833424306
1.512209622285109
1.3840787410120414
1.2574047787976657
1.1377808206091076
1.0293407508413193
0.934596307472773
0.8546813127650149
0.7897670319393157
0.739426793987908
0.7028037568628622
0.6784686050636443
0.6637937929762707
0.6541712735415643
0.6458200034965247
0.6410760458437499
0.6706211753488726
0.7146391621243986
0.7377782946289927
0.7352256151469042
1.2696178064608499
1.4679536432080105
1.4630688780274006
1.3470507044298705
1.2269234355229865
1.183993319589302
1.1740017658906596
1.1696777208041305
1.1711367498169796
1.1805977277202215
1.2007283682610157
1.2337672024865716
1.2811626500980096
1.3435686843593895
1.4212024659043943
1.5143537749779696
1.62351118947409
1.7486774352315808
1.8879112282537505
2.0355751316822666
2.18116017873656
2.309833450361935
2.4055868057277143
2.456923231472046
2.4666872730009715
2.4671351079476027
2.4731079266520877
2.471957014645993
2.4558863241199558
2.4192081500573313
2.351924032676203
2.2459312512775282
2.1115460765191725
1.9561003903214882
1.7888254002313466
1.6197241073549675
1.4580605195377558
1.3108726807565554
1.1821204566292165
1.0727434708761907
0.9814465954667004
0.9058297884929629
0.8435213232525497
0.793031115687367
0.7540204247674477
0.7268165151888915
0.711418879905378
0.7062171142826736
0.7052382127469359
0.7018205033815909
0.734065690621913
0.7887271984019715
0.8247412499817468
0.8118510647044835
1.186222465562536
1.4207391433146768
1.415996483087483
1.308493248416297
1.2083335916672167
1.1835917331946846
1.1701214427589741
1.1610680553827362
1.1612038609623232
1.174573738879412
1.2044896511809566
1.2536175990649892
1.3239001336058036
1.4160394815062518
1.5259432006770992
1.640881855331769
1.7692301033762914
1.9144232966253965
2.0755019899080573
2.2477654386843167
2.4217388729146005
2.5835733656232507
2.7179263821927986
2.8128317273751153
2.860519977029463
2.8737985874038423
2.8623662853950336
2.8297676247908523
2.7725581042547818
2.68714240472338
2.5606879780135814
2.3877215001967826
2.1908815049095383
1.9837283482875778
1.780191319285502
1.5921446891359288
1.427808312733962
1.2912017499128998
1.1825256771112913
1.099093350342508
1.036416129803431
0.9892156465559668
0.9523116803186776
0.9213854758472219
0.8935538958775413
0.8480174335766036
0.8208372608644946
0.8091900549464086
0.8095810193164081
0.8024368475254665
0.8374666294754971
0.8940973597416109
0.9344168986641792
0.9399995469460249
1.0834599349705731
1.0036449136308585
1.040148753720568
1.0632693617522804
1.0628508561136112
1.0724307802479311
1.092346631320535
1.129423571989734
1.1894324782841506
1.2783387833658024
1.4019649790275959
1.5652500713191146
1.7708905637195407
2.0173568024153012
2.296746075021251
2.5935414005680038
2.8856451340569174
3.1482302764263204
3.3582950473200217
3.49704507469867
3.552621931529841
3.524111640842934
3.422732502095878
3.2687214514946494
3.1045789322349773
2.9516216672184377
2.807109675493436
2.6755895196315764
2.548065952035842
2.427601179969622
2.3085652834842154
2.197323092883579
2.1076496173760155
2.0371863670151162
1.981465247545245
1.934228964799607
1.8883987180547492
1.8375127948130334
1.7772036742415158
1.7060790585863022
1.6254900095970417
1.538286212444413
1.447593308822344
1.3566502004846894
1.2691550846463748
1.1890376707324573
1.1196669721595667
1.0630859437355582
1.0197312854876588
0.9722961062765896
0.9866200944846996
1.1465446358883236
1.5003573286711507
2.0958466622671317
0.8961559169523168
0.8409687529967281
0.8664956752268778
0.8680998856879929
0.8442841376265022
0.8372798263364117
0.8468875471553748
0.8723325142803382
0.9190669080458742
0.9927924837728105
1.0994110024716703
1.2447388213606578
1.4335624166300218
1.6676599648034993
1.9427864265705757
2.2454140174806874
2.551663644972219
2.832895310320327
3.0638525089218027
3.224339621736038
3.3021199190940167
3.2970978653002887
3.221544627365179
3.095874907522141
2.9584335109824633
2.8288622149982046
2.7053461199145774
2.5920288570482186
2.4817393582927045
2.3783928769928684
2.2791804299589495
2.1911792366004557
2.123952762259574
2.0711700644899533
2.024048922754643
1.9730554478871958
1.9099535247269381
1.8298003507878982
1.7321669830618986
1.6209866857277526
1.503048050623114
1.3858302700841232
1.3045990270120664
1.2222478268691226
1.1419728512413758
1.0673456443010885
1.001368574908406
0.9458517537826299
0.9013670587313601
0.8498114094214351
0.8670515220551636
1.0038147336265184
1.2608940580094976
1.6580081692499657
0.7968490249428073
0.7518122378543296
0.7670517972112211
0.7635500973556233
0.7408892812082222
0.7340256082004789
0.7414671188595637
0.7621654385453156
0.8003614911557586
0.858772270789442
0.9365304212716162
1.034429499063667
1.1592189213900812
1.3155973565092132
1.5033331987912413
1.7160032584154574
1.94008577944083
2.1559017943760233
2.3411596252331703
2.476380053972448
2.5501054587707523
2.5615527785833643
2.5195991966449074
2.4389042924910336
2.3462682286103558
2.256647134153586
2.17013193017827
2.0910649970380852
2.0160336414772564
1.949133341204097
1.8896933313923003
1.8425959141716073
1.8111456056577033
1.7879770520301905
1.7640059621232573
1.7301754808190264
1.679505415017845
1.6088652598650888
1.519727966777162
1.4175307462945583
1.3099814219284749
1.2051390506761717
1.1096945096793696
1.0266791376974733
0.9549433556980655
0.893117157484178
0.8411257850194019
0.799184499910053
0.7672983220591196
0.735404311408881
0.7554909562752731
0.8438008502169994
0.9848441995675243
1.2086912506604417
0.7573029115438271
0.7085455905401641
0.7137500506249973
0.7123493199653982
0.6964920818470809
0.6872218552828235
0.6872310299774665
0.694295265540508
0.711513247641836
0.7414830824695892
0.7861425548772036
0.8473075634275301
0.9269719037514924
1.026476475756334
1.1449854920509324
1.2780919365098082
1.4171824983972894
1.550175413939391
1.6638786281138933
1.7473159384299888
1.7945636830084484
1.8057290546809608
1.7857056014663892
1.741446075211691
1.6865390027978944
1.6310175223528762
1.577762610412415
1.531168797014078
1.4897986901723126
1.4560792715245379
1.4298903028215437
1.413732216050092
1.4074041037370004
1.4052410531461825
1.4004101481372442
1.3860153894543934
1.356600796163448
1.309571759816829
1.2458862566059647
1.169641731873835
1.0867540932995072
1.0033660293126323
0.9246392640291143
0.8542830806695424
0.7948037704289692
0.7474467728574771
0.7112853105524105
0.6850166438265357
0.6678555486457097
0.6574676090516862
0.6804950205742311
0.7286325930343017
0.7914491446352143
0.9011428923859905
0.769266190458458
0.7114769015266345
0.7111099743674933
0.7172589587721836
0.7143584964374425
0.7074689546238573
0.7034791767923304
0.7025512548040638
0.7083795646085371
0.7241787729987076
0.7521133810771067
0.7932645542978146
0.8478811685562121
0.9155036895707104
0.9944710824417075
1.0810126031274263
1.1688001151168497
1.24964133728604
1.3153258556885556
1.3599069352860762
1.38130259537474
1.3814400290185385
1.365060878340797
1.3380098009100472
1.3091542037585602
1.271516086786674
1.2384800843885988
1.2114818557489724
1.1891519308830316
1.172706895374219
1.1623026013485485
1.1594317180562468
1.1630381523332107
1.1691105327180404
1.1725851528785116
1.168115453709874
1.1513064531778299
1.1199584243591316
1.0747214033638264
1.018810993504372
0.956939640124948
0.8940015182060415
0.8340561503610194
0.7798702958602113
0.7329874133001633
0.6944656739686054
0.6656639450519671
0.6461840905636687
0.6353817208694181
0.6347094835430483
0.6624862036612927
0.6996803419641768
0.7393015671991773
0.7924045988529559
0.7937598321402515
0.7289145256111124
0.7257760503934866
0.7382809384566099
0.7455483019084649
0.7420600347222582
0.7371241736424788
0.7333043594628931
0.7344283760903044
0.7437077468174108
0.7631775990019802
0.7936040112424751
0.8347407430233492
0.8857083171603494
0.9448630274866396
1.0089988734959094
1.0728730601975598
1.1298743204913784
1.1736946266304726
1.200218630944168
1.2086624416574827
1.2014126881534635
1.1827981663842502
1.1575264594752361
1.1322945525699335
1.109701373294632
1.0896687389772273
1.0736350828224572
1.061180137004351
1.0532282452220907
1.0502238877858734
1.0533330962891718
1.0613038897974418
1.0709460914415032
1.0779858644704106
1.0778013791758125
1.0665746183899458
1.0424156865733796
1.0059329918634505
0.9599622019700136
0.9086132446984055
0.8561195900712583
0.8059644388361444
0.7605001884029925
0.721013855412443
0.6881458265348435
0.6627552903549356
0.6458985994024907
0.6375465015732068
0.6408327245515281
0.6716163581958011
0.7072600737203998
0.7416265571750693
0.7644050048749303
0.8251523372662931
0.7532560023161724
0.7481285259290726
0.7671489880155984
0.7841395593741496
0.7843895995120417
0.7794115491504322
0.7739484288605583
0.7716929080198088
0.7757295015926077
0.7879764084509367
0.8090646028125231
0.8386340556368277
0.8758887991574108
0.9196078660872462
0.967190519286474
1.0141149681655701
1.054715836231362
1.0838097040284982
1.0983330951605352
1.0981882168640422
1.0859259937232475
1.065590897125783
1.0414864509668935
1.0197949597571627
1.0026159217326793
0.9894476660672151
0.980736459838332
0.9759972553834537
0.9753040409686566
0.9784687396111423
0.9862241628950494
0.9975499704072553
1.0099335299293373
1.0196366000596246
1.0225655857410814
1.0153567905800427
0.9963768550311393
0.9662088916711021
0.9273932545017599
0.8835775850073645
0.8385051809197146
0.795256122614532
0.7559335781944918
0.7217676438288888
0.6935253818563505
0.6720276911474767
0.6581411896020648
0.6520736425334075
0.658464301070194
0.6916835069097692
0.7271236384570626
0.7581626360915769
0.754862502239255
0.8654685360849713
0.7857839003515406
0.7794787160351944
0.8061059880410125
0.8335712580203993
0.8381754994766785
0.8338113522152002
0.8272518482583242
0.8218771747212492
0.8206033247813916
0.8252792283459577
0.8365584837213416
0.8542898762954371
0.8782692729766429
0.9080835802316427
0.9415978380761748
0.9746328254974009
1.002119365194112
1.0196727263548628
1.024965602595081
1.018322269304815
1.0023082368906548
0.9806814962892474
0.9573834498016731
0.9379689540685734
0.9238715731327113
0.9144206161478585
0.9098567816182084
0.9101078449482578
0.9155269332335209
0.925501421459784
0.9377808143265758
0.9522031856176101
0.9671432445247304
0.9793197549808601
0.985114490968851
0.9815666554501553
0.9672433079106809
0.9426579254230887
0.910046979548019
0.8726388676816419
0.8337818264836423
0.7962893178805458
0.7621769219353214
0.7327635900074309
0.7089765646584569
0.6916023353816221
0.6812182734293674
0.6778696099987248
0.6874824813989764
0.7227324326098425
0.7580524445510607
0.7850335604771157
0.7561739877781364
0.9131877527762773
0.8254737635479485
0.8195281035385265
0.8550055826241786
0.8937357067870572
0.9032254784000356
0.8999377251423417
0.8925647519314083
0.8840811248001417
0.8772359424617636
0.8738837052769515
0.8748549733242009
0.8805159219911866
0.89192012861886
0.9096626583691179
0.9313941010621731
0.9529053583787344
0.9695994785932671
0.9777688457254076
0.9756617229414167
0.9638640111821553
0.9448496821326317
0.9220614016548869
0.8990843469141173
0.8809717018992727
0.8686668393671002
0.8613664388173486
0.8591700171914087
0.8621764170572058
0.870822384053787
0.8854534537866681
0.9031104451827242
0.9210009809586033
0.9385542134544566
0.9532200187476564
0.9619119258463944
0.9620370835987141
0.9522883434300723
0.9330374013144236
0.9061838080567234
0.8745633085457275
0.8412139433763456
0.808803731067049
0.7793759130933576
0.7543859106461964
0.7348727213121754
0.7215640112950277
0.714804829050472
0.7144056058096955
0.7274063649869614
0.763945361343239
0.7984244374615497
0.8205218097651787
0.7675736848048017
0.9659415738823329
0.87071750811238
0.8674156324744552
0.9130465455678705
0.9638927088457327
0.9785642667754132
0.9765425317759107
0.9684707181978006
0.9568255715620126
0.9442077173622077
0.9325777608011739
0.923091399796447
0.9168800613432629
0.9170429556916062
0.9244834861109987
0.9358180701047952
0.9469940248867311
0.9540224842219905
0.953875233170783
0.9452996185545877
0.9290424409506199
0.9074083814825683
0.8834899851801187
0.8605111778347471
0.8431181450038621
0.831882518940311
0.8258909527712794
0.8251415853492018
0.8298096297850985
0.8403026806561916
0.8573457298680148
0.8788478559292736
0.9001666457704312
0.9203480723618755
0.937571453246642
0.9493363597070587
0.9533881154669043
0.9484686261566007
0.9347265801967595
0.9136734603087
0.887749092539646
0.8597224991614443
0.8321783663452449
0.807234053278278
0.7864828810170175
0.771048401843335
0.7616114150931634
0.7583529122743089
0.7608849722463502
0.7772905861505203
0.814086912639466
0.8460899847145645
0.8633028289533708
0.7889277380057567
1.020785038267832
0.9191914418887493
0.9210125034243215
0.9780380770942917
1.0419916966548275
1.0618716422300556
1.06102110904619
1.0523758883441063
1.03767174631186
1.0193679833332105
0.9996609515449756
0.9802288946636655
0.9633127515232616
0.9539540846272512
0.9516497066247798
0.9527218304756875
0.9537098344360946
0.9513380094952189
0.943254997917971
0.9286447874210332
0.9083268581075099
0.8843547297918567
0.8594127829709541
0.8363317590027396
0.8193868982376681
0.8088493473676829
0.8037155339945165
0.8039092512785951
0.8096457799599258
0.8213012760377273
0.8397774965925687
0.8634287510705329
0.8871209714208736
0.9094742184307478
0.9290977484003391
0.944008847517268
0.9522365618999924
0.9524983157497493
0.9446437429544782
0.9297368953948179
0.909788480750188
0.887288381629598
0.864737195822009
0.8443188071596743
0.8277470075764005
0.8162248996532351
0.8104243853278047
0.8104393928587065
0.8157520581733334
0.8354601795330351
0.8714235816253896
0.8983535435579251
0.9114129864696495
0.8198329745253423
1.0746343954341135
0.9675647092472387
0.9762745783349805
1.0459228500259168
1.1244832115500387
1.1501103146068123
1.149938460655178
1.1408475224997499
1.1234254631486866
1.099883770671999
1.072791110976155
1.0446167400890713
1.0189957893156782
1.0005482960659753
0.9879375254571187
0.9783071080722909
0.9688812349759682
0.9571228157781828
0.9413330682360762
0.9210606669866208
0.8971002708993207
0.8711579381703018
0.8454354403621257
0.8223292116482911
0.8057552091186759
0.7957439062436128
0.7912291083549454
0.7920830606032462
0.7985447796898442
0.8109534721450852
0.8302633620264726
0.8549582122199991
0.8798213010209839
0.9034871700202581
0.9249843024749166
0.9427950365474127
0.9551823745876308
0.9607857182103032
0.9591033907490727
0.9507045035083578
0.9371264667711507
0.9205354394481013
0.9033000761096086
0.8876219132458624
0.8752978866327032
0.867606431258349
0.8652546460917492
0.8683312159780744
0.8762702231685973
0.899212240784604
0.9335352148415964
0.952315678264662
0.9621384673412683
0.8591366236061255
1.1246134113069388
1.0113517380569317
1.0274743816515595
1.110953508136492
1.2062278355838476
1.2396156503770612
1.2407982718264796
1.230942381965053
1.2109669576022224
1.182755479629268
1.149234141599561
1.1137119001727636
1.0802727372880534
1.0521432055133628
1.0287480907273694
1.0081630999530113
0.9883315948371975
0.9674587484794747
0.9444470165998264
0.9191151976026374
0.8921191469854529
0.8647115502161616
0.8385414024427877
0.8155517272948516
0.799332967854199
0.789749241154467
0.7857094600700241
0.7870590352061491
0.7940577813004924
0.8070007606583278
0.8267856356765823
0.85172650297707
0.8765768882673315
0.9003905222530818
0.9228134801486747
0.9428188576006958
0.9588829978533336
0.9695449452547037
0.9739377817599443
0.9721230704234862
0.9651396667601119
0.9547818390174945
0.9432157799918515
0.93258116721749
0.9246930681951463
0.9208802672780684
0.9219142519809271
0.9279518953681429
0.9384613596049163
0.9647497007117567
0.9972085785194011
1.0054163616275718
1.012540046814678
0.9048526884576972
1.1681124976508501
1.0454251320438575
1.068298262878093
1.1664670001757393
1.2805784851567914
1.324000923119933
1.3281305495099134
1.31842540847848
1.2962197039669459
1.263882935597259
1.2247561566001879
1.1826187260986571
1.1412753416773664
1.1034145802602096
1.0694094913658747
1.0382628812094579
1.0086714284454372
0.9795364394243018
0.95026397372597
0.9208203277229466
0.8915920745361249
0.863272154063305
0.8369218518158855
0.8140782806766612
0.7981124445676077
0.7888188121949665
0.7851190164719511
0.7868582063235705
0.7943278355898172
0.8077859217375778
0.8279744524594452
0.8525908533874434
0.8761425649084373
0.8985946918883383
0.920561564651894
0.9415710152113428
0.96029737284325
0.9751741518792044
0.9849914674936747
0.9893386019223367
0.9887764657923757
0.9847091558674481
0.9790361471733312
0.9737400569753661
0.9705590680253751
0.9708114927182347
0.9753283558481299
0.9843820399872045
0.9975416939553646
1.027493932121877
1.0585191842320454
1.055444184623083
1.0598342845050999
0.9542555852006129
1.2026734141853712
1.0652140399495655
1.0933585123338831
1.206217400932421
1.3403014382814056
1.3951711168861052
1.4031033749506263
1.3946829987002136
1.3712814218646339
1.335732360531819
1.2918690486309126
1.2437945618354755
1.1952039399803502
1.1487041666580822
1.105365569316126
1.0650945186937235
1.0273368378777294
0.9915784428152572
0.9575774864045145
0.9252938192066715
0.8946853198501841
0.8657957599801136
0.8391822538233297
0.8161714126078787
0.8001257158883516
0.7908552616155304
0.7873002173874027
0.7893252969509954
0.7972844460088715
0.8114763261096583
0.8325256635559094
0.8567232397295651
0.8774362177665406
0.8966127570373085
0.9164186601319051
0.9369233122527301
0.9569224856535561
0.9747225606955695
0.9888108669103485
0.9983830546808067
1.003599875043735
1.0055106528833964
1.0057171068655917
1.0059541488546726
1.0077660421596266
1.0123597824350663
1.0205750951072194
1.032806760327297
1.0487644025430984
1.0827242489033206
1.1131072266283915
1.0997033371517624
1.1011874437688058
1.0039651806449128
1.22599431583369
1.068031817219776
1.0996474251403099
1.225980018647671
1.3793667388283108
1.4457999228006182
1.457793442761651
1.4512314861221058
1.4275049187531479
1.3898000684087715
1.342369035206854
1.2895978752896884
1.2352569249161955
1.1820914336912334
1.1317291953068611
1.0848563736831953
1.0415668222896333
1.0017337459940547
0.9652010090856782
0.9315936177204105
0.9001113527349913
0.8702729720313273
0.8426528193529915
0.8187492689010324
0.8020937053010913
0.7924705033721304
0.788764549651068
0.7908459996742646
0.7991460110440426
0.814180810894189
0.8370909230861829
0.8623542358596394
0.8782920274144519
0.8920775141017036
0.9081767405795018
0.9268293596378484
0.9467678165133827
0.9661286186413862
0.9831444137148938
0.9967235319614387
1.0067520012062103
1.0140180339510712
1.0198444770681436
1.0256540060364863
1.0326761104775857
1.041874181323015
1.0539992710022341
1.0695319449259144
1.088334550359503
1.1263281838641772
1.156676943196885
1.134547367850284
1.133382892415143
1.050006644783782
1.2361930228004228
1.053882724827318
1.0873517234246988
1.224750085467601
1.394801250660516
1.471569469168633
1.487305492138608
1.4826950955775364
1.4592097346332111
1.4203502878602594
1.370689020274029
1.3147861790101283
1.2564738567633766
1.1987082948280576
1.1436807481700602
1.0927986019394647
1.0466945854087162
1.0054243395647497
0.9685697546049756
0.9348075329528672
0.9022071428815759
0.870685580515251
0.8415448261735363
0.8164925603943557
0.7990857470130865
0.7889439161738301
0.7848030843977646
0.7864710992221382
0.7943064042837343
0.8088560527181947
0.8316233076067624
0.858326478115639
0.8710510209139827
0.879972346705874
0.892436042508748
0.9088917011691299
0.9280861351561398
0.9480729594158219
0.96693437870337
0.9834175657665417
0.9972777551346351
1.0091720755696099
1.0202117503267762
1.031486945693925
1.0438134884133985
1.057764124798208
1.0738624303281707
1.0926034773727384
1.1140071345812297
1.1554261518846984
1.1857390237131624
1.1562434348037114
1.1531313949687743
1.0880043507441777
1.232219906964507
1.0253852190164645
1.0596364719819458
1.2048883977649771
1.3875571872755825
1.4725204410681345
1.4912698972218033
1.488354049076914
1.465417268592366
1.4262648003846587
1.3756675270434786
1.3181579104987342
1.257434670557207
1.1965843103227225
1.1383820515970324
1.0849398650814592
1.0372838712266426
0.9953632011785193
0.958186458964777
0.9239433670679353
0.8909935333696409
0.8593189491606973
0.8301539449646456
0.8051799819472096
0.787823666445662
0.7775787538043374
0.7730745200150633
0.7740137713099893
0.7805041461747636
0.7927250001142706
0.8112029973542578
0.832099886903853
0.8459186539462916
0.8551740791744155
0.8663082662213237
0.8814033801119309
0.8998897263211365
0.920078503091003
0.9401187879557031
0.9587451010865357
0.9756944984573407
0.9915928226699213
1.007418485114132
1.023963559706997
1.041587464683485
1.0603244018335507
1.0802710971667069
1.1018288267807859
1.1252112262203662
1.1687489055739742
1.1984531052987482
1.1625189859462401
1.1580979608459498
1.1136842987597684
1.214214518215941
0.9869013361691217
1.0215321341972203
1.171125158894875
1.361844364260911
1.4526846346018139
1.4736149731580561
1.4719854189328092
1.4497247667673547
1.4109539236751485
1.360511707435232
1.3026309175107207
1.240555526262778
1.177371595396333
1.1165438794034586
1.0609590124746928
1.0119840968600287
0.969442697386019
0.9320524605116766
0.898073659568307
0.8662112595037851
0.8362788037434263
0.8090801985537179
0.7859734718824398
0.7699826061414049
0.7605223805123182
0.7562354078157839
0.7567459722923375
0.7619527381784222
0.771728281184324
0.7860225731857694
0.8018517248525441
0.8137416169777225
0.8228515639967341
0.833240857090015
0.8471651183705767
0.8646126678423045
0.8843069527588286
0.9046668764222119
0.9245766783235159
0.9438266035914904
0.9630225422487442
0.9830470024107107
1.0044874330971338
1.0273159288498035
1.0509117820730536
1.0745904691185981
1.0983971995796522
1.1228413188883066
1.1667349663722075
1.1952098499944213
1.1538274975873641
1.1479905953222824
1.123665485698753
1.1836450026368623
0.9433153446909267
0.9785023985425256
1.1289997256378579
1.3232957067663995
1.4181044653983605
1.4405389950232212
1.4397910906572986
1.4182151328760302
1.3803026220004952
1.330861671031744
1.2735297429016257
1.2106989928507743
1.1454079357885154
1.0821060087500745
1.0245931875253977
0.974595481143706
0.9319318515923731
0.8952571194965931
0.8629028772984312
0.8336278396524569
0.8070181813276028
0.7834481820201751
0.763833074286656
0.7505374876063614
0.7428982464369854
0.7396896564768041
0.7404993504637613
0.7451480005809035
0.7533312245361629
0.7647410971217916
0.7769044587334311
0.7860871073717116
0.7933944672900695
0.8019469415774141
0.8137643630907379
0.8290616870308014
0.8469095097467692
0.8660740011352834
0.8857093637106358
0.9057365830900559
0.9267644928192146
0.949637206712868
0.9749062272612923
1.0024065261518842
1.030987996892816
1.0587202640574678
1.084409427077777
1.1088898200097732
1.1512620952405652
1.1785199902057086
1.1339045317312049
1.1249034654445231
1.1162668195740157
1.143173902867455
0.8989570616131707
0.935302833527335
1.083563440062732
1.2770018947468444
1.3741723236252739
1.3975490166078683
1.3972297710107837
1.3761884526707846
1.3393941268115548
1.2916212431583531
1.2357085508035472
1.1727793724947875
1.1058413468605288
1.040639907317673
0.9818860913435614
0.9316078461169573
0.8896796219055345
0.8547795285534932
0.8252727842217014
0.7998548463969085
0.7778496493099067
0.7592106097059197
0.7443810232217128
0.7348978688274286
0.7300165139127206
0.7287388647148999
0.7306454365537324
0.7355973552552857
0.7431799981640087
0.7529522616256601
0.762625751030629
0.7692855979368298
0.7741331142119845
0.7799671600902053
0.7886770105081109
0.8006073781948347
0.815110308620441
0.8312910684679572
0.848605384934024
0.8671618377328061
0.8876550116244459
0.9110158696676627
0.9379590817702982
0.9685139524440026
1.0015388168017234
1.0341962939824376
1.0623120079573862
1.085803700556716
1.124802991796585
1.1518605772532187
1.1095935164215134
1.092482161980966
1.0919670811236528
1.0963013316533492
0.856957795834918
0.8954250662732988
1.0388833724015258
1.2265479228781866
1.3233122265947583
1.3465909937642497
1.3459834761049634
1.3251060315342031
1.289394764649063
1.2437466202470961
1.1905080378273807
1.1294533938903282
1.0629674156257256
0.997721795965227
0.9392119198110066
0.8898084520268063
0.8495726330984803
0.8173305846026351
0.791536475478399
0.7708309906059998
0.7542898890774034
0.7414617230462972
0.7323123135742577
0.7274413217677276
0.7260139174937653
0.7273243548320497
0.7309641950904472
0.7369241660579798
0.7447212621446839
0.7538635797844528
0.7620626156447213
0.7667186214620005
0.7690747850531366
0.7718155285866602
0.7767776657439425
0.7844022839776402
0.794270897216342
0.8057878916256848
0.8186970891928305
0.8333293493723121
0.8505552974372196
0.8715146589017119
0.8972191124186604
0.9280723506604039
0.9633403498676224
1.0005212808314148
1.0331479000088135
1.054768092716425
1.088754686583026
1.117225118081484
1.0852302115586494
1.054206490912089
1.0533212947999222
1.0469093634042401
0.8190697313366855
0.8610654163710353
0.9983243623104093
1.1750783400251343
1.2659138864549064
1.2871318279409256
1.2854143825208524
1.2642955694762301
1.2293505741300113
1.1858025514010546
1.1364902446462175
1.0810490615410304
1.0197427958264758
0.9580075193260007
0.9019891084525546
0.854835482915158
0.8171564621879313
0.7881730655785708
0.7665757758530415
0.7510309570615514
0.7404128214400705
0.7338870192692639
0.7309371582638056
0.7311498579721346
0.73358317075808
0.7378568100592471
0.743585762511329
0.7509501930127975
0.7594450636022751
0.7686256460737784
0.7761794150646555
0.7795165849693865
0.7797654894937487
0.7794978934732717
0.7804885195270016
0.7832302829874106
0.7874842612346363
0.7929132590012199
0.7995371066490993
0.8079467094929834
0.8192699647615206
0.8349379423662697
0.8563005018009189
0.8841163756512203
0.9179519029413168
0.9554153866776286
0.9898438264220439
1.0115521416866309
1.0416428899436319
1.0728462363946834
1.0538884412988436
1.0119368556986397
1.0044188453838323
0.9988486390293683
0.785837014519851
0.8333891995053525
0.9650627579203038
1.1278240544542344
1.2081422728233915
1.2254345464787575
1.2214954476905426
1.1994849987172107
1.1648800760621065
1.1231914432124004
1.0780990163977562
1.0303721258744216
0.9788552080780989
0.9250377565449652
0.8741830653498535
0.8306545255791226
0.7962015870094891
0.7708096787004761
0.7536058357142018
0.7433835954460207
0.7388651843997376
0.7388495484284181
0.7423250870468179
0.7478114697757429
0.7542389840391039
0.7615595237961942
0.7694198074006915
0.7782162732273835
0.7874717660584015
0.7969020109495719
0.8043320974236046
0.807102879540137
0.80597789507593
0.8032267513249419
0.8004460839012189
0.7981032566305993
0.7960856754241905
0.7942859562940345
0.7930152703923001
0.7931919968468295
0.7962915617873145
0.8040933382839679
0.8182603195198495
0.8397713528494852
0.868201608741881
0.9007013334258197
0.9306788615126076
0.9520192906432388
0.9811883150608736
1.0159660940662856
1.0100201173665995
0.9660414296845589
0.9501353492929505
0.9556725430159015
0.7570027201666282
0.812904345591604
0.942112337691209
1.091348602183077
1.1597199720231175
1.1719285430936428
1.1646544647272619
1.141004431277381
1.1063606677264088
1.066353750147977
1.0251980203379483
0.9847090361592266
0.9440413516763677
0.9013730875554681
0.8582999690254057
0.8196265937804863
0.7888679643560051
0.7672347289411555
0.7544890471387049
0.7496239995211273
0.7512349045509656
0.7577574714287625
0.7676693109635891
0.7783978036434217
0.7887344866558376
0.7989544310976554
0.808739903171254
0.8186939600478843
0.8283921659333231
0.8377726200969229
0.8450700403067636
0.8478559858658249
0.8463244531973271
0.8420087819732162
0.8360632397361574
0.8288015496517758
0.8201603096160145
0.8102397465804261
0.7997056240576644
0.7899323847196832
0.7828716310660547
0.7807115030352432
0.7853795582158593
0.7979179412773413
0.8177213201378493
0.8416741445542583
0.8643131416262666
0.88214797773783
0.9095609068974192
0.9478113376119265
0.954497894335581
0.916912272909559
0.8953936904921667
0.920556395084012
0.73211487964604
0.7999049452255176
0.9316858370254318
1.069895736418151
1.1263836224938506
1.133097377140349
1.1219825555034086
1.0963248693163727
1.0614516584123523
1.0229667893795114
0.9852858688555054
0.9508045560032738
0.9194799437705005
0.8886472827710687
0.8554648573605135
0.8227317605527312
0.7960380294675268
0.7783509758113644
0.7701951845715808
0.7707580098147846
0.7784910424260054
0.7914621825576851
0.8076426456927399
0.8234020871343032
0.8374177131240079
0.8502830897967123
0.8617223841215884
0.8725180805113238
0.8822827926420904
0.8911199828171034
0.8977507166331907
0.9004602133689622
0.8991308053299141
0.8941714494023227
0.8858932670628725
0.8741930818818465
0.8588350323941703
0.8400703908602674
0.8190712343150134
0.7978937141962873
0.7791463755451308
0.765502119470915
0.7591080906645946
0.760942555681556
0.7701571692976261
0.7837032139832965
0.7975147150774351
0.8097932497606389
0.8331678096592461
0.8736478311906885
0.8918462876385299
0.8661604254541233
0.8445231960901707
0.8963563532932692
0.7114392827732559
0.7950663300025221
0.9345447547257413
1.0641741921285446
1.1094969702392958
1.1109278754031313
1.0961121069657545
1.0685779492082417
1.0335824176536066
0.9965819279236836
0.9619559221779141
0.9323049132078507
0.9081518828575219
0.8874545359554789
0.8651287719779603
0.8394671181431483
0.8174458797130851
0.8042671309178466
0.8011796083478111
0.8074590288864711
0.8213615518299549
0.8405940866685401
0.8626828970741276
0.8830899607667998
0.9004788513935061
0.9157928538836322
0.9288276226765015
0.9405551036255089
0.9506139776556128
0.9591951244394787
0.9651945173298057
0.9672334090735744
0.9650849309400062
0.95865918885103
0.9478769794381534
0.9321219040250646
0.9101286547052052
0.8818735003414861
0.84934926616879
0.8156230807038014
0.7841570342586465
0.758178373448103
0.7400107651111378
0.730473963186089
0.7284653415048524
0.7311799997764349
0.7358024912458441
0.741657399709562
0.7592914457843913
0.8002600996037992
0.8280529257241291
0.8165465863290956
0.8007345054288786
0.8856696421111482
0.6976238043231968
0.8002270592895353
0.9499626610493872
1.0719708575173095
1.1071019478547413
1.1039360342704059
1.0861202859381034
1.0573581462924564
1.0227555805531339
0.9875065257977841
0.955783970694957
0.9301238116623968
0.9111978517462462
0.8975069330414305
0.88432393624956
0.8669872559932243
0.8514423895881454
0.8444022854567785
0.8476197948578186
0.8603559608799947
0.8806375766188748
0.9058560315405196
0.9332517233403721
0.9577194429487597
0.9781456758989504
0.9959283609177261
1.0109999312478872
1.024586491212063
1.036299986218944
1.0462631317414544
1.0528374100882052
1.0539712566573576
1.049109813158204
1.0381561134317097
1.0214526794912229
0.9991483892179132
0.9697339299613816
0.931587041446225
0.8869720293206984
0.8401766832003584
0.7956987606657628
0.7573773441537106
0.7276700332813087
0.7071631278721832
0.6944792466412001
0.6870698525877718
0.683097379007655
0.6826280978944999
0.6938848835446252
0.7337882217336036
0.768842934541122
0.7711548592438762
0.7657428615873394
0.8906811564509951
0.6988375146243145
0.8189659632433468
0.9762552658392626
1.0891146959073439
1.114934178930745
1.1081971036752234
1.088566084093321
1.0597484157899102
1.0265551773723955
0.9937894163828433
0.9652771464138987
0.9432868116226775
0.9282726441654252
0.9186601882511887
0.9107378838563137
0.9018612408511512
0.8959241852581623
0.897983872216331
0.9097131000238052
0.9302857964624122
0.9574567893688992
0.9883398898639927
1.0201392190801084
1.0478034643939038
1.070917799764555
1.091540840610512
1.1097524714863252
1.126947189542318
1.142322223710576
1.1554748983699465
1.163484740631457
1.1632064716386554
1.1539237873832624
1.1357288472418268
1.1093407222430056
1.075491266846218
1.0339619581400008
0.9839099590653819
0.9268113712889001
0.8671700288310134
0.8103125568686655
0.7606254246340495
0.7206271550792623
0.6905963951792956
0.6688106311758168
0.652853206557398
0.6415805596282372
0.6355595671990887
0.6407400624970365
0.6785790814346302
0.718610882111672
0.7326330566306902
0.7396461702572509
0.9179455327386166
0.7372445666451231
0.8640333976954621
1.0181090911180715
1.1142897290632638
1.1297889313781733
1.1204162241181301
1.1006421812690668
1.0738567943533988
1.0442713179560583
1.0160370421040654
0.9924076449775285
0.975167123091053
0.9643673520977007
0.9585034180195636
0.9557882861391844
0.9565491971522012
0.963469871783405
0.9789574671603254
1.0034641024931628
1.035410636855832
1.0717601942368435
1.1089725459898168
1.144306013960661
1.1740031098232948
1.1998126258704185
1.2248681174696503
1.2487161704054457
1.2721711002766412
1.2932359005745937
1.3105677402007612
1.3195338208357592
1.3159416355447837
1.2991544215768054
1.2695914612633084
1.2283548154703052
1.1766804626215281
1.1155829231975682
1.0463554664692056
0.9718307318705878
0.896764355679423
0.82656895120104
0.76562038845204
0.7161757684209592
0.6780008469512495
0.6487528944915495
0.6257364597889339
0.6082015245436251
0.5971814289961073
0.5964370639470958
0.6314285856134253
0.6749314432840743
0.6988795509540863
0.7188565947767858
1.0131157438582852
0.903680195515641
1.0070826339595298
1.1106274988713127
1.1529015823691735
1.1491671854759309
1.138681962332345
1.1238573993040228
1.1065987723494135
1.0893253899387074
1.074520320791119
1.064138080303944
1.0592075249738186
1.0599531524183456
1.066533517342713
1.0798598755396536
1.101634374328501
1.1335102213567252
1.1759981822813719
1.227630823383861
1.2846554538604524
1.3414920603510636
1.3920960010747927
1.4321530561238507
1.46021720050866
1.488089399466146
1.5215009844938796
1.5541708223465722
1.5850292173308054
1.610545329051989
1.6280318695388798
1.6306806699326901
1.6138905716864533
1.5771102975468425
1.5208357966876718
1.4465379439757233
1.3567987723009662
1.2555151960082367
1.1479233792037338
1.0401873412427316
0.9385107505279137
0.8480777987692852
0.7722629065128453
0.7123111807176058
0.6673067538923155
0.6341326441123805
0.6081692935686298
0.586796179572973
0.5714245347524024
0.5641659043800239
0.5951685152381068
0.6415653769640732
0.6738538533797825
0.7023405383154805
1.1772137264448075
1.2215120192626334
1.2666221069566939
1.245679857143993
1.183078091616802
1.1488601097792785
1.1395557435963772
1.1368389519069795
1.1390992605042545
1.1452252312185545
1.1554179522059977
1.1707521613482603
1.192560615834305
1.2221797167557389
1.2610155844786017
1.3106637327219963
1.3727650616172162
1.448395896997537
1.537029805943124
1.6353920768457395
1.7368008042097045
1.8317268335461674
1.9100386154031657
1.9646663327763438
1.9938144188433973
2.0115225900518547
2.031075835643423
2.0518028502184174
2.06927934627864
2.0779187348699453
2.0721299499200265
2.043446042911537
1.9892441195744532
1.9084813866561967
1.8020876024626475
1.6739892721254623
1.5311608479779495
1.3823992727259573
1.236489850778623
1.1006783147090058
0.9799462814464648
0.8770437654436336
0.7929466769364246
0.7274048373915768
0.6793621968086058
0.6470930066641903
0.6276966370158361
0.6150729288018634
0.6021330507409122
0.5910350952256211
0.6209045987041742
0.6725606432533411
0.7089577654446738
0.7235794311322841
1.270114544015671
1.4508476715389838
1.4356669730721587
1.317799768261706
1.1949495923063358
1.1507818605867897
1.1463360122731818
1.1512140573988876
1.1622118841549554
1.1798925392280852
1.2063429063010904
1.2437898092843733
1.2940210332965933
1.3581169849920378
1.4364625199603114
1.5290837862966935
1.6360301601276837
1.7571939168193165
1.891187213159509
2.0335868546158493
2.175491473359364
2.303616045914955
2.4027991747327215
2.460538842803046
2.472472759641487
2.4529941872303014
2.478661760962567
2.4930165841864627
2.4940751110260906
2.4769335333023395
2.432727648336577
2.351291661516879
2.236991644099666
2.094096126381463
1.9301283068081654
1.7552084459182997
1.5802807634328275
1.4148681410932207
1.265433589775115
1.134961992292066
1.023626936850023
0.9300031437573316
0.8522949076071441
0.78920869598399
0.7402366624786652
0.7053317075690358
0.6842911333349224
0.6762946145961304
0.6797791005136316
0.6650061971503961
0.6996838230891842
0.7603820494257593
0.8035127252527715
0.8018040642555587
1.1985183386159826
1.4395698864470996
1.4195556318861147
1.3022297048467248
1.1929602231109302
1.1786324158162786
1.1673140667511401
1.1602878256716125
1.1621189284475952
1.1766222169549296
1.2070048214326787
1.2559981740153277
1.325792502047905
1.417622924807836
1.530699840612442
1.6560065520330642
1.7786952113950991
1.9116632571417718
2.0576508658989994
2.2138714287579107
2.3728886972422836
2.522968454723043
2.650838984853205
2.746509678339555
2.8023880287169725
2.8290511310851634
2.8348885781775617
2.8214017295935045
2.7851856948238116
2.7210628396172973
2.6159592550850284
2.461650968434161
2.2770035903945742
2.075436323080678
1.8716193210340182
1.6787035631118532
1.5063155985863466
1.359680580976644
1.2398392653160255
1.1445892205074293
1.0696866286262077
1.0099658735147898
0.9601458994424571
0.914979924131883
0.8697298918540253
0.8280606317152668
0.7985725037988672
0.782657738193887
0.7775548346428268
0.7832817564574033
0.8237289767639348
0.8829988574604315
0.9279289292540155
0.932926491324329
1.0856023832163166
1.0181134359288018
1.0573724108782196
1.0831959993202833
1.086404159613496
1.0980865751222588
1.1186161680473783
1.1557435637482953
1.215104337192023
1.3025288404934054
1.423717942164392
1.583561691750557
1.784891539589233
2.0266174635323955
2.3015931301237065
2.595101080969687
2.8852265355743794
3.1460929484847426
3.3532879981803614
3.4881414701019016
3.540170425710875
3.509654994075855
3.408111589274184
3.2552459677403696
3.092533757818386
2.940724826294465
2.7970613874967047
2.666199420261769
2.539435214783877
2.420151580082473
2.303238003630936
2.1955384654834793
2.1106466145865332
2.0460090666731556
1.9967452226039883
1.9559148629836107
1.9155356706841047
1.86824921803601
1.8091655263074382
1.7370818993471417
1.6542923477236775
1.5648198561976931
1.4723157678321857
1.3797014693338705
1.2901761928254067
1.207488009286214
1.1351563229671158
1.0755086128696567
1.029201772477831
0.9767771942236583
0.9867671951098371
1.1506833195365984
1.5198941581994
2.14550442416018
0.8971192226327489
0.8524169052847875
0.8783561580893483
0.8809110728324743
0.8594188028029027
0.8534938443965554
0.8633839680958567
0.8890622642908559
0.9361367938311362
1.0104453246148153
1.117993308554092
1.2646568164990823
1.4552372062255223
1.691506473496255
1.969251069938469
2.2751713758543626
2.5859486166152625
2.872555890006714
3.1075943363416894
3.2696980033479086
3.3469447124891167
3.3399367140167544
3.261472361200727
3.1322785536283932
2.991372458732941
2.8587596233379835
2.7327070705088605
2.6176429273369903
2.506396232170314
2.402761047072152
2.3034987602991
2.2153432410550566
2.1479842817021217
2.0954907021210345
2.0493331403547708
1.999837274464105
1.9381881578611064
1.8586097331591402
1.7599560090462045
1.6459691175385935
1.5242308119871084
1.407675767673959
1.3159675252560452
1.2313138954488405
1.1493846526575484
1.0728098886229935
1.0043829961982453
0.945900526229744
0.8979003560888411
0.8393090257092588
0.8590491119443482
1.0029078119675847
1.2712563573392004
1.6819129758119389
0.7935790986142757
0.7565420466480236
0.7710040598946658
0.7701257244897707
0.7540213279716017
0.7500766886656635
0.7574554291107144
0.777155566567
0.8135903681796129
0.8699902733184558
0.9484382677989023
1.051727571795249
1.1840916416994856
1.3487662627878099
1.545102466623704
1.7663337825339467
1.9984219438048076
2.221011425029335
2.4111071001692235
2.548688805353042
2.622078893590942
2.630652718315765
2.5837888272617695
2.4969334410264565
2.398538111552043
2.3043435267371644
2.2143826866126863
2.132933824884667
2.0560512313778596
1.987433800464687
1.925903847744565
1.8761517773163199
1.841900420833096
1.8161665772858784
1.7902274424322104
1.7551864843272744
1.7039035158906155
1.6327920042904707
1.5427672540339443
1.4388769757538986
1.3287788348475649
1.2207439556756523
1.1216412725488802
1.0347928387725194
0.9597037726506
0.8951181159268349
0.8406502956052513
0.7962709431338729
0.7619094476777325
0.7263264555960056
0.746933345987768
0.8388317108652642
0.9852587843931044
1.2168634569846222
0.7489106667819878
0.7058288412805441
0.709415425652201
0.7116395536067718
0.7046714621474974
0.700174442851927
0.70133916757794
0.7094028817054746
0.7282907722625309
0.7611852864514507
0.8103733896940551
0.8776320731218451
0.9645670922659579
1.072078402361348
1.1989309283591303
1.3402436665678965
1.4867728528967317
1.6256961382682593
1.7431227797237498
1.8276022153248466
1.8730790758410514
1.8798640943071983
1.8533047212815148
1.8012371815145514
1.7398954366712338
1.6803037123364195
1.6242642246554972
1.5754592470734727
1.5319538380428948
1.496056769991234
1.467377287494837
1.448322040702139
1.4389541096650216
1.4337147529562175
1.4259728270433134
1.4090470536686883
1.3775868988053346
1.3289027972885914
1.2636713689499448
1.1856508905422096
1.1005276908869772
1.0144290438968653
0.932707729900403
0.8593652341346213
0.7971274051818618
0.7474263043142169
0.709582652732574
0.6820071443163692
0.6636140856989325
0.6510448504337374
0.6721542496403493
0.7208057607858783
0.7856831204397868
0.9014385712213683
0.7578092662495071
0.7044277494746815
0.7024255274374216
0.712500696207901
0.7195906328192083
0.7183551598545201
0.7162561615356683
0.7176992975624092
0.7268355718905343
0.7469521082297605
0.7801709917541808
0.8274152649192035
0.8886300614748872
0.9630133740865519
1.0486291986614984
1.14140326195303
1.234550519686663
1.319311226927428
1.3869757090663801
1.4313577734339276
1.450489392127771
1.4467112247858671
1.4252782295533957
1.392022610671665
1.3531284186146717
1.314077117210988
1.2790662772283607
1.2502538163707575
1.2262094613626067
1.2081534674287682
1.1960501841238613
1.1912507783310313
1.192719178867017
1.19639459269585
1.1973197368048931
1.1903619411573536
1.1713317477236531
1.138099454166822
1.0911921698609386
1.0335670590680768
0.9696797368086589
0.9042977520213741
0.841534541262181
0.7843516385040696
0.7345078325069874
0.6927816949134924
0.6639760508588662
0.6439502803485618
0.6322382401278124
0.6292842095184714
0.6541911716459619
0.691032891350414
0.731782479538622
0.7906484693924007
0.7817609897141694
0.7204987382279233
0.7157733663002468
0.7321811272280484
0.7498352540820111
0.7521253333852992
0.7493165543494927
0.7484294223973563
0.7534155443009829
0.7673705734339836
0.7921747751814363
0.8283637006824969
0.8753425000085193
0.9318997239622425
0.99626743792251
1.0651416407887846
1.1329538037435536
1.1926073345043775
1.237384863993359
1.26303923209153
1.2690023634941043
1.2581484314357518
1.2353935167406356
1.2058597294646551
1.1764290349494302
1.1498168016918502
1.1265685843162525
1.108199985712876
1.0939249680923329
1.084589241943443
1.0804146363147564
1.082328391452783
1.0888843465331743
1.096759841605959
1.1017580440575572
1.0994713765698296
1.0863132040956947
1.0605103855392146
1.0226005295819183
0.975196489288646
0.9221555190966374
0.8675600992010772
0.814915872963471
0.7667657447570835
0.7247019558805469
0.6897184376149498
0.6629108436643182
0.6449907012227917
0.6354531990190637
0.6360578357619877
0.6635522222145586
0.6987241706623459
0.7339951713804654
0.7625637082517395
0.8138501423096525
0.7445332469507835
0.7377391456982149
0.760481120942384
0.7877813273023523
0.793683239412155
0.79114657897864
0.7890544106477644
0.7909905337599471
0.7998271943005205
0.8172462484718112
0.8435807558331945
0.8780829363030671
0.9196773630151823
0.9672883237830484
1.0184381406720846
1.0682927679163208
1.1106904213895041
1.1400820595577794
1.1533481819981983
1.150669549434528
1.1350917633872837
1.1111649262341845
1.0834959202097856
1.0586519510017154
1.038710074666509
1.0229913227834335
1.012005275532848
1.0051554896455202
1.0027933199114276
1.005031333325728
1.0123061029600857
1.022930803271832
1.0341734101920432
1.0423777580561167
1.0436699445120579
1.0349271533790525
1.0146537735023577
0.9833914845070632
0.9434832608555808
0.8983328608378724
0.8515212622118331
0.8061274427847073
0.7644195171627436
0.7278963830207387
0.6975758934881154
0.6743483457862861
0.6589112172010728
0.6512408133782899
0.6543878129995468
0.6839752017268762
0.7190360283872854
0.7509309492117284
0.7533947371816506
0.8560489582695741
0.7775280169379922
0.7693104446390723
0.7993346705365637
0.8363408698730416
0.846757871814091
0.845344398194719
0.8425193621884827
0.8415226135359885
0.8450157725021628
0.8545312730347946
0.8703315994965884
0.8918010401028502
0.9186390888698358
0.9512337080578501
0.9875716215790411
1.0228902835297273
1.0515822423903316
1.0689721788900737
1.0727720199061557
1.0636465276049805
1.0446503311397461
1.0199671463171036
0.9937459894724053
0.9718253677071282
0.9555805390642448
0.9441486898025887
0.9377717486291849
0.9361971591509836
0.9397334127000125
0.9482446574681298
0.9607347060487519
0.9752082080828752
0.9896399853448328
1.0008811805112796
1.0055415618252477
1.0009018708055621
0.9856770880748011
0.9603608046940899
0.927015357177841
0.8886366607443729
0.8484023861754169
0.8090985189688207
0.7728665550128013
0.7412447479518498
0.7153602489810269
0.696060254801932
0.6838154086903107
0.678514462548623
0.6842606954617853
0.7154863413927948
0.7507135793974127
0.7786391400283469
0.7553164314432829
0.9066807851626357
0.8183033260564994
0.8101029687582507
0.8485875130539102
0.8959561522433072
0.9117954413201969
0.9118746409007109
0.9084187866018341
0.9043296016285571
0.9020854031411549
0.9031520054875256
0.9078441009067743
0.9157771633875077
0.9282988503169791
0.9485256611358159
0.972800990792423
0.996106560750344
1.0134679496690895
1.021033045587416
1.0171942221259842
1.002925785390264
0.9811720711465186
0.9557315127327665
0.9303232469128958
0.9101852833071884
0.8961694634232106
0.8872956697192269
0.883657989131794
0.8852230510224749
0.8924163123455535
0.9056657664893729
0.9232319749605685
0.9415690632120953
0.9591299073797129
0.9733678104980922
0.9813931432411974
0.980840566578783
0.9705531947583971
0.9509014322785472
0.9236359752701867
0.8913774096383749
0.8569919605811687
0.8230985086803096
0.7918286175727457
0.7648109826563456
0.7432458659532056
0.727919212592494
0.7191129929679888
0.716530369892778
0.7251715093861771
0.7572160467848642
0.7920706046472301
0.8153473202085292
0.7674426543036008
0.9629487721774648
0.8650447069541866
0.8592439888887008
0.9074636792763272
0.966470415687673
0.9881460712763656
0.9896777594014425
0.9854697634533366
0.9780538877742138
0.9697786951917076
0.9621927294522554
0.9558987832646452
0.9510236345808094
0.9512458449639684
0.9608833687853284
0.9740656120246565
0.986262586413086
0.9932494244389006
0.9919486766952738
0.9813145564705729
0.9625004545660388
0.938253658262537
0.9119662803740555
0.8869391723008659
0.8679121772339117
0.8553237802115995
0.8480904377099653
0.846195011730093
0.8497118596394307
0.8590736258962485
0.8750894570386625
0.8963485883691057
0.9181631231867763
0.938705838174883
0.9559209560337374
0.9674195281843906
0.97114351352431
0.9659823741919393
0.9521033097751996
0.9309004847188199
0.9046254972358406
0.8758839437261243
0.8471954323480351
0.820728060206829
0.7981996495328917
0.7808547033289449
0.7694239087737951
0.7640547780405386
0.764295886978976
0.7760954371731086
0.807961849756571
0.8408346463010505
0.8596789327463679
0.7895996007092687
1.0213245359728829
0.9153113050376963
0.9145838288228032
0.9736658451133983
1.045567888918202
1.0732394224660988
1.0760575013637625
1.0709793831991934
1.0601481575700868
1.0458521637687972
1.0299171349300411
1.013606812383592
0.9984491940955577
0.988901761448078
0.9870243955483633
0.9886447848698025
0.989626807186337
0.986393590849253
0.9765595048213938
0.9595330950765556
0.93653411974682
0.9100264179789608
0.8829459422333579
0.858148908507467
0.8399144262042493
0.8283350895066453
0.8222384251152439
0.8215205989711003
0.8263126903087944
0.8370232779559604
0.8546482852864378
0.8780684196953693
0.902289026032735
0.9252550145444635
0.9452089308050589
0.9601822055664566
0.9683591058338044
0.9685988939952513
0.9607920398782854
0.9459241792710541
0.9258552309216131
0.9029299599371295
0.8795732675236833
0.8579820413399424
0.8399436069416225
0.8267403207662134
0.8190818555201711
0.817049786242131
0.8201011655966353
0.8352588744818645
0.86614555791297
0.894112581504416
0.9096017165218878
0.8214083604052571
1.0782277471779338
0.965771714660805
0.9719357428756699
1.0429843323275343
1.1292560976189983
1.1631300928188795
1.1669860119666944
1.1610462986827492
1.146979811636906
1.1270206474852045
1.103416656742125
1.0782926409583755
1.0543189885412145
1.0351717981715975
1.0218279232289051
1.0116247466728405
1.0012656498173718
0.9879262197631876
0.9698880539441019
0.9469273845746714
0.9202240854216057
0.8918637537741301
0.8642563282973497
0.8397717786413001
0.8222383826602541
0.8114668035503331
0.8062247829287232
0.8063462276310688
0.8119950448082388
0.8235411043588496
0.8420438175436621
0.8665056616996955
0.8919564296565036
0.9164480999718839
0.9385589343147519
0.956699857902524
0.9692463114963387
0.9749720317746038
0.9734389392643906
0.9651811436830037
0.9516314596017033
0.9348395045581053
0.9170956400040304
0.9005811511588133
0.8871183799549976
0.8780260329917975
0.8740378522514345
0.8752489163091922
0.8811027567387043
0.8998870866137225
0.9295014783501627
0.9488270836060044
0.9622878294121436
0.8617640699924141
1.130569332144953
1.011859447872691
1.0253574717207414
1.1095349524452678
1.2120636867805314
1.2531967494157936
1.258180169898281
1.2514575457225292
1.234484283902671
1.2093865418430993
1.1788561975090994
1.145766200424159
1.1132704859161435
1.0843330278318786
1.0597428543694278
1.037914929797157
1.0165353134984465
0.993617214370372
0.9680773419312609
0.9399664875243691
0.910314646325214
0.8807291937319152
0.8530222392688516
0.8290494440137024
0.812216925711306
0.8021410646979815
0.7975769604703888
0.7983262113875419
0.8045779214352072
0.8166495719430469
0.8355525080352522
0.8601992337415915
0.8857253775072058
0.9105887934565425
0.9338862347097925
0.9544484816144168
0.9708288922602191
0.9816927665305978
0.9862555557659518
0.9845855349508781
0.9776678126863569
0.9672194454500863
0.955338833319606
0.9441240710303038
0.9353772880685512
0.9304366865676937
0.9300956943522917
0.934539774136132
0.943279176398248
0.9661494415261777
0.9948591124673084
1.0026289883729096
1.0146900673066401
0.908708012872955
1.1757594469490245
1.048122212820754
1.0682447796991301
1.1664904328474726
1.2871934705863288
1.337412639190526
1.3446816434756996
1.3376733467615745
1.3180694819949028
1.2882732826266523
1.2513927394158963
1.2108231300939931
1.1699069772778317
1.131317555677065
1.0960479535688281
1.0633982751814384
1.031994887398048
1.000651682101901
0.9688307341041988
0.9367444903560291
0.9051585222426913
0.8750987773115366
0.8477211522556175
0.824388438216556
0.8081884027874983
0.7986690394566032
0.7946297544907659
0.795874720403738
0.8026241971182947
0.8151317640812665
0.8342302773703109
0.8583831475026614
0.8827390753324548
0.9065157016579208
0.9296182835855481
0.9513829060112373
0.9705428800649417
0.9856503575632338
0.9955865459889116
0.9999787020361398
0.9993831525612596
0.9951763925539726
0.9892189017734421
0.9834499460541799
0.9795728965887246
0.9788977643877268
0.982284226120631
0.9900637810314042
1.001879117735112
1.0294615450979945
1.0582232242721177
1.0540620465426696
1.0639929680561275
0.9594793837518384
1.211356281146794
1.0694849312568269
1.0948568373668774
1.2074133093654948
1.3473710834246935
1.408021737858244
1.418501950657773
1.412188782987411
1.390719748136032
1.3569454081668335
1.3144868392706552
1.2671852331336817
1.2185698793845336
1.1713209627368888
1.126773786933632
1.0849887824518198
1.0454096296844926
1.0075147714422332
0.9711682811297422
0.9366193992572454
0.9042384667929687
0.8743365376896476
0.8474013248563506
0.8244680636448186
0.8085654028815668
0.7993187654633821
0.795605515656352
0.797264472098005
0.8045798986176728
0.8177826851985538
0.8374254420351442
0.8607388492769045
0.8824197907723422
0.9032512880759354
0.9244294281066668
0.9458386055984499
0.9663434720444787
0.9843591050143573
0.9984537005988745
1.007870786945644
1.0128063014634001
1.0143408858154843
1.0140887874260924
1.0137647707661095
1.0148760113557507
1.018617934039165
1.0258794175847745
1.0371559878084853
1.0522589639425142
1.0851051342909122
1.115069231363518
1.1007529781873577
1.1073619510724377
1.0105664695015355
1.2349303634315485
1.0727809520525542
1.1018734089747315
1.2279088755103154
1.386570821358732
1.4577961106571278
1.4717448972712912
1.4666897918482058
1.4442320812543044
1.407579371833371
1.360836729975156
1.308246990332652
1.253556220332015
1.199598848261098
1.1481022560960277
1.0997872775892927
1.0547575593365366
1.0129546373745273
0.9744403393168163
0.9392998274584337
0.9071264995107573
0.8772384379709325
0.8499111501987092
0.8264446165834202
0.8101463400082174
0.8007119025620231
0.7970223844061238
0.7989521779331737
0.806917205592942
0.8213893811389908
0.8432172700109516
0.8668038561068206
0.8835380393609247
0.8990777698054213
0.9165682404447756
0.9361278333942953
0.9565581827478603
0.9760678746769063
0.9929236376060017
1.0060547770139934
1.015404317621267
1.0218620592692194
1.0268442100136561
1.031803788430562
1.0379458389405567
1.0462256803836276
1.057474308744757
1.0723259464769277
1.0907651887498486
1.1289472872062623
1.1608503924661815
1.138499325012847
1.141488405035676
1.05775416180144
1.2444071069973435
1.057762656289782
1.089324654499261
1.2268747158136415
1.401860366916255
1.4825346818848935
1.4996378252236735
1.4959337455772272
1.4731137481866157
1.4347315362355129
1.3852837353032503
1.329278701656214
1.270577016125377
1.2121647559722308
1.1562010400450893
1.1040581676415435
1.0564106743110158
1.0135011842341137
0.9754041817619624
0.9417217105148736
0.9094752748842578
0.8778406200657369
0.8489098336982676
0.8242721205923133
0.8072463026877554
0.7973617315864652
0.7933684062408463
0.7951064378899536
0.8030145734138356
0.8178210585312367
0.8417410151273336
0.8753697700170264
0.8805877582426429
0.8895513650680043
0.9027953562592042
0.9198837481543591
0.9394315587777679
0.9594537972278995
0.9779638344091995
0.9936445176576978
1.006298726281264
1.0167765866097564
1.0264089576169901
1.0363949885844326
1.0475373309192964
1.0603864878750053
1.0755731580200891
1.0938136621896777
1.1152660706385396
1.1580218033745155
1.19174957030405
1.1628419057313777
1.1628522250294426
1.096345249421069
1.2386637469389552
1.027119707593185
1.0604134573398813
1.2066524008588224
1.3942576167448208
1.4824513056776751
1.5020334057320937
1.4994636230869525
1.4766797488307697
1.4376076236169355
1.38701676497902
1.3294461646243514
1.268595931864424
1.2074401531112706
1.1486023742614448
1.09416898106426
1.045287315747787
1.0021745691547652
0.9642635316414442
0.9300422739449486
0.8974669068180776
0.866174327141834
0.8374768875027175
0.813031475557102
0.796117315541306
0.7861895720252762
0.7819167827493341
0.7830434578469153
0.7897733581543295
0.8024448331508018
0.8219754010515311
0.8446726787007082
0.8587333814407786
0.8677984399237308
0.8791990247445192
0.8946061359962075
0.9132572112512887
0.9333521242343003
0.9528733221747334
0.9703644583273144
0.9855526164074936
0.9993635018443531
1.0131727272803783
1.027985002156287
1.0441395603999986
1.0615686011350283
1.080453227730483
1.1015241351476897
1.1251882717596902
1.1708718746627833
1.2055472597391979
1.1709049288743374
1.1688086654890215
1.1217397778475795
1.2180099302114844
0.9855527236072797
1.0203432336462044
1.1719795774815274
1.3680107177035068
1.461772892731804
1.483123201400749
1.4813673336850968
1.458876497787785
1.4199977256235958
1.3696440584436984
1.3120707644073182
1.2503683734129956
1.1872447902202306
1.1259837412680287
1.0696047409751293
1.0196933768432015
0.9763242195000502
0.9384714036263715
0.9045128097026478
0.8730297108603846
0.8436469734897015
0.8170645563773371
0.7945726973226074
0.779082703323307
0.770004490380024
0.7660361707391842
0.76684235440586
0.772413376622316
0.7827286262717831
0.7979455142931127
0.8150858365181469
0.8279681573832641
0.8375780625163756
0.8482451974950919
0.8622691683583685
0.8796002547597099
0.8988865672091256
0.9183817985857011
0.9367537455610015
0.9537627315565068
0.9703646600217118
0.987942551092773
1.0073926226175443
1.0287082435805932
1.0510353782612027
1.073494162120574
1.096574515619383
1.12125677720945
1.1676662490502665
1.2022613757644438
1.1625939846143092
1.1587903531287185
1.1303380270819414
1.1843105186005585
0.938397507058153
0.9747817889185821
1.1283559791128763
1.3286738424809958
1.426725618739771
1.4493616955525577
1.4481085868746577
1.4260642365390892
1.388104910086118
1.3391979174069522
1.2829581120847304
1.2211648779829758
1.1560279195487633
1.09217841388733
1.0339186078325227
0.9832248128115574
0.9400678448815558
0.9032163973691469
0.871024170834424
0.8421663886313759
0.8161176984186745
0.793174011995955
0.7741997035779774
0.7614639580326513
0.7543020423195569
0.7515464590767046
0.7528160772374025
0.7580230257715846
0.7669364231374345
0.7793906778765214
0.7928408823018801
0.8030231700360361
0.8108368741418794
0.8194958928944257
0.8310778217852174
0.8457878817150192
0.8626371067827538
0.8802697901601584
0.89771488178528
0.9149470005019645
0.9329146807847924
0.9529147414659466
0.9758470239739515
1.001739858020989
1.029422526825604
1.0563278509060363
1.0808634829365997
1.105194263695353
1.1500395686175449
1.1841347233766721
1.1410852053256861
1.1347566108189395
1.120450145945577
1.1407164291489627
0.8903910367876032
0.9286438797308932
1.0807139930836773
1.281001905433652
1.3828200050771573
1.4063782714035518
1.405088256825916
1.3834162558478313
1.3469104736569373
1.3006308862777671
1.2473481138057716
1.1862761626345415
1.1188785313395764
1.0525816855581427
0.9929908964053598
0.9421929368086654
0.9000310355550877
0.8651637557528213
0.8359148240877701
0.8109171689421228
0.7894445043214906
0.7714251357223231
0.7572885452485415
0.748482753583248
0.7442461161482082
0.7436354367214452
0.746246804148136
0.7520370333822918
0.760634820842027
0.7716994120579026
0.7827661081716871
0.7903601902392727
0.7955256986305205
0.8011665412570933
0.8092266724297585
0.8200288016508626
0.8328658905308027
0.8467640518051586
0.8611414682430045
0.8762231686191981
0.8930039375413822
0.912781785792401
0.9365970762278231
0.964774446398371
0.9965304536983953
1.0293760124992695
1.056811140140791
1.079288699457996
1.1204392375715961
1.1546190461502932
1.114177703381988
1.1004024702429622
1.0927987011474263
1.0911383058395818
0.8449324322031478
0.8855233792154104
1.0329917845300975
1.2277619752213609
1.3311054575588295
1.3542632685887745
1.3520957626363022
1.3306260687382974
1.295710962152467
1.2526738537332358
1.2043121984012986
1.1469808210340815
1.0793142261334205
1.0124057382932594
0.9529652783074688
0.9031352557867169
0.8627802746604264
0.8306235313823822
0.8050616135343726
0.784711699629777
0.7686588290546593
0.7564763062484084
0.7481472702047179
0.744165931545393
0.7436477517136821
0.7459367520083954
0.7506194149522885
0.7577932406226972
0.7669913361637175
0.7777968228683085
0.7876238635272602
0.7931914236204379
0.795645449940502
0.7978621980334912
0.8017451905432575
0.8076947921564296
0.8152321432686578
0.823716608006016
0.8329104063389082
0.8432864525904333
0.8559748944552373
0.872413550250881
0.8938957780116901
0.9211130398080357
0.9537228241377069
0.9900446059316624
1.027067617412022
1.0448852174481598
1.08064593765915
1.1160336484148037
1.0896731219928202
1.0593935552501401
1.0503929433515027
1.0396716275089928
0.8038761088053094
0.8477014268754773
0.9886078160255678
1.1712836634683572
1.2663275701681815
1.287754795161198
1.2858153164407615
1.2650807095884833
1.2314490163712433
1.1905413710168296
1.1459297451033374
1.0966087951805015
1.037886358159017
0.9756619347718285
0.9189833641025484
0.8714445702268817
0.8335765318661763
0.8045339252464233
0.7829970188406506
0.7676696833391634
0.7574904661338194
0.7516860814562959
0.7497734852966946
0.751189918456098
0.7548950783267901
0.7605531190461646
0.7677497834633135
0.7767918023000671
0.787171809173699
0.7985260925585919
0.8081287679310627
0.8124721481477131
0.8126262508323743
0.8115121478351237
0.8109937336046358
0.8114968567311474
0.8127214114354864
0.814316303901487
0.8163624598378811
0.8196130939604267
0.8254379755885833
0.8355325745549617
0.8515037344555739
0.87438497185831
0.9041102685285156
0.9389291190364251
0.9737728199755538
0.9974705273026159
1.0297931191286367
1.0670378925671837
1.05497921265656
1.0138164038735549
0.9978786154049128
0.9901552975662834
0.7677144939611721
0.8164650030792538
0.9511735624685456
1.118242899640123
1.20110096198865
1.2193598860301482
1.2164550604800544
1.1957868077731126
1.1629676938617448
1.1237548186149924
1.0823756084134162
1.0402845319607628
0.9952431305774277
0.944962664770502
0.8947432123407609
0.8509314803496673
0.8160212513615273
0.7902119033092951
0.7727492654263526
0.7625399574496643
0.7584127241347686
0.7592451969647558
0.7640580624790656
0.7711518054509603
0.7792957007196232
0.7884798286064001
0.7982936099563332
0.8092853595634393
0.8209680001253263
0.8331958121163543
0.8433484177323782
0.8474599572751046
0.8461376663470269
0.8422603310996118
0.8375461159199585
0.8323559631687396
0.8265205878361604
0.8199582043120234
0.8130923208984597
0.8070451592836456
0.803556872390398
0.804684244805969
0.8123627432770418
0.8278783656415281
0.8512603523660971
0.8805020681840849
0.9103800047893096
0.9339022493865403
0.9657741985464975
1.0051572140969294
1.005807356815885
0.9642777508667845
0.9406613332109693
0.9459588551783424
0.7359974287370067
0.7925198250237068
0.924434295230621
1.0772886731749765
1.1482782504477542
1.1620906836385838
1.1566330208260638
1.134989486432354
1.1025299825527248
1.065008742406953
1.02701181246545
0.9910705456390855
0.9571141958156942
0.9218778228085827
0.8824822791315021
0.8439296529023431
0.8122225748698889
0.7895862877217448
0.7761275983218746
0.7710184139593684
0.7729775215089607
0.7805174696747084
0.7921336772901196
0.8049444351328728
0.8175056602896327
0.8301212919142383
0.8423812900018366
0.8550611353053466
0.8677121581063266
0.8804923627992726
0.8913605139485459
0.8962744379862618
0.8947041981877701
0.8891025969895252
0.8808176863200076
0.8700249162382018
0.8566326788312092
0.8408284437334451
0.8234665626486362
0.8062054447421958
0.7913354633492933
0.7813858870418495
0.7786130216767772
0.784433578748278
0.7988090673934557
0.8195446611047812
0.8419434173754294
0.861301094281541
0.8907997530772024
0.9320221122774549
0.9445875408685739
0.9114655201305478
0.8840642422943344
0.9099968331638205
0.7079193936342554
0.7764519126379389
0.9112335618804751
1.0530993218970248
1.1127971092730093
1.12170067563745
1.113019839986527
1.0898852073814875
1.0575165882355027
1.0215620621107708
0.9866942354189446
0.955855353154436
0.9300047948834799
0.9076160320471477
0.8827295397544352
0.8514502870463742
0.8230234051196358
0.8035242974453761
0.7941119198475198
0.7941507398527012
0.8021972922597939
0.8163834795004603
0.8346819797991084
0.8530543909460014
0.8698592853474786
0.8857066072701806
0.9001847246450289
0.9142583775751744
0.927467831164067
0.9401259420951226
0.9507774322871283
0.9565857621010371
0.9562632154013446
0.9503775918758596
0.9394728510652196
0.9234531992014255
0.9021996974612457
0.8761769312216706
0.8468599933137191
0.8167111637409571
0.7888033851055544
0.76625890248997
0.7516346990011512
0.7463480950170763
0.7501530259639088
0.7607302671038391
0.7741043274718334
0.7871556249035199
0.8114570068569681
0.8533193329316979
0.8766473392949877
0.8573210829173183
0.8326338224560776
0.884886626703065
0.6831558093080236
0.7693234561962597
0.9126130716011006
1.0461673812769916
1.0953790710005105
1.0995348719282556
1.087688446109631
1.0631156287863714
1.0308906926209909
0.99645616781615
0.9643757787685802
0.9376506537338096
0.9175627224011854
0.9036738042007995
0.8925165696331194
0.8722405899130904
0.8476845377634104
0.8319268905514916
0.8271292802587041
0.8326610488915108
0.8468657936061585
0.8675235632381426
0.8921675852647617
0.9157615874675632
0.9365656967478817
0.9555287079257255
0.9722654629276948
0.9879503793652489
1.0021028657397901
1.0150997248077482
1.0255572725573874
1.0311859648136552
1.0311278709652236
1.024712391796344
1.0115843014527424
0.9908942493036842
0.9615092501893802
0.9242325291558774
0.8815867851629374
0.8371669988103883
0.7950593847891118
0.7590755831028735
0.7320289303555921
0.7152026517376884
0.7080152093289709
0.7080233171532707
0.7119445762436444
0.7178423579559261
0.7351423578927962
0.7761254490567581
0.8084217515114273
0.8048697827512683
0.7896041816410463
0.873089282666275
0.6635486762187037
0.7733929281316498
0.927839848839171
1.0539963130393335
1.0936155062020776
1.0936490797479639
1.0792897370702967
1.053900384943792
1.0223281125213923
0.9896962428721784
0.9603103945954627
0.9370147619164181
0.9209993286967303
0.911805192110611
0.9067783934113834
0.8978039412711801
0.8824750660884182
0.8735293580029018
0.8751760062570194
0.887176165686224
0.9078194966524855
0.9346792813405823
0.9650692955921399
0.993327515331675
1.017857413762583
1.0400583358659976
1.059647367748553
1.0781185195789529
1.0949793846189781
1.110635742236208
1.1230589970081937
1.1288551189598557
1.1266163520144048
1.1156171330885236
1.0961268898757544
1.0687458008634205
1.0308673115822258
0.9814411182992017
0.9244460227654386
0.8649162357066313
0.8081474109061952
0.7586882449593643
0.7195295964599318
0.691681059071649
0.6740998936223308
0.6641616920164057
0.6591614040871552
0.6580591773700788
0.6678450663594406
0.7067292045787196
0.7458414542934413
0.757324139041299
0.7565060467919713
0.8768046787755387
0.6583493036158367
0.7924219943172809
0.9550438641561965
1.072125917355699
1.1028608134335962
1.0997319138261041
1.0840242138806109
1.0590153502087847
1.0291662399651458
0.9991380170696528
0.9728438325258632
0.9528249069116985
0.939976790046417
0.9334570354652835
0.9305834811657132
0.9276328533440797
0.9247157472562523
0.9270681335092084
0.9382195660187095
0.9584635051156657
0.9862025852930058
1.0189732299931114
1.0542093514291024
1.0862875923879636
1.114226773452551
1.1400794411023247
1.163696253907765
1.186856226285023
1.2086928234376753
1.229151006833769
1.244694365129095
1.2503620437503185
1.2444234675905852
1.2262885555450194
1.196561479259661
1.1563236785045008
1.105324688162976
1.0424739656578657
0.9706238973948019
0.8959396449963076
0.8249692491296734
0.7629449913084361
0.7129117726266404
0.675468123431664
0.648978783243974
0.6305213624697932
0.6178240512781074
0.610553483774109
0.6133419688148868
0.6495028879281423
0.6933298022362887
0.7173287395242949
0.7329700997049688
0.9025413628592455
0.697351724513967
0.8389334325220724
0.9988791547292887
1.0992021583378668
1.119834842953957
1.1144591218514985
1.0991561184435297
1.0767775627558422
1.0510471138441777
1.0258569752496633
1.0044889275825537
0.9890199119678057
0.9800300125793207
0.9766961325042353
0.9775333245840904
0.9819503027052687
0.9913236200270307
1.0078511032774364
1.0326122010466738
1.0648164374419375
1.1021478419483122
1.1416846560502436
1.181128124757125
1.2160723013293857
1.2474119792755154
1.2782525678920462
1.308129209060583
1.3384963145396997
1.367334490559495
1.3936680867666238
1.412059044120391
1.416076635566571
1.4038952865104757
1.3751064655043317
1.3305042547252202
1.2713958104163612
1.1989397421722032
1.1148492829109167
1.0232635727147297
0.9308307385384006
0.8446173934093314
0.7700460008213491
0.7098832688203203
0.6640787918050088
0.6301252554608497
0.6044212074030935
0.5849065688706786
0.5719804409836672
0.568060747092744
0.6010647590250845
0.6482598570462196
0.6826036316983327
0.7149327093918204
0.9960820442800836
0.8697503579025038
0.9837357468567693
1.0947666071230786
1.1411082180279084
1.1422206893936222
1.136138996901924
1.126724521686812
1.115173616489721
1.1030926946292945
1.0923940337293285
1.0849043828513343
1.081969343610281
1.084355227899188
1.0925858100944892
1.107491119314088
1.130429483213046
1.16283933047741
1.2053341406708964
1.2568365891063422
1.3141862596891252
1.3725323874333073
1.426654446728456
1.473127234233856
1.5094804731836606
1.5426322250052547
1.578943313522537
1.616032563984404
1.6534893227582168
1.6874965261097645
1.7157591721747956
1.7307940110681146
1.7253241860657833
1.6970270771403144
1.644654955605001
1.5683573002185043
1.47022179019069
1.3547381895971493
1.228784131367069
1.1008051185630452
0.9792876277557676
0.8711432775212385
0.7806908966974142
0.709456579662206
0.6564378668980537
0.6182039177226888
0.5890742604232715
0.564764931065684
0.5464942638351091
0.5353832205989822
0.564878349646367
0.6151387919447824
0.6573365065367803
0.6997918295582811
1.1625121854135063
1.1922271703527592
1.2437439477695784
1.230562237847795
1.172142605038131
1.1413662993260716
1.1361250393973363
1.13978011090654
1.149771611098267
1.163246172763928
1.1792628320676037
1.1985942299508427
1.2227685506233654
1.253468548605004
1.2923569558015489
1.3411167805128252
1.4013949143966393
1.474360979814138
1.559812811625294
1.6551008445200939
1.7544595969631571
1.8494614978436807
1.9310203026570336
1.9925952501856634
2.030226975937514
2.0537077283332645
2.0738339258957015
2.0944139067062104
2.115200367172148
2.1314785702565633
2.138474606962251
2.127401267753016
2.0914083105802153
2.0256380180741305
1.9275809894721014
1.7992488709154681
1.6477135123375983
1.4835834208282164
1.3183745668437432
1.1621161584908606
1.0220070155916468
0.9021828525801758
0.8042033649309125
0.7278027908502888
0.671576717048818
0.6333856659094466
0.6100656002722227
0.5947645361819303
0.5782992928465592
0.5639767099460562
0.594581727905689
0.6503487979821385
0.6940838836043481
0.719525781665672
1.264688356569292
1.4346847029988663
1.4195923017249492
1.306017998542129
1.1859547936895098
1.142335915996216
1.1419715225907734
1.1546846143927678
1.1735110435184841
1.197654778318953
1.228899617240507
1.2694746127655558
1.3213402202077946
1.3857905575071776
1.463284708206875
1.5536630563979665
1.6566389589601038
1.7719560346316063
1.898585359621588
2.0330776009678435
2.1680241999465344
2.2919097895764544
2.3912575319731486
2.4548245131108213
2.477862081170594
2.4775449281899777
2.4851783252256014
2.5009907045011364
2.5099059560275547
2.5048004429044446
2.4772353426555282
2.415874657151501
2.3202079554211315
2.1912652030248316
2.034250595023328
1.8585578536339558
1.6760122275938778
1.4980653954655547
1.3334127702277068
1.1870121108041274
1.0604969967394378
0.9533636196205107
0.8642574949148761
0.791908592876988
0.7355007474089984
0.6944944540182001
0.6681523426709035
0.6549354781396817
0.64988346340987
0.6429740005095992
0.6810171534907549
0.7451254836682906
0.7920640349355592
0.7975016741633326
1.204606297764857
1.449153276002018
1.424577723032944
1.305792913372852
1.2025484490335958
1.18531144108607
1.1759395221619175
1.1708788746784176
1.1743064679498694
1.189774567057272
1.220348464887735
1.268742151097221
1.337250733190103
1.42735037716375
1.538902333495226
1.6684996051975298
1.7938639964647551
1.9155777389317583
2.047636322262082
2.188761810477741
2.3330535439310944
2.470499929622099
2.5896251128563907
2.6821514646553486
2.7410204385170664
2.775027089305767
2.7914131350989915
2.7904187719348084
2.7689183992470383
2.721037024892287
2.6340679291536357
2.4980767294252084
2.3281418378349663
2.136488857332877
1.9373885636208514
1.7443889905866155
1.568060896771012
1.4147588462657046
1.286541121415088
1.1819753210307926
1.0973484749418996
1.0278560474878358
0.9684899429484644
0.9146140246832438
0.863843538443034
0.8199993221131516
0.7885543230548581
0.7705617674184274
0.7640881151191727
0.7724790474742259
0.8164413387420705
0.8774557690132201
0.925698037023837
0.9294047472072829
1.08605175984469
1.03306949416677
1.0758413394220447
1.1051154545720596
1.1124535177495107
1.1262350523830902
1.1471728304588171
1.1839306144840782
1.2419425997257707
1.326836305573701
1.4441264585551528
1.5986003040139902
1.7931978969432818
2.027304679523183
2.2946867223908214
2.5817642484853143
2.867254784557019
3.1242316724159735
3.3262743393030108
3.4553086043988444
3.50307345257565
3.471239967262997
3.3713820757083863
3.222264112362269
3.063641832362636
2.9154316012104364
2.774973653737062
2.6470066942067523
2.523298682413626
2.4075100252588264
2.2951620124949725
2.193440632128125
2.1153812978694777
2.0581537318557
2.0164166663545036
1.982543342719213
1.9476857488240011
1.9036618968603103
1.845165735154654
1.7713296976344994
1.6855957870671372
1.5934007257720901
1.4990000417659601
1.4048190125284368
1.31334399377961
1.228030201311935
1.1525206541437656
1.0894444510172292
1.0397160270519867
0.9813486783028346
0.9864851110658457
1.1532917402522094
1.5343145271772407
2.1829612258255113
0.8990817810832131
0.866000557925859
0.8928011985295196
0.8968979582570478
0.8780208127712661
0.8732274627249849
0.8834489452297392
0.9093742196537932
0.9566809824083121
1.031245124820878
1.1390719546259258
1.2859887169767577
1.4767064899752265
1.7129144921169532
1.9904242615651988
2.29620504395843
2.6074207274921912
2.895015256583415
3.1306887374778745
3.292598034843344
3.3691837985067226
3.3615278005882825
3.282559600951409
3.1528503972228177
3.0113665299836825
2.8782450628033422
2.7519383992368955
2.63707339953581
2.5266081051862366
2.424289490087715
2.3267523422474072
2.24043511133876
2.17478535965444
2.124091412053947
2.0800061985789764
2.0327552834492595
1.9730683468418082
1.8945079311128281
1.79540686178805
1.6795616020668538
1.555693569631267
1.4377431389990205
1.3381684836484202
1.2487209646292026
1.1637190090312555
1.084264665337361
1.012715020148685
0.9507593088476194
0.8987773965541188
0.8305497390580686
0.8550267126283181
1.0038479728700094
1.2799682811572262
1.700029696139886
0.7927766825813609
0.7641460839231822
0.7781497753133181
0.7805975557606696
0.7718363846339051
0.7695003173292708
0.7757962267859326
0.7942699693641663
0.8297847047374207
0.8861868768056641
0.9666305664134988
1.0743387771866966
1.2128056511602572
1.384379793897486
1.5877933010503704
1.8157725457811915
2.053778746165282
2.2809820855848795
2.4740163981038554
2.6126676013295493
2.6852740169832714
2.6914288357009433
2.640917343061108
2.5497883837132984
2.4476539914072357
2.35070999464737
2.258871613762354
2.1762976907897573
2.098688573357349
2.029432538326236
1.9669603794680646
1.9157032404909735
1.8795992169480622
1.852011885227934
1.8245870981125865
1.7886339020508606
1.7369280007951078
1.665515127889411
1.574825783325272
1.469549450941593
1.3572632150390336
1.2463414982445222
1.1436822753324687
1.0527643363889077
0.9737113482463061
0.9056311852288533
0.8480551250950851
0.8007990583861611
0.7637274964850497
0.7242811734274283
0.744184328835614
0.8373602898657543
0.9867002513373524
1.2248324349472497
0.7440152034955805
0.7068311972802058
0.7090614248039834
0.7153921062369561
0.7172486465872152
0.7156477937869392
0.717337110907903
0.7265927849552167
0.7477403679651466
0.7841938414490046
0.838445578600979
0.9122678158323921
1.0069264173615338
1.1228098515463067
1.2581632497886663
1.4075512885776915
1.561091790242362
1.7052911722566915
1.825686627533621
1.9104907274019862
1.953620652090513
1.9556756768536152
1.922655329606419
1.8636815198383347
1.7972611415711732
1.7345958042778264
1.676530222157102
1.6262016043931022
1.581246229928714
1.5438091006022698
1.5132271619706115
1.4917586363212572
1.4796729059856506
1.47154503087277
1.4609727908317927
1.4415136959935588
1.407947266996812
1.357517963607744
1.2906527963171113
1.2107988194241508
1.1234316540973739
1.0346734172102285
0.9500721241718575
0.8739085427902044
0.809031652176991
0.7567334352245965
0.716497738782152
0.6868902980259446
0.6666926225531982
0.6511789679523678
0.6692231028693174
0.7166782636477669
0.782004874851505
0.9041502611058748
0.7501377667428123
0.7013610284637645
0.6982150735247087
0.7126422212117763
0.729315655916672
0.7313744702410236
0.7310805436679922
0.7354524910509035
0.748569388769409
0.7736573106799065
0.8128069792116128
0.8668315419049321
0.9353715168870291
1.017172525304813
1.1098943847553753
1.2091087564961212
1.3075832593846484
1.3960316598576865
1.465309777456358
1.5090626379249632
1.5254789700829388
1.51728328038236
1.4900479393180206
1.4493248934642475
1.4046469285498495
1.3634331146482046
1.3268032462739996
1.2965994455741117
1.2712430661164342
1.2519257829411568
1.2384306599867896
1.2319530162594037
1.2314588395769246
1.2328524195308899
1.2312873247554001
1.221842251926391
1.2005305482431246
1.1652970196268333
1.116560982941886
1.0570440452044505
0.9909696344975254
0.9230018942375416
0.8573338717544329
0.7971715332527904
0.7446851540537487
0.7017769931483966
0.6705922069941412
0.6492500112496454
0.6361663359852915
0.6302928738988124
0.6512689772335103
0.6861464432129224
0.7266763497669204
0.7920964845101088
0.7735313242177468
0.7160678144730044
0.7104757670515501
0.7313108232145206
0.7591691136430075
0.7640419714964116
0.7637100296925717
0.7664916557439271
0.7760678285758675
0.7953843135691574
0.8261910891872731
0.8688300125689365
0.9223565311761287
0.9851041007385908
1.0550585857032202
1.1288324356843966
1.2005649201816102
1.262690112507242
1.3081150705754383
1.3325184662410618
1.3356102041628195
1.3208001522378792
1.2936232666637284
1.259558760515144
1.2256511052889802
1.1957493020307228
1.170187746570261
1.1501048170908341
1.1344362887626123
1.1239946210298872
1.1188454844283588
1.1197290287242678
1.1250238200488636
1.1312700477737068
1.1343275700592703
1.1299837837821105
1.1148708180807376
1.0873300490524977
1.0478380704380335
0.9988038915601879
0.9438542016039827
0.8869402212513965
0.8316039671392476
0.780584986923799
0.7357834183916833
0.6985786956509794
0.6702883801217979
0.6511485167120389
0.6402129835568624
0.6376984642182979
0.6609614489180867
0.6940579184143605
0.729030317861932
0.764197196671851
0.8062302997482677
0.7397780771115513
0.7322344987094855
0.7593341570529198
0.7976701876595875
0.8047444004980022
0.8053641494336371
0.8074414153074723
0.81430875234983
0.8286417713074664
0.8518998137722136
0.8841299365974762
0.9241825615713389
0.970545944836741
1.0222364277638536
1.0770510321329847
1.1298262016276992
1.1738547565555526
1.2032316232230589
1.2148402054589058
1.2092243803614664
1.1900202567711726
1.1623852374584964
1.1312718060810585
1.1034897302713331
1.0810168038771863
1.0630350926297063
1.0501219670754942
1.041593721276238
1.037970440055923
1.0394387437532804
1.0462700997733374
1.0563183763194406
1.0665863879996014
1.073440096635372
1.0731907349034309
1.0629382169281754
1.041319260010359
1.008840716849153
0.9676643650980093
0.9209710416572248
0.8722004195108427
0.8244482642049104
0.7801609493136804
0.7411180430382351
0.708606640185719
0.6835879546703184
0.6665323829806264
0.657140373766651
0.6567161648792971
0.6818558984949076
0.7149468561679516
0.7466109779234835
0.7555363135615227
0.8501830783386665
0.7732413735401644
0.7641599151543558
0.7981779498391087
0.8429095774700636
0.85747426686166
0.8597462904055111
0.8614135621323986
0.8655251413561961
0.8745004584494437
0.8895538155827593
0.9105432953464319
0.9362971426837206
0.9659689865764557
1.0013697213150135
1.0407608659101861
1.0784097413954465
1.1081340246727545
1.1250104875843805
1.1268740614096853
1.1148418026350815
1.0925790097742456
1.0647881583129668
1.0358163910650693
1.011634393060319
0.9934577125515056
0.9802281273526512
0.9721989731485817
0.9689973996327653
0.9710417369933461
0.9785748098241557
0.9910575268421431
1.0056296838077712
1.019745073739877
1.030248388358461
1.0339261187649111
1.0282779891060765
1.0121586126428876
0.9860450656113124
0.9518390277864657
0.9123243758561201
0.8705319393944086
0.8292438883163153
0.7907474368198166
0.7568109255366137
0.7287571360982271
0.7074724049444067
0.6932917786594741
0.6859259982816222
0.6874704968505625
0.7139347465298695
0.747527813923924
0.7753052964467007
0.7580987574035585
0.9035676011209062
0.8151122806446855
0.8056808278524534
0.8474230037550312
0.9015666496181722
0.9229329728313611
0.9269557192143169
0.9281151364533258
0.9291510338834076
0.9322714051763709
0.9385651472945398
0.947881138876798
0.9591297608536657
0.970833048742343
0.994883083755389
1.0218825026732423
1.046868350346613
1.064588553574863
1.071093821359376
1.0650016990033377
1.0477877505813817
1.0229835476934694
0.9948142122348621
0.9671057615225435
0.9451489312126341
0.9296100432683224
0.9193161174053375
0.9143515381748522
0.9145746881424407
0.9204634877302103
0.9326476796252757
0.9501471509390768
0.9689676655018893
0.9867449053908997
1.000794174596885
1.008359616968064
1.0072753923878117
0.9965222803392365
0.9764686006203586
0.9487267503538629
0.9157223106538377
0.8801758775516612
0.8446841944455559
0.8114874565866944
0.7823922319483767
0.7587444127793951
0.7413611420165312
0.730440772956149
0.7255701646675103
0.7295029154670006
0.756236963950759
0.7900622526161452
0.8132471566388955
0.7708811702947328
0.9631376059806334
0.8632994744892661
0.8558579873712414
0.906515728405535
0.9722500641704531
1.0003825913267714
1.0059460986979312
1.0062735892893928
1.0038264542365403
1.0007095886622737
0.9981036452868741
0.9962310743838698
0.9949609107635833
0.996485192402582
1.006472076492406
1.020762290306613
1.0334952634043668
1.0399400228785627
1.0369159064461082
1.023624972187767
1.0017197062652186
0.9744932528781637
0.9456986150967938
0.918689449950302
0.8981858154276438
0.8844001885750392
0.8760537938196641
0.8731033266446606
0.8755337091326452
0.8838294672218637
0.8989416306727936
0.9200406050022821
0.9424216485979446
0.9635304304498742
0.9810001224981928
0.9924838779654184
0.9960833800896538
0.9908163907437733
0.9768627373758723
0.9555070345665715
0.9288330948521042
0.8993117028165736
0.8694260848929823
0.8414134118759358
0.8171150087534697
0.7978756183424446
0.7844480938293195
0.7769291205274302
0.7748006001788235
0.7817029599050902
0.8076552661694093
0.8401820847032442
0.8590856921396374
0.7936942228767772
1.024726964309201
0.9151836529201408
0.9126040866278283
0.9733201364186972
1.0521268162671416
1.0871032054783236
1.0939281765647522
1.0930680816336746
1.0868285040456143
1.0773457470842323
1.066112744003749
1.0540653563583577
1.0423805331924414
1.034010143331715
1.0317421942190406
1.0331275425109245
1.033521544639684
1.028873784735206
1.0166958027636614
0.996638864410706
0.970398014080781
0.9409428783355913
0.9115254944203284
0.8850155448207285
0.8655996069994016
0.8530987005870678
0.8461392922578281
0.844575692248729
0.8484609646477466
0.8582545292200022
0.8750850062381943
0.8983300893974641
0.9231402648483704
0.9468988655136932
0.9674486125947915
0.9827645119197835
0.9911390433788149
0.9915461608017815
0.9839059165690927
0.9691307511768326
0.9489506835929523
0.9255958878891541
0.9014447502578828
0.8787229163962117
0.8592863163891129
0.8444738375778488
0.8350055852468474
0.830933912584067
0.831688785833304
0.842107322691589
0.8669756817052512
0.8947751072772885
0.9108347018098425
0.8262192242962532
1.084220370273773
0.9674918306092567
0.9717128708346826
1.0436146244999893
1.1368747175547342
1.1787455071073174
1.1865716792400538
1.1842785660383042
1.1741670107992186
1.1584672648220027
1.1390882870915318
1.117732646532856
1.096444631109777
1.077986185991454
1.0639957749877342
1.0528395306309517
1.0411345392574451
1.0257724222291744
1.0049810282155291
0.9787757275276701
0.9487863811397654
0.9175752192984433
0.887839591022362
0.8619286550796659
0.8435008215413025
0.8320532284580016
0.8261498696474222
0.8255711103965675
0.8304098077690371
0.8410866598669732
0.858803095697062
0.8830641075158825
0.909137872711564
0.9346007978691515
0.9575779877083453
0.9763420416536378
0.9893267469219384
0.9954066042076798
0.9941912694373543
0.9861824135433428
0.9727285362708628
0.955793503489028
0.9376177040837674
0.9203754657770904
0.9059074991399096
0.8955500435580959
0.8900368355040211
0.8894510794221037
0.8932412001716534
0.907791392059154
0.9320622209208342
0.950373667686506
0.9656449628966458
0.8674347079626243
1.1383667166425517
1.0156904121578663
1.0271384464751525
1.111431358955214
1.2207364271464087
1.2698990263474172
1.2787077956636186
1.2750088272443374
1.2612245571110055
1.2396473739598952
1.2126066791691614
1.182461424464117
1.1517538874164424
1.123037533516614
1.0976018143220645
1.0744764728147727
1.0513792600517826
1.0261687432773965
0.9977496069873868
0.9664043245891842
0.9335941353308701
0.9013908656340845
0.8718763296809557
0.8468432784157118
0.8294344583587777
0.8189196809915019
0.8138579688406185
0.8139928295284371
0.8194463958328205
0.8305883440659896
0.8485943953898614
0.8729642198406261
0.8991752360911418
0.9252009119357906
0.9496087185690373
0.9710238302242464
0.9880199593830653
0.9993527813180187
1.0043017288766831
1.0029413354718986
0.9962204344704424
0.9858072027217887
0.9737579081836243
0.9621398625860483
0.9527344897587933
0.9468681773313592
0.9453309620154031
0.9483166081418466
0.9553681719212439
0.9748450466347398
0.9995326244272877
1.0047528972739694
1.0203814282651056
0.9154343923696386
1.184726256192867
1.0540647514433057
1.0720448490736758
1.169791809708541
1.296746595818889
1.3542614318849011
1.3647730723725306
1.360197066833025
1.343072044572652
1.315977251358192
1.2816910200316523
1.243129858668682
1.2032010931280896
1.1644445833915251
1.1282081067156078
1.094164111461932
1.0609784809756597
1.0273682803709816
0.9927991312330431
0.9577036911264607
0.9232782018600102
0.8910267489274151
0.8623533779850934
0.8384756815743132
0.8220885355039981
0.8123800945641596
0.807983099376668
0.8086486478398968
0.8145270282537921
0.8259142285452601
0.8438319444363364
0.8675362453434662
0.8926992732389951
0.9179063383762365
0.9423856323398676
0.9652144172259832
0.985130926916242
1.000774750156005
1.0111011155204228
1.0157716109667951
1.0153498271068824
1.0112073159123742
1.0051865438962277
0.9991912465797006
0.9948819944983247
0.9935417726512615
0.996036410475372
1.0027358693990682
1.0133424789217598
1.0386548355664278
1.065159914123958
1.0584196876133747
1.072126924339113
0.9674318839866866
1.2209842461298193
1.077052282237725
1.1003515440267404
1.2120609194002259
1.3575723673434321
1.424435134263662
1.4374985736871806
1.4330146480027068
1.413256988627627
1.3812911051003163
1.3404798643202052
1.2942869508487764
1.245977822058692
1.1982335311769983
1.152639950196195
1.1094724855538272
1.0681890385155322
1.0281983255884608
0.9893758171214078
0.9521925923883678
0.9174993031662572
0.8861372259448005
0.8587383551567105
0.8359812804461892
0.820349427224548
0.8111691289075111
0.8072243259721708
0.808316123860562
0.8146334444475096
0.8263744720621247
0.8442181641014951
0.8666591671460886
0.8894179005604743
0.9121295510561523
0.9350184058837275
0.9577059751609498
0.9790918655615257
0.997688512015889
1.0121366390613
1.021721051846772
1.026675612986522
1.0281262868311138
1.027715335772715
1.0271424735976076
1.0278696245662813
1.0310649973339268
1.037650299129486
1.0482059396225172
1.062627931178918
1.09450290742777
1.1242291711480252
1.1088882955334582
1.1179408193945561
1.0197809984940018
1.2446154820127244
1.0809932799815485
1.1084019631828192
1.2336444640936182
1.397181831283865
1.4734380277396442
1.4892860354957604
1.4854640599447386
1.4640401950321986
1.4284089529660127
1.382507728382936
1.3303265623831537
1.2754723529551601
1.2208162028393579
1.1682236642474992
1.1185068987445068
1.071768167773235
1.027930547045433
0.9871243687370036
0.9497652517582506
0.9162362073993071
0.8863331258353148
0.8597170734823751
0.8370773973238939
0.8213487209679227
0.8121409794100404
0.8083373676483933
0.8097928917268892
0.8167953044576485
0.8295778396719466
0.8484386414646855
0.8696791492933649
0.8883375450682807
0.9065918354062831
0.9261848183362787
0.9472103396650685
0.9686206977661913
0.988745453482054
1.0059003335463732
1.019024370147973
1.0281030733852985
1.0341304191978866
1.038630865326694
1.0430957221472599
1.048698441737617
1.0563736717793164
1.0670292293703143
1.0814516519913904
1.099725371641247
1.138255294943776
1.171996934441834
1.1503165108939062
1.154358060045127
1.0680220868739418
1.2533289920777764
1.0653503959597377
1.0960127665665493
1.2332835016309844
1.4126571917507893
1.4972305830968582
1.5155466189867757
1.5124690889570258
1.490098753245951
1.4521503999192065
1.4030191243198387
1.3470682432977839
1.2880946523254826
1.2290714442745232
1.1721285995740747
1.118607541226634
1.0691866540293395
1.0241705027518215
0.9838218949240926
0.94855599560107
0.9189342992925991
0.8872201465627443
0.8588911821164364
0.8349957160682966
0.8185168270135766
0.8089005780852876
0.8049126726513232
0.8063976843901985
0.8137419337813455
0.8275223636662682
0.8490127730749107
0.8721252455070501
0.8851754297311624
0.8976608413628243
0.9131048002537844
0.9316602652785123
0.9522018776594037
0.9728649598071587
0.9916448578046432
1.007123139200199
1.0190809763038557
1.028547901225013
1.037120748734148
1.0461452094716086
1.0564063270070734
1.0684131621958721
1.082926494971519
1.1009162758773812
1.122634217910406
1.1668939877877396
1.204405109037272
1.1776756318084756
1.1776257704190358
1.10714377679361
1.2458915773094672
1.032831152919385
1.066345432284761
1.2132198123295481
1.4050314714959644
1.4961698811558146
1.5163179814995462
1.5137866976056875
1.490952875690845
1.4519133905381778
1.4013938279894316
1.3438741150956814
1.2830157668146813
1.2216351827223757
1.1621171049673713
1.1064784364308247
1.05598091745875
1.0110813706527413
0.971660354444564
0.9369660720082977
0.9052066028988495
0.8750245635144143
0.8473314192899992
0.8237565260405824
0.8074334384590494
0.7978204279732792
0.7936409502413425
0.7946705627094713
0.8011271125040632
0.813356254206405
0.8321957313097083
0.8538754786943143
0.8681908186728621
0.8789012856641018
0.8918260287772561
0.9083796646068986
0.9278849605988543
0.9486160028576337
0.9684670646361141
0.9856690099049941
0.9996612339654674
1.0116147567404412
1.0235276342324091
1.036774865095132
1.0516599201143904
1.0678998773849555
1.085806435265822
1.1066037024180326
1.1307887849602707
1.17881220669105
1.2189349865719592
1.187831101038822
1.1848185899072283
1.1322454853186361
1.2227535365568347
0.9884185365659914
1.024692627487052
1.1781172213401214
1.3785376030389003
1.474605574041802
1.4959496700639063
1.4936891044517187
1.4707475081054004
1.431678137472433
1.3814042423655029
1.3241993739797426
1.2630692730631392
1.2002376195031208
1.1385689570688444
1.0812083629953628
1.0300380775343245
0.9854539568559152
0.9468118874365928
0.9128084724409002
0.8819780312421941
0.853562417963205
0.8279525052295293
0.8062930127642607
0.7913644625541428
0.7826074496119753
0.7787885690277797
0.7796120522958659
0.7851101223795925
0.7953149300939709
0.8104754137121808
0.8278283480148799
0.8414258863552144
0.8521058123825451
0.8637671546473702
0.8785186499895564
0.8963356557727363
0.9159187076117598
0.9354276364448698
0.9531356513613646
0.9683290912952758
0.9822485344651508
0.9971983444125763
1.0146612774110986
1.0347208254559095
1.056060964919717
1.0770837324767177
1.0995017779726766
1.1247177353706896
1.1739383764205673
1.215276195477991
1.180377807364307
1.175110717702918
1.1395462190760661
1.1861555197769456
0.9378533344898442
0.9768568660718917
1.1333750283152297
1.3386372071148418
1.4389018499203492
1.461013613121097
1.4587120634178163
1.4359153557601143
1.3977306244791559
1.3491863971731972
1.2940431449830991
1.2337914106658716
1.169328271535433
1.1050854382166098
1.046058851846476
0.9945727959209711
0.9508191492703723
0.913771191981387
0.8818739561564298
0.8536914952494974
0.8284754215795422
0.8063479520507023
0.7880829394701144
0.7758562526951163
0.7690333005111873
0.7665098604995388
0.7679390365852126
0.7732874189969448
0.7823818655454345
0.7951734838353244
0.8092635158328098
0.8203365896851249
0.8290598533063063
0.8383792341733853
0.8502481034956983
0.8648680514538182
0.881249367693217
0.897912669101044
0.9135976342359815
0.9281128504370536
0.9427958151615601
0.9596275488489584
0.9799881302522502
1.0041687233556762
1.031194258038441
1.0576705851582133
1.0810142755485113
1.1057738599257325
1.1536872378069638
1.1954021559701846
1.1579017218133534
1.1503036605237371
1.1273809520817495
1.1397191460388019
0.8862548304102515
0.9278723729676015
1.0837744474833426
1.2898065293714622
1.3950163008970764
1.4172072549469845
1.4139965926574742
1.391339354118561
1.354771815297838
1.3094535563864202
1.2588479828577523
1.2013959852327567
1.1341028117294694
1.066935932925464
1.0067736026475538
0.9556600624229681
0.9134376479742569
0.8788008585935214
0.8500458712738581
0.8256980784759422
0.8049167857856119
0.7875685969393525
0.7740633819242486
0.7657859276252331
0.7619864776234833
0.7617728985244676
0.764759783515594
0.7709656702518307
0.7800623629100507
0.791816007177227
0.8038097485902417
0.8123678933383899
0.8183047744321156
0.8243176720026849
0.8322353367894092
0.8423439550214591
0.8539043986103322
0.8658438168068009
0.8774474588191832
0.8889848083767372
0.9018070843860903
0.9176748029281109
0.9379738738111602
0.9632555196159464
0.99293552437035
1.024753381830265
1.0522696688512063
1.0758615779740361
1.1205238856594182
1.1627112426089186
1.1252777760353507
1.1140832429320753
1.0967275633526024
1.087750643820498
0.8372979827944792
0.8814372045560029
1.0331204143000792
1.2339786027129387
1.3468277410652998
1.3625902199775848
1.3578592614224292
1.3357094307299708
1.301109089041779
1.2594197021355518
1.2150835021971782
1.1709776918145038
1.0974459892661692
1.0290638520226751
0.9693203858411422
0.9195783884938524
0.8795131476521633
0.8477827133154303
0.822722108892805
0.8028945726207903
0.7873745806802074
0.7757664473011929
0.768089832832728
0.7647757214811909
0.7649124807576192
0.7678802529463509
0.7732599745040853
0.7812199479051476
0.791312655539254
0.8032134996237414
0.8142783476979963
0.820893375573073
0.8240089779700782
0.8263488426368981
0.8296918626851517
0.8343745409395595
0.8398841069835064
0.8455342742378814
0.85106866763511
0.8570893713968474
0.8650292566167407
0.8766678812641542
0.8935696242466912
0.9166256954760832
0.9456460100089898
0.9789022795108802
1.0116285803884466
1.0362886207232256
1.0767743232778682
1.119921719938725
1.1013635366984558
1.0702554846250465
1.0510281145993137
1.0345512698407031
0.7929885684499944
0.8399705894984623
0.9849290340548124
1.172529768694474
1.2688624617616615
1.2894904752871021
1.2873807887584292
1.2671476190712558
1.2344499111968315
1.19487802529236
1.1525652649237697
1.1083587124731467
1.0555435760214964
0.9947624464685256
0.9385894877609584
0.8914863829447255
0.8540210004540147
0.825331239038953
0.8040950134911884
0.7890572089406604
0.7792435423654726
0.7739805787570214
0.772855459828258
0.7752079520514618
0.7799124787593318
0.7866540508762802
0.7949823103612991
0.8052896717862223
0.81706296765753
0.8300299855390171
0.8412991309692085
0.8468489017883961
0.8476101859261628
0.8464267666673585
0.8450040519964023
0.8436732662635792
0.8421165521638354
0.8399999602210119
0.8374728204106173
0.8354682014597793
0.8356360874382981
0.8399648239567471
0.8503104838337544
0.8679261390174949
0.8929860558294881
0.9240692827096134
0.9572210248103662
0.9847995675935903
1.02261093564048
1.066431481737208
1.0617973108389518
1.0211669000329215
0.9954323191095498
0.9839504687875562
0.753859825488054
0.8049906988363386
0.9433709041116887
1.1143475682451696
1.1986556355482652
1.2176777996072234
1.215922763728866
1.1967216879892568
1.1655032180050555
1.1279427726354898
1.0884683177603374
1.049306618679746
1.0095858795516097
0.9653190192694945
0.9179531224140043
0.875074995101051
0.8404279229529429
0.814605597951944
0.7970387061958394
0.7867962986751957
0.7828705948412689
0.7842777417937831
0.7901195545218517
0.7985351280745219
0.8081351027112356
0.818915371797424
0.8303926412013753
0.843220437085315
0.8568824090919536
0.8713574541582625
0.8838093584917197
0.8894418090585753
0.8887572496528875
0.8847095313282031
0.8787658628216931
0.8711472122986683
0.8617010052868282
0.8504393122572417
0.8379415766622482
0.8255737436062383
0.8153832823266155
0.8097336975937639
0.8108350091589375
0.8202490850106713
0.8383858285341647
0.8639450687701358
0.893146075256497
0.9196409663878974
0.9561614336245249
1.000102798298329
1.0069086257171174
0.9677725259024749
0.9358065466600132
0.9391397372526743
0.7193973878808944
0.7775594320580635
0.9130365597231614
1.0699013812681237
1.1435923794104241
1.1592083236402788
1.1558640569893468
1.1364759527852795
1.106201708583011
1.0706852192003395
1.0345975772065337
1.0008591847426533
0.9703804445428483
0.9415129432160175
0.9090585275227305
0.872758169520414
0.8408705337760514
0.8175164663052776
0.8033581033089228
0.7978272726089296
0.7998354225692146
0.8080404109657152
0.821013862089247
0.8356287031789273
0.8501977644714861
0.8650151719436889
0.8795538531784284
0.8947121001511595
0.9099767839482646
0.9256758635046003
0.9397065896621773
0.9468264299405345
0.9459885845574051
0.9402404747698991
0.9304368383467073
0.9165553855420164
0.8985881592943425
0.8769130762209446
0.852643394213017
0.827781072078478
0.8050103563925126
0.7872392330992942
0.7770600557317596
0.7762321870929912
0.7852023717714963
0.8025937811570709
0.8246992580042225
0.8462608586545817
0.8790063668830923
0.9226906641371839
0.9401124815546213
0.9111578798331824
0.8778096869680893
0.9027650853962734
0.6885820079608496
0.7587302203282266
0.8973562885300223
1.0437931581221542
1.10748129709743
1.1190717043684237
1.1133254051876633
1.0931173132597232
1.0634189633535396
1.0297539273892269
0.9968403821599942
0.967853536652243
0.944290548867948
0.9260697123479547
0.9105068386624842
0.8860356556014478
0.8562917011666226
0.8349328710356867
0.8240890454254335
0.8232931441726782
0.8312514259455536
0.8462296054451836
0.8662731119239575
0.8870093404666832
0.9064630003172601
0.9252190856539025
0.9426976471420001
0.9600032502145973
0.9765515053487391
0.9927886457266584
1.0071691509146457
1.0168954512402262
1.0173740825517747
1.011511969707697
0.9987446842576235
0.9788343224247885
0.9518701739838374
0.9185972173623986
0.880853646635041
0.84159109994928
0.8044294068543207
0.7729921773122441
0.7502513811803538
0.7380131239279074
0.7365322680755972
0.7441662132082998
0.7572871692034242
0.7716830520184067
0.7975730114802043
0.8400913508729528
0.8672328783284105
0.8536277538628281
0.8261695850392751
0.877159913297292
0.6605449770235032
0.7500641599154171
0.8975107256206512
1.0362090887214972
1.0905992695209668
1.0982217767592697
1.090037531665999
1.0689849626419186
1.039849207849851
1.007937025493107
0.9778490340389137
0.9527619297512565
0.9342633304792978
0.9225608932582724
0.9168637621777916
0.9158097142220009
0.8852255194975163
0.8664470194440841
0.8596392356971165
0.8640044513037533
0.8780084906811553
0.8995922763586912
0.9263928715812288
0.952968070107861
0.9771534213861233
0.9998622502769721
1.0204897694958277
1.0403899090317854
1.0589163762089713
1.0765976623649283
1.0917556949288791
1.1013070066915163
1.103791629485137
1.097626908147941
1.0819736875526482
1.0562333213705632
1.0198220376964235
0.9737401700621533
0.9209073290935642
0.8656265794761988
0.812762671567385
0.7667891017355843
0.7310070723769575
0.707089098835501
0.6948677913032412
0.692266189266561
0.6957405913394736
0.7020866478532516
0.719339308624359
0.7595730141948491
0.7949781962721618
0.7984403814664667
0.7841583831293938
0.8645458710655508
0.6357113987211993
0.7541252023729302
0.9126514408757531
1.0444009795880818
1.0902341610801825
1.0944284342464836
1.0844010787652105
1.0630976585152614
1.035023847470348
1.0051459619351464
0.9778064313061668
0.9560218848966158
0.9412317205151237
0.9333442426404449
0.9307426483499609
0.9289241278502676
0.9192691506015106
0.9097298603363119
0.9097763574387252
0.9205841736203453
0.9409768013396163
0.9688778949849876
1.001821169870777
1.0337100050706345
1.0624362549200526
1.0893555261247734
1.1139139272021825
1.1378550390369064
1.1605147729784766
1.1825629926641532
1.2015403716329516
1.212623066175235
1.213431704604875
1.2023863099207996
1.1794757658098824
1.1463532660237608
1.0994902075961708
1.0392187026433803
0.969867209736289
0.8974214535518704
0.8282200359651206
0.7676274802276549
0.7191566455498758
0.6841453446482932
0.6617878283028324
0.6494262801851752
0.6435996895842621
0.6420607234607232
0.6503718483398883
0.6875408713978525
0.7293733844941611
0.7488715582166603
0.7531904088178424
0.8669815069699109
0.6227152167434348
0.7743841891603133
0.9406770975112428
1.0636748177954156
1.1014624855714203
1.103108163625085
1.0923738890862882
1.0720386058888316
1.0461494881309334
1.0191664267706493
0.9950322914067712
0.9764898103755264
0.9647472544429438
0.9594168078044594
0.958611673920293
0.9594156488433873
0.9601808885203504
0.9637203073244969
0.9743196760251304
0.993700990601859
1.0212445502155374
1.0551565743122915
1.093313137413037
1.1296817154988978
1.1626684814613542
1.1942468120893797
1.2239315884936481
1.253835393796515
1.282935647030048
1.3115368607297615
1.3354659252056666
1.3478086911553704
1.3456768747277228
1.3276251194800777
1.2941092143069142
1.2469367045762552
1.1861389123411032
1.1101258718792446
1.0232250612451985
0.9332046023637964
0.8479333481318145
0.7735600773158169
0.7136204913713408
0.6689182159681972
0.6378160095374515
0.616925063129
0.6028584785096388
0.5943047298908336
0.594486699858674
0.6283967174534688
0.6748034887740945
0.7074936312513959
0.732469813315971
0.8906559306716422
0.6679057115247887
0.822570315223907
0.9861581340732637
1.0927053521576335
1.1210720548365198
1.1210771651059164
1.1114786606531706
1.0945343882121201
1.0734362131843613
1.0517795110831314
1.0328408489353444
1.0189440603832396
1.01109979665178
1.0090202041286624
1.0116307974730598
1.0181354255760504
1.0290518088800646
1.0459967202691096
1.0702676997067404
1.1017642666009957
1.1389914092383133
1.1798461728175216
1.2227226723530156
1.2627932850963097
1.3000460601828168
1.3373712960037172
1.3740293896918812
1.4120489695802534
1.4493755944534699
1.4854944196691575
1.5141825983202009
1.5266255306733938
1.5196784455496537
1.492002294850097
1.4441247183370114
1.3775614887655416
1.2935221100962158
1.1939656522319508
1.0845556767212159
0.9741166016347567
0.8715087027091432
0.7832201264984215
0.7124453057687554
0.6591735092311122
0.6206193000447553
0.5922215046946582
0.5705276569918034
0.5553974967862303
0.5479524094325192
0.5785717507922588
0.6284019751296331
0.6717829968730308
0.717209633762724
0.9801559106045512
0.8441286852488744
0.9674761117390502
1.0845950900154802
1.1379857830056408
1.1472121256367847
1.1471746100010778
1.1445971689033574
1.139956135272366
1.134036673567871
1.1281567241040065
1.123967523467269
1.1230407748280962
1.126578851538577
1.1354698848547098
1.1506283097052579
1.1732580832902528
1.2046493359113977
1.2454857879060366
1.2950444229598008
1.3507823627929327
1.408686500356139
1.4645241405816434
1.5158219333128802
1.5592309309839423
1.5990145053178955
1.6406355882294548
1.6830026070074762
1.7271869575129917
1.7696321085600124
1.8087216568574145
1.8365951976047385
1.8435128198365274
1.8253896665714515
1.7789348718029308
1.7024254602773665
1.5969117624104028
1.4672401839072395
1.3221052221060634
1.1726672530761186
1.0301325377770099
0.9034098843961201
0.7978344590599843
0.7151488887692515
0.6541551421889495
0.6110379398335896
0.5787895460233449
0.5508977267845534
0.5290951740597648
0.5139000046330785
0.5418332494261014
0.5951193781191889
0.6458611800626222
0.7018527661968095
1.1447469891227704
1.1642848997700088
1.2243323348488966
1.220640648109906
1.1705988117468684
1.1468263875189564
1.1471981008728274
1.1584293587855077
1.1772016526490545
1.1989571936389685
1.2215598331320523
1.245371084393603
1.2719794807070501
1.3033163871829523
1.3412782301555228
1.3876744208249288
1.4442139949879063
1.5122013484897845
1.5917909110401252
1.6810173234620864
1.7751645566641039
1.86714823663342
1.9492693665481988
2.01591195985049
2.061586937870626
2.092921642498229
2.1179612797453875
2.1398955230558627
2.1617157375387936
2.182310467852213
2.1999892480660903
2.2072676748022597
2.1927991484965585
2.1464875859360966
2.061072494247998
1.9357411387782386
1.7772220977596305
1.5979722637415197
1.4126424849819914
1.2345957705874402
1.0737225511840118
0.935819858357624
0.8231034318699391
0.7352266554503705
0.6703053372502915
0.6256205403224612
0.5975347515082289
0.5784046947536754
0.5583976493656654
0.5422170455747302
0.5740300007912221
0.6332475148344324
0.6831196539922103
0.7183620186306623
1.2547356419923368
1.4148187364227234
1.4046329742068668
1.2996103813604214
1.1866914432461917
1.1457532426979646
1.1491824065859362
1.1714372635253327
1.1993106927048942
1.2307448577205025
1.2673628996270803
1.311335006081257
1.364683793138268
1.4288190147417104
1.5042305451001081
1.5905979598063364
1.687352463804871
1.7941264238477153
1.910283893674697
2.033435111955186
2.1578600397904073
2.274165435661311
2.3710736563102905
2.4391682367803558
2.4731402041376604
2.486110339068614
2.494416645859363
2.5065611718816037
2.518914831907475
2.523675666162569
2.512541161747686
2.473239568627676
2.3998739040219186
2.2893209349160513
2.1434611769343364
1.9701571195020982
1.7817333839704574
1.5916485229132424
1.4112231412619147
1.24787576225752
1.105102213057613
0.9835478523020674
0.8823524896149498
0.8002080934339864
0.735891811828795
0.6882858375025679
0.6560543467694455
0.6370664611541736
0.6273368221580279
0.6245101807392229
0.6664402100255812
0.7334069144708556
0.7833829400069502
0.7954738341686101
1.2088043466281084
1.4553794518439358
1.4305384809722617
1.3143324253000823
1.2173199724930515
1.1997195278036896
1.192827589916574
1.1903100357151686
1.1958057819569898
1.2125187484153876
1.243301303301104
1.2907788335439836
1.3572674374905414
1.4443526355363574
1.5521098915120857
1.678131732499045
1.816788965105768
1.9240455812132262
2.0396404676395936
2.1629498670493112
2.2895616190334183
2.411256502890544
2.5185113195172564
2.604979441203222
2.66453267779586
2.7041050607144457
2.729652832809383
2.7403075248812403
2.7333948009988185
2.7026518174405614
2.6361678478465533
2.5225472762711934
2.3722762398080706
2.195532342233009
2.005395070503974
1.815319041518998
1.6367141151434728
1.4772714384840655
1.3404388994746383
1.2259587919786437
1.1310135234558085
1.0514779960295302
0.9829426044524493
0.921566960077669
0.865893319035794
0.819017631636701
0.7850091050925089
0.7647452186904754
0.756675099818367
0.7652868457111036
0.811223065261092
0.8738112243546402
0.9249414336245935
0.9270914066807029
1.0860526146427976
1.0488936083192402
1.0959534979373744
1.129446753522195
1.1412390327883333
1.1568990989214658
1.177920584082453
1.2137910398115208
1.2696942342284836
1.351004333103957
1.4630032792936143
1.610338288785674
1.7960408624673456
2.0200001518997315
2.2770234767597852
2.5549942196947324
2.83382174583558
3.085479879265424
3.2800496060889994
3.401110465255748
3.4438836966842326
3.411477823458459
3.315228948586565
3.172582074415022
3.0208843888046664
2.878915913498959
2.7441943211150246
2.621466517122478
2.5031206972793476
2.3930201340153006
2.2874016108784856
2.1936613060585146
2.123995181578275
2.0752673684510436
2.041652527067221
2.0148432523772573
1.9851767772934774
1.9437462158409058
1.8849643624173238
1.8084526485294985
1.718981208081458
1.6236095049894208
1.527248497222922
1.4316148836186806
1.338268607170657
1.2502826077970395
1.1714092406258838
1.1045943299406602
1.051036260756392
0.9859208480060311
0.9864863201950229
1.1552375970721234
1.544231858415819
2.2082542587628913
0.9026741090101712
0.8817950337588538
0.9099809105085157
0.9162455165384995
0.9001799085801115
0.8965758641118315
0.907213681403066
0.9334392121038719
0.9809148556730632
1.0554622359608001
1.162983470105174
1.3091422963843602
1.4984422708051872
1.7323933117576074
2.006790180679142
2.308897880611166
2.616474698531869
2.9009225792131255
3.133982280653549
3.2939964168043017
3.3699200325205285
3.3631438970442153
3.286356800297369
3.15950773055096
3.0206981506259574
2.889887929031182
2.7658013980031626
2.653185995893364
2.545281885510486
2.4458188834414814
2.351522056587226
2.2685885078713186
2.2060151441142772
2.158200856216
2.1169156340810034
2.072315619124599
2.014802521704353
1.937467057224878
1.8383161441598501
1.7213199601741704
1.596006723734078
1.4758418554923107
1.3701425968622463
1.2749849786992473
1.1857195758652244
1.1025029719333632
1.0272622489855776
0.9615868103639026
0.9057848776384676
0.8244387521803995
0.8566005994616073
1.007501129266203
1.2876727137785313
1.7131404169044744
0.7946753855782045
0.7746137901084545
0.7885326768624816
0.7949172207960722
0.7944775728104168
0.7910484428686194
0.7963506873048115
0.814655886148927
0.8506575112959915
0.9083643091403102
0.9913061952049017
1.102874617729984
1.2462528090341238
1.423206922475818
1.6318687818242952
1.8644324660410272
2.1059464384943727
2.3353557010090444
2.5292926441698627
2.6677271662291617
2.739270465063342
2.7437912728900566
2.691341062611575
2.598279930293248
2.49472848305465
2.397002726234671
2.3049168002010294
2.2224965756218262
2.14525957951914
2.0763503020830294
2.013928534879033
1.9621379906216436
1.9249725410942398
1.8960993732890008
1.8675237110762217
1.8307993418721165
1.7787050167254113
1.7070316680221638
1.6158211536633935
1.5094375621214715
1.3953159068657435
1.2817935210107452
1.1756969038278746
1.080636942565724
0.9972909014671963
0.9252347412936247
0.8641306974119682
0.8138000021418136
0.7741365283222778
0.7312501465508845
0.7480910306657568
0.8398450045568724
0.9895750174315006
1.2332608675297572
0.7425799699991698
0.7115271225587699
0.7126198994818335
0.7232156534938866
0.7324966616520927
0.732242279526548
0.7352453762569051
0.7467791250927391
0.7711585932311239
0.8119135174926482
0.8717113889471165
0.9523699133747008
1.054895605748749
1.179157012926579
1.3227931230106214
1.479748542003878
1.6395167775513035
1.7880387721508912
1.9104525101906271
1.994822721746265
2.0352028591707194
2.0326332512139533
1.9939461293216398
1.929542804066583
1.8594449717515091
1.7946503834884784
1.7352657872084314
1.6840174330798174
1.6381985981063687
1.599772258714774
1.5678106186646925
1.5443744163963344
1.5298743836826472
1.5190296706031314
1.5056821127037867
1.4836487675016619
1.4478703734708813
1.3955690079424505
1.3269713344005343
1.2452541604529463
1.155702683422785
1.0644286310761943
0.9771413637811137
0.8983253606695858
0.8308544033514393
0.7758384736400507
0.7328204336281473
0.7006054616427125
0.678030996298681
0.6586530796883228
0.6721376499571494
0.7164842055587205
0.7806213341257574
0.9096094571826739
0.7461282536334689
0.7021307871267639
0.6982778674632834
0.7169453642953113
0.7402507148963086
0.7450911707949939
0.7478685787526761
0.7562304502455128
0.7741777636330487
0.8049456706951851
0.8506434478627878
0.9120186782014669
0.9884300057878361
1.0780974942061474
1.1781437179009102
1.2837368158047622
1.38723865360494
1.4789172188689794
1.5492922919900447
1.5919338294156689
1.6052447578408975
1.5923386740069516
1.559168652169919
1.5121336010090811
1.4635509109015934
1.4203037461183807
1.382253847041713
1.3509336266647225
1.3245576830496453
1.3042488977850526
1.2896079458791991
1.2816593919369559
1.2793528146757653
1.2785641848670695
1.2745557312863312
1.2626111328909693
1.238944177691748
1.2015840702784233
1.1508675687290524
1.0893164918703786
1.0209597452928185
0.9503933778118864
0.8819296330451858
0.8190823778094518
0.7644933386310944
0.7201528234134363
0.6868002114074592
0.6632771229603852
0.6481326983711482
0.6383904998057109
0.6540499248237089
0.6852057009537125
0.7241330558903727
0.7968649978689974
0.7689151293094518
0.7153974905081523
0.7096327995741358
0.7347291129408424
0.7676021962592362
0.776555498722554
0.7802108602530714
0.7877136057617677
0.8027160425538868
0.8281160706012318
0.8655722561861189
0.9152544524147153
0.9758903530226254
1.0452870386539193
1.12102080270812
1.1996293397455924
1.2750453113259617
1.3392829496653895
1.384926024048436
1.4076440393551775
1.4074810824170505
1.3884131659573826
1.3566027169872978
1.317898801943128
1.2804367289877816
1.2483207900994109
1.2210885371505664
1.199703915043417
1.1829390759507554
1.171592360111523
1.1656079570824145
1.1655734093917454
1.1697154378979144
1.1744372067054902
1.1756342580474237
1.169265722702933
1.1521668358039165
1.1227918635794112
1.0815717365774922
1.0307406845523164
0.9737296338989121
0.9143921132735101
0.8563378813680165
0.8025397323070291
0.7552548621922861
0.7161846105832224
0.6863656995195904
0.6655746217837328
0.6527865653974112
0.6464021645758546
0.6641550376547679
0.6934466659983421
0.7268953260814239
0.7693329012430508
0.8020967161463484
0.7387296007196894
0.7314056202395666
0.7626662100453575
0.8027953169378937
0.8168836356028533
0.821997279278584
0.8292073210357777
0.8418166272677938
0.8623794901961579
0.8921484595080292
0.9308743293624325
0.9770034109408055
1.0284898267032505
1.084265426518109
1.142641026372562
1.1981541784067067
1.2434994208634078
1.272431596981164
1.281894484866753
1.2728644541851621
1.249651755200175
1.218190820469454
1.1840119869257755
1.1538621194355902
1.1293926564157601
1.1096650403686457
1.0952911880520924
1.0855028580746064
1.0809119875757214
1.0817214257615204
1.0881218648726223
1.0976538157782356
1.107056757023752
1.1126723560247622
1.1109583272901362
1.0992129206969345
1.076196318408792
1.0423886300029435
0.999793320054885
0.9513994591373388
0.9005373145622243
0.8503468210214639
0.8034723974595674
0.7619797139738699
0.7273897655244682
0.7006346735663624
0.6818827753911735
0.6705822827892681
0.6660849848817444
0.6856448667122583
0.7150527255270446
0.7454112443372106
0.7612638610536493
0.8476123171634495
0.7726726722410615
0.7640092926705838
0.8015213252052917
0.8493840552886989
0.8699892455882982
0.8769259314405834
0.8839311141938718
0.8939350805751868
0.9091537753179857
0.9304925363335864
0.9574054078417806
0.9882138179360273
1.0211502839847317
1.0588427680344148
1.101242327105501
1.1410346805437193
1.1714242146297638
1.1872778346241817
1.186624719071969
1.1711328272665844
1.1452134418787274
1.1142537027113057
1.0828417146071447
1.0568286985526307
1.0371063281845707
1.02243044263462
1.0130765411928806
1.0086036909409355
1.0095530708061862
1.0163740317689762
1.0287594680116234
1.0434049620218515
1.0573043737481038
1.0672102580557408
1.0700293476896077
1.0634475211743946
1.0464429564338045
1.019476722480674
0.9843063432247184
0.9435317985365776
0.9000698947100916
0.8567288750521276
0.8159600033685381
0.7797570383217569
0.7496015451799973
0.7263647299571289
0.7102153389114158
0.7006897318466129
0.6976791531951693
0.7184157690794013
0.7487066169726008
0.7752702707709485
0.7644677435807595
0.9035119560980707
0.8157209538677964
0.8064688507006265
0.8503741852862237
0.9087299284600528
0.9363288436457532
0.9450487282155259
0.9515812787326617
0.9585065325977278
0.9677899829808686
0.9801703881390127
0.9951053265839679
1.0112672132921068
1.0281239748588502
1.0511442859611912
1.0795939603383529
1.1055955472441583
1.123054308788839
1.1278256371560496
1.1187798751200329
1.0979824098829984
1.0696779318910297
1.0386339265866438
1.0087843420443714
0.9853015794415054
0.9685326081763928
0.9570926796553351
0.9510503522073631
0.9501893622344935
0.9550668156380709
0.966487716960953
0.9839239029069354
1.0031634222511772
1.0212402018013955
1.0352606883120243
1.0425354394054913
1.041056348148005
1.0299170742594697
1.0094756052061005
0.9812157987600096
0.9473938884289768
0.9106194712921315
0.8734998746536412
0.8384010279198889
0.8072963392099385
0.7816382722335525
0.7622312057460627
0.7491718092441743
0.7419416327359589
0.7408758080470386
0.7612770130002869
0.7926345373362677
0.814430804947388
0.7778249229767793
0.9661051529038119
0.8654123834376466
0.8573917040095107
0.9093865482800528
0.9802216649648358
1.0150613582237877
1.0252693301943223
1.030816444724816
1.0340656390359526
1.0369084146870289
1.040186699727439
1.0437853780339044
1.04742950248176
1.0524958292966295
1.0626576718851446
1.0768578531327775
1.0892518266713482
1.0943899385866762
1.0888761130338405
1.0721607267298165
1.0464639534876465
1.015731940515614
0.9841755462357412
0.9552103469168683
0.9334153159044969
0.9186529696910802
0.9094141933544045
0.9056127278811286
0.9071620203490147
0.9146073674963179
0.9290350942299196
0.9500361418368706
0.9729383959425963
0.9946758726895215
1.012565745348108
1.0242397670036363
1.0279084376234826
1.0226826320038935
1.0087369556558
0.9872497198875327
0.9601609838485042
0.9298435758625139
0.8987790547901824
0.8692889719657713
0.84332345315147
0.822289053553654
0.806922465750694
0.7972557102722083
0.7927176682087864
0.794548881691008
0.813251159277152
0.8444525429080768
0.8616621485941591
0.8011557153475211
1.0305670738939776
0.9188026605246942
0.915125609684716
0.9765917551525883
1.0612369714739849
1.1034885378715897
1.1147668685699255
1.1187033143860485
1.1176937607617106
1.1137528239878502
1.1080435683951786
1.101113682220776
1.0937211802066622
1.087869582419664
1.0858503554900256
1.086563854661862
1.0857379014023179
1.0790149449999629
1.0637944046130166
1.0399820658878078
1.0098063925209295
0.9768395657023018
0.9447484161282913
0.9164476263393643
0.8959490555900517
0.8826855914510265
0.8750378794721281
0.8727965972438699
0.8759469237814372
0.8850010380233686
0.9012122610265388
0.9243464025909117
0.9497025944888121
0.974285463577134
0.9955827333466146
1.011463335090826
1.020270296003007
1.021046767536653
1.0137152118343242
0.9991121253307506
0.978860192171747
0.9551132675106686
0.9302385761507662
0.9065040873124006
0.8858183427115442
0.8695407056579535
0.8583673645016198
0.8523084209435807
0.8507788218614128
0.8564267222180056
0.8744269661948043
0.9009618459687317
0.9151760235841003
0.8342395497410675
1.092228886996553
0.972729956589419
0.9756761526394693
1.0477475813321566
1.147355384353472
1.1971609135072812
1.2091182932589875
1.2108395191217325
1.2051406686953696
1.1942690626116859
1.179768021247351
1.162830634667831
1.1449144935688176
1.1281209958914344
1.1140802217351917
1.1019152110164605
1.0885397989007883
1.070724128866176
1.0466630893475746
1.0166216094077978
0.9827240861608573
0.9480993847677809
0.9158442424177142
0.8883494772204018
0.8690564621642025
0.8570389567533454
0.8506064304248169
0.8494628251861338
0.8536375983363065
0.8636045213432334
0.880697148935437
0.9048183183130525
0.9314522023537651
0.9578716197460064
0.9818299351812974
1.0014298579351655
1.015104423158863
1.0217764022022124
1.0210685794417032
1.013441702777287
1.0001795501609345
0.9831972986298466
0.9647192460266022
0.9469246585074752
0.9316572208318739
0.9202382893544652
0.9133703687340791
0.9111100264582983
0.9129167331080013
0.9233307510596598
0.9421736546942777
0.9582080140346911
0.972231373169443
0.8761736816410834
1.1477277099119763
1.0228620088882336
1.0329471548311933
1.1168237278907407
1.2325757996167939
1.2901876462346094
1.302869763886781
1.3019863966205607
1.2914728597407363
1.2737371638129311
1.2506452584305703
1.2239464967289528
1.195592648215372
1.1677567961172406
1.1419071559737268
1.1175819932566782
1.0926896096053655
1.0650047434691883
1.03341123935539
0.9984094854871632
0.9619136902226486
0.9265436688142689
0.8947873307554779
0.868477039786423
0.8504717590140651
0.839583858631305
0.8341200341502762
0.8337449199737663
0.8385244495285168
0.8488908885255931
0.8661763587039019
0.8903379149612981
0.917133738210942
0.9442393634746796
0.969811210383347
0.9922547225299375
1.0101080287135031
1.0221631114574627
1.027724827086698
1.0268599482724468
1.020494863193098
1.0102807215128022
0.9982611175886187
0.9864821513080986
0.9766906722856374
0.9701732247800164
0.9676878217291006
0.9694180104226141
0.9749361993727891
0.9912175572718968
1.0122021330408955
1.0120189902282495
1.029641318911739
0.9251245255658296
1.1948859331336856
1.063288791661771
1.079892768711546
1.176718658170165
1.309738067594974
1.375333061613146
1.389453224864886
1.3865539258384985
1.371545924444081
1.347207147806904
1.3157925969083735
1.279598764605679
1.241034033634869
1.2024663286196118
1.1655082828576477
1.1302119761767315
1.0953351571161332
1.0594798748122942
1.022058634687109
0.9836752857532935
0.9459466401420038
0.9109351780532917
0.8804810236472531
0.855814863435416
0.8392129909613518
0.8293658391093848
0.824676353333201
0.8248290547493484
0.8299271946805038
0.8403453692120892
0.8573073187051687
0.8806697136351209
0.9064803003228765
0.932938848246639
0.9587663417729354
0.9827766616249334
1.0036600221302656
1.0200931400048665
1.0310673531556618
1.0362596583896546
1.0362458341858443
1.032414652289714
1.0266121679793054
1.0207122472444812
1.0163198776116031
1.0146670402598368
1.016598964752709
1.0225005776379859
1.0321188958903411
1.0554148944962767
1.0800990891820175
1.0724607118026324
1.0842886968001302
0.9782794130252866
1.231593158600223
1.087977159164863
1.1100999502183067
1.220615911903258
1.3714460419009669
1.4451138210242735
1.4608854521184442
1.457702865271111
1.4392204271825482
1.4089877110300837
1.3699822639567978
1.32513164006741
1.2773225416968452
1.2291978672110857
1.1826403670304526
1.1382212136839185
1.0954104353994063
1.0534611338242192
1.0121607922080151
0.9721139356643823
0.9345920306876827
0.9010744653926779
0.8726919567495268
0.8499836488020821
0.8347064187384808
0.8256746061715811
0.8215269185991723
0.8220342424364347
0.8273333508203938
0.8376932132308339
0.8540544379491759
0.8758705017760726
0.8994447358617934
0.9237207696556435
0.9482060871082786
0.9722315045945501
0.9946729763787782
1.0140990141967614
1.0291921008822889
1.0392563159193553
1.0445563587188682
1.046271479333553
1.0460826483306038
1.0456747734931668
1.0464515465249584
1.0495323342277123
1.0558457364525278
1.0660288033229448
1.0800361143414954
1.1111975128045046
1.141083178980037
1.1272878195221994
1.1329711377375726
1.0318410322746343
1.2552311422011246
1.092768235778392
1.119553906368608
1.243706366765258
1.4116754066317143
1.4931549165631712
1.510827933140449
1.5078630239549293
1.4871515458225333
1.4524677387772689
1.4075199221763306
1.35590339767573
1.3009611832870756
1.2455719868735422
1.1918424027892536
1.1407923086142961
1.0925037858757554
1.0467628753875722
1.0036291697763413
0.9636559194061307
0.9277692407640714
0.8968302448047982
0.8709659450811928
0.8497092637830578
0.8348918282780695
0.8260177489514138
0.8220425685321998
0.822826730527681
0.8285241077031726
0.839240493394524
0.8553454360135503
0.8751614638369454
0.8951593430881897
0.9156308169648811
0.9371933567851535
0.9597347435512109
0.9822849851872959
1.0032770864706362
1.0210665954690774
1.0345827294332626
1.0438293430653744
1.0498912168497974
1.0543990465159785
1.0588791479899589
1.0644606360700262
1.0720356736140535
1.0825637295532435
1.096953544247975
1.115351425193805
1.1544487129494403
1.1903312346077821
1.1718383908897216
1.1719758408836922
1.081088155881911
1.2632597216340402
1.076798917274713
1.1077978701052815
1.2445194571935514
1.4275119308939503
1.5157221562499046
1.5350310074597682
1.532287287071268
1.5101821740032009
1.472669168255526
1.4239833049680117
1.3682265690030448
1.3090319471024658
1.249340587751348
1.1913197152597854
1.1363508544247358
1.0851106235257675
1.037873757237167
0.9948979507881887
0.9566454799957516
0.9237320638786489
0.8961336708295566
0.8706016184333233
0.8480577169605186
0.8323537850731547
0.8230572135059648
0.8189912703449229
0.8199881764507294
0.8262746717935177
0.8380556212345469
0.8554312834229512
0.8742421564251918
0.8900117200261944
0.9057303501528258
0.9234946649757727
0.9436663594431753
0.9653792244891823
0.9869411873543766
1.0063771325578723
1.0221662756423542
1.0340028769410943
1.043032103953585
1.0511094264866694
1.0597423724000323
1.0696944778627304
1.0814039088747012
1.095745540299935
1.113920314380141
1.1362064872613036
1.1821422006981157
1.223661522614763
1.201608797321722
1.197322845722088
1.120696144419895
1.2543034880148531
1.042733571985965
1.0778635296814283
1.2251149264546755
1.419951196363999
1.5132689143026425
1.5336340677165754
1.5309097370284326
1.507965557330124
1.4690442799324752
1.4187501674381646
1.3614208329019621
1.300648544932956
1.2391058843415526
1.1788724710999248
1.1218527807168261
1.0694591215062446
1.0223523526163878
0.9807160506633301
0.9444685830088125
0.9130053670591244
0.8847821956343047
0.8589770919945494
0.8367736393282105
0.821269471023391
0.812042843510746
0.8079155665875811
0.808690550444419
0.8145358304449186
0.8256689090211228
0.8424913449630544
0.861451408816877
0.8760978246636351
0.8890434559844488
0.903883140558733
0.9218133971722262
0.9423518618908141
0.9639766240804998
0.9846565486851507
1.0023959778775247
1.0160348268561727
1.0265996196486897
1.036929938326553
1.0490215563173138
1.063155121889082
1.0786436066252485
1.0959844021606218
1.116999581492628
1.1420467048473648
1.1925807890585036
1.2383620916734361
1.213521299405048
1.2058655100657942
1.1454921055143379
1.2289300404907737
0.9957684227223575
1.0350390244501386
1.1900024851835178
1.3931341374307247
1.4900811178947693
1.5109207780387308
1.5079982764932598
1.484669807680813
1.4455485500456182
1.3954615883592671
1.3386690089417812
1.2782337079430623
1.2160080304057488
1.1541034905926129
1.095667724308261
1.0429927685260951
0.9968411774003765
0.956990400624435
0.9226262225065024
0.8925091599296513
0.8654557847905178
0.8412234013311061
0.8206536501223786
0.8063880880432606
0.7979507970920686
0.7941997762919473
0.7948789631114938
0.8000241801049162
0.8096655411810515
0.8240250041631808
0.8406552550857473
0.8545285740585898
0.8663995872814103
0.8793036788586794
0.8949958788768896
0.9135124444288535
0.9337448622146229
0.9540210596125593
0.9724624280490539
0.986963305233795
0.997698556024603
1.009402466980689
1.024725581229492
1.043864153620832
1.065842513830988
1.084380665142346
1.1069032560634506
1.1331840102594934
1.1855159553522112
1.2338692667956073
1.2070924807841177
1.1965776632425107
1.151562425358802
1.189734884867115
0.9419921785746631
0.9851866575479736
1.1444310911998188
1.3523627136487413
1.4522142274135832
1.473091075824455
1.4698025899063085
1.4465216552742723
1.4082482960407345
1.3599075516021304
1.3054289721466092
1.2467238312350382
1.1839323224152867
1.1200914659254124
1.0606147308472729
1.0083831027851182
0.9639464775088422
0.9266066111765733
0.8950343563227166
0.8677355424072847
0.8436284425994159
0.8225169641942912
0.8050341942422451
0.7932828176207505
0.786699610645269
0.7842526628329001
0.7856303343782642
0.7908218443712253
0.7996879786488279
0.8122510945386261
0.8263844027952476
0.8381043651235821
0.8478805194308497
0.8581420734421794
0.870583052238521
0.8854161437304797
0.9017410224083108
0.9180394778445863
0.9325976950245309
0.9445116600069438
0.9555133377567295
0.9687593827133658
0.986188048295076
1.0081749921946699
1.033659177336071
1.05952199356001
1.0841732873584107
1.110570217695364
1.162202858611429
1.2119222823589526
1.1849869962773383
1.1711206242413863
1.137313839806858
1.140788577490768
0.886879066558235
0.9334217710247417
1.0930223602379108
1.301826282229884
1.4044770776935396
1.4247238883346585
1.420860864657091
1.398062725236112
1.361509926407045
1.316164700934968
1.2656916554322715
1.2104747134388465
1.1473149474808342
1.081901371926742
1.0223110285466341
0.9713977205282002
0.9293752682986225
0.8951716642496719
0.8671513158917934
0.8437120005588461
0.8238071366579444
0.8071834582558982
0.7942376107014668
0.7863403430219491
0.7827913016158832
0.782747209421798
0.7858413994297289
0.7921214528316833
0.8012925456600245
0.8132149383663536
0.8256890197091978
0.8351670965014913
0.8421965268482198
0.8490067411262473
0.8571763476936971
0.8669605510518639
0.8776381379009772
0.8880311445248296
0.8971366192482172
0.9051064731136437
0.913749130469343
0.9254549956693837
0.941971306126623
0.9639772794672781
0.9908922003454461
1.0204944506891145
1.0490220318544896
1.0757832170865287
1.1251811911053105
1.1758714713015295
1.1536550642714416
1.1331378348786114
1.1039989598412256
1.0867752785743865
0.8343948021347098
0.8835573144378713
1.0394770662750132
1.2429361085678687
1.3448415166265362
1.3641314312792503
1.3606433444250654
1.339224696444834
1.304972423424026
1.2629238224620845
1.2167641196037247
1.1667138689340582
1.1075605603113603
1.0441781899548663
0.9865304861360622
0.9380138762499766
0.8989078963192252
0.8680907863381149
0.8439148734730878
0.8248620916919241
0.8099584024426377
0.7988498395554198
0.7916370066819373
0.7887557283062279
0.7892980134259586
0.7926666012474799
0.7984334664996483
0.8067998777523776
0.8173303999058764
0.8297918195889836
0.841703148023029
0.8494942730211743
0.8538146074352448
0.8568794448689786
0.8601817419766924
0.8640005797392714
0.8678353196985519
0.8709511265167867
0.8729962481643073
0.8746604444405648
0.8777517015766932
0.8844737389713885
0.8966787546463428
0.9154262244932588
0.9406427480790702
0.9707304629725729
1.002095112773732
1.0305311317455723
1.0774014457599574
1.1288657357105392
1.1199676545077235
1.086523955933737
1.0554692340306828
1.032196852865482
0.7867607060026499
0.8382222799961704
0.9874892522253398
1.1774050555063957
1.2709132583679246
1.291396083883268
1.2901578267883678
1.2710497184792582
1.2392847004855168
1.2000912618642066
1.157359604872256
1.1124772401361622
1.0635216858689451
1.0097789867490716
0.9577873198122105
0.9130806204373205
0.8772017836017996
0.8496446298022085
0.8291908059461777
0.8146507242975801
0.8051772661683344
0.8002678775297116
0.7996517246234446
0.8026505202201257
0.8080746491350994
0.8156056442634676
0.8247469004692098
0.835930226505232
0.8486174495904764
0.8626088637162752
0.8751099858767508
0.8821403610837876
0.8843292315172945
0.8838871925600037
0.8821588288975227
0.879409065769536
0.8753732318896265
0.8697664888754191
0.8627910160203269
0.8555627956431775
0.8500630543382586
0.8486238721479604
0.8533696565773897
0.8657661635618876
0.886216636745627
0.9136574981549872
0.9450803979966885
0.9753162037923377
1.0203731743941424
1.0712261797878297
1.07415406138779
1.033877070680356
0.9973152538353484
0.980883353440432
0.7446666675713645
0.7993072502258057
0.9419296379117691
1.1159724717947237
1.2009397017755101
1.2208694875555806
1.2206205342634882
1.2031933342177064
1.1736074437589836
1.137213635654528
1.0982905951278827
1.0592473238672269
1.0203660152331544
0.9802463496481828
0.9388049226936924
0.8999672183549008
0.8675421317020998
0.8428391687250933
0.8257273481487664
0.8155988664732626
0.8117458302635407
0.8134444647086887
0.8199708423871716
0.8293918019489157
0.8401720472825153
0.852280917296251
0.8651442207037616
0.8794664766192163
0.894656761121808
0.910730670320207
0.9248345106345449
0.9323305040125102
0.9335061313643318
0.9303632528132454
0.9238820015886579
0.9142386106786531
0.9014175725287029
0.8856007999823208
0.8675510058013135
0.8489011034866177
0.8320462163109499
0.8196939459870667
0.8143453231636978
0.8178272024238694
0.830881100931543
0.8527717816237426
0.8808207656630956
0.9099373463371919
0.952728566402888
1.001141113189966
1.0134626809351193
0.9765562551938717
0.9357807876619684
0.9358647781025852
0.7077033535809
0.7684283304776386
0.9082889190555709
1.0694874840606552
1.1461670958750787
1.1639126384572385
1.1630713371128265
1.1462740724559228
1.1183161916901565
1.0845556467723296
1.0495265746963682
1.0161887322017995
0.985779931680222
0.9578742476107065
0.9302259010400065
0.9005312696689027
0.8719722120816995
0.8495722641375505
0.8353667878612702
0.8295058921758247
0.831344718228908
0.8398512475688338
0.853788008611937
0.869886196892384
0.8862241210624021
0.9030510595544337
0.9196993109482964
0.9371388274120119
0.9547265856339748
0.9727835364586244
0.9889165465307866
0.9982461317971223
1.000092410760583
0.9955928138718018
0.9850084336325234
0.9683812002014331
0.9459754334313212
0.9184753071769381
0.8873044811283209
0.8548414816319125
0.8242029155037023
0.7987076833065343
0.7812930145664907
0.7740317385198642
0.7777671691812832
0.7917759701906452
0.813321105298742
0.8373651608267058
0.8745892593437151
0.9201554258707174
0.9413562558887991
0.9161114046237755
0.8767838054383842
0.8995216489471709
0.6748727457082262
0.7472931109427398
0.8904520784893328
1.0423814699668932
1.1109562852100914
1.1257887444180632
1.123526589667429
1.1067088239840206
1.0799472813518363
1.0485078996510384
1.016997921986544
0.9886056882472548
0.9649295469499221
0.9461286252172046
0.9308209554921634
0.9142193448586898
0.8911341418010781
0.870686637268168
0.8592418791701943
0.8576733688230889
0.865245813454336
0.8805735225860656
0.9019197874831981
0.924705999547556
0.9466331447898592
0.9682299720145051
0.988725407826416
1.0093387164733645
1.0293208071250985
1.0491619885946768
1.066896702422423
1.0787505448677153
1.083069427726215
1.0785331008857302
1.064450789437619
1.0408064281427931
1.0081100080615364
0.9675034845206485
0.9212296892825955
0.8727654727269305
0.8263224946401604
0.7860572853468414
0.7553544998591194
0.7363586937617395
0.7297212203315819
0.7343812823011898
0.7472570675731215
0.7634969021915553
0.7917443454363692
0.8341933196381104
0.863906127602726
0.8552369674089136
0.825190821097361
0.8738665905443198
0.6451053490873162
0.7379803556397608
0.8895872896693457
1.0346852331503233
1.0956085691238873
1.1074763405303436
1.103692776451745
1.0867882815465506
1.0611672353767803
1.0318951401635545
1.0034952018962298
0.9791821023938875
0.9606194320874809
0.9480369028112084
0.9403961474806487
0.9346083653076326
0.9217123074613782
0.9053549421039598
0.8977684337650215
0.901036772138298
0.9144530604346264
0.9364168055907025
0.9648606904030991
0.9941023843069087
1.021568599280279
1.048112479979688
1.0728896391823368
1.097444060048821
1.1209590061820263
1.1441612411026345
1.1650387634989312
1.1794074255014377
1.1849370488492896
1.1791101339807328
1.1606799215360053
1.129562378830887
1.0859094664905935
1.0308313373017777
0.9675922437935702
0.9012460790300454
0.8375009159923448
0.7815283737266928
0.7371042754282677
0.7062240707728988
0.6890400110843022
0.6838371220619798
0.6870482957643964
0.6942947813674903
0.7118514494570901
0.7506761106164551
0.7879737854528479
0.79740555867417
0.7843320546083685
0.8607819563236335
0.6177179625426354
0.7430331883668301
0.9046628403162352
1.0435158152587067
1.097323833268959
1.1066757785504406
1.1019176565071869
1.0855092832592619
1.0615349248149595
1.0347168678329772
1.0093478907874913
0.9885305869717539
0.973848457695072
0.9653722617852736
0.9617870115582609
0.9602784695683563
0.9564867065635589
0.9506861823800057
0.9505745284901712
0.9602244403401429
0.9798368635800009
1.0080707838988097
1.042929824657816
1.0780991749108026
1.1109799285964
1.1428586221724961
1.17287984435834
1.2030497429788616
1.2324850519069164
1.2620957924824179
1.2888042129680575
1.3060719966826249
1.3104785266308927
1.2995087585673977
1.2727168655826273
1.231785453085274
1.1763922762800667
1.1054094986035774
1.0235051515983657
0.9378671027706168
0.8560186157226538
0.784200786562762
0.7264334470760542
0.6843116070093204
0.6571998769308649
0.6424675886287343
0.6360407483522136
0.6343250112764917
0.6411897437510017
0.6761426958614353
0.7196090222691598
0.7459130542511794
0.7556221440446591
0.8620209463933272
0.5927233052027079
0.7650895902956704
0.9333394589180118
1.0640378799648624
1.1110332250984511
1.1186639968499386
1.114039042104571
1.099372833481882
1.0782276713181282
1.0547870465427989
1.0329523175751447
1.0156042234556317
1.0042007284472607
0.9987101717159536
0.997825337463933
0.999521313605474
1.0023432420593397
1.007306745851309
1.0176207939924737
1.0357886920216774
1.0623369840701289
1.0964281936995754
1.1366600761017789
1.1768687636416073
1.214871940085713
1.2525219063384776
1.2889325712072233
1.3265236054189744
1.364004078545596
1.401980591107186
1.435472566787228
1.455362342598788
1.457494959977758
1.439428904629656
1.401361818396736
1.3462123133374186
1.2756912581330058
1.1866818201132179
1.0846119422817853
0.9789702442813049
0.8791324192709351
0.7922569365884353
0.7223645986646909
0.6704013200247035
0.6346952400283908
0.6114591410342702
0.5961562758989034
0.5863165494362625
0.5837112161067665
0.615060685582169
0.6631238019505513
0.7032121182059088
0.7380072501292816
0.8831620273115873
0.655356132346046
0.8147643844585031
0.9800683603469016
1.0950405861538652
1.133751548774525
1.1405787448447262
1.1380319115337763
1.1277190688008356
1.1122408179342955
1.0948279477019889
1.0786818138820602
1.0663025955171839
1.0590523555901514
1.057096029678488
1.0597941485735447
1.0665087954079604
1.0774328796594772
1.093692278428234
1.116492025184087
1.1461636311249286
1.1819780066756758
1.2227627621511006
1.2678410577979768
1.312334508127457
1.3554162559413256
1.3996941351963774
1.443962094867585
1.4906903919578525
1.5376360299422667
1.5847136092745067
1.6247813501970785
1.6464089167356788
1.6450403154054474
1.6183872757078557
1.5669571303389558
1.493040822995843
1.3978367101681384
1.2828394720301017
1.1552673095323773
1.0263744675754205
0.9069898985284406
0.8047480317879958
0.7232623240204082
0.6625138655985356
0.6194373538869805
0.5884602872877529
0.5644276940853001
0.5467595439650318
0.5355257586228419
0.5636777116381309
0.615391302791151
0.6664856430623658
0.7256831428490215
0.9661756525644337
0.8279077449604776
0.9580462297417995
1.0801813991087588
1.1438044700981367
1.164452153657583
1.1721786377569847
1.1780036895688804
1.1816753370143553
1.1831386389289629
1.1830561123562378
1.1827996996651429
1.184038329014167
1.1883012057134361
1.1968272401618758
1.2107404407491207
1.2312849209043613
1.2597438417429443
1.296913857748456
1.3424132532620596
1.39430961736315
1.4494660699652138
1.5047286225639709
1.5586908333723037
1.6076016853880173
1.6539581441660491
1.7023706439161166
1.7515961847831507
1.803655903661467
1.8551966181896082
1.9053669836358886
1.9460610338525912
1.9655370499738711
1.9584945900389557
1.9197474977027877
1.8452009620630498
1.7340639550950745
1.5910248809125158
1.4266014941141367
1.2550146740983437
1.090592892038272
0.9445230478089868
0.8232731736684414
0.7288023402120802
0.6597009441996604
0.611914062791557
0.576935670687013
0.5444311919750565
0.5183856199272207
0.49919003987876603
0.5258257754046044
0.5815631443569887
0.6395474116777791
0.708005156016227
1.124545625660125
1.1383751987383606
1.2081769537429485
1.2156892125932608
1.1786159290685525
1.1657408496672816
1.1735205866056555
1.1936662100069126
1.222305008582218
1.2533903857448532
1.283543530517845
1.3125156845685066
1.3417485047217865
1.3732849773852303
1.4092188114210362
1.4515405817325007
1.5021258102856283
1.5625194965568265
1.6333151174309353
1.7132998262962469
1.7988954951124496
1.8845087576543595
1.9640542425774772
2.033144524485654
2.0853779566020267
2.1248345438329554
2.157649357204065
2.185048985133117
2.2097029351455797
2.2317545921562623
2.2547571655344965
2.2787821835879325
2.2889689616191746
2.266790358515213
2.1986215659439994
2.080068480374661
1.9170532011277068
1.7237567007266856
1.518209806653544
1.317571484604615
1.134880913898161
0.9778999714344597
0.8496219772068718
0.7496075997458166
0.6754036753271527
0.6235514025715052
0.5896003461544761
0.5651040517494655
0.5424248874914929
0.5259078991748699
0.5593801603392172
0.6215105802514367
0.6763692156394949
0.7200580851483427
1.240682100433564
1.3915748717282082
1.3901389180081614
1.2976800213800448
1.1967339036622964
1.1620733950988706
1.1681677997244695
1.2022613483342517
1.240203279128376
1.2797431248775233
1.3224037803933217
1.3701296250269672
1.4248332680459743
1.487910275329167
1.5598309326963546
1.6401682475819237
1.72820388875263
1.8235966966171089
1.9261970633859067
2.0347360699143984
2.1452611959228
2.2506510145009404
2.3420523963275506
2.412006623005983
2.4543753327827034
2.478098035127532
2.4937068734185033
2.5071875585662444
2.521468669435787
2.5335732972832625
2.5375461855209713
2.5211476694831507
2.4729507353545386
2.3848763107775386
2.254512503410239
2.087295184093035
1.8954808752294117
1.6944238087322299
1.4983376543501823
1.3175381744448453
1.1577821834260584
1.021112447748719
0.9072528106751151
0.8148472203162255
0.7422300183576038
0.687700068290049
0.6494218131360038
0.6251284285176086
0.6119963581061417
0.6108182716115378
0.6563555739051873
0.7256226812426125
0.7778461175505207
0.795991001380546
1.2110876650310138
1.4575599072830279
1.43620996139844
1.3263904826328243
1.2368414479212366
1.221322530193636
1.217573782465531
1.2182493534809353
1.2263596926502909
1.2446782097473152
1.2757613678270643
1.3220570824871554
1.3857985094285934
1.4685398174543172
1.5703163346640858
1.6885504990844746
1.8163926272625244
1.93171470244048
2.0322042761546864
2.136598155344478
2.243782988224309
2.347540436803464
2.440379820853199
2.5180721147952716
2.575909597054298
2.61901289676141
2.651959486492246
2.672945971049825
2.679872215590226
2.666397492312009
2.621821479239562
2.533685254722012
2.4073773423328126
2.250283539222228
2.073482759262332
1.8897321789556025
1.7110360047838684
1.5465217516217822
1.401343195612792
1.2768030535235348
1.1713306964855763
1.0817486329504125
1.0043914019321478
0.9360365757360938
0.8754251741223822
0.8249096813205815
0.7878233069236664
0.7649614387678024
0.7549435127708664
0.7621969095548627
0.8083646437746907
0.8723709559307133
0.925544631652465
0.9261421944853592
1.0867136936035937
1.0658162689052384
1.1180291871027739
1.1565866084304433
1.1729914073714067
1.19009393665875
1.2107567095834246
1.245129033083721
1.2981167214406222
1.3748117599407825
1.4802373226112793
1.6188794960849107
1.7938478033081338
2.0055425045138473
2.2498863718540956
2.5164937110229655
2.7871999213884777
3.033151559991692
3.217395313177424
3.3281777237201338
3.36554672871613
3.3336044573530774
3.2430705345496014
3.1097357991332433
2.9678849121563546
2.834863678251741
2.7084329433434116
2.593252800186133
2.482458664839518
2.380026412567017
2.282962221597573
2.1987386078911966
2.1385088275853463
2.098842662979225
2.0734321905690125
2.053311598283583
2.0280756658673726
1.9882231574718443
1.9280511481318605
1.847829368915104
1.753808538547691
1.6548561169274705
1.5565638105216548
1.4596726255257408
1.364598152223789
1.2739689243784067
1.191646265825023
1.120901924886606
1.0632208600699817
0.9906713813893321
0.9878198296899682
1.1575334710175005
1.550574209107862
2.2222290107346625
0.908311603292925
0.8997114330575472
0.9299485503669668
0.939091329964866
0.9260164836717014
0.9236987069659055
0.9348364049533827
0.9613917000235218
1.0089418698375365
1.083175135420302
1.189794836020106
1.334189263516566
1.5205372832524457
1.7500713688839118
2.0185267462344934
2.313516868113822
2.613603500411072
2.8911576767077927
3.118731748899582
3.275434211381737
3.3509074566244426
3.3467133251454038
3.2749615296421752
3.1545317570150413
3.0218127878313426
2.8962525310440306
2.776935947709426
2.66866072877151
2.5651057067772043
2.4699809760852163
2.380253777626854
2.3018991883369924
2.2433402764584596
2.1990433876491258
2.1608594000592363
2.1189151798602692
2.0634224057959005
1.987204305701237
1.8881314429730072
1.7703823348157017
1.6438835023666056
1.5213038987492977
1.4104411198356412
1.3095422118955151
1.215312961194166
1.1276888994807184
1.0483802936203614
0.9789949737700983
0.9200700925370275
0.8418552106241068
0.864695937667209
1.014506081647667
1.2951492569843666
1.722447284136384
0.7992378800815203
0.7877536534545888
0.8020324369175375
0.8126859855779419
0.8220234738435788
0.8138877022248028
0.8199084315119587
0.8394438468842058
0.8770495319261418
0.9368206214317417
1.0224482891147628
1.1373704140710552
1.2845454929722306
1.4652796284907614
1.6771601832571132
1.9119067955867746
2.1543113648217402
2.383389681310784
2.5761698757737688
2.713196050784379
2.7836073918381805
2.787583462553359
2.7352487771181364
2.64290706337129
2.5404614402329173
2.4440422462810223
2.353429756522286
2.272514680148548
2.1967916009391404
2.1292028802474863
2.067745454627935
2.0162574318724173
1.9786655534877533
1.948906857564318
1.9193342527402495
1.8817860093450915
1.8291431187476932
1.7570772098913998
1.665359353962484
1.5580650521540755
1.4424076739589564
1.3265368568271705
1.2171264844642826
1.1179198652498659
1.0301052485857332
0.9537675274804053
0.8888479400523494
0.8353111598330286
0.7931537642755109
0.747084349809393
0.7587975365992891
0.8466220772438822
0.9944480483203277
1.2430005724857534
0.7442664373092743
0.7197538354269953
0.7197633836502475
0.7340538058322557
0.7476518395503882
0.750259956584865
0.7560673284438243
0.7710575335613812
0.7995786160391576
0.8452972350930891
0.9110380484115813
0.9986607066964797
1.1089416765894382
1.2412325140925076
1.3925237205828194
1.5561184545034776
1.7209452526376474
1.872533748752908
1.995844434660331
2.0790294114175003
2.1164790561031634
2.109818441510755
2.066735270006433
1.9986191599845335
1.9263044392164874
1.8604188603556626
1.8005171065813086
1.7490024803356556
1.7029188500218466
1.664045670717164
1.6312125495520007
1.6062421356306014
1.5896209908044272
1.5762145636935367
1.5601175813383157
1.535427749716755
1.4972870710515025
1.4429547207944233
1.3725238361812078
1.288952710533851
1.197350945739119
1.1037856095850842
1.0140405069473215
0.9326778785805993
0.8625241259899759
0.8045928424817654
0.7585164460542841
0.7233027499838662
0.6978985399882499
0.6737824821186221
0.6811551227174492
0.7205295518751357
0.7819081039161837
0.9182091373169069
0.745371348805936
0.7064188438845754
0.7020272963131762
0.723626227147583
0.7501416198138293
0.7603531014716104
0.7674508173444774
0.7807709417940818
0.8043399681854151
0.8414511494230233
0.8942443627155323
0.9633994713016842
1.0479928398184695
1.145672912677442
1.2529162228162085
1.3644627165938337
1.4723625897473513
1.5665689527630224
1.6373982729219871
1.678460374349151
1.6884498077381846
1.6709358242348082
1.6324930436788467
1.5806954614433284
1.5292190869852076
1.4843327139779634
1.4451839227703172
1.4130520244333005
1.3859517850858514
1.3649164065699937
1.3493699339130951
1.3401544626075115
1.3361850589290858
1.3333136941254273
1.3269070954795592
1.3124480961842635
1.2863531588589991
1.246754798571294
1.193944875394492
1.1302943252545945
1.0596847542444323
0.9866794142734482
0.9157258072660707
0.8506066401856596
0.7941679453317873
0.74807353460993
0.7124845318476248
0.6864297157624935
0.6686815549683991
0.6540684881859901
0.662852913559613
0.6884951179193416
0.7243564259405288
0.8050395030031228
0.7674822064212108
0.7180664180570049
0.7124610706148999
0.7398518537456897
0.7750102926866141
0.7908529605211031
0.7995115134568758
0.8126102199855926
0.8338067811521828
0.8659766149620194
0.9106829311898049
0.9678954452702954
1.0359942144879106
1.1122271571262377
1.1936197100476302
1.276661237569318
1.3552476809596035
1.4210581043435642
1.4664148619279433
1.487045082534983
1.4833793408292952
1.4599970567966731
1.423775899256256
1.381235066444159
1.3412907716147942
1.3075382669110422
1.279052686113585
1.2566902596945906
1.2390914374580282
1.227033968589957
1.22035848670015
1.2195199596118058
1.222612300185547
1.2259069922609607
1.2253185039819896
1.2169568468031533
1.1978476907511073
1.1665621896916352
1.1235101978555524
1.0707925896908217
1.0116927887793719
0.9500120231172939
0.8894655168999974
0.8332791411717841
0.7839962681097588
0.7433189757116199
0.7118241190155467
0.6890209115857966
0.6739262574346895
0.6627919126213883
0.673489007794851
0.6971531917980764
0.7276987722456764
0.7779215279459507
0.8009837040021527
0.7409120714063918
0.7343124728389591
0.7668434386138442
0.8095398647107529
0.8310756398181306
0.8415008499300801
0.8546490234294453
0.8737601154007765
0.9012736922880756
0.938223345243468
0.9840208393577604
1.03665810271282
1.093479481863478
1.1530239954601715
1.2144994809390721
1.2723438369306006
1.3185491451950233
1.3465343536070327
1.35334600380372
1.3404184766167158
1.3127332450412088
1.2772054547110778
1.2410052569092922
1.2094025540201365
1.1835494976306167
1.1625861763932048
1.1471678844208428
1.136465039068218
1.131148033895516
1.131424506383497
1.1374421642774606
1.1465158992559914
1.1551437012982362
1.1596158928785945
1.1565050506119083
1.1432859197700926
1.1188362517585386
1.0836234956547477
1.0395255644624546
0.9893834824057651
0.9364624152189754
0.8839819067146223
0.8347979626774493
0.7912196499498743
0.7548570407328163
0.7264517096417602
0.7058784002357654
0.6924358312261522
0.6832809966019687
0.6957723757896691
0.7196032164766877
0.747438684569993
0.7704548559270149
0.8478076179882451
0.7753355581148171
0.7679531271703665
0.8052761085493303
0.8567330897956895
0.8847027537870555
0.8970477540726457
0.9101533000998991
0.9268107908700155
0.9490431163709896
0.9774481067214987
1.0110702769037718
1.0477997312680405
1.0854353700091182
1.1251254216119102
1.1693357057772145
1.2105843400833058
1.2410083510322583
1.25518261385001
1.2513439021132382
1.2317519465848992
1.2016646805947149
1.1674264980141527
1.1340409384239358
1.1067770894370206
1.0859834885636053
1.070280488923375
1.0599778126749861
1.0545994697805594
1.0547824432913144
1.0610991611867369
1.0733926308882449
1.0881000660290965
1.1018441303632762
1.1112532935713249
1.1133131303806831
1.1058652520839543
1.0879954032238168
1.0601513216396055
1.0239692722732316
0.9819036906648247
0.9368008243006408
0.8915296024153825
0.8487126781207324
0.810527543385439
0.7785224077634632
0.7534665794801135
0.7353517932336653
0.7235972473936427
0.7158355630203297
0.7295508199335997
0.7544972527380822
0.7786586868347581
0.7742691498033081
0.9059022889480057
0.8197180129821908
0.8125851002303199
0.8546462292386287
0.9170527607857304
0.9519998544157594
0.9661153064715765
0.9787460166810762
0.9923140061408181
1.0085666270558056
1.027909118531147
1.0494173816821737
1.0715323187768686
1.0936411000379853
1.118378087362216
1.1468083062855507
1.172671441952892
1.1889476651100024
1.19113352892372
1.1783175495054792
1.1531864476045348
1.1207933678903172
1.086604925827342
1.0547275963748943
1.0300269452768762
1.0123600221209028
1.0001033335748382
0.9932948997350043
0.9916671005765645
0.9958462756928057
1.0067640125143693
1.0241779581011499
1.0437743386182956
1.0621670249118504
1.0762520262883764
1.0833623008730868
1.081608055913329
1.0701677941611494
1.0493785816091015
1.0206077743171138
0.9859755527766891
0.9480245460409478
0.9094085104523872
0.8726236268008045
0.839768289767803
0.8123269867442223
0.7910298810922343
0.7758647300908211
0.7662555741170511
0.7602136199311562
0.7733171166497452
0.8000546461302039
0.8189818235281343
0.7881247476914053
0.9711730779697367
0.8711630374123316
0.8631438122988146
0.9144115161645243
0.9897764683930244
1.0320751081226018
1.047548676568823
1.0589795950496794
1.0686348935530892
1.0782265368612973
1.0882685538565775
1.0982613179868606
1.107603703844324
1.1170049884772015
1.128718230078378
1.1425622164022182
1.1537934395317424
1.1567616993314587
1.1479037757957868
1.1269251172636234
1.0966476371358052
1.0617497026189742
1.0270199751053886
0.9960067725360799
0.97306017151928
0.9575472616859091
0.9476757577488281
0.9432869919762747
0.9442324461799656
0.9511028256594444
0.9650862359485181
0.9860602899686193
1.0094124190906575
1.0317544161339363
1.0501409737112692
1.062150864247602
1.0660568728370485
1.0610217466083942
1.0471900235403389
1.0256349973528813
0.998182295163763
0.9671523679057966
0.9350625781879278
0.9043221924210104
0.8769498526173687
0.8543495391508376
0.8371916890152126
0.8254370988990535
0.8185012247163773
0.8153705828288491
0.8247875253783468
0.854028359968612
0.8674302118130328
0.8118697142644832
1.0381667669551928
0.9260854019633508
0.9215820246858777
0.9825268243897166
1.0723749523953545
1.12228521447455
1.1385204067966972
1.1478201105654593
1.1526539041281216
1.154955798237735
1.155556953801813
1.154535839342371
1.1521255441852654
1.1496007313014447
1.1486636675592452
1.1487660971489628
1.1462691799877114
1.1368466979784198
1.117891569996685
1.0895967570802636
1.0547576252222857
1.0176154744985544
0.9823616317820696
0.9520488193789035
0.9304913386291827
0.9166106688356064
0.9084788401751572
0.9057870192116124
0.9084533819046786
0.9170224696943174
0.9328386658278804
0.9559395681308024
0.9817644065683019
1.0071082635662365
1.0291990657061343
1.045791035757574
1.0552297639042783
1.0565751666530474
1.0497142209274073
1.0353990174995331
1.0151705393464885
0.9911524379453897
0.9657386454054951
0.9412424658563152
0.9195881067001139
0.9020993608031079
0.8894053586206131
0.8814662341011017
0.8777126127664411
0.8787697987602177
0.8906050013321143
0.9135990352646289
0.9225885917062171
0.8454117411844434
1.1016767088426247
0.9814096597405138
0.9834707781656681
1.0548903600394417
1.1603567544290943
1.2181865298893637
1.234595683779161
1.2407576732941428
1.2399276222855948
1.2344297750659088
1.2254380525519437
1.2135593813147263
1.1996195545208506
1.1851461895890412
1.171598477838735
1.1585439544044718
1.1432916676377407
1.1226573982558246
1.0948666191685295
1.0604502123626989
1.0220431571293265
0.9833892594433767
0.9480898351347397
0.9186994023387283
0.8984771571958522
0.8859721520399426
0.8791722614850954
0.8776666246331954
0.8814179342427797
0.890929741251184
0.9076292270834585
0.9316950766074322
0.9587957074527419
0.986059138976985
1.0109920498568608
1.0315446208956969
1.0461075487087932
1.0535945842676109
1.0535947805845662
1.0465110469932777
1.0335826849192562
1.0167193050597
0.9981646871655978
0.980105737325578
0.9643566518029788
0.9521756996024052
0.9441959153660289
0.940436165396519
0.9403858918157122
0.9469072461614471
0.9612935727020608
0.9757206191277399
0.9819515001815845
0.88799335008753
1.1582663910541504
1.033314524621935
1.042594790088947
1.1255269298875716
1.2474488999576487
1.3136907241976725
1.3302967054219
1.3323855738359163
1.3253382548629173
1.3117758186510922
1.293078974026904
1.2703055427052221
1.2447671394330115
1.218255488660729
1.1923182977592874
1.1669090302746945
1.1401848388300169
1.109893704354628
1.074900499476458
1.0359061579729192
0.9952664828144879
0.9561724208607515
0.9216196330806167
0.8936414357326393
0.8749070751983556
0.863685222477904
0.857957375686066
0.8572694159066127
0.8616278700751939
0.8715034318649624
0.8883377481633061
0.9123938453858313
0.9396494094016525
0.967649353561871
0.9942952015813369
1.0178153648203259
1.036682951912933
1.0496722540856025
1.0560640630696452
1.055893882092796
1.0500777460643098
1.0402850099565666
1.0285761369598678
1.016977203101633
1.0071724770335582
1.0003676022894192
0.9972533178144332
0.9979854407229289
1.0021687970739963
1.0155386148092564
1.0335623051518426
1.0383581218890519
1.0423109516043363
0.9378638011711471
1.2060792155263953
1.0757528622204227
1.0917196531743203
1.1872950595326073
1.3261981034445662
1.400541195184351
1.4198376056447906
1.4167247828454672
1.403589290197191
1.3821049169234634
1.3538287604436863
1.3203134056092651
1.2833872711617027
1.245219783503058
1.2076822017052273
1.1712356235697337
1.134759450649717
1.096713389866395
1.0564037357461888
1.0145586178418555
0.9731752316497774
0.9348634193462314
0.9020015355763463
0.8760663001136753
0.8590758578985388
0.8491209306819266
0.844283239301044
0.8441401000540334
0.8487542225372284
0.8585615734703625
0.8749308873382355
0.8980976413165576
0.9243713277696539
0.9517795427199562
0.9787412651336808
1.003872139012118
1.0257970338298643
1.0431850538476586
1.0550183322930335
1.0609620083214215
1.061605738341705
1.0583780890531347
1.0531481220617758
1.0477572439617102
1.0437299459773635
1.0422113461789166
1.043990314395146
1.0494380108251495
1.0583297069873645
1.079890618633314
1.1032059082086032
1.0997931313953515
1.1002511356362155
0.992172599574736
1.243226266484041
1.1022327035237636
1.1241258620183443
1.2332463189507794
1.3890916573056513
1.4699856925785495
1.4886779543384734
1.4861948871917268
1.4686391521435231
1.44013648970477
1.403097621054061
1.3597666163715147
1.31254933289738
1.2640368890740648
1.21650476394099
1.170935097657734
1.1267938292425497
1.0830691569367568
1.039367387996013
0.9963650254800613
0.9556788010961533
0.9193492567103818
0.8891416507401938
0.8659090613467505
0.8508886110542419
0.842120388257448
0.8379613407043583
0.8381312650966843
0.8427636041260871
0.8522278094636833
0.8676802925120413
0.8891289629157662
0.9132105081739437
0.9385516859882085
0.9642445001192942
0.9894009794561833
1.012855790244573
1.0331984232697478
1.0491183314833221
1.0599127064029605
1.0658680831933987
1.0682230578441585
1.0687026244267006
1.0689681745035329
1.0703418464243593
1.0738601189510621
1.0804148086279155
1.0906513271298641
1.104545841910947
1.13521889011984
1.165436812632445
1.156020848826586
1.1521506284221812
1.0469444934936567
1.2669693467223373
1.1081014414458534
1.1354332667407632
1.2583592780801827
1.4301297726513988
1.5166595131162588
1.536005712803737
1.5336095936381624
1.5134606140406008
1.479776776102394
1.4359335835002407
1.3849938503826544
1.3299275067444343
1.273621967722774
1.218611879184135
1.1663270010407114
1.1167646985883726
1.0693875958542765
1.0240649043128436
0.9814115842213761
0.9426885830340389
0.909419617719666
0.8828005619216117
0.8628609433141012
0.8495730966472311
0.8413781413513135
0.8374054055333052
0.8376513223998453
0.8422665537163002
0.8514349340197854
0.8658374444348367
0.8848782181568979
0.9055446351629766
0.9273504134627487
0.9502605166405536
0.9739446219680389
0.9974522285120601
1.019287312035545
1.0378296221630625
1.051986293513131
1.061765664891769
1.0683289111010112
1.0733974363021443
1.0785157056229966
1.0847496512707837
1.0929148939269673
1.1039547594996928
1.118814933271371
1.1376515750995855
1.177447632672415
1.2154067896467888
1.2019882903015962
1.1939497995833173
1.0971724781849828
1.2744920842329115
1.092141134124066
1.1248563237598352
1.260902334141215
1.4464102402164158
1.5374850401487805
1.5574863520758366
1.5549410686568619
1.5331498819202498
1.4962498441016605
1.448217248740943
1.3927741328431733
1.3332995294679675
1.2727185428665386
1.2134076748325902
1.1569877358939271
1.1041208097950672
1.0549102704773026
1.0095228824873534
0.9684946603908486
0.9327225111290329
0.9032252271630943
0.8806263449346723
0.8626316927196425
0.8482681651203365
0.8393890420505722
0.8352582775352738
0.8357248512551675
0.8408511487557897
0.8505935768330439
0.8648977091086679
0.8817564611103941
0.8984200159467767
0.9158659356421914
0.9351279666255201
0.9564131439464428
0.978967808377116
1.0012344045640078
1.0212848992301145
1.0375402889725074
1.0496308538347727
1.058778626077373
1.0670284784887583
1.0760121870511943
1.0864816632883523
1.09879479692105
1.113805703508169
1.1327676866117415
1.1559404814263181
1.2036015290814726
1.2489009494610055
1.2329939512236499
1.2214448570526937
1.1372181642220804
1.2642643561075162
1.0569085940475647
1.0952045275569442
1.2426692748590265
1.4388458133336017
1.5329958178136467
1.5532263713907817
1.5503270476554982
1.5275070610918595
1.4890105429226128
1.4392103816497104
1.3822071125184623
1.321497312925387
1.2597207426766042
1.1986907643674423
1.1401481729893288
1.0857732764704169
1.036402288019496
0.9923578677561651
0.9538919188896584
0.9212229762334613
0.8941130980492652
0.8711813312917475
0.8513201973065216
0.8370766303009463
0.8284538016455597
0.8245075334968108
0.8250931705430093
0.8303214125195808
0.8402504918840864
0.8549306670631851
0.8715615353820053
0.8861668926837942
0.9004357434523858
0.9165443569313073
0.9353687520894003
0.95651293929493
0.9786072483454921
0.99970015564904
1.0177093731302969
1.0311438824765269
1.0408942074343743
1.0503789527181002
1.062032912523809
1.0762231263125648
1.0922549430210258
1.1104832580074653
1.1325892892874636
1.158880714539228
1.211978525737961
1.263120400344432
1.2458218598550217
1.2313421430300597
1.1616707881090418
1.236961487180611
1.0077339878286136
1.0516608154534726
1.207933820493719
1.4113977991015023
1.5072495090632116
1.5272817702949189
1.5239452334215162
1.500669687753192
1.4619114610812969
1.412281133184288
1.355940726855211
1.2960712133633168
1.2345129595671869
1.1725496440670786
1.1130046775343285
1.0586859682178007
1.0107313260201514
0.9692671578989183
0.9339709379268778
0.9041423703187953
0.8785931248437516
0.8562032537951888
0.837081422718242
0.8236637772715704
0.8156446202221078
0.812018656591928
0.8125753612382478
0.8173438908727442
0.826324210355675
0.8396692429319303
0.8552606999755158
0.8690301964418939
0.8816759355238253
0.8954652214731859
0.9117854273113837
0.9306914907871547
0.9512437021625317
0.9720074999844166
0.9915705452608204
1.0089765576085385
1.0126734159365898
1.0210145803582673
1.0343308759493886
1.0520318655931364
1.0724726049681967
1.094210577636543
1.1186394031189402
1.146606943283251
1.202246839959566
1.2573390057285865
1.2398417060015179
1.2225048429045164
1.16654474194161
1.19551602404457
0.9509873628172955
1.0000677304470609
1.1617510972363998
1.3691186840390521
1.4657487934876645
1.4853785151330818
1.481770655553992
1.4587055600485939
1.4208409561985273
1.3728740100473518
1.3187514597747303
1.2608912244452752
1.1998743225356951
1.1372436506861285
1.0777299332056134
1.0248044424949239
0.9795172409399371
0.9416027337360192
0.9101237644612118
0.883727786544372
0.860980095961767
0.8411190292143231
0.8245158851476684
0.8132424764038484
0.8068675263935357
0.8044481606218044
0.8057080199206615
0.810642926922095
0.8191303914897763
0.831234687995701
0.845118858287978
0.8572307197537918
0.8678847895939906
0.8789829123030239
0.8919319622554027
0.906958828521074
0.9233131199348604
0.9395888449382861
0.9536653202118148
0.9629964921940201
0.9698404405288069
0.9794128992095572
0.9939737819841309
1.0137663182156058
1.0377358854590455
1.0638805301130079
1.091007522992444
1.1198158066751376
1.175583085016506
1.2331176404554363
1.2175419080333134
1.196509452463679
1.1503778307156332
1.1444224827597032
0.8924674375016622
0.9455828171733223
1.1085954928110737
1.3159460587895895
1.4124882834001478
1.4318118959398578
1.428466065837336
1.406428992122001
1.3704444864558185
1.3251973173208966
1.2743082030442585
1.2193071133246791
1.1596931110861473
1.0978306267062432
1.0398375448829338
0.9894827867063297
0.9477023429675413
0.9138931351418208
0.8866688136466007
0.8643488286804025
0.8455351995779137
0.8297028430947823
0.8172377231870382
0.8095855332022034
0.806146869283783
0.8061279522841626
0.8091788063283876
0.8153551105738411
0.824388713380482
0.8362267781625228
0.8489572332664861
0.8592819976564591
0.8674732826508736
0.8752164781050725
0.8837962802386736
0.8934552672263382
0.9035530357408957
0.9128413335713069
0.9198351134345284
0.9242709424145824
0.9286264824452025
0.9361755471930625
0.9490169122308099
0.967920294284651
0.9924092218535776
1.0207396905468225
1.0504094036056781
1.0800864656593043
1.1346438845795548
1.193775016080036
1.1841989890390623
1.1569508554274133
1.1147231453962294
1.0887220424072388
0.8364507928189425
0.892149000605964
1.0521313336449987
1.2536558476025537
1.3481786102119446
1.3679482759131423
1.3659681229858696
1.3459251879306438
1.312546031202971
1.270525451326434
1.2233382144804803
1.1722783352278232
1.1168540969062004
1.0591319722987877
1.0049136704524122
0.9583259719455207
0.9205413916899257
0.8909187718027808
0.8679450753958686
0.8499606777842491
0.8358019737656139
0.8251156171573574
0.8181558994639416
0.815472850764568
0.8162032448908877
0.8197603558090196
0.8257027316374432
0.8342388261387937
0.8449449134364624
0.8576906361078865
0.8702885187143824
0.8793666388445355
0.8851960848501917
0.8893283772530597
0.8929032861776911
0.896162838364465
0.8986714140911678
0.8996445297734647
0.8985037056997982
0.8959328992633693
0.8942313979426313
0.8961461177263612
0.9038424670609946
0.9185504718940931
0.9403689432629577
0.9680491390452126
0.9989231452106538
1.029801991275585
1.08296979628911
1.1428618542364601
1.1438212164140844
1.1077546742334732
1.0638151457816343
1.033112027993544
0.7854512763793673
0.8426917651935315
0.99636064369462
1.1858952214996095
1.2765110724489859
1.2974749852203187
1.2976821669992487
1.2802330092616399
1.2497940831013323
1.2111768914290597
1.1680730182882324
1.1223273270195036
1.0742232179579303
1.0246531715778577
0.9771797607328991
0.9357796076709768
0.902293154842206
0.8765689777715872
0.8574651667621135
0.843747746096087
0.8346430047620917
0.8298888824938189
0.8294742236912529
0.8328209162994221
0.8387056084029304
0.846784277038712
0.8565056629338728
0.8683102178783852
0.8816324698908224
0.8963637053562525
0.9099980806395667
0.9188119031370914
0.9229583096686719
0.923762599871288
0.9221282893840089
0.9182852786912276
0.9120841311368154
0.9033070086508481
0.8921513850906606
0.8798859839277792
0.8688810774613408
0.8618751373235725
0.8612865980817095
0.8687982014890029
0.8850454289237654
0.9093293480217421
0.939358220194235
0.9712201687889112
1.023444174084117
1.0816314852020905
1.091797119732132
1.0517107134684418
1.0036118012826836
0.9814362299707643
0.7404523083313062
0.7996502778798111
0.9469983850143271
1.1234416082610155
1.2092907501086547
1.2305893396217051
1.232351163287185
1.2171483050505587
1.1894963362433002
1.1543264783078448
1.1156822497687497
1.076047318279609
1.036420196861124
0.9971317569566742
0.9591763396635751
0.9247356597949146
0.8959231079520753
0.8736524581060344
0.8578637751743706
0.8482031212208344
0.8443656575937649
0.8460611415838943
0.852892054659588
0.8629824068407963
0.8746755685029842
0.8878870253559984
0.9019396668746215
0.9175574814116196
0.9340647817555253
0.95152364655675
0.9672905569584984
0.9771746569993417
0.9809145392522559
0.9792505870516858
0.9726270658552029
0.9612278635128236
0.9452566130978429
0.9251151183286198
0.901738417324804
0.877012866102279
0.8537051722861668
0.8348998067229448
0.8234049559577977
0.8213033083892437
0.8296211310974069
0.8480592989065218
0.8747113916029579
0.905652506035739
0.9557767579779943
1.0085552685980796
1.0255940361522222
0.9905686177917031
0.9406377702718332
0.936584171542613
0.7013584650494497
0.7654315446940192
0.9103900155008485
1.076375969674746
1.1567338976621626
1.1771200649456148
1.1793079858361868
1.1655676475686185
1.1402409671931393
1.10829822968183
1.0740367773950137
1.0403636564719925
1.0087161268449054
0.9793993176742231
0.9520785668844771
0.9264256949150295
0.9030905419677641
0.8839914706484874
0.8710568631276178
0.8652915840559182
0.8668451306129327
0.8752762812929002
0.8897296414260022
0.9069482260467162
0.9248038028467187
0.9434753486421786
0.9621436381753129
0.9818331443378926
1.0017686804209183
1.0222976708029463
1.040991131529337
1.0534406209786689
1.058495021312631
1.055609043167011
1.0444672912267174
1.0251961359262127
0.9984158050855825
0.9651882675251343
0.9272542220123027
0.8873526221260268
0.8490370772697733
0.8160527817669908
0.7916851444186169
0.7782927878872233
0.7770341554168332
0.7876780235075058
0.8083149899454084
0.834732661318206
0.877908273543436
0.9246392638097898
0.9485491826485297
0.9263696756342377
0.8809806435664298
0.9006794498032215
0.6675364034330289
0.7425408837795356
0.890678994878953
1.0491245702953036
1.1236974176993104
1.1424432005808267
1.1443223361965302
1.1314746230823844
1.1080674264595367
1.0790104551962652
1.048703631027733
1.0202699121723624
0.9953595773324437
0.9743328865640274
0.9565132581441809
0.9402821047011549
0.9238024301504305
0.9083497048838205
0.8983311016697904
0.8965466744206878
0.9035687644767161
0.9187742742652142
0.9408899075242356
0.9653258770185168
0.989499348854535
1.0138651889505494
1.0374574839018784
1.0616255336823286
1.0854886381270512
1.1097101345275338
1.132144078393022
1.1482876000134012
1.1558270170420475
1.1524316363816764
1.1368849242634218
1.109289025875608
1.0706501835542455
1.0226006949653519
0.9677843160778377
0.9101672892108217
0.8545438697525943
0.8056072598278693
0.7671447470335415
0.7415949477866556
0.7299130474440129
0.7315099503155259
0.743965544972516
0.7624405391083271
0.7940763725399937
0.8357046613237442
0.8668862204285017
0.8622259321337824
0.8295889241222543
0.8753861396832355
0.6384945892548457
0.7333928400080889
0.8889056897935368
1.0417671944232414
1.110717649620661
1.1277018454993744
1.129163818612969
1.1171625260161888
1.0956381515963873
1.0693188544130567
1.04255870870987
1.0185419212266649
0.9989870370400814
0.9842328922548992
0.9734749591003952
0.9648952004731648
0.9558720163674759
0.94599001528659
0.9402474794217371
0.9430757724235568
0.9556505865054957
0.9773760416397744
1.0067908336701556
1.0382238203647252
1.0687486295210904
1.0991473024214544
1.1283366736344647
1.158089329107187
1.1874496470655975
1.2174331362393527
1.2455455704844618
1.265864383210949
1.27497171425136
1.2696224798085662
1.2482814313108939
1.2112838381338835
1.1597309522459711
1.09525250354584
1.0214081160587258
0.9438944967943493
0.8692356966723119
0.8032986560355767
0.7503139441379499
0.7125458747102973
0.6903861096456253
0.682464675944402
0.6854551839784653
0.6941025194960471
0.712455818812936
0.7493581970875938
0.7875663000306367
0.801831063191279
0.7898545579300988
0.862163710280158
0.6155327425631626
0.7400308325612496
0.9038364738331515
1.0514253252244805
1.1150727122922384
1.1306713755674838
1.1322441073477518
1.1216972626062374
1.1026085731218875
1.0793598108202214
1.056103126753397
1.035960715753813
1.0206392027932536
1.0104233817666217
1.0044150052936347
1.0009008187836586
0.9980035707725606
0.9955001182845418
0.9966663792457005
1.0055373364690423
1.0238965189960187
1.0516037824212006
1.0874807397284076
1.1253121074928365
1.162078306327511
1.198981627921356
1.2348571075687365
1.2720029182546362
1.3092988122191496
1.347900174747532
1.3838841190216093
1.408556483101112
1.417347162905731
1.4068335385079507
1.3762120682394197
1.3274442944409803
1.2620172534253118
1.1797466683412807
1.0850343214565228
0.9860066095154331
0.8913588773504593
0.8082232512400083
0.7411106261445044
0.6918224265349202
0.6598472399307971
0.6426615491050821
0.6358205528504164
0.634276748951658
0.6398172320534098
0.6723305286707673
0.7166336046411916
0.7484876305458934
0.7633270043346402
0.8623172693470451
0.6125301978401683
0.7639464705777734
0.9329155306371184
1.073230206026507
1.1316742538792863
1.1466025038497676
1.1493737285950916
1.1415680450801673
1.126176586515397
1.107006845560436
1.0878218286415968
1.071564178161573
1.059898675789098
1.0531363127554785
1.0505121857496893
1.0507888181971825
1.0531587386761774
1.0581730642201044
1.0678219838413605
1.0843263557377836
1.108974157171757
1.1420210547350789
1.1830927097390718
1.2262872554885933
1.268920076740238
1.3126903719748524
1.3562831106839959
1.4024275316131734
1.4494991147184324
1.4983697804277878
1.5430125601160611
1.5716920362332216
1.5788436553332792
1.560950826883336
1.517890740254443
1.4536339582647164
1.3731356671369381
1.2714194535404355
1.154220155817476
1.0328072409106868
0.9181949433299859
0.8186291551971892
0.7386264210926237
0.6792451878548874
0.6387869029275208
0.6132129347528303
0.5968680104610631
0.5858092348446695
0.5803718959818428
0.609208519392624
0.658316184306087
0.7045044975748675
0.7490972059819092
0.88054957631584
0.6611728213770173
0.8146478064546904
0.9804459080753892
1.1061789935443729
1.1579246335616113
1.173132509618148
1.179166303621657
1.176921272341074
1.1683252118624723
1.156139648713617
1.1433770359847557
1.1326097839563178
1.125470210174131
1.1225314705346607
1.1236258957260283
1.1284933744162668
1.1374097334050592
1.1513038750395117
1.171224965657063
1.197681962626884
1.2305158416795887
1.2694633519901495
1.3149789284934787
1.3626399773053441
1.4109698385119305
1.4622462093882416
1.5146986329282883
1.5711583806851068
1.6290529084856957
1.68865133939031
1.7416194970224796
1.7734613328758877
1.7780058787390634
1.7519053421894084
1.6958693821645783
1.6144182329650258
1.509450088518791
1.3798824806068828
1.2343652731122405
1.0868863397307336
0.9504553340609018
0.8339773263035627
0.7415253172983002
0.6730825971607918
0.6254120244996727
0.5920435774619105
0.5655797425866158
0.5450739139728935
0.5300655553573304
0.5560640458040472
0.609217052481273
0.6667363568535682
0.7402838635234519
0.9548395484201863
0.8210929206028384
0.9547686858526019
1.0813446662953996
1.1585514191061017
1.1940436954213745
1.2113983989452448
1.2274022486662408
1.2410627098940656
1.25144964781341
1.2584683919876438
1.2630497190671248
1.2667823218439391
1.271390285707255
1.2784386525405917
1.2893741889131713
1.3056899309713526
1.3288662740494495
1.3599351367790782
1.3988908513051312
1.444399384526178
1.494187952101611
1.5462094253475251
1.6002492779654147
1.65273465377284
1.7048816409570802
1.7605611302259818
1.817898785816683
1.8793947517799119
1.94148773013467
2.0037937951597016
2.0574752047973934
2.088834568424802
2.0924015723176725
2.062301736001035
1.9920188654725168
1.8777429441537072
1.7230773436103812
1.5401424306304436
1.3464233129480094
1.1597003433509938
0.993718255712272
0.8562374650425013
0.7494834384390628
0.6718571715334226
0.6194282371115506
0.5830166647940871
0.5437857982968791
0.5131685230000068
0.4906928688327737
0.5166298474788753
0.5744947591128535
0.6384965877318253
0.717431129526587
1.1027354087059602
1.1150244751008884
1.1949364791856896
1.215338386482286
1.1961005699996086
1.1983526202750405
1.2156076920100778
1.246221491521178
1.285941589881952
1.3275876407387777
1.3664981677939887
1.4015365444151202
1.4337174581337895
1.4650116068682002
1.4976585482436455
1.533907015223471
1.5759612664360167
1.6257888011670585
1.684569255969278
1.7519370082352013
1.8255147081144207
1.9012739668882341
1.9748744500371211
2.0433933860458287
2.1001408234277568
2.147026134178664
2.1887716542452416
2.224942575045249
2.257294674221002
2.283590374149272
2.305346157000953
2.3374510396110457
2.376232491678838
2.3828852375823413
2.3362048658789734
2.2282801427945214
2.063823949785407
1.8583838348806916
1.6333578293611113
1.4099944684335617
1.2048776092901756
1.0280538703659756
0.883469677170117
0.7706406887568753
0.6864998384397833
0.6267049906864658
0.5857137233633285
0.555194659845162
0.530981394003774
0.5152102019539165
0.5507029932461684
0.6153252867786861
0.6740948123926691
0.7246512230550199
1.2232562365107937
1.3655215516652894
1.375522113857467
1.2992694957978101
1.2154444177442167
1.1921860974605087
1.199075451415333
1.2482222177106261
1.296657748348906
1.3450871170461718
1.3945494156721256
1.4464659667569026
1.502406393130655
1.5635936088344238
1.630428860222708
1.7024694647801322
1.7790582278106475
1.8601162925012154
1.9461384675074804
2.0370268486528653
2.1305815655322404
2.2219409553665908
2.3047076668863626
2.373407824905067
2.421355883692741
2.453932910597313
2.478462500461652
2.4980829551863404
2.5166413593152406
2.5348510405766977
2.5518215117589036
2.5578190608659743
2.5365416438660966
2.4743464809574527
2.3636772126465884
2.2066226647086262
2.0146249078538445
1.8045885056302438
1.5937015418749816
1.3955163045225825
1.2184296599376283
1.0661593398084848
0.93915785761656
0.8360734244461651
0.7548164077208099
0.69314218557652
0.6488412083478046
0.6197238472705205
0.6036728585197414
0.6026352291283011
0.651041818945978
0.72207055639969
0.7757314123491109
0.7992649159095345
1.2115874025898479
1.4552523528464925
1.4403498338031664
1.3403997611708462
1.2603749617042577
1.249327540941555
1.249492517509476
1.2540719953657469
1.2654059205145929
1.2857591011754566
1.317297469679311
1.3621858515151413
1.4224567663782728
1.4994988519492847
1.5931625166177281
1.7006320343366748
1.8151978676368214
1.9247524821493305
2.0193617485556734
2.1078761704867337
2.1961417266343624
2.281252250835754
2.3580018466928028
2.4245786320373535
2.4784039567261
2.5229320070098407
2.561278073567577
2.5908788512831866
2.6102794104450497
2.6133613837778733
2.591014880659526
2.5302581258929293
2.431243981647843
2.2980029561579025
2.1388448322394913
1.965132678297844
1.789058897105044
1.621130875646611
1.4684146171444448
1.3340956963890092
1.2181619960601615
1.1186075531096702
1.0325984667452741
0.9574005876395465
0.8916502046666743
0.8370285781506908
0.7964683051983611
0.7707277168416697
0.7584603284068389
0.7632605096310423
0.8080595400810225
0.8734642188764933
0.9274610869187635
0.9266696693860381
1.0889077346502671
1.0838600846851763
1.14227827016927
1.18685861540577
1.2078655914509602
1.225773388047694
1.24553176746441
1.277722159709668
1.3269677675892346
1.3980721087445342
1.4957930480985002
1.6244460317403178
1.787199965149309
1.9849364472236586
2.2146769981121994
2.4678765899726187
2.7290660251031014
2.9706147493428587
3.1397886507052557
3.238629076631707
3.2710374472258614
3.241122851746278
3.1586503267127846
3.0375220279224746
2.908398362388802
2.7869482724836905
2.6712486688994357
2.5657779548901987
2.4645279991358486
2.371489833120084
2.284461431965531
2.2108468686963136
2.1606061921651265
2.130048925784358
2.112408782985052
2.098108711435969
2.0761067828646578
2.0364782840993287
1.9736000031896717
1.888544677098112
1.7891603404598926
1.6863087338116507
1.5862832104751237
1.488489333214548
1.3919638594776889
1.2988648978030448
1.2131813875679383
1.1385165450647008
1.0766182209780777
0.9960106967809627
0.9917439796935574
1.1611815807545882
1.5544588844469802
2.2264056619518304
0.9161806571608708
0.9195064117206385
0.9526812663356417
0.9655413137779599
0.955693063913953
0.9547677976333766
0.9664309029709596
0.9932601929267966
1.040698517453467
1.11423656448198
1.2192941614592234
1.3608815986148928
1.5427460898583114
1.7657567940472954
2.0255629339840397
2.3102094916238807
2.5993184769072064
2.866726541209269
3.086440636771095
3.238808245810551
3.3142976201212546
3.314512795320422
3.250684766466994
3.140223149888755
3.016988790021483
2.899594508795829
2.78757750013719
2.685717662013864
2.5882799995889676
2.4989255776434143
2.4149636099768514
2.3421202836417305
2.28815808197167
2.2476128800994553
2.2124134457613653
2.172717227699452
2.1187000470923656
2.043137736237517
1.9439561968117525
1.8255546235801703
1.6979571893787047
1.5729918931477809
1.4575592072539
1.3511467645557727
1.251661329175997
1.1592699581103674
1.075714675927367
1.0027568101404392
0.941357823696518
0.8645322800519671
0.8792428183263559
1.025217697419731
1.3032547949948816
1.7294548805640797
0.8061872980019965
0.8031987326571387
0.8183640292788439
0.8331030749807604
0.8409603218359364
0.8391799679477753
0.8475137989471373
0.8693268359254314
0.9092838000560195
0.9715395020055925
1.059812926797357
1.1774753306543202
1.3272470689735012
1.5100237028950407
1.7229141245276873
1.957272672623934
2.197842881567126
2.4240399973627156
2.613692026159128
2.7482923878188816
2.817734266227938
2.822506212944924
2.7725723466008625
2.683781582845286
2.5850818075403117
2.492145553497791
2.404814608983276
2.326841256187988
2.2538472872944375
2.1885908280853954
2.1289961299614903
2.078567620862266
2.0410610356950727
2.0106631620247413
1.9800683636880672
1.9414443730389164
1.8878857558282964
1.8151004815344285
1.722727558157712
1.6146008553524178
1.497631487739811
1.3796347149743184
1.2670478982787527
1.163728862900448
1.0713455699557495
0.9905119811560418
0.921537015122441
0.8646062453665542
0.8198269181384708
0.7702898638548128
0.7758337677663539
0.857900526033854
1.0020159354616696
1.2550479214809969
0.7484969370534281
0.7312517536671861
0.7298149975166461
0.746509183098533
0.7631539173628544
0.7710868423798547
0.7808359141962747
0.8002139272470356
0.8336180591036425
0.8848323248702011
0.9567887988140377
1.0513376162124208
1.1690006836238134
1.3086041551481629
1.4664877901025335
1.6353537087467855
1.8036870743972964
1.956814314248113
2.0797821883936725
2.1610924274336236
2.195671483521978
2.1858042179353436
2.139898294967062
2.069939924766055
1.9969780716912124
1.9311750027894603
1.8716904550080855
1.8206626473683318
1.774983239981216
1.7362515239880967
1.7030875183192486
1.677039761821278
1.658603788207446
1.6427907517478444
1.6239545812948963
1.5964973884951923
1.555812465613885
1.4992714417225177
1.4269170211737137
1.3415483067579712
1.2481032071623983
1.1525363681458836
1.0605771106362898
0.9767317020006729
0.9037495279271895
0.8426454057711724
0.7932045046729036
0.7546337542658237
0.7260033875460077
0.6963771950407647
0.6963166993793913
0.7291725959119897
0.7864177450155878
0.9304260853441969
0.7472610847409956
0.7137375786315273
0.7083528474199232
0.7310757484137986
0.761128058007581
0.7784121389982938
0.7906390291493829
0.8096712548084402
0.8395296709808783
0.8835490518713409
0.9438705457469067
1.0210616462126232
1.1138789719826714
1.219358891673434
1.3332540187752866
1.4499003160217931
1.5612138476606376
1.6570237568246509
1.7276010955017482
1.7667182845101435
1.7734422152973364
1.7518629614607437
1.7092485614770667
1.654041706905012
1.600542609216161
1.5545526355811135
1.5147366500065738
1.4821610649350558
1.4546729207946931
1.4332062459244694
1.417023064754847
1.4067744180770856
1.4013201186662003
1.396490730006366
1.3877524739951927
1.3707842766117346
1.3422150736165157
1.3003114510246288
1.2453719055697772
1.1796768846038481
1.1070097031628698
1.0319161691261796
0.9589323475532129
0.8919486968738153
0.8337344564712115
0.7856138013913422
0.7475327049487593
0.718636763660692
0.6978601191200309
0.677476827238885
0.6779077794555852
0.6963961460687667
0.7276652910834616
0.8167299611335176
0.7686296250979947
0.7234703089584029
0.7174507360105485
0.7451358224219453
0.7841917362955025
0.8079012064762898
0.8222054638852649
0.8415842868868445
0.8696335413078794
0.9091792477739029
0.9616529446233025
1.0267584865976545
1.1024524665098634
1.1853698130184689
1.2718758100661733
1.3585066351550583
1.4394584136652708
1.5061806812613732
1.5507787652546998
1.5691020547522743
1.5620356573647753
1.5348541615331859
1.4951688669882737
1.4496477931640275
1.4076889911654393
1.3726537942557013
1.3432462709368793
1.3201940919235002
1.302012648101447
1.2894463265501404
1.2822466863814292
1.280749490789515
1.2829241255605919
1.2849133117072304
1.2826354793061732
1.2723353599537683
1.2512238685518828
1.2180034311732124
1.173100382178125
1.118537586936357
1.0575100971085678
0.993811860748556
0.9312711500335575
0.8732874148243344
0.822451109094147
0.7802128836354822
0.7468143022764312
0.7216715785450757
0.7038729896688105
0.6871548745373375
0.6892582768093594
0.7055296471322339
0.7315389192849436
0.7898982468132115
0.8022652178290152
0.7456581062916272
0.7388556394963963
0.7709163421459947
0.8181214945904196
0.8478741201749003
0.8642064914702452
0.88395724549732
0.9102465634379018
0.9453790170185724
0.9901408133780245
1.0435468061930453
1.1030591474213176
1.1653453023900568
1.228102054625344
1.2916337393071702
1.3511338261799566
1.3976483402931057
1.424214116937333
1.4280092467514716
1.4109193061332654
1.3784635486355015
1.3377545604442291
1.3025295497782148
1.2697895696875527
1.242890031925947
1.2210382822869714
1.2048830481245683
1.1935323541876262
1.187691013687581
1.187573695894853
1.1933060842789267
1.202018623277524
1.2099814640995326
1.2134159578895132
1.208988249150403
1.1943370127841682
1.1684613294327422
1.1318416144776478
1.0862767772404296
1.034517542301444
0.9798166807375555
0.9254983524976302
0.8745891293469034
0.8294879246398826
0.7916771669090805
0.761629858625877
0.7390326526593669
0.7231568211232797
0.7087259636636186
0.7126175848788802
0.7289170139965803
0.7527139064507119
0.7829470147414404
0.8500827943247433
0.7805044651172076
0.7726251060143695
0.8091378931027919
0.8655200154722215
0.9018117014427801
0.9201787282657544
0.9400549726914303
0.9640723243846056
0.9940607252880944
1.0303024833123953
1.071406616537594
1.114817395994139
1.158012383191491
1.2008655939719908
1.2455231231171773
1.2869353704483375
1.3164686605650966
1.3282216701367917
1.320577286180649
1.2963445617125011
1.261605335023421
1.2239266523823318
1.1890187364416973
1.1609337053009046
1.1394102692459314
1.1230086419737173
1.1120628632101122
1.1060698778672402
1.1057348832993688
1.1117238411989239
1.1239986916704625
1.1388099236854472
1.152467042455047
1.1614689367136668
1.1628588873789703
1.1546158770516624
1.1359259308759524
1.1072351941878016
1.070093127942695
1.026860406983477
0.9803660880742124
0.9335685666400131
0.8892311418473675
0.849603128768004
0.8161499837982241
0.7894553670783916
0.7693627892463757
0.7552675699341738
0.7425669509452181
0.7479807251261642
0.7651868901530811
0.785481985788094
0.7873029171111773
0.9099640258701149
0.82637050625915
0.8172945518456423
0.8593349682882768
0.926619501485299
0.9698891045798684
0.9900172113783859
1.0094144296831224
1.03034690073378
1.0543612460911345
1.081530516320519
1.110507857235599
1.139360961804754
1.1670706223672225
1.194827659672492
1.2233450772690189
1.2480977730955694
1.2621923635208063
1.2609112015945125
1.2435526309579896
1.2133993911868048
1.1763111378185334
1.1385559186628027
1.1045491711284998
1.0787685527638884
1.0604297651536276
1.0476224368715314
1.0403209290149702
1.0382082005738391
1.041954676527933
1.0525836220125138
1.070048306514786
1.089976460108181
1.1086823931474918
1.1228825516410847
1.1299171671235175
1.1279896379405974
1.1163421724426545
1.0952855807698374
1.066090478669937
1.0307854527372633
0.9918994218105162
0.9521630261610309
0.9141755328679262
0.880068008585164
0.851243602636246
0.8282912298234144
0.8111006298132571
0.7991127929984121
0.7883054476432751
0.7942340148595518
0.8125669502412064
0.8268383889451089
0.8015973109350294
0.977490652311534
0.880066866549278
0.8704780744088492
0.9204440353729193
1.0006255299225644
1.0511933991211972
1.0725149479952503
1.090470859403758
1.1072346989381436
1.1243634156531446
1.1420394446057796
1.1593041022429185
1.1750647806433998
1.1893627003259846
1.203479954831892
1.2172519438287401
1.226830760655678
1.2268760655270192
1.2138910196730148
1.1878986751204736
1.1523285071554275
1.112598036779244
1.0741461232518943
1.0407788057713863
1.0166475764391187
1.0005060525357035
0.9902051692374411
0.9854673770880611
0.9860733790044072
0.9926289799319117
1.006387063281705
1.027412143398158
1.0511518750712836
1.0740323305238224
1.0929235021621588
1.1053544658843437
1.109631394146283
1.1049330161889
1.0913498309561795
1.069854651986835
1.0421966747181595
1.0106980461719364
0.9779442572574116
0.9464083492229153
0.918098118140014
0.894322084270213
0.8756282488915302
0.8619102076788789
0.8526289387460257
0.8448331029642602
0.8508436914316188
0.8690167777989238
0.8762960602512089
0.8257088189493186
1.0466807399112585
0.9369263525855308
0.9306211344434233
0.9901388998824661
1.0850252724363247
1.1431159967441633
1.1648276903390107
1.1800885145067466
1.1914134756114265
1.200681577802621
1.2083870228319409
1.2140617121524044
1.2173087843431087
1.2187178225309812
1.2194570091786083
1.2191519799198753
1.2147125079032732
1.2020774622636137
1.17879329191375
1.1454005740235833
1.1052723675598426
1.0633239275618618
1.0243279364207643
0.9915984459032594
0.9688416368895
0.9543872872143848
0.9459233003133052
0.9429904740969124
0.9454235418597572
0.9537639396450992
0.9694058366799808
0.9925568687137869
1.0187728847231772
1.0447660015766995
1.0676146120962091
1.0849881718521561
1.0952100133233298
1.0973103353192506
1.0911004866924165
1.0772391798339414
1.057217715757779
1.0331830790539462
1.0075886827013318
0.9827725997096229
0.9606063650892795
0.9422998177247541
0.9283660501493932
0.9187140657236971
0.9128335054187181
0.9095651398681638
0.9171394563463343
0.9321307755849819
0.932962983171071
0.859684947094113
1.1118610926438468
0.9933723667140673
0.9943005047416497
1.064319698018875
1.1752448209860493
1.241183849966874
1.2624713831380374
1.2736580603723286
1.278278306924259
1.2787675809058667
1.2759471238735691
1.2697810284570423
1.2603981899489392
1.2487574438467681
1.2361041630183882
1.222286291035127
1.2050050150371001
1.1812423913631263
1.1493365398094508
1.1101123099593362
1.0667115153186826
1.0234837537342871
0.9845731972356562
0.9528223649558503
0.9314506844277722
0.9184418888679247
0.9113906823993116
0.9097183713934994
0.9132990185342875
0.9226252487276629
0.9391703267057929
0.9632776811817502
0.9907582460824323
1.0187124471072686
1.0445297824983173
1.0660639301381527
1.0816509998582573
1.0901481413291658
1.0910616731554088
1.0847174420656074
1.0723348024636725
1.0558664713469978
1.037605752005431
1.01972927844421
1.0039632587749618
0.9914360364355991
0.9826670271589606
0.9776301591339013
0.9758712896123278
0.9787370573022252
0.9892593994401577
0.999068338974239
0.9946371303934489
0.9029222601200233
1.1695381723030962
1.0469184829672682
1.0555845696265072
1.1370715462155296
1.264723192631125
1.3390772830244277
1.3597218607082726
1.3655993427213822
1.362577614108605
1.3536724160851579
1.3398754253829084
1.3215209480698942
1.2992288714808817
1.2743898490773928
1.2485951747245396
1.2221706961168237
1.1935567688359399
1.1605272218052047
1.1219452100629028
1.078705309840369
1.0335827019723844
0.9903109973069625
0.9524082157933471
0.9222366175165663
0.9024809103584963
0.8908667454683565
0.8849797472129955
0.8841879947662036
0.8884116025336946
0.8981114516265019
0.9147811789277679
0.9388561504957653
0.9664707343393055
0.9951572682190759
1.022709594351225
1.0472579941558473
1.0672156399674164
1.081300691255026
1.0887219948093831
1.089459082213857
1.0844329238829744
1.075369888192341
1.0643707115645988
1.0534242623283179
1.044101635027603
1.0374694114898257
1.0341085519031514
1.0341305606381188
1.0371794254099225
1.0478427181390575
1.062947596261413
1.0667044934994898
1.058098991463481
0.9537483838371561
1.2181405357835133
1.0913537524877925
1.1072124592035775
1.2012665847990887
1.345603937648176
1.4279463325854551
1.4492808098108918
1.4495302775506054
1.4388706129458546
1.420606858960471
1.395828929847616
1.3653224916073314
1.3302856067205653
1.2926730534793531
1.254630813403558
1.2170719608550402
1.1790327848176305
1.1388164973000552
1.095586972829255
1.0501660925207057
1.0048967862229035
0.9628849229056916
0.9270275772916745
0.8991874676892355
0.8814325080725198
0.8712963996030227
0.8664497928009618
0.8662837675227998
0.8707878845415559
0.8804004767199759
0.8965614776183538
0.9197052591305995
0.9463109719576908
0.9743749352251977
1.0021908828883954
1.028276343266729
1.0512128967326668
1.0696388129171264
1.0824891882188403
1.0893930017685935
1.0909599358588213
1.0886838418242522
1.0844700314214832
1.0801084398869296
1.0769977464629479
1.076142756295836
1.0782291431136788
1.0835815902426993
1.091987737259206
1.11195870961695
1.1336320158470947
1.1316539441687066
1.119574011053937
1.0092534223629477
1.2559337515233573
1.1197262839116602
1.1422434590340949
1.2498716049390568
1.410124668165407
1.4975948676169122
1.5187376117196718
1.5172992963658183
1.501095371632599
1.474641773519348
1.439849567376797
1.3982391559256755
1.351684362476622
1.3027350575510561
1.2541670751532568
1.2074998967278883
1.162183440156281
1.116838212949887
1.0708142724328589
1.0248254669734815
0.9807930090270999
0.9412252709013367
0.9084239684157731
0.8837400447938445
0.8684794326520416
0.8599724666426907
0.8560835467699909
0.8563452877092108
0.860862573113695
0.8700444591310773
0.8851655744725361
0.9065036962823622
0.9308892816800999
0.9568546391901971
0.9833142069705267
1.0092789019079746
1.0335721181807325
1.054794610584967
1.0716203810771205
1.0833229776624156
1.090211486017086
1.0935952171916876
1.0952434177153179
1.0967709437526831
1.0993770233965219
1.1039623079697256
1.1113191556824362
1.1220388874474232
1.1360804831199613
1.1663138207543655
1.196364336047556
1.189983579968157
1.1749146081911885
1.0652524427638117
1.2800130074457945
1.1269117279400525
1.1559539550096127
1.2776584789358572
1.452270503411113
1.5428762926644115
1.5635360625877768
1.5618130228332183
1.542555746614737
1.5102074997768438
1.467735406071137
1.4175926158541814
1.3623112465705618
1.3048142587120128
1.2483100531923006
1.1949168412393762
1.1444105153731587
1.0956977172589342
1.048367632812225
1.003077651483455
0.9613710449722963
0.9252029454419778
0.8963375052822505
0.8756891158673866
0.8635607723110215
0.8567073956980839
0.8534320293899706
0.8537932972661659
0.8580871181609178
0.8666219863748666
0.8802974021084481
0.8989897364819209
0.9199307947254737
0.9423631056233964
0.9659591452724555
0.9902774126469475
1.0143965520518932
1.0368815025120657
1.0561297914917658
1.07102943189114
1.081602258628304
1.0890867053334423
1.095275969912007
1.1017016252445218
1.1093340287047402
1.1188624640858509
1.131113440398249
1.146947692306963
1.1664790590308305
1.2069104496362977
1.2462722759225238
1.2371936039595999
1.219625272630398
1.1164284716385622
1.287282988782656
1.1113197405932083
1.1471864365322937
1.2825847892942672
1.4691564604368088
1.561730797222399
1.582084109431341
1.5798718856565261
1.5587584406734936
1.5228535754473882
1.475756318017233
1.420709383034985
1.3607649207339558
1.2988547331437295
1.23786139851101
1.1801162544446062
1.1260700156103056
1.0753265061650428
1.0278623300681997
0.9842821174818621
0.9457299715201869
0.9135904280131868
0.8890991967900921
0.8730006617803553
0.8657535980345725
0.8571922294945593
0.8531292016228428
0.8532985405583045
0.8576245550944732
0.8659841951394623
0.8785169177837627
0.8942926210961483
0.9110880045012141
0.9291646339181002
0.9490326096340422
0.9707578269314446
0.9936442248315902
1.0162315966968045
1.0366361326245983
1.0532674149777972
1.0657717435060092
1.0754709379770542
1.0845246720609407
1.0946123963463226
1.1064685767555869
1.120373037570022
1.1369818442361976
1.157338826438799
1.1816531756413868
1.2309030912355887
1.279192205815167
1.2689047512299143
1.2492670178952674
1.1568338280992208
1.2760766571066349
1.075336502004611
1.118437579398563
1.266089730100097
1.4615869554669825
1.5549327913457247
1.5747938953510667
1.5719761811577804
1.549734736896789
1.5121057993265692
1.4631028007432758
1.406486580477324
1.345609687900911
1.2832289119458504
1.221172100502069
1.1609962806781786
1.1048246435520765
1.0534704373444992
1.007190528288383
0.966375832987985
0.9316255675208839
0.9035114123540235
0.8820305820037114
0.8656778555419317
0.8538461604924414
0.8464014921259339
0.8430353750627092
0.8437770548710641
0.8487364292030324
0.8578210030316931
0.870861625283852
0.8857558147850533
0.8999080929064429
0.9145324801167001
0.931051856146215
0.9500811467214542
0.9712361695771656
0.9932096913237954
1.0140315761130252
1.0315268905720556
1.0443623570871432
1.0539134642568726
1.0636228818432565
1.075832180607216
1.0910448813573763
1.1088552644746024
1.1292916846018712
1.1532913532364144
1.1811409346368513
1.2366901612066539
1.2923575411299961
1.2820365968996463
1.2604696036073104
1.180863871757017
1.2471848912424168
1.0243406501371919
1.074682103943684
1.2321242206159284
1.4332969930557808
1.5263784651101462
1.5456113749730944
1.542308293088012
1.5196551462104266
1.481765490634668
1.4329116724860809
1.377044166671248
1.3173955751011135
1.2560689226265427
1.193947713274599
1.1332268487434602
1.0772284611303389
1.027386888378828
0.9840238078147244
0.9471637025676235
0.916679652546306
0.8920053251509144
0.8717494714254744
0.8546546919536784
0.8424465101341124
0.8350937249095118
0.831821665516363
0.8324810959966504
0.837109206534911
0.8456569521969558
0.8581899627043837
0.8728157230062973
0.8861990625165618
0.899047090536819
0.9131284996966759
0.9295456569057589
0.9483263582745167
0.9685730271514775
0.98875731101739
1.006755910855631
1.0183902329764667
1.0240805546927392
1.0320978409300683
1.0449540009858866
1.0625780513376168
1.0839526156420471
1.1080715394646181
1.1349879692360492
1.1650168105817575
1.2239598478443814
1.2849865832849652
1.2759293652640062
1.2520922784666895
1.1845335003160706
1.2038628282908246
0.9649096616559463
1.021661092703061
1.1855076929352433
1.3891129052624749
1.4813395096143938
1.5001393857328666
1.496833794115122
1.474631682508481
1.4377366687944626
1.3905197470098127
1.3368121245699458
1.2793059800976432
1.2192051512721316
1.1575651258327864
1.0980194975698374
1.0442596421346233
0.9978012170454765
0.9588039439658489
0.9268070957816217
0.9009023501787667
0.8796089554041551
0.8613238389136674
0.8457709458783488
0.8350339959557771
0.8289206440379631
0.8266041246015693
0.8278383169595778
0.832622263012918
0.8408339049893843
0.8525583434348022
0.8661777345385328
0.8784845186080055
0.8896870697453751
0.9012869334731283
0.9144565307817999
0.929433985026993
0.945607640860239
0.9617187729759114
0.9753963396659286
0.9819776451500837
0.9850960026570448
0.9918587135597774
1.0043577950904727
1.02277120025971
1.0462378310488838
1.073270156428534
1.1026244540578278
1.1339320417396503
1.193877499183789
1.2585223037296434
1.252817206555887
1.2257092652593127
1.1665804964104018
1.150999968110074
0.9031331989572072
0.9645335969331037
1.1305962599560235
1.3330509614729817
1.4242476213091804
1.4432620449309823
1.440831254066233
1.4200899089617454
1.3852672044691556
1.3407173751687815
1.2900003956489594
1.2352083032711252
1.1771152970825183
1.1175255578629515
1.0608018785791982
1.0106980429309378
0.9687116372877759
0.9347780951227123
0.9079644572136139
0.8867509058839715
0.8692908024756014
0.8543794672214818
0.8423092674451275
0.834778870654896
0.8313695510607426
0.8313345375458263
0.8343300311138987
0.8404085809002136
0.849321684356023
0.8610983070632491
0.8740884015828397
0.885191473690599
0.8944236757346985
0.9029954547502331
0.9119337908321209
0.9214969838555526
0.9311897368490184
0.9397908163222857
0.9451729386916058
0.9461858126965406
0.9463844368241602
0.9501509379272595
0.9598155713144084
0.9761964401176881
0.99895692148953
1.0267306104763254
1.0575154260586648
1.0896518400593498
1.1492121348943112
1.2162476031358418
1.217121754723736
1.1848794082883105
1.1288870315751243
1.0939687278236732
0.8436223083038066
0.9073860707158461
1.0711276276265964
1.2680841965500882
1.3583227435469098
1.3785378693568289
1.3780572010012644
1.3597561486277703
1.32782501740056
1.2865970154048247
1.2394831317940254
1.1883901147214804
1.1342453171422264
1.07911089924707
1.0270663289835227
0.9817484080516266
0.9447390599653374
0.9158938369442601
0.8940053128386689
0.8773002119873302
0.8641042118123299
0.8537831923039432
0.8468326989213568
0.8441138811410603
0.844863706156002
0.8484890803371922
0.8545247977827504
0.8631735561411447
0.8740279290884566
0.8870773706849701
0.9004389539864093
0.9108751003383208
0.9182618301676442
0.9235289145225948
0.9274854146682832
0.9303677943945128
0.9318683438474649
0.9311815065053864
0.927318358659987
0.9207732194247878
0.9145174423170526
0.9119712626792399
0.9156023116344645
0.9267895402564383
0.9458026390484947
0.9717113812452787
1.0024027287896435
1.0351067172430068
1.0939644618682838
1.1620167099026646
1.1719438117029004
1.1334908250414022
1.076039071319224
1.0376536260200082
0.7892707699534911
0.8535372533822909
1.0115993145451037
1.199603918889692
1.2889212147100915
1.3109154283952256
1.3130109561343621
1.297706554568611
1.2691117311282016
1.231617344577982
1.1887586232601943
1.142702819152801
1.0946998433672206
1.0464677177173023
1.0010378183989612
0.9615514102598365
0.9297150510295524
0.9055591852086634
0.8879655499511018
0.8753994435004888
0.8667803901308802
0.8619884206490477
0.8614383269945229
0.864835912103457
0.8709638700888325
0.8794302739882532
0.8896212758615631
0.9019759820738283
0.9159186778931695
0.9314780760882054
0.9464743757592109
0.9572922017366374
0.9635475648817402
0.9657491272857371
0.9643821275742939
0.9596650601682025
0.9516158152713902
0.9400999635834844
0.9252064110365624
0.9082724987000395
0.8921166177023705
0.8799434516872113
0.8744757328600158
0.8776017108636294
0.8901647089297795
0.9117718652723659
0.940634077538433
0.9735473088132178
1.0321816022014982
1.0978755888592189
1.1146279468636684
1.074416050895191
1.0142780499366952
0.985923441108809
0.7415102092696894
0.8061928533283385
0.9586871047841543
1.1375520117125801
1.2252736040171315
1.2485794543742847
1.2529490849095783
1.2405133520514855
1.2152582485370595
1.1816641203624494
1.143525202930974
1.1033886712629366
1.0627604391909662
1.0229008714604133
0.9855695219509044
0.9528726521956439
0.9263466064882161
0.9063660343423713
0.8923675120142879
0.8836029733466969
0.8798196121318058
0.8812235326608728
0.8879517520344951
0.8983678702241584
0.9107313576381794
0.9248822740672206
0.9400364256434163
0.9569361225113874
0.9748526987050198
0.9939862308219313
1.0119633344485148
1.0246309308226635
1.0310562713796978
1.0309697119370174
1.0243294965536178
1.0113334831362786
0.9924505308510189
0.9683357184488178
0.9400491414388092
0.9096676020587312
0.8803244623714997
0.8554979636876615
0.8383091025825988
0.8310813678657349
0.8350779333466433
0.8503259443561177
0.8754519347511147
0.9074179949747211
0.9653702229970846
1.0225276178269234
1.0434448932063722
1.0097209829201361
0.9503012361664783
0.9415469824949763
0.7007962183442388
0.7688135892542186
0.919430226007069
1.0909555308310632
1.1760713010246817
1.1997757461686231
1.2056519851306178
1.1955628738403108
1.1733437338321415
1.1435171282634833
1.1100971790784435
1.0759324831900126
1.0426930854610381
1.0113144489479886
0.9825476715142495
0.9572479176476897
0.9362538515392033
0.9201391869426472
0.9092797330683584
0.9041726318314764
0.9054357655469966
0.9134139089379266
0.9278870058457391
0.9458200450342974
0.9649274113185782
0.9853020201296803
1.005975589609273
1.0280430563658767
1.0506463794913765
1.0743019554011117
1.0966342201224188
1.1128482793077046
1.1210444613373962
1.1196794176378384
1.1079527276269934
1.0860513367651643
1.0549935765309193
1.016274023013304
0.9719278458098312
0.9249860081925105
0.8793999255017103
0.8393318824277137
0.808409620144547
0.7892526473522414
0.7832676477798761
0.7905790111461108
0.8099161875797347
0.838168444761975
0.8892687710386408
0.9361849805766955
0.9618680546272089
0.9419345287701579
0.8902639538674719
0.9064009397058311
0.6672448472699025
0.7447002216281148
0.898025548822005
1.0641847152611912
1.146102738019458
1.1695682291746639
1.1763799766456342
1.1682241970913345
1.14875429873648
1.1224433877535676
1.093414615080326
1.0647004995928144
1.0380640557184506
1.0142427511794911
0.9933631405483404
0.9753139629471543
0.9600394895204067
0.9479364173032059
0.9402928244935552
0.9389686363721326
0.9453798634161215
0.9599580624086756
0.982203087179589
1.007777654002118
1.0338855355853147
1.0608993393292643
1.0876685449305734
1.1157049614122443
1.144042754195924
1.1736115391746866
1.2019545973251735
1.2232004641364795
1.2341772100894228
1.2318895399798317
1.214766378921364
1.1830696735636008
1.1383909195892785
1.0829659250952934
1.0198363833485509
0.9533730273347285
0.8888915312797836
0.8315963922858117
0.7856608291364856
0.75378304527593
0.737147324194495
0.7355210430553859
0.7471461903223673
0.7679221556720327
0.8044453717990425
0.8445044318649098
0.8763109455619835
0.8746225811289762
0.839120032060646
0.881783489509109
0.6416590315007166
0.7361895337279324
0.8953277378292728
1.0574566810421635
1.1360975836913436
1.1591940696190877
1.1668924629221498
1.160716622411719
1.1440586432912967
1.1212116680190973
1.0962717234039354
1.0723448136683293
1.0512396906573565
1.033579692411674
1.01915320769547
1.0073383540737872
0.9975693297445691
0.9900243593589441
0.9863791555263466
0.9893040668164466
1.0008249377970484
1.0215987201729675
1.0511198148086702
1.0840604951799202
1.1172358177691157
1.1513500391939335
1.1850933139061888
1.2204976872131263
1.2564804334091026
1.2943492732306527
1.3308831297958577
1.358044884469467
1.3713315224428757
1.3668016340474856
1.3426680816191403
1.2996731219302204
1.239931759207586
1.165911232274032
1.0815421858916154
0.9930388190545282
0.907657792650056
0.8319287258706857
0.7705152968084642
0.7259118921684221
0.6986820221884913
0.6877530349590233
0.6902596939822749
0.7006935488383221
0.7205872171794255
0.7553737948459146
0.7938364524678609
0.8117352085012529
0.8002807457718166
0.8686755462970914
0.627837875773152
0.744450501467583
0.909919084516039
1.0680053870888222
1.1434956880732419
1.1665601311579021
1.175695942774828
1.1721821790550602
1.1589923083639002
1.140052776124197
1.1192660224434392
1.0997009112943663
1.0831827911369485
1.0703015670228178
1.0607338957732728
1.0537538834421398
1.0488438704512628
1.0463437139005651
1.0478663669622565
1.0558526292885702
1.0724009328133426
1.0985450350343795
1.1342463870824881
1.1737976925949074
1.2138760489128353
1.2555822377648496
1.2974473493601093
1.3420789349643814
1.388114130752326
1.4369645787738428
1.483683409933211
1.517011481733511
1.5310815350999045
1.5215468310824851
1.4872938980017423
1.4307154065780432
1.354869723127806
1.2609952267871078
1.1534992783953708
1.0411765150264662
0.9337964802730149
0.8393635823255956
0.7628672104396597
0.7062820506335078
0.6691779929825037
0.6491955700236893
0.6418734739423729
0.6408734829617116
0.645461745261202
0.6757898014906888
0.7204789073344924
0.7565983229157462
0.7754766757765114
0.867837983457093
0.6352182499319493
0.7698757492069355
0.9390647712737229
1.0910325722350658
1.1632909596142076
1.1869718855027416
1.1986273410201653
1.1991230589260533
1.190770909669781
1.1768706669503564
1.160914356625782
1.1458030710154774
1.1333602779298337
1.1242557654040093
1.11831402865074
1.115091432315943
1.114517418381073
1.1172993009708347
1.1248332778980203
1.1387200716807628
1.1603568255384935
1.1908755127678006
1.2311507473566026
1.2760431103144168
1.3225103526485507
1.3720558649192662
1.4229278914188848
1.47816927325601
1.5358105130524877
1.597004402465556
1.6544953223575103
1.6934724442578002
1.7067686047721433
1.6897526179609417
1.6421089527700574
1.5689244622557437
1.4772388614764245
1.3629171064675083
1.2309057453794674
1.0938835095815922
0.9645025841400395
0.852140583807421
0.7618289145051499
0.6947240993194645
0.6491059638991552
0.6208833321152109
0.6035888650899783
0.5915153765968776
0.5836091179112306
0.610505630332557
0.6603825874554482
0.7113734837408006
0.7644808023506009
0.8829024988595203
0.6783194543291
0.8210105317228146
0.9868917464903504
1.1258329184522426
1.1934238238277588
1.2187313465668697
1.2351100515305375
1.242667160908506
1.2425482757197723
1.2368976863595975
1.2283736511684857
1.2194727772423017
1.2119995278485598
1.206910761721776
1.2045798681158852
1.205317100051657
1.20980141912989
1.2190880774560473
1.23419323903532
1.255676245726919
1.283700016508187
1.3187247919356475
1.3624397120767102
1.4115127293495922
1.464041987671181
1.5218869500182217
1.5826552172084418
1.6495009029230128
1.7194726611796154
1.7931843418696842
1.8608735938934198
1.9044183413033482
1.9156954647285203
1.8899872534658158
1.827724689895836
1.736946978003834
1.6253168713614645
1.482916732244979
1.320292506086807
1.15453974567106
1.0010378611567505
0.8700943369780016
0.7663019872265293
0.6896539978027235
0.6368428022906036
0.6009555310103291
0.5721176445697695
0.5488619113413405
0.5307679893739352
0.555420863735301
0.609873978763775
0.6725654418044354
0.7608807132694021
0.9466908564014993
0.8226317592514109
0.9566972769892917
1.0876701290757351
1.1819130174561707
1.2358233032920667
1.2648606859693374
1.2930895159718563
1.3187530517510442
1.3399881022625855
1.355796937492811
1.3664441937397784
1.3731990146946207
1.3778087021571792
1.3821270763511253
1.3880456520231514
1.3975487574057726
1.4125832298688068
1.434619764734078
1.4641273918438307
1.5003790602554363
1.5419249938831754
1.5877925256390775
1.639045138731444
1.6928793869977172
1.7495563200376154
1.812231009426576
1.8782667870517624
1.9504736827035833
2.024852740169268
2.1012508511232797
2.1692927576134426
2.2122174226727673
2.2246158849236686
2.2023193218803003
2.1380429317161447
2.0234928722391112
1.8597138115913134
1.6599480948020204
1.444932241639427
1.2360853894940487
1.0499469951291984
0.8957483826565757
0.7760453411099927
0.6889658411218288
0.6305595490083037
0.5964421467849176
0.5456504628983766
0.5121012929267663
0.4879365692143888
0.5140638145393512
0.5739559582284484
0.6428325496557505
0.7290287617466947
1.0803119865448325
1.0946239733731835
1.1842133388502365
1.2190918227445418
1.222649309312883
1.2445101288408846
1.273542698051782
1.3164583687894411
1.368740931544204
1.422450148779633
1.4716146660636853
1.5138814921900545
1.5494862360573987
1.5800876689541459
1.6080032276230125
1.6358477683674855
1.666386824727646
1.702278996037664
1.7455113301721679
1.7966984786558435
1.854718221244238
1.917127925887368
1.9813833330304729
2.0461821994146647
2.105116871878764
2.1581767332678607
2.2088858180965936
2.2555290375016432
2.299683808507689
2.337526765808151
2.3665325873856564
2.3790173250661515
2.456533056883056
2.493747851888909
2.470696013241821
2.3764426132763803
2.2137402193396283
1.9987358726404978
1.7558146639533159
1.5103530727643568
1.282755406730009
1.0856600210046208
0.9241872362349746
0.7979168929786469
0.7031815990045538
0.6347059295372233
0.5860506109584528
0.5502246683035701
0.5250035187481765
0.5103527169575879
0.5480617161041896
0.6148460316702199
0.6765362208201189
0.7322618153098269
1.2034346061042174
1.3374731904210033
1.3603816097143102
1.3034602740510035
1.2420015526948474
1.2357822461923191
1.2568796347229614
1.3100431249235946
1.3688067578378607
1.426922392429853
1.4840439031205046
1.5406696254929144
1.59773933572829
1.6561197182086513
1.7161034398491795
1.7773690843767713
1.8396060675537418
1.9033165600892112
1.9698530096392393
2.040336470399742
2.114240805568045
2.1888404109262187
2.26010012223574
2.3245160788732866
2.3753295696650882
2.414914718047926
2.4483113364395424
2.4764277046206957
2.502490721802079
2.5277288539651526
2.5557935223142487
2.582331765972709
2.58830363104732
2.5543266852878204
2.4670486440378174
2.3243395407956022
2.135936919596476
1.9197014764804956
1.6956461442353594
1.4807589626277715
1.2864133197202547
1.1183048837275054
0.9778178172626363
0.8637197535638258
0.7735652219429626
0.7046352776051633
0.6544533256804502
0.6209306182132013
0.6022242637222486
0.6003758800341575
0.6507094176290473
0.7229735494862614
0.7772460333660467
0.8054414018978923
1.2105832982292142
1.4483367595892482
1.441880766495054
1.3548645761325395
1.2869555063268594
1.2827053064661265
1.287612986497013
1.2968407194495446
1.3120489146837826
1.3349194172309595
1.3671218809641592
1.4104166793926072
1.4665098553099918
1.5365111343703184
1.620037119492657
1.7142183746817665
1.8131269528689493
1.9086218576983884
1.9945527658390887
2.072059965254077
2.145108384487991
2.213377188941497
2.2738576925437117
2.327547605057552
2.375371320031279
2.419336060375313
2.4609807749419383
2.49716047787592
2.5270939397866994
2.545168786991178
2.5441916233165487
2.51131360047795
2.441702705649742
2.335699273985933
2.198180345596354
2.038372565627487
1.868095258659022
1.6989926948900866
1.5400960814417997
1.3966997119334759
1.27061308056983
1.1612097946298734
1.066599557026638
0.9845397443626874
0.9134801122846333
0.8544688521672816
0.8102312412472671
0.7814897877428493
0.7668147137062987
0.7684753637526182
0.8104666061545287
0.8774429141358114
0.9307098305264968
0.9287656192240685
1.093231653212986
1.102827398912127
1.1688022882245772
1.220468013465505
1.2458803331869275
1.2637855762116117
1.2820200231285084
1.3113071672588181
1.356003457430869
1.4206370983504355
1.509708742286864
1.6273582483147284
1.7767807493757188
1.959258645558092
2.17277088851714
2.410414561054642
2.6592999209171735
2.900919905060645
3.0458481307034964
3.1340073240619777
3.1632653511022744
3.13757939898312
3.065713905115143
2.9596167316283326
2.845912183907019
2.738441607738624
2.635687941995561
2.541864221585648
2.451909526756638
2.3697286103001995
2.293900588884512
2.2315969453086115
2.191461749506047
2.1695859958322
2.1587906350399186
2.14896965349068
2.128597447170154
2.0875449113644575
2.0204884562700265
1.929432361351023
1.8238774425837927
1.716906257561169
1.6155886298417401
1.517474327375022
1.4199552987580673
1.3247487657038726
1.2360190321708673
1.1577128365803122
1.0918187980502811
1.0025155059554753
0.999463600556772
1.1670236443631328
1.5570605045479338
2.222778693222799
0.9262726107524485
0.9408331684724439
0.9781263486021745
0.9956872736656507
0.9893838175713449
0.9898869364488151
1.0019970154616875
1.0289204046214957
1.0759334850972728
1.1482790904961009
1.2510213942456463
1.3887038716759665
1.5645523466058087
1.779008633869873
2.0276358053849175
2.2990238583099596
2.574133179792929
2.82872303505461
3.038775904107804
3.186228714261522
3.2624473251227775
3.2689416384107375
3.215809074943975
3.118662195913533
3.008111161219076
2.90164766077104
2.799350104563867
2.7059104820257702
2.6163098306617067
2.5341074508361596
2.4570098965659137
2.390419463488702
2.3413571894111365
2.3044559192035203
2.271748827136884
2.2335078486295528
2.1800467549474956
2.10433050015971
2.0045415249610317
1.8853253490965733
1.7566062539033465
1.6293529453439948
1.5097810854490317
1.3981516066026407
1.293389370040725
1.1961268670440817
1.1083234017839876
1.0319734340383901
0.9684442549757412
0.8916060065308372
0.899396028690839
1.0397134433457669
1.312857932055912
1.73582548416576
0.8150904305299139
0.8204085565840132
0.8371194414447857
0.8555279689534978
0.8644697676712125
0.8684164951289479
0.8798565694921071
0.9046096479946945
0.947378814821436
1.0122782981337337
1.102917225076721
1.2224903237731435
1.3734536310221066
1.5563361387343786
1.767855638507769
1.9991492810488112
2.2351554034854693
2.4560288121056884
2.6407804265260357
2.772180701136638
2.841047238104074
2.8481320196205786
2.802987335809493
2.720621890262205
2.628327043772505
2.5410795545790053
2.458890692116408
2.3853644311967495
2.3163897756901757
2.2545371797272202
2.1977295824584404
2.1490894383176045
2.1121000863771524
2.081189268424152
2.0493948994343
2.009266552839464
1.9542346127035357
1.880215433169755
1.786873278759625
1.6778621586630929
1.5597218384688263
1.439797314836198
1.324195614543484
1.216845556547014
1.119861826082281
1.0343959419680964
0.9611738356307418
0.9006368188115887
0.8529882337715858
0.7994564163659785
0.7984288358710204
0.8737716399397886
1.0130521238901842
1.270484438872147
0.7545694460479173
0.7457131721978548
0.741792149635964
0.7600987067388182
0.780952345404921
0.7957626723076946
0.8102340912945097
0.8347071570871405
0.8735610786713152
0.9306327822918995
1.0088857151780666
1.1100802747924703
1.234426448293964
1.3802107570287254
1.5431638295475214
1.7155001719728742
1.88545137453754
2.038394727213527
2.1597478868494555
2.238619078341833
2.2706281376670368
2.258704269855663
2.2117392607453312
2.141921807365923
2.069991510602113
2.0055699642930156
1.947563119924727
1.8978827224628543
1.8533676846275868
1.8154392042130039
1.782547901848691
1.7559329387638658
1.7360275412380384
1.7179872873404112
1.6964308105157881
1.666091704286641
1.6226740152045445
1.5637512466869128
1.4894119610973393
1.402359055185327
1.3073491261701318
1.21012861684715
1.1162237817101932
1.0299678957977383
0.954028718857584
0.8894996523775087
0.8363755823853308
0.7940842013200746
0.7618392983364584
0.7259884481562413
0.7174867258934912
0.7427792840603329
0.7948619485070869
0.9468433984937906
0.7511203695110438
0.7233922281347601
0.7160288237123166
0.739399532704066
0.7745331550777588
0.800001800187985
0.8179535471873224
0.8432823416758501
0.8799486325625864
0.9312858367858132
0.9993836711363125
1.0846269173920406
1.1853893346649005
1.2980571270217844
1.4176070818317428
1.5380531033713614
1.6514756803039605
1.7478288699161346
1.817488517319715
1.8544857715062202
1.858299185729469
1.8335135312329922
1.7879496759194684
1.7305671912632623
1.675934321977808
1.6294749974492253
1.5895081481419597
1.5569154421923022
1.5294201983300724
1.5078545451213223
1.4913422785298396
1.4803398412398874
1.4736275974786268
1.4670142960593122
1.4560586447292363
1.4366354005991482
1.4056044242633638
1.3614101004500625
1.3044224585187785
1.2368988414834001
1.1625635724489818
1.0859210108880268
1.011476434742204
0.9430171027758864
0.8830711774133078
0.8327128960367377
0.7918454020495932
0.7597510219454421
0.7355226711452023
0.7085127909479247
0.6993043131016206
0.7093466130575542
0.7345874434094792
0.8321471249362566
0.7717110817628312
0.7308691496271231
0.7233446383948164
0.7512606954679281
0.7957312688494733
0.8281653720230516
0.8486244145077235
0.8748230030649496
0.9102485544185898
0.957641954728968
1.0182530779098742
1.0914368191179413
1.1746197860069438
1.2637295840886318
1.3543223796913377
1.4431414180938176
1.5254416291780846
1.5924712735346493
1.636061956914074
1.652240956519152
1.642409919364327
1.6124554595345908
1.5701286824831668
1.5220756854471997
1.4784343225467849
1.4424114308540934
1.412367561557573
1.3888793092329395
1.3703420303824592
1.3574575818454173
1.3499081039410128
1.347928754670381
1.349363544006226
1.3502182769972386
1.3463958815668604
1.3342632768812697
1.3112212295522008
1.276131643674802
1.2294903749508028
1.1733106348048692
1.1107604864697094
1.0456474936254387
0.9818479747614339
0.9227429635506592
0.8707194939465336
0.8269128025957532
0.7913795530981571
0.763552396711575
0.74263318262328
0.7194734827717143
0.7115872032606899
0.7189900311122096
0.7386232203121118
0.805277020845093
0.8052890636302424
0.7522107940429037
0.7438540651496653
0.7759052351156669
0.828760790137152
0.8675120087803955
0.8902432773997117
0.9171368989638011
0.9511661747326356
0.9944809430801828
1.0475863275619215
1.1090380632200316
1.1756943607049624
1.2435289797874054
1.3092349823422473
1.3732436361424012
1.4333163688593187
1.4795381431153816
1.5043809859275832
1.5052023157093783
1.4844772423793875
1.448835826990526
1.4083879667638672
1.3690104174782063
1.3344509793729609
1.3064962012824033
1.2838984853144697
1.2671735532305912
1.2553317222525047
1.249090906781299
1.2486882535698378
1.254261899525581
1.262766508364408
1.270225666189414
1.2727682003800835
1.2671410232372002
1.2511475574871223
1.2239274605763693
1.1860167773799042
1.1391990055438281
1.0862038786769583
1.030316943759456
0.9749415315759972
0.923129799084116
0.8771343063740303
0.8381520721520095
0.8064190017178999
0.7815499055399129
0.7628825797585937
0.7423957500171817
0.7362654184808229
0.7433493131460127
0.7611824355863785
0.7986365886263618
0.853736199803611
0.7873173069038325
0.7774019733350284
0.8138691898202919
0.8759422546886739
0.9213432330743425
0.9462376998860901
0.9734485533791282
1.0054422693031564
1.0438549358842468
1.088637524406965
1.1379181962351168
1.188621450270649
1.2377933866104245
1.2844541727370888
1.3295701251104617
1.3698971382709904
1.3974662368238302
1.406094190710858
1.394288308960225
1.3653708195224388
1.3261642688078286
1.2851396434186166
1.2482359769949687
1.2189554016182012
1.1966436744082334
1.179633151062305
1.1681811065391505
1.1617162823503207
1.160982772110813
1.1667415225477833
1.179095156719879
1.1941175392970622
1.2077982008629635
1.2164988980369837
1.217316656560238
1.2083673480218449
1.188946668687969
1.1595278560630167
1.1216259831927677
1.0775755307334842
1.0302434097347914
0.9826722885023186
0.9376562906960417
0.8973254823448692
0.8629045261277668
0.8347554111211003
0.8126330294132517
0.7959930469542861
0.7777772449863328
0.773561230233102
0.7810139959276569
0.7956171422828797
0.8034168652368835
0.9149094734289621
0.8345714828465015
0.8228840808205453
0.8647075367451407
0.9374712263438799
0.9898212544700046
1.016475239368472
1.0432257223807262
1.0721859975727381
1.104710459948594
1.140526808383758
1.1777991478803738
1.2140720017394835
1.2477513506405893
1.279039592732348
1.3080433242462697
1.3311840203585608
1.3422812313888226
1.336801608292657
1.3143564237331746
1.278794357857986
1.2366623525095313
1.1948932925507554
1.1582715153106642
1.1311398712210343
1.1120766836933103
1.098793886306363
1.0911343446378945
1.088699029687485
1.0921696928405595
1.1026381841531145
1.120214663902494
1.1404785569977467
1.1594986681247048
1.1738409437715616
1.1808586791989424
1.178843034969063
1.167094654125117
1.145907053178208
1.1164892939152917
1.080838419750383
1.04152750830151
1.0013683193133232
0.9629747419545427
0.9283567269687746
0.8987026716749907
0.8744099679782268
0.8552987125547636
0.8408938950116602
0.8250695008693991
0.822575055655905
0.8301602878666539
0.8378012075343295
0.8181081252383882
0.9841864214980568
0.8907656701835569
0.8782868070762329
0.9271945001233811
1.0125553330982422
1.0720374058744477
1.0997102151021036
1.1247920807169811
1.1493536581137536
1.174800488235121
1.2009638462807508
1.2263434682325394
1.2492129616007912
1.2688941117597017
1.2858920575331467
1.2998446430054897
1.3074955921159108
1.3040402649998022
1.2863106728985403
1.2547606474101078
1.2134257275035747
1.168389968456644
1.125681240630153
1.0894419253986234
1.0638229522732137
1.0469635124118384
1.0362817661354342
1.0313215335029537
1.0317603619117366
1.0381816186329278
1.0518662167216877
1.072992733407722
1.097055925386412
1.1203817985403175
1.1397300241895665
1.1526070897480742
1.1573460896732617
1.1531208174747798
1.1399539037052395
1.1187330902583779
1.0911827388984094
1.0596860302486846
1.0269067942286318
0.9953084294902601
0.9667611231750995
0.9423664967591818
0.922500731271028
0.9070048740618274
0.8954398369188279
0.8829619367447835
0.8821656468747593
0.8888639342493994
0.8881140434325858
0.8426004282480583
1.0552324401842488
0.9512395002505497
0.9409939699488425
0.9988134900728166
1.0987039846118345
1.1653873507852888
1.193055612237832
1.2149009599009863
1.233421240409731
1.2504239320448116
1.2660472874557347
1.2792055910251046
1.2887737029941748
1.294632721348281
1.2974494886332584
1.2968821280020706
1.2902928046618232
1.2740200462696627
1.245925306725093
1.206978515886468
1.1611332773523169
1.1139276547958719
1.0706725956744498
1.0350067773561678
1.0107139512342225
0.9955563411703693
0.9867784258372426
0.9837170430774893
0.9860894488949061
0.9943925518737229
1.0100270859870868
1.0332859730037716
1.0598091858763652
1.0863088528631386
1.1098148516093915
1.127966038124872
1.1390653893598643
1.1420831646704992
1.1367223533493185
1.1235463203471465
1.1040400179579581
1.0804318475333963
1.0552476867857539
1.0307886784945746
1.008767653315933
0.9901863219753285
0.975395889710835
0.9642602183719854
0.9563677342766387
0.948819902650703
0.9503745847468125
0.9549392087347321
0.9461939102929491
0.8770650362579382
1.1220512273555001
1.0081214258343827
1.007211737193444
1.075354468376217
1.1912820408349303
1.2652865087727783
1.2918903478471657
1.3088088199477512
1.319627928299182
1.3268388492264573
1.3309170059032793
1.3311468521699243
1.3269011714831007
1.3185446022073464
1.3070859005245643
1.2925765119794999
1.2731033012535753
1.2459128687557175
1.2095522327620283
1.16518661556059
1.1164597997460899
1.0682810764832242
1.0252921749336885
0.9906673514963265
0.9677759017270732
0.9540958027151719
0.9467870392157435
0.94505396819022
0.9486454370729249
0.9579972143953007
0.9745801642638326
0.9988083272426236
1.026587417075276
1.0550646490400286
1.0816232590266412
1.1040954013754112
1.1207790856955762
1.130446761730722
1.1324814981147089
1.1271189560485375
1.1155925441051198
1.0999495981838063
1.0825446055035275
1.0654909758117435
1.0503369685665431
1.0379998001619963
1.028841921459386
1.022790206716862
1.0194706533659474
1.0187138464770675
1.0239609614923515
1.0255515954085592
1.010132948130208
0.9210370157633755
1.1810848716335063
1.0633751720467455
1.0712231465035107
1.1508677129237295
1.283488134097599
1.3650444506156365
1.3900258642638381
1.4006749810124586
1.4025853045893248
1.3990533759082318
1.3907827412387488
1.377400304481273
1.358807233381799
1.3359723860587598
1.310506601862098
1.2830845351769005
1.252464254171215
1.2165124541480947
1.1741356788992539
1.126437564929772
1.0765987171884002
1.0288489768000535
0.9871738081994295
0.9542867928776753
0.933094252418506
0.92088443533095
0.9148229398661871
0.9140496451452634
0.9183558207729843
0.9281380713604573
0.9448860228556024
0.9690980659147663
0.99700109501183
1.0261853828515684
1.0544536385885717
1.0799267125395335
1.100989562793617
1.1162877308032908
1.1249225615188025
1.1268016482117316
1.1228758504356062
1.1149695014394847
1.1052305024923548
1.0955630759773838
1.0873465322171834
1.0814349946845678
1.078254772582386
1.0778601891162292
1.0799413657370145
1.0878840230310127
1.0987787665317348
1.0971339539645029
1.0767038980899541
0.9729010434040054
1.230889301549328
1.1098795793599883
1.125870322610449
1.2182043057022256
1.367052286254618
1.4554191590361882
1.4792467847010624
1.4836636751561574
1.4766953548558874
1.462380315172794
1.4416400892916623
1.4145655454680388
1.381724769425218
1.3448560554642905
1.3063836587972442
1.267696431502283
1.2280349814555434
1.1855722008306315
1.1393297288021862
1.0902161834890594
1.040901292596873
0.9949387604876909
0.9556734371543201
0.9253481065939644
0.9063258253204477
0.895763593960318
0.8909123048973491
0.8909077492319559
0.8956079102636807
0.9053812345448804
0.9216697804997499
0.944969828012627
0.9718462704246068
1.0003432120044826
1.028758080142965
1.0556102932412366
1.0794825811101856
1.0989810766048798
1.1129717645105472
1.121036475489819
1.12382393891696
1.122923220175266
1.1202763479810898
1.1175771990205878
1.116027112807382
1.1164189116747871
1.1192812179548457
1.1248623850964692
1.1329527740961782
1.1512433167853522
1.1700456585527266
1.1655714246095519
1.1417710265320216
1.0296584630929673
1.269726839912821
1.1402821355916786
1.1640954443020968
1.2702402702153992
1.433827707001446
1.5258969180795074
1.5487057632464707
1.549598784896169
1.5359017923208078
1.5122067398697552
1.4801380771993462
1.440557424036847
1.3948221949474218
1.3454725820526665
1.295845615727234
1.2480737948845515
1.2016154186713317
1.1546866141296022
1.106344757695614
1.0573244797891963
1.0098325397036125
0.9667907815633752
0.9309293489087748
0.9040174682657139
0.887770057009338
0.8791961423000662
0.8756695791795672
0.8763758633847079
0.8812829947541846
0.8907323574358375
0.9060261927378542
0.9275234050118734
0.9521438950486658
0.9784442247122156
1.0053222559028125
1.0317999462350351
1.0567404643829834
1.0787660122781948
1.096528402371042
1.1092773894681938
1.1173635628229663
1.122188634841019
1.125559665986835
1.1290016435596912
1.1335248027197917
1.1398195996391118
1.148505564775821
1.1600621781081888
1.174407011663586
1.2040115632377106
1.232690431698827
1.2263974834993265
1.2006236927325291
1.0868836548111114
1.2944759987025105
1.1490436833788322
1.1808711472058777
1.3015180248061362
1.4776473266222123
1.5705723434726677
1.5921247197010153
1.5915841909430222
1.5739669441443964
1.5435562740186097
1.5028578033022852
1.4536989493240007
1.398173750714293
1.33930242080938
1.2811609303182747
1.2267577991169578
1.1755306451241203
1.1256799040053693
1.0764650257989758
1.0285771050002135
0.9838297344189401
0.9445481830037334
0.9128699181779508
0.8901278000774449
0.8773490579073422
0.8712751699067682
0.8692753897787593
0.8706457130362687
0.875588862014724
0.8844310256052046
0.8981964619699621
0.9169376484079631
0.938020548913566
0.9606602735046079
0.9844653821737611
1.0090021485978802
1.0334212934395126
1.056357898600821
1.0762301965040686
1.091922176639897
1.1034989479197361
1.112295584438572
1.1201600348661485
1.1285642877025852
1.1383246892007688
1.1499314909912748
1.163993904021045
1.1811868643306516
1.201547275054788
1.2423304533350596
1.2818838439608562
1.275032432737785
1.2482706785122795
1.1389326850885677
1.3017962543042378
1.1342026485289052
1.1746354058961876
1.3096181071945918
1.4955883296090835
1.5879845810471356
1.608411472446356
1.6068420616228156
1.5869387652784246
1.5525133095018833
1.506655278967846
1.4520469260731135
1.3913667398074918
1.3275662923818026
1.2643734451863051
1.2056417295231254
1.1509819608090894
1.0991419001787162
1.0498893381085235
1.00391076024025
0.9626007919066916
0.9276547144771566
0.9005842944234109
0.8823028095272827
0.8733710617815146
0.8704424941140455
0.869897062578021
0.8713281176873984
0.8759460312549953
0.883970675788505
0.8958095087897293
0.9110273662560914
0.9276650679121734
0.9457606210009842
0.965621339427329
0.9872726489129932
1.0100898777582543
1.0327017407901502
1.05326852819704
1.0702223708242147
1.0832923481408874
1.09393130588363
1.1043650578834538
1.1162455759976149
1.130231513094197
1.1464686470986676
1.1653220356218794
1.187489462907115
1.2130732786656302
1.2635822263278393
1.313631653655783
1.3073332681346703
1.280016750778002
1.1795642762010725
1.2899337870083332
1.097919065355171
1.147486296763274
1.2955245024535378
1.4883268773834355
1.5793836812784008
1.5987670472424957
1.5963415480251366
1.5751448925442446
1.5388025003227193
1.4908281507991685
1.4345347176780898
1.3730551280561176
1.309307104365542
1.2456659377777821
1.1839251007326697
1.126514360495871
1.0736622570304861
1.0254369905417866
0.9823203304004208
0.9451672684720934
0.914937491169803
0.8923038691701843
0.8771629307513722
0.8687273182216941
0.8640919084046311
0.862443111399248
0.864174434061346
0.8696081987911084
0.8784835433787391
0.8904154708648149
0.9038867583265735
0.9172985078223737
0.9316489304415599
0.9479522820094994
0.9666637870940686
0.9874102333427086
1.008922820091951
1.0292070389702346
1.0460941956425187
1.058613996422537
1.0685560110935717
1.0792126966059612
1.0927626051907342
1.1097552062566596
1.1298690039833437
1.1528809790868992
1.1791279537812784
1.2086788843741378
1.2663779577052159
1.3253434216435438
1.32051706492921
1.292471026544454
1.203036628439779
1.259817831151333
1.0455343864229343
1.1040900063256067
1.2627698646509882
1.4593830261321872
1.5487171547054785
1.567287649476224
1.564401607739135
1.5428352800853526
1.5062182125059578
1.4583600458230854
1.4028859096506838
1.342981298475477
1.2810780865262195
1.2182605316972428
1.1562221085939892
1.0986369931324986
1.0469840099186019
1.0015979261097394
0.9626984184753067
0.9305504631227633
0.9052472906661273
0.8861796773593383
0.8716026467813339
0.8613478174592762
0.8552013962165067
0.8527527567850467
0.8539612976400296
0.8589170426893664
0.8674931663379166
0.8796206538793995
0.8934625252082727
0.9062594138217277
0.918846693182567
0.9327162216374998
0.948783277796875
0.9670463973120715
0.986590041856883
1.0056644919722686
1.0215469496317104
1.0312698828548592
1.0374536927922635
1.0459280409002547
1.059248657534304
1.0777125765390052
1.100597808349636
1.1269690469262275
1.1563476469286282
1.1885106963194578
1.2505141425368165
1.3163018836170837
1.314088283794922
1.2845957101649972
1.2054485588729529
1.2150124004583298
0.98375666765679
1.0500069976992366
1.2158943482264488
1.4134906884676623
1.5013386406095697
1.5196982922551963
1.5171146818444652
1.4962312388218082
1.4607268875802208
1.414551154118274
1.3613146113654666
1.3038171746093234
1.2437231642393398
1.1821681788125482
1.122099323725086
1.0671495010277157
1.01909838578463
0.9783967883591544
0.9449818125053189
0.9185141877764742
0.8980956534034304
0.8817104675205617
0.8675983776541184
0.8575845033056886
0.8519079571838828
0.849908130296243
0.8513579232628831
0.8562648075819066
0.8644847619615946
0.8760981747311989
0.8895899194065675
0.9019707077295637
0.9134091736088357
0.9251570732431402
0.9382321755251899
0.9528896115243466
0.9686115558956603
0.984164186354649
0.9967541575961762
1.0009208711167161
1.0019471121712362
1.0071239171633373
1.018513793137666
1.0363885866266587
1.0600579445436247
1.0882500410535654
1.1196438875657722
1.1533001284324258
1.2171709515986644
1.2878830594416983
1.290182301742027
1.2580562043960124
1.1858122092390018
1.1607671901718946
0.9189315327478893
0.9903559101956491
1.15917810600441
1.355098089020481
1.442382135174575
1.461534828948881
1.460338943084004
1.4412902375921959
1.4080801811532129
1.3646703175834545
1.3144778626465081
1.2598500277065074
1.2021652236447375
1.1432527870877518
1.0866868416968594
1.035985798249122
0.9929345943029548
0.9579011034295731
0.9304844938381128
0.9097381407132816
0.8938322335370487
0.8802007214676799
0.868438757014027
0.8609114647413554
0.8575211923172933
0.8575400203523396
0.8605994367277425
0.8667398236117905
0.875717544471204
0.8876311245282565
0.901012124776026
0.9128475058309159
0.9229380098197808
0.9321371657444476
0.9412857236017166
0.9506904443387488
0.9600522761832767
0.968320891100195
0.972707000200436
0.9705162573231906
0.9670283133730905
0.9677167027134905
0.9749328090321799
0.9894983912337807
1.0111835114805114
1.0388532662255254
1.0707372083706126
1.1049973347671398
1.1691656237988384
1.243289939722289
1.2527212651560253
1.2163929238397393
1.146365505474003
1.1027534115227722
0.8560307230089749
0.9293704644479943
1.0965839686152739
1.2885078434641142
1.3765555013386446
1.3976278974044813
1.398939860100178
1.3827674190772297
1.3527618203552727
1.3128605775272268
1.2663462919353266
1.2154026443324717
1.161554892236033
1.1070399101855621
1.0553910005955829
1.009920883425581
0.9723932475566047
0.943089803128296
0.9213152854293986
0.9056294790188067
0.8937828855472658
0.8839002317020582
0.8766459257062414
0.8736476878926885
0.8743098937970624
0.8779864231284473
0.884159797989853
0.8930176026556482
0.9041654024023301
0.9177144219487318
0.9320164843557948
0.9438363317918084
0.9526890529821896
0.9590032590967257
0.9633253487929303
0.9659270656779635
0.9667042954687853
0.9649303722599868
0.9590054347063145
0.9488890415433778
0.9385171452773303
0.9320832744478172
0.9322802548554384
0.940584420767884
0.9573956379516183
0.9820177643185912
1.0126838837428935
1.0468626476754421
1.1107642868432677
1.186513041529915
1.204246470298566
1.1633699511757807
1.092006376220209
1.046028644251243
0.7984233068743197
0.8708608600582035
1.0333378979250225
1.220162740710017
1.3098258084092678
1.3334683955669928
1.3379609618820352
1.3252973456538626
1.299047044373371
1.2631670101848502
1.2209964131907876
1.1748546427934514
1.126478612733464
1.0780372903647424
1.032549461542825
0.9929432453359881
0.9609436226345006
0.9368449700104899
0.9198333526222858
0.9083186929123759
0.9004389761514859
0.8954985003186131
0.8944532180337843
0.8976187976633602
0.9038313168992103
0.9126163293070764
0.9232815916065988
0.93626389349131
0.9509896996226052
0.9676473667850559
0.984299123060535
0.9972200556951037
1.0055282606777116
1.0090845118681762
1.0080293144394512
1.0025996476869508
0.9930376259769843
0.979340642520995
0.9613586856671952
0.940335830292679
0.9195974072628479
0.9028573031512699
0.8931244682614792
0.8924631044647859
0.9018846567827642
0.9212316519971815
0.9490712147630507
0.9826621507484041
1.0467942255042972
1.1201327567274593
1.1427224934709732
1.1017923616852614
1.0291653615752374
0.9944922876205997
0.7481537766843273
0.8190735050268112
0.977126721064857
1.1591770950779143
1.2501057067438857
1.276145035176314
1.283782179950107
1.2747102166038888
1.2523787287354957
1.2207951909059989
1.1834757378133065
1.1429795197268011
1.1011615301438316
1.0598672997833058
1.021366565607132
0.9879761780288122
0.9612679014882334
0.9416467908244591
0.9284737327540358
0.9205347487209725
0.9169031351418211
0.9177936272590295
0.9240169580772327
0.9344263939745399
0.9472502966458402
0.9622334380678886
0.9784817797214628
0.9967665050393698
1.0163351498072595
1.0375739179672976
1.0582613397558605
1.0739010110310736
1.082939593233493
1.084366383391105
1.0777464914165362
1.0633073132114015
1.041823159726398
1.0142476643104676
0.9817076971383567
0.946353808910106
0.9116401909993661
0.8814299912613933
0.8591467053850551
0.8473342179670453
0.8474498587132229
0.8597609247400306
0.8832594193768821
0.9155177081286081
0.9809136638103974
1.0430158583184335
1.0671418085262392
1.0339300664479363
0.9645943717567448
0.9508074201681729
0.7064510695420326
0.7787707852805877
0.9354441969097739
1.113604757738636
1.2048313260612844
1.2326524015096405
1.2429839617509681
1.2372468001310641
1.2187307395587579
1.1914621897219966
1.159128591558313
1.1245006899734373
1.0894771799086533
1.0555443243227145
1.0242168211861775
0.9970653608117451
0.9753361036978836
0.9595712837290027
0.9496060065767176
0.9450438590537311
0.9459822005343184
0.9531510772165027
0.9671156784115131
0.985315302219294
1.0053779801913583
1.027299571946343
1.0499699029509606
1.0745729069268566
1.1002013446243024
1.127588581619086
1.1542566417716331
1.174561751055442
1.1858892609868632
1.1859956397150566
1.1737098534076469
1.1493005807967265
1.1142272346582631
1.070480193279584
1.0203664334409526
0.9670967026249708
0.9149295797158074
0.8684028462067837
0.8314681594824578
0.8069846962525775
0.7965579883063083
0.8005595502864334
0.8181543831871522
0.8471851645141211
0.9089064681645677
0.9545167607547748
0.9814027377536887
0.9627848102015278
0.9044047701260713
0.916614084345384
0.6743836363086047
0.7537867087270268
0.9123796470829673
1.0876340654104204
1.1784439806015712
1.2075615310559509
1.2202326621733537
1.217636620804841
1.20284648520858
1.1798203396926803
1.1523343723553754
1.123300679588196
1.0946317450704168
1.0675269698463818
1.0428927959854948
1.0216075753596225
1.004509814659416
0.9922441541108663
0.9852536170846616
0.9840811637895042
0.98966966180166
1.0030600016228317
1.02468116226445
1.0507483853820876
1.0783497995454405
1.1077677306035338
1.1376804715870952
1.1697768814647955
1.203017304044733
1.2385837605062695
1.2735263793615483
1.3003770452134762
1.3151128763641113
1.3141324887598722
1.2955868006187332
1.2599468288762412
1.2094591397896322
1.1470707380079346
1.0762313196475102
1.0016005263822645
0.9289034098783016
0.8637968747887956
0.8108145792884479
0.7728905969343864
0.7513837150140606
0.7463024278183926
0.7564059259166501
0.7787167410318768
0.822028771721854
0.8601744365421466
0.892219954825173
0.8924260280506272
0.8534598920793205
0.8928406574089262
0.6537259967674094
0.7459049941533127
0.90859275063043
1.0816124139553898
1.1717651104089672
1.2021020279970978
1.2171900373443831
1.2179482080726582
1.2071282720333112
1.1884790242948355
1.1657363414012814
1.1418695288804719
1.1187993545052066
1.0975491454037882
1.0786342721265867
1.0624604568073115
1.0495670680340283
1.0406925504659685
1.0367855418283418
1.0390753251940632
1.0490438396292334
1.068016446106527
1.0965700421023687
1.1300889294041219
1.1652595178152185
1.2026958494305078
1.2408767980043232
1.2820937799795045
1.3251292744643752
1.3715513552239984
1.4172828349778932
1.4520129769010792
1.4701242955206957
1.4669493364645998
1.440463852121285
1.3918247619174815
1.3241728017807042
1.2409817453119625
1.146642174307864
1.0477622203593784
0.9522039585150684
0.8670970434262224
0.7975142117329301
0.7461572161639292
0.7137065364912552
0.6992931124320296
0.7005433378122959
0.7124621850355997
0.7349531709715769
0.7682674333652642
0.8067908032699534
0.8271190972068205
0.8150883993422696
0.8799698473125803
0.6477478908427556
0.7553613639341566
0.9225187156552032
1.0929519061354327
1.1824247014618263
1.2143181984758806
1.2324432388220292
1.2373668195799816
1.2313416846467862
1.2176982872167834
1.199951503912794
1.1810203894606082
1.1628313881930608
1.1463565364207253
1.1319692497202745
1.1199171274044717
1.1107011721379099
1.105220969798185
1.1047016307076807
1.1105692008841925
1.1243929608511984
1.1477460456244177
1.1817826456868286
1.2217591395505543
1.264217658473889
1.310129021673309
1.3577328307152707
1.4099343387371805
1.4651371527626194
1.5250276493163086
1.5835577418257731
1.6266261361593435
1.64692696565243
1.6391428384386129
1.6018860084587991
1.5380814574907726
1.4522381260694686
1.3471094742106595
1.2273857144833746
1.102339324825745
0.9826648677040829
0.877189378102465
0.7913710804337953
0.7273414204072572
0.6847017431005588
0.6612215468545268
0.6527112908020343
0.6522715687479013
0.6568580863629632
0.6860986964479678
0.7311424533600372
0.7702521472808511
0.7910334977493696
0.8781829224681252
0.660393062912513
0.7816923205614469
0.9512903866543887
1.1170153155058529
1.2055767493987684
1.2396244103915555
1.2618796539650043
1.2723997652104508
1.2726822905287862
1.2653488930441563
1.2534434535711718
1.2396836479029003
1.2259849313852307
1.2134022782836962
1.2024422529552763
1.1935485838153823
1.1874854833098398
1.1853999302157001
1.1885806729236144
1.1982057032124385
1.2154114915036514
1.2417096396876952
1.279190535802135
1.3240620362416695
1.3731440586086177
1.4276717061925956
1.4854496018084624
1.5498140035445815
1.6184826061326487
1.6929438327659447
1.764653658282722
1.815375666169513
1.8361422899697109
1.8211516833973962
1.769984822727123
1.6887507774571775
1.5857583763162182
1.4591179540297656
1.3130494440786928
1.161055065855297
1.0172766875669594
0.8922198376431303
0.7914514972057353
0.7162167892829058
0.6647274891358245
0.632926142100817
0.6141852953637953
0.6014628248548213
0.5923501533173111
0.618599423785689
0.6693312808650043
0.7238494804730639
0.7815356959722671
0.8899438603778297
0.7011471101249357
0.8325842350488516
0.9988282926847719
1.1534689911673406
1.2398308688952717
1.2771330776640066
1.3058841988749303
1.3253125596997402
1.335639779357453
1.3381957064144636
1.33505907443991
1.3284477092242892
1.3202111950458264
1.3116760524785451
1.3038650654293178
1.2978765680710858
1.2950917476427666
1.2970061468000154
1.3048168109345406
1.3191532571210385
1.3403071423776736
1.369127895476103
1.4084216985572493
1.4567155119972905
1.511998445779501
1.575520489478099
1.6441987949035595
1.7214781571665085
1.8040709506382444
1.8930112484538155
1.9770481309579078
2.034004153558034
2.053508884605741
2.0292781531759903
1.9610476736029785
1.85477141880057
1.7430622860007317
1.5895988015356621
1.4112198637624123
1.2280307321493105
1.0578018883407059
0.9123303400469608
0.7967841612288389
0.7111228628709757
0.6518299525746292
0.6119695258314177
0.5809840528668893
0.5562398472276046
0.5368521820532364
0.5614918323040471
0.617397770350935
0.6840536317222357
0.7872773412120664
0.9421245480189625
0.8308141871401666
0.9627646911623301
1.0985444129769228
1.213260379307126
1.2892862387721613
1.3322640845834954
1.3750657918149913
1.4151290256967077
1.449569800988236
1.476292945899654
1.4946022226579372
1.5051319587942042
1.5094256378240543
1.5095733314581967
1.5080593351913985
1.5076582079840926
1.5111285314974718
1.5206662294879987
1.5373847052842664
1.5612116577032287
1.5914721666102676
1.6281813140800472
1.6736956223775374
1.7265186419849263
1.7861681241777396
1.855002187578683
1.929596369500923
2.0130543637370244
2.100973367553466
2.193532065720383
2.2785297444642594
2.334842829299386
2.3555765932156736
2.3387294160357577
2.280228052017382
2.167496452277534
1.9972787814279278
1.783048114361496
1.548385288340871
1.3182731251728717
1.1121713571857137
0.9409478708115289
0.8075550270161781
0.7096197988610987
0.6417360272675154
0.5928647247889605
0.5475257421784069
0.5145202842891968
0.49068599083685716
0.5180380906642035
0.5800395828116184
0.6527343335602415
0.7418245277215686
1.0584009209044585
1.07746885971924
1.1756229568418741
1.2263504281897568
1.2574987265027866
1.3035336510944302
1.346808314291871
1.4041689274005176
1.4708818754489295
1.5385166567144906
1.5997700115050077
1.650720427134441
1.6904023346702057
1.7198587603173863
1.7413992172840191
1.758153503361424
1.7737647323253758
1.7919468261560945
1.8157937115877618
1.847076813915297
1.8859865211839442
1.9316516069123932
1.9833085599317388
2.0413386927224613
2.1000690755458784
2.1577179193592544
2.21666664653745
2.2741605534733447
2.332093593854242
2.3862615691424924
2.4357795466708345
2.4803797052598187
2.545412247782079
2.6017326236068286
2.600136553484838
2.5209439689406095
2.362878124585564
2.1413462641911014
1.8829130083980745
1.616801948195454
1.3673336015632331
1.149992592907548
0.971322824706911
0.8311435226085429
0.7252942758310273
0.6477197832267755
0.5916788953252714
0.5515735024239977
0.5253829044775166
0.5116684480552462
0.5515551187816748
0.6202202193903769
0.6839268088835995
0.743084143046725
1.1823556407808602
1.3084561149935499
1.344587178203566
1.3094474179443503
1.2753929731631173
1.2912090015555868
1.3262681894463522
1.3869697019486886
1.4562018565354178
1.5249098999041577
1.590663306568994
1.6526080778849974
1.7107256572796996
1.7653221675138202
1.8165600091036187
1.8644292371213531
1.9093191528515308
1.9526914961362596
1.997004981625652
2.0446483930403274
2.09665545625833
2.152248397789788
2.209581567516942
2.26704951544093
2.3182564212555543
2.3629893572440475
2.404412420666449
2.441682237911465
2.477391215559095
2.511749307912382
2.5503885409552907
2.594815257193835
2.6267522583671585
2.621915148645384
2.56083593391141
2.436414127825902
2.25571045143927
2.036721085764288
1.8018828439933527
1.5716394846133697
1.3606008099225806
1.1767480345261465
1.022647259216736
0.8973583405777525
0.7981971242326755
0.7220665479861388
0.6662919759431233
0.6287826135528596
0.607628634087991
0.6043408104941974
0.6555587323619331
0.7284990757005303
0.7825501695371615
0.8146062168206589
1.208471625638392
1.4370478388356471
1.440044832033293
1.3684914026091373
1.3154835473436381
1.3202241285846228
1.3306936318815143
1.3453024954907347
1.365044271078426
1.3909468546233523
1.4240681139340319
1.4656289806172127
1.5168810563825053
1.5785741807677278
1.6501308644676105
1.7289019203062896
1.8101424298004285
1.8884231066733344
1.960351137488451
2.026105400982234
2.087138777885618
2.1427075265359554
2.189738401169962
2.2297413406750226
2.2701330491612346
2.3118454534967676
2.3546927410710503
2.3951768270504434
2.4331935473888673
2.463900166302727
2.4822790714791756
2.4763443073395695
2.436884275396259
2.3604529458845027
2.2479935932937565
2.105879422971456
1.944882102453406
1.77735302937848
1.6141629555471493
1.4628189053386158
1.3271571370926265
1.2081321238395644
1.1049511006283643
1.015989726674293
0.9395914776147564
0.8761698750057249
0.8283497782550371
0.7967436878854303
0.7797155803018503
0.7779842413815904
0.8157455084790134
0.8846180673846183
0.9353621527720338
0.9325264995866033
1.1000211461962743
1.1223362155623764
1.1976317784742152
1.257461427150862
1.286871439587656
1.3038452802942375
1.3199053864434893
1.3455781083755127
1.3849835358795108
1.4424006991285379
1.522088846143309
1.6280050225253855
1.763317590822812
1.9295760582645398
2.1254470706375153
2.345105821564634
2.5763300039231822
2.7908625304619856
2.9338348588844356
3.016124685197788
3.045266160379866
3.0264800124921614
2.9677966032852314
2.8793138569791967
2.7833835250128893
2.6919701814686796
2.604066656961205
2.523551132072114
2.446378944264419
2.3762636983778527
2.3125209549283103
2.2618996868723458
2.231612717383619
2.217571722130191
2.2122534688624924
2.2051518843119617
2.184471367246884
2.1401506471458327
2.0673989550275524
1.9692205149211228
1.856703435602445
1.7454644758872981
1.64361593616036
1.5460318730430003
1.44815403387281
1.3513855247302387
1.260156361016868
1.1787875412743456
1.1095503715547175
1.0108447478223068
1.0117478926732704
1.1756272901446114
1.559494187574767
2.213587299726437
0.9384578118986372
0.9633428884352838
1.0062608667525903
1.0295892446706756
1.0271775672793837
1.0290138599832854
1.0413726101296639
1.0680755345844262
1.1142133785363373
1.184743631467851
1.2843163557330786
1.4169363116882985
1.5852417984747773
1.7892149104458017
2.024368682447505
2.279981478675379
2.5386277456075232
2.7783751670228134
2.9775689446971985
3.119957798062098
3.1978022405337274
3.212371871886781
3.1724287706298733
3.091556447200453
2.996531007605598
2.9034899929487965
2.8131321905532456
2.729987412888574
2.649858451719099
2.576129552856787
2.5069204561316845
2.447188333463757
2.403119222202663
2.369480862803815
2.338462165329978
2.3005594166955254
2.2464191794887864
2.1694465136984085
2.068291622474834
1.9478945064024205
1.8179504203262464
1.6885251531855359
1.5651826949623195
1.4486803056847717
1.3388195779682606
1.236807671112507
1.1449267446016778
1.0654194983211882
0.9999384585005868
0.9221682389142046
0.9239981620681331
1.0578523971840168
1.3247772765092338
1.7432308873758544
0.825487493875342
0.8386577620325053
0.8579276521068497
0.8801749509659293
0.892583026050771
0.9023078620815095
0.9172370450438746
0.9453241718356085
0.9911374063732576
1.058591946397418
1.1510260637007055
1.2713654011782343
1.421820778956135
1.6026411605855104
1.8102728321037578
2.035810329145088
2.2646429441841676
2.4779887915292
2.6563715597980324
2.7840884594811586
2.852977828181677
2.8639693277943303
2.8259605203681746
2.7527848691852013
2.669453218212223
2.5900446856795205
2.5148486666053773
2.4473019329655132
2.3836879010504215
2.326367198923964
2.2733145447243093
2.227198261331419
2.1911186031489076
2.159742299231207
2.1264615728742227
2.0842682899864204
2.027059603606777
1.9511433989747533
1.8563798961293463
1.7463195542207899
1.627078580619423
1.5054105508954594
1.386992728952837
1.2757631046903428
1.1742433123665157
1.084118705486483
1.0065546429648347
0.9422590847953197
0.891516731680816
0.833488809069484
0.8257762056074162
0.8942306168667874
1.0283359209920215
1.2904093515032866
0.7618178167747041
0.762834051539183
0.7549629265421984
0.7753530282999376
0.8020767425839935
0.8248906155531474
0.8446675694544878
0.8747554994588447
0.9194271378058235
0.9824853200426747
1.0668328921917896
1.1740472514487255
1.3039601098579339
1.4543215465290715
1.6203580313451857
1.7939917603141262
1.9634463139649911
2.1144198936271303
2.232968616852898
2.30901977302993
2.3389750405084455
2.326315389990247
2.2801444692014443
2.212500512660864
2.143344923399592
2.0816888449242854
2.0263145986491784
1.9789320554093603
1.9364271385031804
1.9000410919199395
1.8680997912608002
1.841496576433968
1.8205246860037856
1.8004829575635883
1.776260193639547
1.7429516028812857
1.6966391471514473
1.63519825141243
1.5588679299984607
1.4703167779009967
1.374096730292435
1.2756329537458022
1.180100061337879
1.091562891696731
1.012610196124139
0.9444694432539779
0.8873917408380365
0.8410545264021649
0.8048395839390413
0.7621130477513042
0.7444317149043231
0.7616663999069323
0.8080555542668542
0.9681630480455402
0.7563448323818335
0.7344260287134278
0.724712710829685
0.7493345573358452
0.7909691439607649
0.8255610594562978
0.8497010776288778
0.8817409829440852
0.9255347761069058
0.9843667870003304
1.0602135328237394
1.1531967346274437
1.2612370264265154
1.3800523084526617
1.5038294828622834
1.6263915417334596
1.7404365740958014
1.836298358446189
1.904524506565554
1.9394323047915234
1.9408859186218088
1.913863864332863
1.8665554275644352
1.8081955366045401
1.7533704983116727
1.7071547259595865
1.6676209382487805
1.6354864477412288
1.6084016357595372
1.5870985503843063
1.5705956924973326
1.5591600934878536
1.551469109059963
1.5433066978125891
1.5303140727039757
1.5085635610419608
1.4751726572371862
1.4288193621154464
1.3700203831575277
1.30107674939598
1.2256706724490418
1.1481921128098485
1.0729456747352024
1.0034229312007747
0.9418427107886388
0.8891188174554531
0.8452079496408803
0.8095654891721135
0.7814671384158914
0.7469863407448062
0.7270075642734043
0.727749659070511
0.745942872869307
0.8516822164418396
0.7761710793933011
0.739574527674707
0.7302268965489126
0.7589598877551264
0.8099819783077342
0.8519113187555291
0.8789199323735015
0.9123166288566613
0.9554559724656048
1.010963684346935
1.079857695646499
1.1610621754809411
1.2513721754056994
1.3459178542525405
1.4392099382030734
1.5279922629219906
1.6108071491942486
1.6779562933205814
1.7206802375565948
1.7352523128008872
1.7235076544717858
1.6915362526932798
1.6469761952433946
1.5968320597861636
1.5518880724178905
1.5151827163531237
1.4847695038868878
1.4610663316715846
1.4423593378211226
1.4293066960707825
1.4215517719623632
1.4192685448816258
1.4201781296163505
1.4201250041451925
1.4149661332750454
1.4011793213393093
1.3763701837005091
1.339603636563188
1.291513554972033
1.2341795159405344
1.170790290375546
1.105136054894569
1.0409899013593635
0.9814781534254107
0.9286260114917185
0.88328664177255
0.8454412404983515
0.8146101263952528
0.7901517899483437
0.7596427418417177
0.7404352638620865
0.7378974545836045
0.7496447132018756
0.8242615726499443
0.8095100651140429
0.7599995031623672
0.7498485133542809
0.7823615703247777
0.8416798785665432
0.8900924262659264
0.9195934419726866
0.9540163005841155
0.9961812478591096
1.0480718248474825
1.1098817142406088
1.179651779401645
1.2535798503486715
1.3269785005286565
1.395876781339089
1.4597464450502058
1.5187020281173034
1.5637720954185101
1.586708202450802
1.5850336068870001
1.5619172274237199
1.5247751424505949
1.4821145716647601
1.4390615948780687
1.4023203412506011
1.3731855791703618
1.3498358465562383
1.332567520162812
1.3202476109454495
1.3135918271118563
1.3128968624150807
1.3184078744772345
1.3269048539041421
1.334085025681615
1.3359380081479189
1.3292844355984128
1.3121093910876542
1.2837323525064388
1.2448088691647587
1.1971878559581708
1.1436478675353297
1.0875133737488225
1.0321493281633363
0.9803978457883338
0.9341518908078253
0.8942736787201514
0.8608357617500723
0.8334688700428509
0.8116401307839869
0.7841818273991866
0.7665499731444777
0.7631410594697844
0.7727218265822173
0.8176012569966704
0.8581919368530321
0.7951452414199963
0.7832652761903659
0.8198352838076484
0.888131125559903
0.9432266930072781
0.9750196402781968
1.0099864498141295
1.0504340323479633
1.0978059916155538
1.1517032416596473
1.2097200912905204
1.2681721697619337
1.3235587453460265
1.3742008553312068
1.4200936377725375
1.4587199750369062
1.4834201060588983
1.4883613497033759
1.4723364115626543
1.439190592201315
1.3962958461100985
1.3520082176600081
1.311835161293446
1.2804146487329295
1.256904029408916
1.239114719399583
1.2270806826016283
1.220075983553135
1.218844504258963
1.2242669813929958
1.236734427765499
1.2521387615431843
1.266016700004088
1.2745565609134992
1.2749203629307986
1.265382807139853
1.2453824254755637
1.2154733995618485
1.1772133061522871
1.1329912635070116
1.085744414737136
1.038514658604321
0.9939179104856787
0.9537466896878596
0.9188835524297485
0.8894872819299827
0.865289457877222
0.8458637315436777
0.821273396221684
0.8057441317498442
0.8019811088225244
0.8088291940711458
0.8226251397512427
0.9200953328016717
0.8433692330614585
0.8295772906502903
0.8710120961177887
0.9495948870830125
1.0115294538656598
1.0450876357539847
1.0796594467682414
1.1172091319498303
1.1588983577507064
1.2040855567233688
1.2503711677306177
1.2946401225225839
1.3345991667587767
1.3696234243437273
1.3992845439076549
1.4205289853104082
1.428034542549071
1.417822149627224
1.3899960280067327
1.3489680158704522
1.3018031061009923
1.2557710079726596
1.2158815962417826
1.1867939368380023
1.1666662500516862
1.1527514629263622
1.1446796716045857
1.1419057312774823
1.1450838728360853
1.1553542906259675
1.1730039618332366
1.1935901066135095
1.212920568937812
1.2274095572066845
1.2344372639949064
1.2323970506218793
1.220665388678146
1.1995516516376532
1.1702640106934643
1.1348471840008885
1.095964367464932
1.056447357503718
1.0187489616599337
0.9845639423377454
0.9547537735884173
0.9295094129928922
0.9086194941853846
0.8917343123564218
0.8702104663193757
0.8570482440154846
0.852527920541158
0.8516968862112672
0.8376722404423004
0.9905421165380006
0.901279820333769
0.8868755370833566
0.9346740200403629
1.0253485764606094
1.0941264567061293
1.1285347905492131
1.16126561123866
1.1942650481716195
1.2287660409440342
1.264213043931796
1.2984817012353116
1.3290879078707074
1.3545627611548665
1.374705892788163
1.3889221539604282
1.3943964999441305
1.3869646053476872
1.3640100603338836
1.3265510657844555
1.2792355661263364
1.228708323832384
1.181420890807837
1.1417976474349718
1.1142243542162018
1.0963630670934434
1.0851683438927957
1.0799576149537233
1.0802580817558625
1.086592985855351
1.1002326416451274
1.1214202026435698
1.1456912637768937
1.169320292975415
1.189013026996211
1.202289707266134
1.2075242273257385
1.2038858048509846
1.1913349592154727
1.1707105697340114
1.1437831140711199
1.113049982549716
1.0812103499985952
1.0505730487303624
1.0227065320526603
0.998401488179809
0.9778355510487361
0.9608198400080257
0.9470459987856366
0.9294656700938533
0.9189338203082414
0.9130004000875137
0.9028293711260533
0.862602066337701
1.0630827990100251
0.9633916738762326
0.9522337874698109
1.0082608450930255
1.1129624288743245
1.188404556669962
1.2224143842012254
1.2514429830555973
1.2778839090275815
1.3034081582079184
1.3277560223261378
1.349158607632088
1.3656762254156547
1.3764341416409824
1.3816001219713434
1.3808115369196237
1.3718404004616265
1.3515278415683925
1.3182068475392572
1.2733745908282368
1.2215740720045056
1.1688943219945758
1.121072886357574
1.08202910861045
1.055787007929172
1.03965726046134
1.0304338345995687
1.027219564848709
1.0295749060630395
1.0379148318892357
1.0536029782683807
1.0769500218748291
1.1036507748468665
1.1304665269416603
1.1544598144531755
1.1733022744391657
1.1853019935133058
1.1893617876177414
1.1850600758117595
1.1728788153927208
1.1543568289051
1.1318574350173514
1.107947449647373
1.0847712253203508
1.0637452713092879
1.0455716296444058
1.0304105961462757
1.0180947486842546
1.008333329663009
0.9962651596903827
0.9890774368165048
0.981406940445821
0.9622685491316516
0.8976630105948142
1.1316048325399943
1.0242699792778491
1.0214750225073668
1.087496368800028
1.2077888319527625
1.2896289493883748
1.3219151998237098
1.3452821396090824
1.3631473785143513
1.3779120458415188
1.38967070452934
1.3969997750112593
1.3984713641304536
1.3938228371651527
1.3837999352221062
1.3686126292472216
1.346738977582144
1.3157880509941011
1.2746318464553394
1.2248463739338196
1.1705841124319882
1.117259867651786
1.0699230662027281
1.0320294631334748
1.0072239235195886
0.9925966354261434
0.9848867611665045
0.9830649613482979
0.9867196764535806
0.9961918968792645
1.012904262273236
1.0372665133196872
1.0652352588671339
1.0940446985195333
1.1211557378066201
1.1444557118045866
1.1622423664623591
1.173199142418394
1.1765628075839383
1.1724808332245547
1.1622491637850925
1.1480560224447647
1.1322905911372174
1.116901965546999
1.103143016002533
1.091638161385151
1.082562755333871
1.0758035405412816
1.0710804947408523
1.0665177414730787
1.0641635704781207
1.0549364774667525
1.028371405203241
0.9424870853404886
1.1924605150961043
1.0820081758012627
1.0888040039958233
1.1663628108947013
1.302874248566246
1.390745603479347
1.420390615332194
1.4366478228210116
1.444518017420149
1.4472554118492456
1.4452608033529377
1.4374772479346445
1.423084814405313
1.4026155273949368
1.3776689376668259
1.3492367929938311
1.3164253398862646
1.2772830873248076
1.230843937743062
1.1784674026563544
1.1237418323684873
1.0713493072220166
1.0256641608839092
0.9896911268487856
0.9666605794442098
0.9535555675731726
0.9471594904199402
0.9463787465581839
0.9508412243865203
0.9608372473869292
0.9778029305538887
1.0022158903298357
1.0303373409784296
1.0598489575531724
1.0886433788539895
1.1149115670334702
1.1370551076014075
1.1536509375410056
1.1636760071656371
1.166967549318517
1.1645463547233692
1.158372009611509
1.1506151450457844
1.1430076785926127
1.1366326735505665
1.1320533659386944
1.1295054614088889
1.128984131380375
1.1302332706229221
1.135247098510315
1.1399243718941368
1.1297611779707926
1.0979178802835872
0.9954783484140544
1.2440744494403502
1.1308905765273274
1.14709607184181
1.2376308566290173
1.3896235824052012
1.4822944241142213
1.5092041830674743
1.5183680682826355
1.516259307558858
1.5068484377404017
1.4908626551276167
1.467767359587002
1.4375364098582526
1.4017001110434621
1.362934127135179
1.3230807253881565
1.281633067269955
1.2367134946733203
1.1872563496196993
1.1342820603148251
1.0807836146819891
1.0307244196723928
0.987824913391307
0.9546344835793352
0.9338957218441307
0.9225518756650952
0.9175100981479234
0.9176573963523312
0.9226784108469107
0.9328158717583742
0.9494544591256279
0.9730509657234176
1.0001795136279172
1.0289652961103066
1.0577915471385704
1.0852593749998791
1.1100001001144328
1.1305996154126303
1.1458490427388217
1.1552913996894074
1.1596519834973311
1.1606471853190607
1.1602341554160778
1.1599337075260914
1.1606529565358974
1.162890153495321
1.1669669040305723
1.1730394692680255
1.1809052437741108
1.197233608769637
1.2114057769534827
1.2012594607328788
1.1664508938131701
1.0535148709724866
1.2844830538110148
1.163571862041121
1.1892046744194202
1.2940242691384383
1.4594573779400926
1.5539531854874717
1.578411846068236
1.5825011035197034
1.5724299794453338
1.5523982741504312
1.5237017944499152
1.4866035675305427
1.4420041572521658
1.392476036691871
1.3418922550319736
1.2929661616791117
1.245233124966689
1.1965783052094605
1.145790199117965
1.0936268152612407
1.0425699440735055
0.9959203531040688
0.9567672118174656
0.9271962924782647
0.9093721340293348
0.9002121729544474
0.8967862389566983
0.8979661704494191
0.9035042006521968
0.9135723461024506
0.9294120147175102
0.9513243106792474
0.9762195991711533
1.0027293097667698
1.0298317604159763
1.0566439671537908
1.0821165821285
1.1049092112367525
1.123654750649269
1.1375958362865592
1.1471646854195774
1.1538873884192595
1.1595915360530824
1.1656448911739268
1.1727779184711276
1.1813808537020778
1.1918298100279867
1.204457235988254
1.2191422810898997
1.2477415722537861
1.2734679044798625
1.2644423005863201
1.2287191540334252
1.1119046529529977
1.3103049612580742
1.1742323525849059
1.209814880551406
1.329782681541315
1.5058655915771453
1.5991513042197458
1.621365067384065
1.6225632898752727
1.6073872207127173
1.5796137779846067
1.5411811819314127
1.4932908156901155
1.4376631252347873
1.3775307033177118
1.3178550414225025
1.262428571565097
1.2104356947594057
1.1594293793552455
1.108316872764481
1.0578029715435155
1.009959228051043
0.9674577146906388
0.9327566102149839
0.9074737056393636
0.8931518961970115
0.8867028895939449
0.8853541472227853
0.88787784829391
0.8940568062563015
0.9039280019632276
0.9184672641182516
0.937692928300148
0.9590058377645386
0.9817165709456509
1.0055100937314936
1.0300544907372904
1.0546172750334066
1.07791729446424
1.0983989442991746
1.1149641397414245
1.1277667184907854
1.1382726244569494
1.1483684301648105
1.1594044832477564
1.1719583444903732
1.1862292033769777
1.2025259723671355
1.2212858627013483
1.2424661931140684
1.2831402323948413
1.3214068958220366
1.3144721653592613
1.2792209652382884
1.164672831200759
1.318018494857298
1.1605715727973835
1.2069223631548873
1.3420080785294388
1.5257278110121397
1.6163252290598333
1.6366266416884678
1.6359970405634943
1.6178027749008752
1.5853132690532223
1.5409660290299891
1.486819377499984
1.4251925920659394
1.3591910511244054
1.2937214983557577
1.234218806110917
1.1792008571974306
1.1264948677708957
1.0756112968511147
1.0273059359088914
0.9832270407545595
0.9453792023018198
0.915542231089811
0.8948271513907252
0.8841845167815557
0.8807119209153181
0.8819745714908606
0.8864813208749723
0.8936318556623836
0.9030297263321239
0.9153861197685756
0.9306685638189857
0.9472184208835511
0.9651343065503347
0.9847211299050093
1.0060614421397776
1.0286380600001883
1.0511762563057803
1.0718834101825148
1.0892357990432517
1.1030899447322466
1.115056427866812
1.1274020605513904
1.1416865203003428
1.1584038765201454
1.177471865750816
1.1989153133860126
1.2230650591987542
1.249887247269274
1.3011530529070483
1.3515250811873458
1.3473124031878965
1.312994246404903
1.2053167894710761
1.3058547217449836
1.124483587892982
1.1821426487278426
1.3311064553089231
1.5195282395941472
1.6071258887745663
1.6259470288671651
1.624126892465281
1.6043121856610192
1.5695439756163918
1.5226942406383155
1.4665274278755827
1.4038936262694852
1.3378040810307688
1.271313207619316
1.208901392558834
1.1510131502915235
1.0971373233219117
1.047225692635615
1.0018725348873734
0.9621805585267773
0.9294094417345404
0.904558828105333
0.8880270184695919
0.879976260169702
0.8776826306129263
0.8792900630666849
0.884051700952236
0.8919272905833826
0.9017350749461956
0.9127804960192257
0.9249132377795019
0.9375031036484189
0.951320427280689
0.9671168934776221
0.9852720117173039
1.0054555211918135
1.026453384505802
1.046279389245844
1.0628362335345705
1.0754851776023413
1.0862779084191116
1.0983896621419214
1.1138515975711907
1.1331518383202928
1.1558925158822122
1.1815956195958406
1.210146773368116
1.2413516282820292
1.300712498220389
1.3615595083444725
1.3605107969672265
1.326670424952865
1.2280295188434238
1.2749105969259928
1.0711948946519283
1.139739716766381
1.300084014732689
1.4905935313680498
1.5756787684193914
1.5936718746122776
1.5914215215849468
1.5712150487401415
1.5360820396415378
1.489248044777695
1.43391186032466
1.373137589859326
1.309669841727636
1.2452672976768813
1.181811772772559
1.1229255595946448
1.0696828921883912
1.022293558459673
0.9810975691000133
0.9466271930214606
0.9193741169648951
0.8993990469669781
0.8858841556637492
0.8779693531379135
0.8739236667886204
0.8731460040375192
0.8756563713863912
0.8816822304998517
0.8909780593062854
0.9032357909191941
0.9164953281768837
0.9286123643785621
0.9406895298509349
0.9540682917573529
0.9695512298129938
0.9871349969903346
1.0058998678815227
1.023953023550434
1.038464964332027
1.047529593495188
1.054259157627563
1.063583414320932
1.0779697474925067
1.0978541044552454
1.1226090771806403
1.1512533601729051
1.1829819100114491
1.217165382376073
1.2817818122586384
1.3509765485456882
1.3538793270646177
1.3194068112989163
1.2290864233914107
1.2290414441848514
1.0074714020388582
1.085024142269956
1.2531546094860828
1.4436903967702495
1.5275290737973186
1.5456955906617122
1.544076050698802
1.5247674601970658
1.490861767367306
1.445796124616832
1.392873948720187
1.3349142601812893
1.273955667448101
1.211462777028023
1.1501896622783963
1.0936527437969474
1.0436392825104723
1.0006996144735787
0.9650084985732333
0.9366254030897732
0.9153225177004369
0.8999179110850709
0.8878245176067708
0.879153666795244
0.874373040470096
0.8731071644095303
0.8751679195245026
0.8806063136890288
0.8892389252567184
0.9011187170441876
0.9147097709740953
0.9271386465568585
0.9386145219175341
0.9502667112420456
0.963032892611765
0.9772024461556641
0.992322794005871
1.007079453177101
1.0182010075139807
1.0209753486994904
1.0212942290073563
1.025909708997988
1.0370385059871587
1.0550898405718798
1.0794851686795874
1.1090406503073027
1.1423610326363505
1.1781599764612627
1.2455280006790799
1.3211130224283858
1.3296248874832397
1.293045361866524
1.2078489562037111
1.1738145783558667
0.9398824921078935
1.023035542199748
1.1945764192578197
1.3838530251267815
1.4683973110769761
1.4880324908776652
1.4883321506930773
1.4712434424458851
1.4398987991533052
1.397805081734701
1.348155131089135
1.293396422498048
1.2352640852617833
1.1757510035234662
1.1181738526043152
1.0659048475617277
1.0208382552246251
0.9835958047500776
0.954171212412873
0.9322548537379507
0.9170170774386148
0.9054612457789235
0.8941218570553823
0.8865880134846791
0.8833579727684315
0.8836430894560565
0.8870051004246504
0.8934732019044004
0.9027923553412758
0.9151183257032386
0.9290750035111782
0.941635127732499
0.9524332209637525
0.9620781006055494
0.9712968750722921
0.9804724412887157
0.9895253297615696
0.9977037956319893
1.0017730938966913
0.996782267972815
0.9904829877652672
0.9890369158278993
0.9946512712907292
1.0081370381521813
1.0293357649430281
1.0572517359127012
1.0902435316487877
1.1263804820160728
1.1946918235478277
1.274995047481266
1.2913623305048159
1.2511159366601816
1.166930191616464
1.1151597267401356
0.8737899802371552
0.9581368677931104
1.128725243951976
1.3165112406713566
1.4038808213921246
1.4262591841035466
1.4297092787988108
1.4160000543875633
1.3882465797339292
1.34995171229213
1.3041912515765095
1.2532443264212183
1.1989457348407746
1.1437120766537083
1.090953717359176
1.0438797437120677
1.0043706757091169
0.9730109264544897
0.9495910664442607
0.9334434764801744
0.9231004489255775
0.9143960376915582
0.9063234806177246
0.9028083972404166
0.9033829497693641
0.9072100743549631
0.9136678946254382
0.9229223592884517
0.934580732359016
0.9488654373918889
0.9642751699990189
0.9774710177933142
0.9876635915515003
0.9949019065133932
0.9995429118560563
1.001929817779376
1.0022324954433053
1.000001026189138
0.9929191657930232
0.9797603365436479
0.9659395609146207
0.9564190094618223
0.9539682613521795
0.9601011028968834
0.975304135727666
0.9990464494141525
1.0297993387085522
1.065214717680112
1.133562234089955
1.2165051128092719
1.240973152865738
1.1971472193994326
1.1114893454440218
1.0582860822260718
0.8131371186992066
0.8947116196027876
1.0618009896437233
1.2487359096339345
1.340235529755745
1.366144522912792
1.373551702715654
1.3639930301020737
1.340506805591025
1.3065926640675978
1.2653352889969827
1.219078514157934
1.169829375454974
1.1200678963052173
1.0729521703384972
1.0314427253826288
0.9973766748223714
0.9713151887676218
0.9528824792809717
0.9410548820293315
0.9339574257531938
0.9290994793446516
0.9272335270195027
0.9299450412262316
0.9361700257081649
0.9452885090630917
0.956503658842051
0.970249615256524
0.9859533953104919
1.0039546526831065
1.0224509252757303
1.0374697760984086
1.047708422251813
1.0525336587980507
1.0518188754994533
1.0458468601557516
1.0351388279127
1.0199330726869245
0.9997416994394488
0.9754456710925876
0.9509362584914454
0.9304463014219718
0.9172181830655831
0.913451507133464
0.9202868150563834
0.9377444947108374
0.9646551049189029
0.9986199442638624
1.067245734495131
1.1483761105853003
1.1762026175064113
1.1336950864175899
1.0480414175869983
1.0071221680969176
0.7607327644850927
0.8384070017024448
1.0024692123496073
1.1890151135851914
1.2845921399038518
1.3141170949282641
1.3257036104435254
1.320605231352225
1.3017259377803714
1.2725725264636858
1.2363373787861587
1.1955222683754445
1.1522170976358204
1.1087017071113756
1.0676718138706525
1.0317237285405643
1.0026151024708443
0.9809603770669237
0.9663968601683818
0.9578989776352032
0.9541213474986036
0.9544127235948212
0.9598206320275859
0.9699403397626661
0.9830484288305087
0.9987770048802184
1.0161183122639708
1.0358774363665886
1.057285592137656
1.080908204224793
1.104547018231422
1.1231839723068024
1.134735703236695
1.1376330228213432
1.1311310916219637
1.1155013610436906
1.0918522699176214
1.061506796996703
1.025633925983105
0.9862956493330246
0.9471654226968511
0.9124460211426589
0.885833323406299
0.8700675620544398
0.8667670581295179
0.876376992897007
0.898135511103172
0.9299887451661754
1.000536117026027
1.0695375776410834
1.0967023758585324
1.0631117322701706
0.983268230310382
0.9642351970930249
0.7186871051010917
0.795425114872401
0.9584312683183694
1.1446028329744569
1.2434428057301445
1.276250260757535
1.2918768068847248
1.2912671063528114
1.2771266661214875
1.2529339933877013
1.2219939871827776
1.1869543764006782
1.1499068536434138
1.1128281207091295
1.077874734833431
1.0471931390347609
1.0224155238826704
1.004303870939252
0.9927788331424394
0.9872682870431065
0.9873098302771001
0.9932715067148912
1.0061916689710657
1.024167338102414
1.044826877206664
1.0680585089950876
1.0926168010074215
1.1197744791402102
1.1485811351050736
1.179969210751684
1.211239678301785
1.2357539831465278
1.2502493463624977
1.2519205669458375
1.2392999196494632
1.2127495681976161
1.1741872000188103
1.1261635576249949
1.0712649943126573
1.0127479367878578
0.9550305382896729
0.9029420332996483
0.8607212076288598
0.8314477586934916
0.816894123289157
0.8175978628397077
0.8329646641439579
0.8613049843925991
0.9369627784481398
0.9788437183318135
1.007091903760676
0.9888707825231424
0.9231213463085247
0.9310411143395388
0.6887901558511409
0.7696013523932111
0.9335705721728835
1.1194362465582914
1.220817284920206
1.2566170110061625
1.2761900584052313
1.2801513663737196
1.2709220401757901
1.25185843173615
1.2263055944809875
1.197002567993001
1.1660100739805035
1.1350186190784317
1.1056915325157453
1.0797293985446597
1.0586219121438158
1.0433462977797965
1.0343009388903257
1.0315791213654006
1.0354954377532821
1.046968007059848
1.0670837507665099
1.0928349125152625
1.1213066633643718
1.1526753863081338
1.1854603909780463
1.2215106232462871
1.2597080034684376
1.3014517148635225
1.3432396765821513
1.3759724066578023
1.394791890818125
1.3955098458544573
1.3760262259689153
1.3370232207202817
1.28140916534866
1.2129113323655303
1.1354155906360823
1.0537465518366838
0.9738775412164408
0.901816751819495
0.8424167312438252
0.7988314277215149
0.7725606809947596
0.7637499939190407
0.771419005200471
0.7932909129834833
0.8433736448695105
0.8818984334441932
0.9145209660193114
0.9156117823274923
0.8722705127200029
0.9081121039104582
0.6727168855907393
0.7619088008529138
0.9283696847469687
1.1139598966279445
1.2175570238497642
1.2563778390929736
1.2801611920445721
1.2891425468280597
1.2853273296255239
1.271792253427139
1.2517885316199824
1.2280660971760111
1.2026511381371745
1.177035716984117
1.1525352339529262
1.1305252587375783
1.1124092885460737
1.099409289699254
1.092422976985144
1.0921404486708912
1.099407701957755
1.1155058724832563
1.1418031839243674
1.1746954217192151
1.210902778549671
1.2509265000453222
1.2930515020504851
1.3397927067054842
1.3897996763726048
1.4448850413435113
1.5001234653289437
1.5429074314943287
1.5664752662586137
1.5654037326125165
1.5374218429732838
1.484066359904215
1.4094434149560804
1.318085431622031
1.214913788670792
1.1068132912877178
1.002083619174498
0.9083541268348596
0.8310731387542489
0.7731415050669664
0.7353207974747303
0.716824488824691
0.715546433242187
0.7271920392098998
0.7530374233690328
0.7873520132763475
0.8263526158267785
0.8479861691495784
0.8338312814088581
0.8954524122152759
0.6719675269298866
0.7718416850413726
0.9411612556155178
1.125802079067085
1.2314900576704026
1.2737059673615574
1.3024336715282965
1.3174304376803345
1.3200894251138457
1.3129735692612177
1.2990366879071855
1.280918931096108
1.2606074208422222
1.2395182231325954
1.2188364913052137
1.1998427680579744
1.1840042686097578
1.1728081009011544
1.1675297987762967
1.1691926738763696
1.178841560118774
1.1979802513724394
1.2286082436595733
1.2673512176106578
1.310860271302897
1.3599371850839068
1.4125431303661775
1.47182985262294
1.5359999148142216
1.6070461202011543
1.6778704454168758
1.7314380679398051
1.7589133153830536
1.7539621109566093
1.7149180787993534
1.6452277012764864
1.5506738900996746
1.4354536204150512
1.3047403771285857
1.1681529795464138
1.037122641734837
0.9212126855549726
0.8263385793251622
0.7547920135643286
0.706163982504919
0.6782304737567634
0.6670577873111583
0.6661637493982975
0.672330578241529
0.702749769252865
0.7485946851986022
0.7894909060575006
0.8092525679996969
0.892690199081548
0.6875977588802757
0.798316316416585
0.9689985950921183
1.1505633413635865
1.2579921356738712
1.3041631996607765
1.3389536415878671
1.361503227596439
1.3723303963625502
1.3731651945118661
1.3663752152907283
1.3543066842472284
1.338874883081194
1.321551832273137
1.3036567328169264
1.2866823057505123
1.2723849344585723
1.2625615156046006
1.2587059565108276
1.2618592222606628
1.272874207784176
1.293158649725633
1.32558476954933
1.3682967703347921
1.4183539142772639
1.4766025210663642
1.5403692529858015
1.6132188190353165
1.6926247692100829
1.7804887139077021
1.8670746845418094
1.9305990381238607
1.9601640880116942
1.9487378417091794
1.895789370065787
1.8082717094649494
1.6953944580715081
1.5574769789467495
1.3987064415349335
1.2329843807060532
1.0756819706279248
0.9383717098726728
0.8271766694407285
0.7434416100470891
0.6852462486838327
0.6484820490168889
0.6269278990938701
0.6136988748688748
0.6055444450332133
0.6331579382146764
0.6851928875466825
0.7420261812308508
0.7980305626790594
0.901131070206517
0.726968755339312
0.848194516694733
1.0155606128773684
1.188330673809042
1.296444746285205
1.3477911694781979
1.3911948038995035
1.4248984075208317
1.4480230643803318
1.4608333309753025
1.4645358124290977
1.4608020399143784
1.4513619915570926
1.4379045283895118
1.422255813179359
1.406572154667267
1.3932596673644688
1.3845708370495717
1.3821342868593542
1.3867733524258632
1.3988355403775636
1.419171483750176
1.4511739520892124
1.49611701382528
1.5524402128837902
1.6203503685992655
1.6959496006675858
1.7829354090735678
1.8778046362238627
1.9821430635535802
2.0833696133531943
2.1551322774279393
2.1846863691449063
2.164265349655486
2.0938827822460793
1.9865052606497167
1.861641610190565
1.697752928639861
1.5053248884365722
1.306106972672573
1.1199805503080988
0.9602324628167788
0.8326649330483595
0.7371860832457872
0.6698851754752946
0.6239283397069963
0.5905958916594014
0.5661114920536544
0.547813020670729
0.5741152363728885
0.6318848366124353
0.7013655007238957
0.7926685598722747
0.9414008475455762
0.8437776718170666
0.9719081603315571
1.1132112106625167
1.2516527397237716
1.3535163439950677
1.412862561613299
1.472874195560811
1.5301212886761975
1.580575428480791
1.6207963529847995
1.64875588540165
1.664049812792387
1.6677223064744293
1.6620306635144504
1.6502420387210117
1.636299881626239
1.6242098468992967
1.6172629049769611
1.617454969361499
1.6254619875353804
1.6413469425007212
1.6659884164051197
1.7029697403172068
1.7525157932942768
1.8134584271046834
1.8871649140305697
1.9694371575239449
2.0636974974954527
2.1653191211732548
2.2750901599377698
2.379288566763007
2.4521113064118576
2.484164454350385
2.472990227697249
2.4181462948920585
2.3072220214442187
2.1326684396757503
1.9067256516547728
1.6548159526348394
1.4050408727879644
1.17973414056749
0.9915399032221859
0.8439457717876138
0.7340864078162367
0.6552225884733117
0.5974364566017006
0.5526430314316204
0.5212158816420032
0.49907108514472004
0.5285879859696092
0.5929078194035351
0.6684562164476476
0.7557690477531818
1.0382174955215475
1.0637887438318687
1.1688470448940003
1.2364430981647683
1.2994920234085001
1.3741150218104716
1.434170796378692
1.5084066177919098
1.5918488112843834
1.6756846139130304
1.7512356283837616
1.8126484416786803
1.8572661491484062
1.8851413747462706
1.898471823324729
1.9011020675185686
1.8979651768200443
1.8942953954662385
1.8946688176050712
1.9022308281944276
1.9185493233019377
1.9442884175166648
1.980398224073193
2.0289092007424134
2.085165785681005
2.145656746024736
2.211579415750879
2.2792853239425033
2.351146568529488
2.422890772149854
2.4954415942039208
2.567089157087313
2.641197247626393
2.706825308551059
2.7221933666296154
2.6580860966203046
2.507156214659308
2.282497418324342
2.0117236140051102
1.7273086457055788
1.4573690727347837
1.2204028784847414
1.0246398431763366
0.8703863167994762
0.7532171941994585
0.6666215899147058
0.6039458414287365
0.56023233267669
0.532897933889412
0.5196052635964157
0.5613479495219165
0.6316041085612847
0.6965034829103598
0.7573526186281365
1.1612142510781194
1.2796369412485156
1.328304181310345
1.3165806987097288
1.3143829282241537
1.3562472829644105
1.4058287661478692
1.476966104802837
1.5576203917203066
1.6380175989923902
1.7135055270032702
1.7814849747900345
1.8406232999905856
1.8904464556560472
1.9309883836955595
1.9627958978067275
1.987367306729321
2.0075360182990165
2.0271275210157107
2.049845962073207
2.078159454120324
2.113024535991386
2.1545677914821826
2.2029424384111427
2.2524147053340426
2.3004897235491906
2.3486713493783964
2.3947088608899616
2.4408117319618787
2.4859907293826558
2.5360691801343127
2.5960592358364494
2.651254106532867
2.674861848491705
2.641577357720285
2.538789660455463
2.369918971944041
2.152110996641794
1.909581098471197
1.6660372681693894
1.439466243487698
1.2404121052421169
1.0728985750239732
0.9364988925702298
0.8284564693021796
0.745411898245124
0.6844982666876994
0.6434389228228965
0.6200221456539298
0.6148408768997357
0.6658247050991275
0.7387726727847465
0.7917740323247325
0.8267994684544065
1.2057153046129356
1.4219536332926763
1.4344985085422646
1.3802765937722619
1.3448157776525456
1.3604940165039292
1.3772527479024628
1.3979050647850686
1.4228044196927216
1.4522570355759958
1.4865865682578527
1.5263300874407282
1.5721613915979373
1.6244287224414227
1.6824749256257825
1.7441754754511816
1.8062480488018007
1.8655718090339268
1.9207622335528625
1.9723713636726257
2.0211649472255107
2.0662162755851714
2.1047083046564006
2.1334745453806327
2.1663416961078568
2.2043575972878124
2.246269370722716
2.288550027794841
2.3317371242432037
2.372000729246326
2.4066962476956397
2.425461821256486
2.4155595746021348
2.369847877042888
2.2850353143764726
2.16404039222756
2.015879552645647
1.8530320337581914
1.6879026856629942
1.5301753807464098
1.3858424015240722
1.257618348637266
1.1459769589647384
1.0501123065230062
0.9685288123945376
0.9010440315224966
0.850170358560731
0.8161688159446578
0.7970841839925249
0.7921316030486402
0.8281381736452152
0.8951551998742718
0.9415250494135703
0.9380765207344197
1.109403311765353
1.141900110488849
1.228786772348769
1.2976913355794193
1.3304639162815486
1.3455261114512642
1.3587838242135335
1.3801950659064943
1.4136797148002584
1.4632984891612149
1.5330860768706993
1.626803677744968
1.7475229170674669
1.8968906943976886
2.073921202261935
2.2731956426708417
2.481821941138966
2.6717701579656885
2.807849606187502
2.8881831423091975
2.920459877801967
2.9112673313808815
2.8680959359535514
2.7993726245709047
2.7230977101239975
2.6493941169323403
2.5778691051495075
2.512008838847794
2.448828320227888
2.3917418560581205
2.3407230653852404
2.3018802443963335
2.280874407451888
2.2734704263026377
2.27189720323627
2.2654353675195575
2.242303545041771
2.192833758322221
2.113000692895042
2.006778478273578
1.8865385459142754
1.7708475093210987
1.6696633545506203
1.5737302604308696
1.4762304160473778
1.3785587086408069
1.2855535094943085
1.2019584251243913
1.130467541951591
1.0348161346150158
1.0286313788591364
1.1872330402661921
1.5627284410204016
2.201092609690002
0.9525789255163502
0.9868461778181202
1.0371240472328025
1.0671996208047019
1.0689707363643997
1.071912306288773
1.0842134621997064
1.1102588513860878
1.1549448633198434
1.2229182860503938
1.3183710702002753
1.4447185686474384
1.6039788324918076
1.7956866255399073
2.0153856299291535
2.253206122978546
2.493575076621278
2.717144356465062
2.904862347638822
3.042392937525433
3.12282827856959
3.147053291181188
3.1223543869109975
3.0601593290790303
2.9829970576216907
2.905479670938716
2.8289888344563545
2.7578143994048863
2.6886577721843645
2.624638238786753
2.5642690388092517
2.511899631110214
2.4727647952175578
2.441805528140921
2.411439291317976
2.372523872428365
2.316254284393238
2.236735781836167
2.133300248878138
2.0112453157580026
1.8799457680759515
1.748493046788763
1.6217528893348592
1.5007937246075453
1.386189437109647
1.2797612722405234
1.1841531073194718
1.101822939777268
1.0345704118865942
0.9553448910664832
0.9519220121189738
1.0793618021053246
1.3397318242491432
1.7532199411624643
0.8370384757085758
0.8571331103094691
0.8806747078901335
0.9075860811440608
0.9252766305130853
0.9410639630571469
0.9596817697471408
0.9912997380334242
1.0401853893893755
1.1098410316014509
1.2031288040804193
1.32266915145578
1.4705693455947626
1.6469591731180855
1.8481504583394361
2.0653672787815953
2.2846882327679015
2.4886708994730307
2.6595997836063336
2.7834510891975297
2.853102210204836
2.8695479921000437
2.840822449468956
2.779326579557349
2.7072782432872082
2.6376964797788784
2.571248375066032
2.5111755704089194
2.454266336651134
2.4026338786152883
2.354340199853321
2.311504293227545
2.2767167470844667
2.2448835924391584
2.2097704682155874
2.1648805579739157
2.1047152095798745
2.0261618040840688
1.9294521667235756
1.8181175421828537
1.6978130946345988
1.5745965302519165
1.4536198547850876
1.3387619107444628
1.2329050337988334
1.138250427757676
1.0564023112400986
0.9883281167202118
0.9343780475909346
0.871507433048559
0.8571661842729265
0.9192056757347765
1.0485798324802598
1.315868693747354
0.7697790570421121
0.7823622378029398
0.7693745521105002
0.7929080537991547
0.8270720204449546
0.8588533724278363
0.8843708712545284
0.9203923860002434
0.9709930455723561
1.039844386419736
1.1296899800766451
1.2418331722602463
1.3756814013887904
1.52851254660354
1.6952525502499907
1.867797417967177
2.034611027394571
2.181941102460236
2.2966897288926487
2.3697466069225355
2.39831651189123
2.3862994826498647
2.3427531488631335
2.27927221156105
2.214623656182609
2.1571400119952564
2.105598039036525
2.0615184105089583
2.0219306719714405
1.9878890656720756
1.95764103233393
1.931695585440494
1.9101218173133303
1.8883616439871505
1.861580746527231
1.8252694065547217
1.7759606913440613
1.7119384865768177
1.633698899526891
1.543931237603407
1.4469459328789402
1.3477270779132942
1.2509617754592874
1.1603708463250144
1.0784662470586621
1.006647716429331
0.945458371324008
0.8948512831746973
0.8543974183826966
0.8042659585875305
0.7768901251743117
0.786054741273148
0.826816818349768
0.9951942158120048
0.7625262612953446
0.7458521286642984
0.7348512404313847
0.7614796070626042
0.8108848975394484
0.8554113373490069
0.8860559030206399
0.9250045848860924
0.975969845351197
1.0421462348209827
1.1253400887500074
1.2253357989645548
1.3395407997064666
1.4630272841907241
1.5892827248431374
1.7121375881550436
1.8254367488036378
1.919960937345468
1.9863677491503413
2.0192667094310717
2.0188894513080635
1.9905339288283244
1.9426204774694449
1.8844776924031559
1.8304605921708292
1.7852734371243415
1.7468214187893516
1.7156695959501833
1.6894487998734906
1.6687935190787444
1.652656210637676
1.6411297179955544
1.6327732948675504
1.6233456555286871
1.6085600156646813
1.5846907820821576
1.5491475509053128
1.5009075257551603
1.4407139231941342
1.3709677636853972
1.2952930060280965
1.2178469845119317
1.142547539243702
1.0724451790627647
1.0094328021814587
0.9543332812408973
0.9072194495420478
0.8677553725999593
0.8354274388696937
0.7926937123796693
0.7609160879914516
0.7518692527611912
0.7627358920086974
0.8759567936545226
0.7816462826160525
0.7492978895657505
0.7386946417002049
0.7687381869315397
0.827273905642223
0.8793261607027774
0.9131263343911725
0.9538860651501649
1.0048196562196752
1.0684219009748994
1.145442412191663
1.2343158486254273
1.3311498633434633
1.4302916388976066
1.5253209566872068
1.610108183617093
1.6947139042766775
1.761958815634279
1.8038181145924594
1.8170038634956907
1.803635533664414
1.7698637310944072
1.7234381718822682
1.6717823572144115
1.6260442887293318
1.5890442683983856
1.558569201998937
1.5348788751575166
1.5161662077286953
1.5030474412446526
1.4951663504688106
1.492708186415159
1.4933024001498543
1.4925965827940704
1.486358470533626
1.4711658096334643
1.4448543815495962
1.4067503296058808
1.3577057747994112
1.2999392150244378
1.236673133120875
1.1715801802932855
1.1081205679430275
1.0489608276957605
0.9956986337377337
0.9489626498998341
0.9087321270350106
0.874663407587549
0.8463054870803148
0.8075629304067777
0.7756968098190168
0.7624229701207981
0.7660398818190268
0.8473324564595813
0.814583420062106
0.76893802414343
0.7574485867473699
0.7906723432938283
0.8571045735118961
0.9156559779763289
0.9521357113773847
0.9942699088439171
1.0447354224430825
1.1053514917856693
1.1759837127129977
1.2541231540258564
1.3352838966359635
1.4141824460290233
1.4865334798099386
1.551137545358019
1.6079958824052762
1.6505962191170744
1.6710563451436424
1.666953689279521
1.6416848397559578
1.6024063811511695
1.5568006010297988
1.5106029447706417
1.471816276942184
1.4415207506657162
1.4174223994856079
1.3995838695533398
1.3866919192699287
1.3794367283499551
1.3782202976790754
1.3836222155345976
1.3923128911371543
1.3994815095516093
1.4008906954596019
1.3934341859062336
1.3753144446151804
1.34609269016984
1.306630042321526
1.2589321291896804
1.2058723268730807
1.150742269141486
1.0966541958765992
1.0459925590970678
1.0001697621876906
0.9597350491093909
0.9246668154504875
0.8946682570735817
0.869372065444361
0.8340265854978534
0.8032938975748684
0.7882927666058864
0.7895447213179797
0.8402055729343292
0.8630969289866628
0.8039423964725115
0.7906508453139572
0.8273203778803714
0.9021964060433748
0.9673346626853758
1.006228689207681
1.0491838455430802
1.0983630148129084
1.1550244106471135
1.2184051887484444
1.2855200022228002
1.351997256733635
1.4136965107273367
1.468287826752748
1.5150458793769694
1.551720166801675
1.5729156930069317
1.5736829633733371
1.5533510652476215
1.516216551016535
1.469812201939394
1.4220239508231574
1.3782341059283614
1.3442627745585933
1.3192360443605002
1.300444642702233
1.2876417916378857
1.2798569264414912
1.2777532446185644
1.2823025571366045
1.2946556334486148
1.3106875758198187
1.3250150920994619
1.333565424428157
1.3336069266882882
1.3236254240969436
1.3032660216699203
1.273250774555378
1.2352847786140682
1.191889351754491
1.1460332055864406
1.1005544061899017
1.0576263332246159
1.0185422560585216
0.9838206506040849
0.9534636271472153
0.9272293057852852
0.9048365270011866
0.8729923300325512
0.8442535492781209
0.8279066465822246
0.8252896942745871
0.8452111954774812
0.9251350105194753
0.8526956385535424
0.8375675896689571
0.8784430456672684
0.9629511951855482
1.0346972628833426
1.0753725816842519
1.1180696565215713
1.1646083344338682
1.215951067934228
1.2710596982747069
1.326902415141743
1.3795905979356466
1.4260295404809704
1.4648169746577202
1.4950718282479818
1.514114801081467
1.5175191281569467
1.5021259064115988
1.4687149888295588
1.4222680406872639
1.3702170153101334
1.3199216229398107
1.276459008611609
1.244986922879117
1.2234541762289604
1.2086686966470326
1.2000145922097898
1.1967381605073508
1.1994205432746488
1.209209220898208
1.2266523583680544
1.2474276921763283
1.267008861985217
1.281596497321712
1.28860468748891
1.286559925459846
1.2749592681088495
1.254196681955666
1.2255787119492159
1.1912924581063569
1.1540816571830823
1.116620014376301
1.0809483862942162
1.0482735091326842
1.0190783728188806
0.9933689363786747
0.9709373459719887
0.9515690961030941
0.9236056107651568
0.897509575619763
0.8794222153157829
0.8686667792653978
0.8605369462349832
0.9961258227014852
0.9117703494987949
0.8964175805132986
0.9429407789595226
1.0387880294371425
1.1169471031268159
1.1583225365205472
1.1990953839734708
1.2410578985594345
1.285229829770386
1.3306229468688309
1.3744152192123762
1.4132632593953476
1.4448342353796544
1.4682339738965715
1.482633640054873
1.48561125091418
1.473729664274861
1.4451162984950991
1.4014910273611123
1.348131052529027
1.2921470551338314
1.2402510257145702
1.1970222930574124
1.1671707718065547
1.1480290696210844
1.1361207091221814
1.1305297958835268
1.1305955827045184
1.1367511141832214
1.150213395365859
1.1712588653304448
1.195490157790024
1.219168257596654
1.2389843083547298
1.252506622276506
1.2581783699091136
1.2551891679954967
1.24347257486789
1.223889095221352
1.1983494754702166
1.1694805654863782
1.1398744818955533
1.111467416196706
1.0853639468643488
1.061981863252325
1.0413073649797011
1.0231465868438157
1.0073202094224782
0.9841337213908241
0.9613309172389394
0.9412311163210781
0.9205818268363885
0.8859556439281601
1.0697678785106273
0.9760819313337246
0.964230667595435
1.0183425205159153
1.1274027654657839
1.2114849478981007
1.2520847787373224
1.2887983277787358
1.323822138999871
1.3585928274108503
1.3923904683688795
1.4227052675418372
1.4467151358165953
1.462738493145203
1.470423105807396
1.469353821893895
1.457704258831241
1.432919732208964
1.3939648696298683
1.3429778480043826
1.2851123933310566
1.2269424458223008
1.1745114881907746
1.131913577842203
1.1034552907627213
1.0861054694823356
1.0762478725097004
1.0727601986502715
1.0750212182984962
1.0833401240823444
1.099002166483481
1.12228592382061
1.1489307021680393
1.1757781642040963
1.1999859206733732
1.2193215049560815
1.2321423996509246
1.2373035113185344
1.2342674176836408
1.22347427217218
1.2065976738491484
1.1861621046404804
1.1646649153179527
1.1439117082223615
1.1248793881574854
1.1079091716966374
1.0929727816404895
1.0798934664689233
1.0684971147108195
1.0516161416678724
1.0331736921352865
1.0114676916142364
0.9812992126611423
0.9217217511455166
1.1400597865306288
1.0407244274625067
1.036644884449136
1.100413761837128
1.2242142087201022
1.3134632040103968
1.351677365231196
1.3821097362864052
1.407837388932178
1.4309856016135147
1.4511891345866108
1.4662873516230888
1.4740235731749003
1.4734767433174418
1.4650921770341236
1.4491933076104468
1.4246563126053007
1.3895560179017434
1.3432293454165252
1.2877614443610643
1.2278371941139214
1.169328949511665
1.1175977673606872
1.0762840263914886
1.0493212126771112
1.033501195541129
1.0251904033558157
1.023148578858279
1.026787769366764
1.036335593613773
1.0531281900547969
1.0775186930119904
1.10548913861885
1.1343799699067543
1.1617882863377684
1.1857249095218914
1.2045386403431841
1.216844908785805
1.2217358026036618
1.219295858999251
1.2109482667149105
1.1990453928576237
1.1859220676105593
1.1732106984079809
1.1617416751734475
1.1517865221066552
1.1433323647547642
1.1362476309277207
1.130346816873365
1.1217791758330857
1.1095176340084079
1.0873129030711954
1.0493915279953328
0.9675003260953211
1.203232197692398
1.1018207595242056
1.107726292935986
1.1831150373615609
1.3222278093828357
1.4155916584884265
1.4501326139463326
1.4726490513934674
1.4874303558955049
1.4973680954260435
1.502444054033344
1.5009183086054831
1.4912610312851406
1.4735565892348117
1.4493471083884357
1.4198858656793625
1.3846423516459556
1.3419528619718186
1.291104756043141
1.2337979116945366
1.1740506085811913
1.1169602201160285
1.067210372686924
1.0280056575515548
1.0028929871487384
0.9886269121713653
0.9816668541225334
0.9807249157139677
0.9852579390466923
0.9954358390202991
1.0126052214455552
1.0371695704858401
1.0653867797940908
1.0950397838947121
1.124160722480471
1.1510717998010824
1.174237858024043
1.1921871833324298
1.2037765313041167
1.20879771015518
1.2083979256289887
1.2046931279172353
1.1998044944390487
1.1951615698041824
1.191432972872573
1.1888245687236996
1.1873699854580926
1.1870245608806507
1.187597068404936
1.1894632681073711
1.1858776934549837
1.164739163754544
1.1216536218902846
1.0216629497549663
1.2572992346396727
1.1536397395108888
1.1702818217878994
1.2591116893122143
1.412648098311751
1.50836073708592
1.5386876157397027
1.5530770645575427
1.5567857660675355
1.5532551052509207
1.5428211408059687
1.5243381350527299
1.4972292386432795
1.4628249858553328
1.4239919404774153
1.3829508127479038
1.3394764557391612
1.2917619379932916
1.2387698398789506
1.1816988048832473
1.1238793823934015
1.0696527573810821
1.0230474782902534
0.9868326579753038
0.9641051917691442
0.9516606934018159
0.9461382092345303
0.9462429709087758
0.9514898637744165
0.9619844428908261
0.9790160525046081
1.002941310866318
1.0302874126375916
1.0592623649574315
1.0883771760265188
1.1163661795504707
1.1419463089574027
1.163698294944082
1.1803448953892222
1.191419211350124
1.1977801264694354
1.2012985577001791
1.2038933579972575
1.206801817469951
1.2105229524389536
1.215179972809447
1.2208557666191087
1.2276254197233663
1.2353184829792851
1.249372331122288
1.2571236531304397
1.2387404030446536
1.193359131518941
1.0809265095465992
1.2998409202246748
1.189029238178007
1.2170261713697248
1.320893648109704
1.48648932121932
1.5817026876114024
1.6079841821068077
1.6157732525507025
1.6101860132317998
1.5947006755642854
1.570092206469834
1.5360330523072359
1.4930348165492104
1.443735287687667
1.3924443594206324
1.3423254730421315
1.2930609928016321
1.2423668205577778
1.1888589532280107
1.1333543610350827
1.0786094174276633
1.028274283684048
0.9857416497999612
0.9533312072102121
0.9336022921136535
0.9234187771810645
0.9196568188072477
0.9210165916507749
0.9270682473353385
0.937800756386103
0.9543373177583364
0.9768296367406463
1.002084866269121
1.0288060665020555
1.0560946218552345
1.0832105633864144
1.1092219814781614
1.1328353414702204
1.1526698658555414
1.1679914107859142
1.1793745808085991
1.188508325566317
1.197207343667781
1.2065907794349615
1.2170003939211478
1.228431372149779
1.2409605788877445
1.2547708895982173
1.2697401545210159
1.296896807030166
1.3180880942240918
1.3038964037240643
1.2587765907822095
1.1403147567793828
1.3271764110387023
1.2020379031388477
1.2423203218500485
1.362277654271935
1.536723111735415
1.6286426352018684
1.6514075695137151
1.6547404190031174
1.6426499523954121
1.6181596398689748
1.582499488619986
1.5362418931626944
1.480835311854486
1.4198480036665384
1.3589727753290501
1.3024530096400289
1.2494260326835824
1.1970272521158034
1.1438431895432142
1.0905800608618121
1.0395533845163716
0.9937612295550118
0.9559494123334685
0.9279614832067492
0.9117542621935971
0.9042909651463199
0.9027453564473593
0.9057886473272208
0.9129969642861931
0.9240892124391139
0.9398190170168319
0.9599480355656541
0.981742366119947
1.0046316615931448
1.0284495222037566
1.0530260707139572
1.0777764487431292
1.1015097076203142
1.1226973537040885
1.1402850383141374
1.1545761745308978
1.167214521081277
1.1801064748594579
1.194404160747973
1.2103436391051103
1.2277324490240347
1.246513167252945
1.2668753584306651
1.2887343235186621
1.328744576026628
1.364270986501619
1.3551141409376262
1.3119291254911332
1.1935347048549494
1.3356717112211116
1.1900797191263464
1.243654245743259
1.3797406887972603
1.5597822633004184
1.6471605056853298
1.6671428825655454
1.667629724926418
1.6515054096371886
1.6213031437311012
1.5786748652083282
1.5250213709831124
1.4624018984472664
1.394390647873811
1.3272247994284723
1.2667814799922152
1.2112112600438105
1.1575944812687908
1.1050658469566108
1.05440477501519
1.0075039931364211
0.9666756713718159
0.9339659960694703
0.9106878718696417
0.8981668939404218
0.8935600849762056
0.8945016219137037
0.8997629233065186
0.9089015302291714
0.9208095886587632
0.9351647177669806
0.9514982984066543
0.9684152558189074
0.9863347107410446
1.005724256685962
1.026812238741687
1.0492280588581575
1.0718031173279088
1.0927905627592773
1.1107247029497085
1.1256336060433831
1.139324086001305
1.1540918484345293
1.171339362551532
1.1912961555006112
1.21354945579861
1.2377373913527276
1.2638407431058167
1.291713106829723
1.3431060677073974
1.3923917476899057
1.3884266427664052
1.347608114104537
1.23387508197662
1.3236144216089674
1.154759703774797
1.22207047199312
1.3729570533659579
1.5558086237785962
1.6389958183049338
1.6571021535484478
1.655944867445439
1.6376712948353072
1.6045934778686948
1.558812827121441
1.5024726750939643
1.4381436129866065
1.3690344322594372
1.2996669614522567
1.2368184920428968
1.178797636830299
1.1241613857391075
1.0727050340534505
1.0251347735269416
0.9828120700733025
0.947294072206617
0.9198542340764918
0.9011605911270799
0.8918337812128395
0.8892739783768594
0.891677447384044
0.8983357616487871
0.9098301759279108
0.9266730512334543
0.9358121280168112
0.9470172458004757
0.9591515637563758
0.9725926737827282
0.9879476952733761
1.0056074624565237
1.0253307760693484
1.0459845114698374
1.0656131142858865
1.0822033585621234
1.0953989217407227
1.107469972058662
1.1215186266166062
1.139411933093302
1.1614755205829315
1.1871131757351816
1.2155526404258392
1.2463064392264316
1.278956337914341
1.3393376520819804
1.4006593870169257
1.4017265600936604
1.3625077182944425
1.255552491299384
1.2922925169360293
1.1011257072951686
1.1813452273140506
1.344281536187824
1.5279118266232308
1.6084056592718636
1.6257794932110625
1.624198160662689
1.6054139150796936
1.5717554746397904
1.5257534894637395
1.4700992629801735
1.4076988143323148
1.3416120153357471
1.27465855307207
1.209969738673046
1.1502432828313802
1.0957119502106007
1.0464200068676048
1.0028234025051905
0.965702597995554
0.9358524018563972
0.9137143783173644
0.8991039107725687
0.8917658609406278
0.8893876228770966
0.89065830684097
0.8951800758006864
0.9032073497820094
0.914267343654975
0.9275026135725506
0.9405235332742771
0.952092426659228
0.9637001115670599
0.9765868990801554
0.9914985775503382
1.0084698816972837
1.0266169097239988
1.0439952396649028
1.057846612803801
1.066952685047768
1.074601792790249
1.0852695329261375
1.1012981530229626
1.1231191985124729
1.1500672577581414
1.1810395703866523
1.2149768685991102
1.2509563981945868
1.317592589768546
1.3888316532283111
1.39522490725115
1.356048996262706
1.2551187153311822
1.2458255464257286
1.0359408738619789
1.1264898621402373
1.297549780485917
1.4809513463391972
1.5611034697175805
1.5791673431612385
1.5785772337253352
1.5608902700937828
1.528551074488565
1.4844012721337831
1.4313695580974597
1.3722600206180715
1.309502302084265
1.2451107177429324
1.1820706724114447
1.1237323575056335
1.0715895954736376
1.0261134147217548
0.9876075989935822
0.9563816071312297
0.9325705350982928
0.9157245008537899
0.9043861555256608
0.8976160583241642
0.8944741452670133
0.8945651951574021
0.8977568478823589
0.9042244361985722
0.9137534717255978
0.9263662515052429
0.94038747584852
0.9529739773409727
0.964457792749033
0.975941887885758
0.9883429910416449
1.0020076459611222
1.0165460428255324
1.0305499366017343
1.040516679621318
1.0428984241299921
1.0434860155517949
1.0484464504890385
1.0601197750871172
1.0790141057821903
1.1045987881790322
1.1357055904298257
1.1708700913210832
1.2085879129636208
1.2789342803963393
1.3581996176146416
1.3713304120732384
1.3303098532842574
1.2323550144649238
1.1900463250148896
0.9659751899561809
1.0624432826871635
1.2370618218451281
1.420562728799258
1.5032329823406836
1.5235725223752912
1.5255075441400026
1.5104751130374614
1.4810210915547444
1.4401409744649687
1.3907431317337615
1.335310770233068
1.2758742580122515
1.21469358425683
1.1551291357597069
1.1004954430920124
1.0526585581056616
1.0123270010260497
0.9797033297046802
0.9547920358598703
0.9373328885813752
0.9259462678522308
0.9164793257567952
0.909900700348518
0.9074000793223636
0.9083734084810059
0.9123787292593339
0.9194917970780152
0.9294520788322645
0.9424773287500465
0.9572149900144588
0.9705450081262749
0.9819803153622485
0.9919739376841429
1.0011972551983879
1.010123860856493
1.0188797002038803
1.0270268036871206
1.0312557039339856
1.0243279621301868
1.0165272914298564
1.0140684562535005
1.0190143611328841
1.0321809340986348
1.0534572819337844
1.0819332077126673
1.1160556411756155
1.153866228989972
1.2258378886921029
1.311443644942547
1.3334428779362635
1.288793504845664
1.1902565589596996
1.1310946937265416
0.8970138611904176
0.9936428918908313
1.167820790625196
1.3530923503983814
1.4409602617182102
1.4650219294177866
1.4708835495400792
1.4598477787237805
1.4344866665513232
1.3978311732363098
1.3526917034691541
1.301352551796416
1.2458543859973314
1.1888213231926839
1.1337436171029454
1.083854629166025
1.0411142713255093
1.0062869480548615
0.9794504135576746
0.9603908448704445
0.948780689367894
0.9441908136275866
0.9339274788293689
0.9300939499634283
0.9308527588991085
0.935070778592233
0.9420207236258409
0.9518727244562196
0.9642350825644433
0.9794356076236199
0.9960559791122479
1.010597452318716
1.022024502125637
1.030103014761341
1.0350567179200125
1.0373145098384868
1.0373475998662949
1.0352305415261167
1.0282059618037969
1.01260847317033
0.9962997930895708
0.9847352858599648
0.9805719948692098
0.9853167328919328
0.9995126827829363
1.022749610279592
1.0536821226742579
1.0901355930143142
1.1623322713413367
1.251983491527206
1.2824093054276104
1.2346516184190268
1.134179226591023
1.0743028413289262
0.8336637371648078
0.9250662372040791
1.0972276985643787
1.286051704195951
1.3807187035797608
1.4094541443895185
1.4202350958272314
1.4141600324657415
1.3937339456967708
1.3619717097002222
1.3216508371540319
1.2750557145034356
1.2243606054193084
1.1723153751440647
1.1223023934478336
1.0774317108882225
1.0396915891085947
1.0098607357642673
0.9878829526324414
0.9732478090540837
0.9650440971200628
0.9607581150522324
0.9582596814326549
0.9605651747445506
0.9668740874596939
0.9763983606967
0.9882369304051708
1.002833209614201
1.0196138490961837
1.0390540297462867
1.0594180174045582
1.0764426129374698
1.0884865217499713
1.0945384749753448
1.0942612010163089
1.0879873629819685
1.0765383549119216
1.0605516093121923
1.0392512556000661
1.012749978633279
0.9855534974514149
0.9623671698813907
0.9465793098795676
0.9404813600007487
0.9453123774370763
0.9612310773354095
0.9872737203926463
1.0213171817469635
1.0932698923846849
1.1821760061537088
1.2150395584391482
1.1699888821125284
1.0706078920592272
1.0236207274534235
0.7795807336327994
0.8642693964029675
1.0348325534548408
1.2274974463797113
1.3291495094480033
1.3628884206335063
1.3790817599914824
1.378534745706346
1.36358968391189
1.3372185304826176
1.3022376543752219
1.2610241585163013
1.2158254142725997
1.1692913782234569
1.124535524160587
1.0844879482186507
1.0511574388365557
1.025398496646636
1.0071420329223328
0.9957557464756955
0.9902723730594449
0.9896414088778869
0.9941279619486748
1.0037786780396425
1.0170096878240438
1.0333504533592046
1.0516892512795792
1.0728645347336558
1.096093033359106
1.1220967232579449
1.1486394044109383
1.1701574494597446
1.1841306824255382
1.188552351478741
1.182419437634295
1.1660334295970864
1.140824060147774
1.108560963483139
1.0705196201876594
1.0285007683927656
0.9862212985150959
0.9481299049070409
0.9181413825968168
0.8991644004399053
0.8929552097969798
0.9000962835936899
0.9199895615587469
0.9507813804044808
1.0227118392277461
1.1009891565711059
1.1318969712765916
1.0971397027538663
1.006026180200934
0.9815270366668936
0.7376285989370908
0.8187629776256615
0.9883398247043154
1.1840595417539794
1.292057380900391
1.3307421143616893
1.352531223667214
1.3578565683491903
1.3487952693421872
1.328218609930919
1.298980945578633
1.2635454569701057
1.2241510346102553
1.1832288764689667
1.1435449735888457
1.1078083978422102
1.0780636608847058
1.0553606534366173
1.0398506287021743
1.0311460876015013
1.0287782549487037
1.0327674970298863
1.0440417926274423
1.0612270957973289
1.0820043025216484
1.1061401572120158
1.1322643663058052
1.1617174439887477
1.1935094605577627
1.228745751123026
1.2644879344617221
1.2931317346673588
1.3108416916207226
1.3143340191724144
1.301874928154579
1.2738854895722245
1.232695643486327
1.181451294006223
1.1230798261183828
1.0607723059809435
0.9989060741257092
0.9424640362962506
0.8959078755897901
0.8625155172892682
0.8442094003022684
0.841641037320815
0.8543054647871899
0.880519540128468
0.9492214486235985
1.0078113814787286
1.0386397638540796
1.0200863582660549
0.9461135755597145
0.9492326344648074
0.7097592472055961
0.7917833337099113
0.9613781614349104
1.1594172727184366
1.273095888401351
1.316661240347193
1.3442538576713157
1.3558616509641352
1.3531733659564962
1.33884478487259
1.315688740720243
1.2861963600921935
1.2525496725318301
1.2169417792464878
1.1818005206615867
1.1496234183442806
1.1225251827186082
1.1018669609508063
1.0882232189624659
1.0816789328254524
1.082325252454194
1.0907884353001422
1.1083350530085785
1.132751733222423
1.1612218667692074
1.1937900753854718
1.2288315057686476
1.268308383926079
1.3110327573341536
1.3586004420071163
1.4070134432365529
1.4456400791671737
1.468829866317395
1.4718287559429226
1.452275316260083
1.4109946486507365
1.3514672546583926
1.278198161964266
1.1955614586947503
1.1084545553614318
1.022903005061095
0.9451139775222525
0.8801892164731296
0.8314868177701098
0.8006357454554958
0.7878477833876849
0.7921645418957126
0.811281949155714
0.8621614039370817
0.9085142650099092
0.9429480599064738
0.9441204378586231
0.8952552551852053
0.9269880814951998
0.6969046958699425
0.7835610075494774
0.9542817254913388
1.1540908661676264
1.2730985443174199
1.3217197151360551
1.355617113593988
1.3742546578435173
1.3787703198914902
1.371420348516831
1.3548216787999026
1.3313956102799895
1.3032417588476133
1.272367238153597
1.2409596661551852
1.2113936015658668
1.1859211510509426
1.166290075566176
1.1535817636361727
1.1483826753595354
1.1512207564867138
1.163089718989642
1.185646312388465
1.2164093936438558
1.2523359571704415
1.29379675737862
1.3389070312489941
1.3903325804051438
1.4466162796886906
1.5098172167071002
1.5742880824711767
1.6252559484278943
1.6548357085534935
1.6568406914671214
1.6287095791885782
1.5722404422468528
1.4923286811713463
1.3944970613601821
1.284254099859373
1.1686776496713458
1.0563108907446832
0.955137222015836
0.8709257783041052
0.8067777615864452
0.7635310670849014
0.7403961926409467
0.7352716292531815
0.744189656129693
0.7722328788022196
0.8117923299474922
0.8523454996630807
0.8743453538593268
0.8562569522802022
0.91437674653884
0.6991978396412266
0.7930884196676654
0.965328274967831
1.1659526904279989
1.290099521069005
1.3442152117431363
1.3853026655411684
1.412200063276162
1.4252796500999987
1.426133451483653
1.4169431423762338
1.3999057791840266
1.377005452357855
1.3501568497019298
1.3214853820936259
1.293425433964999
1.268489621732136
1.248857161896758
1.2360824001108495
1.2311288114991292
1.234747473628306
1.2481133853129154
1.2734580663905952
1.3089506952937695
1.3517395456035408
1.4024500880171316
1.4587730325210349
1.5240011129095707
1.5961888366759474
1.6776707822754056
1.7604858055426447
1.8248111065842563
1.8602879930993577
1.8595509755589588
1.8206005411582693
1.747254689295111
1.6462495762976175
1.5230017144852432
1.3833017857500884
1.2370466028024225
1.096195237128452
0.9709199426634283
0.8675724955374932
0.7886341007534601
0.7336927416840918
0.7004550433781821
0.6851226374296746
0.6821094128854381
0.6906799837666263
0.7252277415526986
0.7727753434468819
0.8144036507796573
0.8301024665072781
0.9105530691962901
0.7163372165193586
0.8188298747256093
0.991549629124948
1.1909069861227786
1.3197488012369543
1.3798884164574858
1.4293179187331178
1.4661379292317818
1.4896942020639785
1.5005680369650478
1.5001696222088485
1.4902367375334704
1.4725652659318547
1.4490827125531514
1.422090441012724
1.3943530963503141
1.3688366725018575
1.3482050505475525
1.334398321475
1.328560986286359
1.331394180649898
1.3439444027410203
1.3690374148068853
1.407014884807289
1.455968771099108
1.5162127012359075
1.5844778780717093
1.6644249968978055
1.7533796114735272
1.8537382343998257
1.9548376552692863
2.031542862895638
2.0710392295623268
2.065053130866924
2.012868491757965
1.921995972092139
1.8020524253901895
1.6550295272942814
1.4856996985457485
1.3082185270380116
1.1388907171384153
0.9902449514100244
0.8689853496290735
0.7766224931862181
0.7111390271230532
0.668380077785897
0.6427504719873368
0.6284615082430252
0.6227471888307239
0.6539296394749133
0.7080218132382283
0.7660761517962527
0.815285102869999
0.9157677180114735
0.7543355621383945
0.866821937317644
1.0363412686957023
1.2294768462571772
1.362263634736391
1.4297919120551714
1.4903189492751485
1.5409830132037137
1.579594667233567
1.6050479493298444
1.6173144065150358
1.6171824968571187
1.606056724544052
1.5859889785889774
1.5598159384398367
1.531089412958154
1.5036105743136339
1.480723784514591
1.4647546782122713
1.4568949627744678
1.4575949827019719
1.4674422258913713
1.489308543219681
1.527865586986025
1.583467579680052
1.6541789251820422
1.7351043889777933
1.8301867051225638
1.9358962511844338
2.0545151046442496
2.1724996250362887
2.259613879692128
2.3008243564626265
2.2870700791826186
2.2191953750252607
2.112085258662963
1.978226622099181
1.805034169552183
1.600807170060559
1.3876513501812258
1.1870830604504372
1.0138030536665137
0.8743440665584681
0.7687032768962413
0.6927591280437787
0.6400728285725406
0.6037427439054991
0.5795966478533976
0.5637336364622938
0.5932626631908914
0.6534948497376742
0.7247624556856804
0.80324641227739
0.9446491518671641
0.8598527496128089
0.983168201577352
1.1308443280966398
1.295871699149148
1.427144293596985
1.505366805489164
1.5854400002215006
1.6629864648455916
1.732671636426255
1.789406347970772
1.8293793289402593
1.8506481662152183
1.8533862396347707
1.839934694712636
1.8145912553326644
1.7829463955052933
1.7507880335284771
1.7229499138338884
1.7026034809652686
1.6913039627350195
1.6898362073533897
1.6998096858271396
1.7259027503621454
1.7702505025102635
1.8308135736559363
1.907703612573545
1.9960274959521818
2.0995449663575267
2.213631217316476
2.3399320597369693
2.4637396962691036
2.554943619379423
2.601683238793881
2.599685970020031
2.548933498557347
2.439713283905217
2.2628552138728737
2.028457717420252
1.7625259245030778
1.4955479285135422
1.2525208987839753
1.0479892218482578
0.8862527326665497
0.764380641016189
0.6754161338044168
0.6109689734728945
0.5646432241292338
0.5339019523972781
0.5136203243097714
0.5458903137051994
0.6127930678258168
0.6903307658468805
0.7718735001904097
1.0210323593065536
1.05375485510744
1.1636637903626696
1.2486635664989578
1.3470833884042788
1.4542703503168037
1.533604505879645
1.627341488483844
1.7301876725452467
1.832902261076071
1.9253360307322636
1.999324774573892
2.049963042380759
2.075863901685983
2.0789933345191955
2.0641715114896204
2.0381382719824166
2.008211927107125
1.9808907104953464
1.9609401584868946
1.951374324995277
1.9543432003697443
1.9724057723584771
2.0091099059533435
2.060894468393145
2.122452894802115
2.1936995123945078
2.2701941238704064
2.3547777123481386
2.443165693082717
2.537598500545493
2.634182055039904
2.7251474088224015
2.8020168474451426
2.832199300980892
2.7832503367064767
2.6420006319898834
2.418118441323699
2.139059130435414
1.8397075160022536
1.5516388092344457
1.2964218865989852
1.0842316462527875
0.916175789531492
0.7878850608882804
0.6927085062893242
0.6240842715135938
0.5770416123546005
0.5482874074098883
0.5347184346650367
0.5776855427718391
0.6491667978718447
0.7145080226062688
0.7752962962426961
1.1411521776406197
1.2522223454372365
1.3119562183167213
1.3243676276153329
1.3574740930394016
1.428385501992176
1.4934390586328599
1.5773736793223718
1.6709462800844352
1.764332957903948
1.8507879165174659
1.9256326861699173
1.9858511207710225
2.029961504029556
2.057898305524076
2.071061078342083
2.072504629193306
2.0668526679180577
2.059546858968016
2.0556478387641524
2.0589365239654556
2.071894143727533
2.096384498755601
2.1341131011264105
2.180138891617442
2.2298952590003234
2.283359789168697
2.3371421384546425
2.3932748204627443
2.4498360571974156
2.512350987711142
2.586591335168302
2.661657339074677
2.711528686415351
2.706261303456328
2.627566501171059
2.474397815090153
2.2619968048502086
2.015504102191713
1.7614697951838962
1.5212339570479712
1.3081073223333062
1.1278428308396968
0.9807811893552214
0.8642978286206973
0.7748814856086524
0.709406756335589
0.6652204698615047
0.6396921722750386
0.6322393861814978
0.6817927940573211
0.7538868892494056
0.8050283673214008
0.8420339652137734
1.2027859507447654
1.4038828941798096
1.4253286829321525
1.389546133168829
1.373837349707432
1.4020127383516656
1.4256117903068257
1.4528374046040498
1.483435376512603
1.5169254904870202
1.5527725009935869
1.5906827333099813
1.6306410411395462
1.672593178749035
1.7159702930637213
1.7594707322638126
1.801466451772355
1.8409336984788542
1.8781353252947934
1.914218237714788
1.9499050234925919
1.984482749581535
2.0161044957069407
2.043779383910697
2.0699899344954344
2.101961954120454
2.140278246347276
2.181370367503557
2.226208185706944
2.272220812423835
2.319331699510285
2.3595637541436965
2.3775152653575877
2.362477689074027
2.306844532718148
2.2097052993137427
2.077695386736367
1.9227671235601036
1.7583998891530552
1.5962703522115147
1.4445568055974498
1.3078617351778823
1.188062390297527
1.0853428673365466
0.9988441419666986
0.9281889018448245
0.8753555120365853
0.8397399385735103
0.8190827199627412
0.8113478425293423
0.8453900061521222
0.9089998044763719
0.949328999138596
0.945584508433016
1.121362328270476
1.1610394161769169
1.2623259008557361
1.340787644913924
1.3760664626650299
1.3882729334100712
1.3981805421533187
1.414799713190769
1.4418820358391395
1.483297853379516
1.5428715474916994
1.6241521576006122
1.730041029129595
1.8621149477251926
2.0194388036377102
2.196636828733792
2.3808146264104866
2.5484189245500573
2.6750694528487085
2.7548038039593146
2.7926621493312807
2.795255713793605
2.7693832231229676
2.7219417110901705
2.666616520928134
2.6117762561013382
2.557730745352813
2.5075261635295294
2.4592519796261603
2.41591345463362
2.37803303809784
2.3508354274587
2.3382997044852893
2.3360707324372925
2.336259613602263
2.3281859357483388
2.3004400369598397
2.244120424260951
2.156191490697852
2.041455700028908
1.912840386508028
1.792151860396296
1.693522488059604
1.6005439208767587
1.5040802152754298
1.4061362227571936
1.3121374556739447
1.2272828915649028
1.1548204724419253
1.0618283535159658
1.049441987756826
1.2017689283301138
1.5675330377884689
2.187388120803453
0.96852801414512
1.0115026853880573
1.0707596499556242
1.108272454925044
1.1144177039152796
1.1181402108519487
1.129996643748061
1.154850891389069
1.1974043196022295
1.2619783316111972
1.3522791944693604
1.4711128293391131
1.6198931698033436
1.7977759746958146
2.000455701547356
2.219070731921658
2.440060946264465
2.6467993475197957
2.8229306831413
2.95603907090513
3.039952450522268
3.0750477270268193
3.0670621013185513
3.0252441100600085
2.967647340110379
2.907252605530979
2.846165243730409
2.7883576319797827
2.731475114226763
2.678271714407059
2.6276036102032325
2.5830171695889232
2.5486537577629416
2.5196596620738934
2.4887728790349946
2.4473777032880197
2.3874519988042886
2.304061829872899
2.1974240820294617
2.0732557349801204
1.9405317077319437
1.807273894361872
1.6775716633275053
1.5526767620791548
1.4338583890783412
1.3235497594939383
1.224745863682109
1.1400552071554886
1.071292957039407
0.9903704615200981
0.9822260222584346
1.1039241268896218
1.3583075733074002
1.767112365035853
0.8496273457361392
0.8755433357869364
0.9054693866409159
0.9380429217687999
0.9624646695328019
0.9846415243951581
1.0070212562980982
1.0421975527349547
1.0939946879472224
1.165189135699226
1.257871028739198
1.3745089835180753
1.5174944986477668
1.6870338809095913
1.8793865495041846
2.086031159160601
2.293927333879988
2.4871782016988466
2.6499813320022563
2.770045658698236
2.8412397128658573
2.864503207052927
2.8468508713629106
2.7990864952569305
2.740259648797328
2.682210171655818
2.626065667722255
2.5748381802278653
2.5259103846304676
2.4810996549621125
2.4385740631766195
2.3997891646489053
2.366681331887204
2.3343942710315364
2.2970943336806435
2.2488749059239748
2.184984317173256
2.1030762283377253
2.003923962081924
1.8911193313275567
1.7698239708037702
1.6453106227042786
1.5221245737815978
1.4040232723503974
1.2942006103936652
1.1953403623144643
1.1094622183397782
1.0377674411090334
0.9806492934372497
0.9127955149770325
0.8920316978682734
0.9485887884516488
1.0743686534664614
1.3477823817883943
0.7782987705114033
0.7900133897262763
0.7854510893077961
0.8132047680522202
0.8563335359352929
0.8979364181506224
0.9294671132371729
0.9714855488073739
1.0277763187905462
1.101780042519572
1.1959873034799284
1.3113628110643791
1.4469206522771108
1.5996758758128127
1.7645762765027009
1.9337317441397708
2.0959866674340875
2.2382725034787874
2.3484750471015174
2.4185327501953986
2.4464366333938266
2.4363725173720225
2.39713798295589
2.33965666947284
2.2811439848908384
2.229187516154614
2.1826606526855916
2.1428966292428737
2.107157683920051
2.0762980949457117
2.0485312153303044
2.0239396945798163
2.002278346636823
1.979134025072853
1.9499600752840116
1.9106811338617533
1.8583609436406123
1.7918017754358233
1.71185888701898
1.621283200082992
1.524091684483438
1.4247076835659673
1.3272145370575406
1.2349323276394666
1.150297645164837
1.0749075137986273
1.0096205807679557
0.954681174593445
0.9098610914267994
0.8519891219154074
0.8146138794536897
0.8160522432206625
0.8518445379748488
1.0288037526380107
0.7695093313343887
0.7574693520131259
0.7469615208238684
0.776297523966623
0.834704665626804
0.8898301390414088
0.927101252745513
0.9728650810674955
1.0306734516731744
1.10361299927315
1.1932872540517132
1.299097336940661
1.4179103615132327
1.5442300847155541
1.6711686640761432
1.792972932600372
1.9045657242814251
1.9969497017693036
2.0609931049024315
2.091736558497354
2.0898405214204496
2.0608948542105368
2.0134322409298355
1.9566981558903467
1.9045437481218965
1.8612437780182958
1.8245977587137132
1.7950191688645758
1.7701711436378889
1.7505866834303212
1.7351899008900447
1.723916918734159
1.7152075639830175
1.7048083905304743
1.6885029396086326
1.6627805209940008
1.6253867718682917
1.575671257260121
1.5146814057505602
1.4449535474220263
1.3699981167421889
1.2935894867899729
1.219084699745905
1.148995952379516
1.0848966927863053
1.0275703809851153
0.9772494070632634
0.9338335532741092
0.8970393831446785
0.845420436742177
0.8009156887182317
0.7817943412174924
0.7857497645325167
0.9058038763391075
0.7879986813505657
0.7603062354836854
0.7492461700050275
0.7810110738002828
0.8479447740317917
0.910560245505387
0.9511917685164533
0.99920015379784
1.0576719182695309
1.1289813121513668
1.213604973981567
1.3094769677315334
1.412044822091283
1.5150625472662433
1.6120750638597614
1.6995985771961553
1.7799326426446285
1.8448256309051216
1.884506758091594
1.8955456621633568
1.880171395201844
1.8446262242482436
1.7968230381565453
1.7444092744355908
1.6985703923408793
1.661823929155725
1.6317251438586737
1.6083707672629024
1.5898777097815626
1.5768078546247326
1.5688319311233823
1.5662354580133322
1.5666460684390997
1.5654977904786962
1.5584260594270558
1.5421025211148023
1.5146291138915577
1.4756632915329129
1.4263593956982825
1.3691275761833535
1.307182978293661
1.2439163083921552
1.1822565039821364
1.124272001654382
1.0711246955803175
1.0232723128783716
0.9807405725430708
0.9433506739845267
0.9108591134888441
0.8631309846771376
0.817283414607558
0.7925468564150575
0.7884116338147544
0.8752544680153533
0.8203864987904347
0.7793920284192003
0.7670818963961789
0.8011814771544985
0.875264942795727
0.9442082728344986
0.9876733625499482
1.0374420266956028
1.096073366645481
1.1652447664493766
1.2445027372526325
1.3307891336513697
1.4189525807536618
1.5031845646278112
1.579003597014946
1.6447651089919444
1.699648171753277
1.7387307914289591
1.7556359105236419
1.7483226555776683
1.720211726195939
1.6782067059010546
1.629821983308254
1.5811924530878294
1.5408898029353038
1.5097613964034509
1.4851321551329473
1.4668384324603831
1.4533623912292346
1.4452995386951597
1.44311113091814
1.4480516281998796
1.4570111747895869
1.4643827115529806
1.4655611474331807
1.45752214948876
1.4387398394692452
1.4091000051671418
1.36977196400559
1.3230011702330562
1.2717416189103699
1.2190812473656136
1.1676201468373348
1.1191052928795433
1.0744377663516669
1.03390128392356
0.9974299806270055
0.964826673254706
0.9358971881942197
0.8918892359825326
0.8464174769116187
0.8186897662931841
0.8109249961658533
0.8671263573338208
0.8683390781002434
0.8140997499033884
0.799862745672382
0.8365847028520182
0.9182405033221732
0.9935127875073372
1.0395129320176792
1.0904531793120973
1.1483759209664552
1.2143709104078344
1.2873127190605935
1.3636131505580051
1.4381624939233044
1.5061112031729196
1.5644722072540571
1.6119306070242614
1.646363625307708
1.6634845976273254
1.6594997211881135
1.6345000637378695
1.5931953309883056
1.5431324371745483
1.49190288465369
1.444921652429921
1.4087037305188481
1.382286297043872
1.362538132690985
1.3489470984468546
1.3402469828703822
1.3368703762265308
1.3394509886605055
1.3505233604522335
1.3676492502999824
1.3827575987700382
1.3914621649405563
1.3912744702313573
1.3809849402761238
1.360543826591645
1.3309660095430529
1.2942293946838734
1.2530156410913897
1.210154293918515
1.1679813151021232
1.1280085140523894
1.0909724981276379
1.0570627022214314
1.026171940139771
0.9981064601701397
0.9727202303867443
0.9329166030234146
0.8890564042462235
0.858675860611606
0.845670250766181
0.8717566233706849
0.9299197126707741
0.8629878182664602
0.8470326949668731
0.8871684910362113
0.9774982078087747
1.0590038955837988
1.1068212820962455
1.15773705430613
1.2134308855777778
1.2746586346501094
1.339965631146255
1.4056411078658646
1.4669431768523156
1.5198963431570602
1.5623189411543077
1.5929170517965374
1.6093383481840575
1.60808781144617
1.5870257950269135
1.5477747453995951
1.495909946151289
1.4391436523049692
1.3848287298655406
1.3380227206219673
1.3042659406665429
1.2813294309892995
1.2656348959035364
1.2563347154791866
1.252438174471974
1.2543977829502402
1.2632598735568348
1.279854348772075
1.3003604717683874
1.319935191637969
1.3344266292540865
1.3412595314909659
1.339130226331468
1.327730440711131
1.3076595744168455
1.2804774364794946
1.2485897550476677
1.214664460469787
1.1809003282942323
1.1486834486242683
1.1186516676936407
1.0909302717859721
1.0653840001731685
1.0418244250075654
1.0201400082542322
0.9852057309089769
0.9440594198762122
0.9108037478806228
0.8891426711360364
0.8871997932609098
1.0008194748926709
0.9228617050268129
0.9070030559901125
0.9520504613372672
1.052682274375702
1.14002293734969
1.1884219216661904
1.2374442463787885
1.288694602117378
1.342930414535666
1.3986871443968618
1.452393928172254
1.4997799514735628
1.537587941955285
1.5642097712400493
1.5785714012526457
1.5786331088035774
1.5617750735332423
1.5270484765820265
1.4770173454324993
1.4176207563818213
1.3563694956976535
1.3001199176793978
1.2534830156931267
1.2214151270761278
1.2009670387154476
1.1882840195575568
1.1822383411474777
1.1819695011991285
1.187796934809316
1.2008327432348458
1.2213494847861888
1.2450831998243874
1.2683507472249864
1.287876472880165
1.3013093270444676
1.3071997738338013
1.3048106807390336
1.2941286841030992
1.276164605281905
1.2530762663003545
1.2275180928012261
1.2016908971272842
1.1769166749178213
1.1537381690692232
1.1322082170494203
1.1121646457244383
1.093425408368526
1.0758933786201528
1.04682485652748
1.0095516596737772
0.9735987062079414
0.9416675190302758
0.913088715089837
1.0751274263625445
0.9891663545399697
0.9769204962277648
1.0289750172671552
1.1417032331433918
1.2340458135930132
1.2813225419242047
1.3260525702343997
1.3701490831659107
1.414707360967281
1.4584801205986584
1.4981767024876864
1.5300532812422099
1.551580484637885
1.5618481542479694
1.56034795335375
1.545653113462553
1.5159157061436734
1.4709004648239308
1.4135183100129447
1.3495713267177991
1.28606709491123
1.2292505469483448
1.1832729439471827
1.1526464650960584
1.1340345996168286
1.123459581923426
1.1196028451594136
1.121659007457651
1.1298206774467752
1.1452570397421777
1.168176554974232
1.1943816347666296
1.2208272002401246
1.2448202031393467
1.2642853549399757
1.277690714476367
1.28389668494873
1.282295561633023
1.2733633885805191
1.2590052756404626
1.241856425845592
1.2241223103961272
1.207052692884304
1.191080333936533
1.176184253161461
1.162193499164565
1.1489493111614595
1.1363509863436125
1.1146141911815541
1.0827855947149614
1.0452406561732512
1.003495389680507
0.94960228147143
1.1471478315821189
1.0571286538016182
1.0524198498795831
1.1138776484933415
1.2401538115898714
1.3362112355532432
1.3804524613944313
1.418386476921503
1.452624731427199
1.4848393196559482
1.5141085169292028
1.5375105782298086
1.5519529052543715
1.5558329901621095
1.5492446264114004
1.5325617808593093
1.5050533138741347
1.4653639876023572
1.4134576043552711
1.3520554653737042
1.2864175396183026
1.2228350290645116
1.1668900947864593
1.1222992469981705
1.0932046755283562
1.0761229860897894
1.0670924632629157
1.0646988003417668
1.0681826408746506
1.0776578767016174
1.0943459241441271
1.1185130275918107
1.1461726571074242
1.1747866381434753
1.2021300596881699
1.2263946427675625
1.246040687138972
1.25966493416265
1.2662493532979553
1.2658707971728382
1.2601537009368362
1.251582977037878
1.242267262736398
1.2333347854685224
1.225086806339381
1.2174289556402058
1.2102053017178744
1.2033084630629203
1.1966267593784334
1.1841171377605406
1.1599986129577908
1.1228611504158847
1.0733161252818804
0.9963598466120986
1.2129673649511319
1.1218706190044836
1.1274958760583038
1.2007886167346924
1.341125076059913
1.4391618993280122
1.4786958786979854
1.5079208940027071
1.5303596907346146
1.5482954728793974
1.5611446343811115
1.5664684638505686
1.562047716479834
1.5475103443965879
1.524275854618396
1.4937730794233568
1.4558254203471437
1.4091682033763018
1.35350384864188
1.2909951730263334
1.2261341146291318
1.1644030947938036
1.1107166972755038
1.0683799712513553
1.0411750537468853
1.0256376827354579
1.0179431149952067
1.0166561449588514
1.02107610064473
1.0312641905527993
1.0484587911280976
1.0729694654786261
1.1010508745214471
1.1305909249639863
1.1597894961429838
1.187142209589271
1.2112202687661595
1.2305364211194576
1.2438534824391478
1.2509680695414251
1.2532209121946796
1.2528695300197012
1.251853777768605
1.2511381723120036
1.2508645283603055
1.250846429165673
1.2509463051418401
1.2511324654490739
1.2512928301845248
1.2500322412817695
1.236467499278002
1.2022583725831315
1.147919744076636
1.0516372717709925
1.2699856866664225
1.1771679185979032
1.1948484052122326
1.2822836978809764
1.435742708760826
1.5334659636622097
1.5673345568736454
1.5872934618374783
1.597537264275959
1.6007154456916908
1.5965674474990112
1.5833157773371327
1.5598721570157923
1.527366833362736
1.4887676263714502
1.4465559624429616
1.4007849427138408
1.3498536838737054
1.2929179480284478
1.2314653929713903
1.1692002120897949
1.110814146196407
1.0605758035304724
1.0213838936520923
0.9966082832766123
0.9828917891616006
0.9766389757441885
0.9764367063325518
0.9816584166008012
0.9923028704109574
1.0095572083490079
1.0336687860393678
1.061106755060648
1.0901509374905296
1.119452705021504
1.1479031631454548
1.1743256543047735
1.197307221867324
1.2155154975568734
1.2285204945351615
1.2373874537630032
1.2441531102134198
1.2506055080158733
1.2575599861841904
1.2649890135640023
1.2725764201017662
1.2801677983918052
1.287808228605985
1.2954109549878376
1.3070600507079717
1.3069086984818683
1.2781303744805572
1.2223544675110045
1.1119495976278366
1.315151606687787
1.215831807599314
1.246980690012411
1.3505445718065343
1.5146599172217174
1.609268410122338
1.6374327436167522
1.6492207725238262
1.6487298318229342
1.6385194333474555
1.6186568274355173
1.588205682003486
1.547346341581449
1.4987902320995548
1.4471458088965599
1.39585088509621
1.3447613549807502
1.2916087774432978
1.2349961000840857
1.1758811256118658
1.1173134405940157
1.0632657493255544
1.0173777655142358
0.9821245968174319
0.9603773364556647
0.9489151704586727
0.9444371550231245
0.945564395375455
0.9517504610768563
0.9628750901910335
0.979956838265291
1.0029923837077594
1.0286356397576653
1.0556195154836332
1.0831626554919602
1.1106771214399034
1.1373531830941523
1.1619386696739922
1.183038489378019
1.1999817225454943
1.2135657033615783
1.2256817625522132
1.2380764061534872
1.2515065030148382
1.2658059227724452
1.2804849678882122
1.295288870024155
1.310288687580412
1.3254398268139924
1.350818947829921
1.366187214175475
1.3447369539568668
1.2904894103985816
1.172026976047592
1.3444441398316749
1.2317919071414876
1.2778463941541673
1.3988172042253677
1.5701894148426465
1.6592997869256965
1.6824856430499582
1.688165096582628
1.6796036543162978
1.6589043939198433
1.6264637793042642
1.582228359036641
1.5274766320292013
1.4661739287792697
1.4045183541874011
1.3468974145702304
1.292517781422878
1.238355098294846
1.1827915993039675
1.1265663198745741
1.0722375451065889
1.0231073756785218
0.982171085463889
0.9514413346794375
0.933210519886819
0.9244117750657063
0.9221026694637423
0.9249516735658904
0.932493470505127
0.9443661263717731
0.9611911499998625
0.9824195583819428
1.0049779931470282
1.0283118015040609
1.0523954613049078
1.0772383096983265
1.102410669021092
1.1268027749120528
1.1489033593252622
1.167730742569242
1.1838189706874707
1.199048746908515
1.2153181811357694
1.2334878445475272
1.253337445657689
1.2741809686756838
1.2955429490053596
1.3173889695771714
1.3396771286547928
1.3784838188531758
1.410096162748081
1.3968122524947626
1.34595328318209
1.2252897304792796
1.3541618765912726
1.2221949489115984
1.2843306678093178
1.4227661015381694
1.5980270794706988
1.680926657957182
1.7003394412258637
1.7019710488255573
1.688110654897739
1.6604094418377
1.619630408181143
1.56652330060249
1.5030434951407134
1.4335065270999825
1.3652005998862289
1.3037502086570991
1.2473184628499723
1.192551704813156
1.1382052227443304
1.085057799407808
1.0352376409592772
0.9913563913404317
0.9557117999238314
0.9297925664549127
0.9152577703011809
0.9092357667814358
0.9092352137020838
0.9140756908074321
0.9234751655170066
0.9366842384067847
0.9533080486076155
0.9716946625556945
0.9897479987670359
1.0081838133795424
1.0277552733617783
1.0489165088101917
1.071478770171374
1.0943833495588782
1.1159190379650714
1.1346914512355504
1.15096463910746
1.1668008334363684
1.184511339075605
1.2052638477164137
1.228914336104188
1.2546154250513135
1.2815692238103795
1.3094341908848641
1.3380244535968844
1.3888502307207362
1.4358899854060936
1.4304993212242791
1.383353763023598
1.2648933004535403
1.3426963439317483
1.1883307633396123
1.2667971883460372
1.4211462392069123
1.597731685512979
1.6756296250108325
1.6927610889257456
1.6921607672370695
1.6754051272915151
1.6439604416697986
1.599056800395059
1.5421894679439203
1.4757504163433297
1.403545136600864
1.3322020324206634
1.26863071999651
1.2103680090218225
1.1549879545368094
1.1019816860051
1.052138108532421
1.0070838149640664
0.9686814489337816
0.9384685595288204
0.917325441938222
0.9062258750676652
0.9025257355874936
0.9042277781951106
0.9104658208926457
0.9214794957918453
0.9368088142919156
0.9536619663165894
0.967572903820063
0.980539769376557
0.994248293250543
1.0095773085286985
1.0270803151622203
1.0466698450563419
1.0673214154444468
1.087118888145314
1.104132279692006
1.1182873717342645
1.1320950911643786
1.1486016696420995
1.1694584092820903
1.1947247340618998
1.223498462607373
1.2546633324599696
1.28740268542548
1.321150731686633
1.3818013033757472
1.4423853458478282
1.4440656333687751
1.3994989349287474
1.2851841988549126
1.31152952049911
1.1350150974403976
1.2284549114925534
1.3955160526999295
1.5721044884744246
1.647629653188923
1.664197105443404
1.6631348854259669
1.6456272421157594
1.6132152940900135
1.5676421145995985
1.5110379712476787
1.4461602279287555
1.3764715237813017
1.3063976675018716
1.2409868362066208
1.1808807575282385
1.1253345278211415
1.074241374272708
1.028196939556522
0.9882555352211367
0.9555184732071625
0.930734088403333
0.91407555433419
0.9057650480040165
0.9033951281942839
0.9053793975004037
0.91106537551602
0.9207152091045067
0.9339168281614987
0.9494654193704346
0.963438772950013
0.9751619184495692
0.9867352865636143
0.99942925047252
1.0140242353520577
1.0306492270552445
1.048501567927148
1.0656490188260297
1.0794564794308625
1.0892040043812898
1.0983002211839872
1.1109117197866107
1.1291986031766257
1.1534728286728007
1.1829258864833556
1.216273769925801
1.2522386525558948
1.2897047470871021
1.3576694731272905
1.4297271244813776
1.4381754655978565
1.394118308636464
1.283095108183071
1.2650021889513217
1.0689634143199829
1.1739966718070656
1.3492732800835172
1.526104705499707
1.6027231026300224
1.6206168173905617
1.6209383621364792
1.6047031621720584
1.5736520274350356
1.5299586793516378
1.4761288581997363
1.4149569935333053
1.3493643813136067
1.2822576093379756
1.2172589658885196
1.1572508274966664
1.1030753411219172
1.055011151986178
1.013470425793754
0.979004876753755
0.9520474083886175
0.932583978638073
0.9199656798635705
0.913667131743678
0.9117668352095022
0.9132560443634714
0.9177722943494147
0.9255552250964119
0.9363620654576759
0.9502078978574163
0.9651512447152543
0.9782096614636222
0.9898825881490783
1.0013227261639572
1.0134774280696557
1.0267762629218933
1.0409061781983155
1.0544112283618168
1.0638358194950914
1.0667156923588488
1.0684663083666412
1.0746810843333308
1.0877213531546601
1.108124371897778
1.1353439878883291
1.1681775842466904
1.205101026024198
1.2444904147088196
1.3172461161259779
1.399111287577487
1.4155250677055498
1.369546149848855
1.25888863876599
1.209149107839365
0.9971368188532088
1.1082876206555579
1.286830205583715
1.4659466192575825
1.547343250324276
1.5684675916814828
1.5720169515968097
1.5589351085711391
1.5311514815226197
1.4911016195367235
1.4413735073859286
1.3844857434046054
1.322818562409809
1.2590624783029856
1.1968434106394836
1.1394030753988909
1.0884022731934204
1.044504731822566
1.0080411015454613
0.9792178998066319
0.9579932056428823
0.9436725509759244
0.9345517446885233
0.92978240365913
0.9286640517325431
0.9307464991675716
0.9356855274297178
0.9436872982637255
0.9545143488221429
0.9684711072217088
0.9841907765198624
0.998392571039415
1.0104921762965808
1.0208495212621023
1.0301198492878434
1.03886635431037
1.0473721650384413
1.0553684271603618
1.0595695838741386
1.0524842076597285
1.0448311122417397
1.0426117098685341
1.0479002322406834
1.0615437447269167
1.0834612884594184
1.112795735615891
1.1480692488255388
1.187355484318512
1.2624736587337169
1.3525914732935367
1.379344689203076
1.3292060524745934
1.2159323403414155
1.1502638257107085
0.9257771859798435
1.035745806121039
1.2140539951573819
1.3987596274736316
1.4880504965601775
1.514054573889169
1.5224662653480914
1.5141415760279284
1.4910973738822946
1.4558615688595133
1.410946113109003
1.3586157158875491
1.3011152452608739
1.2413505061414218
1.1830271694347911
1.1294518776193703
1.0826073848007618
1.0433550168834897
1.0119540329850034
0.9883815469843047
0.9723571368155781
0.9627956890246245
0.9566994180004813
0.9542643082377165
0.9558149390569324
0.9607194201700762
0.9683257635565902
0.9788859873692485
0.9920319341296234
1.008203246424476
1.0260392339261888
1.041870743427099
1.0544659224477433
1.0633753318897068
1.0687212459119386
1.0710015700963127
1.0709404329715042
1.069231494606675
1.0638603251615915
1.04640361301383
1.028977376524201
1.0166555703813924
1.011858830059563
1.0160756796806008
1.0298908205298525
1.052988552195688
1.084179200104974
1.121468269189843
1.1968205278634367
1.2925978397309545
1.328647360800645
1.2756965038564527
1.1596980338721217
1.0937669976136841
0.8602020069220208
0.9617696862807609
1.1397494506382295
1.3324318673640831
1.4314226476379643
1.4634437504773419
1.4779461882678557
1.4755991816961234
1.4583661989346726
1.4287516911730131
1.3891888320970858
1.3418598711900214
1.289072990220293
1.2338624295300655
1.179904874994689
1.1305224505069378
1.087870138940486
1.0529217116076162
1.0258663011775189
1.0064786466533675
0.9942613576712638
0.9880912822288103
0.9860443085078978
0.9885730415817099
0.9951545130190957
1.0051157800388397
1.0175415928677682
1.0329182071222711
1.0506855333118679
1.0714439826480244
1.0935090679148975
1.112361241184894
1.1261003192119394
1.1334198202615267
1.1337990874752975
1.1275882557905261
1.1158618108881535
1.0997728417180377
1.0786118224504504
1.0512342687627616
1.0227263290342032
0.9981396047731195
0.9808994363474828
0.9733492439404953
0.9768051599058607
0.9915396361891383
1.0167592667848935
1.0505758185733864
1.1245132316137785
1.220553946837067
1.2587907728504073
1.2104638315238978
1.0965162264811097
1.0436187991857142
0.8048494729085304
0.8966340930257022
1.074224606319817
1.2747464343657255
1.3838005947248295
1.4224108157721673
1.4437934807002626
1.4482925676703002
1.4376677053286553
1.4143195262393373
1.380639038478737
1.338825177015633
1.2912383721422502
1.2408827102333815
1.1913138507671126
1.14584733591116
1.106796019924546
1.0752887701094997
1.0515460464853976
1.0352709387530012
1.0259384013599693
1.0229605935678292
1.0262114362749557
1.0352142829793116
1.0483173606438039
1.0649783162416713
1.0840163930419617
1.1062969947564818
1.1310343613548774
1.1590874897197152
1.188194955425742
1.2123332355417007
1.2286421865226866
1.2347641024048868
1.2294549702037587
1.2129881171154073
1.1870328845196458
1.1538342116067113
1.1149562024024653
1.0718406946180132
1.0279834531996495
0.9879246998903733
0.9557181536552389
0.9344060261544791
0.9258662908333362
0.9307969336939216
0.9487174474182604
0.9778904009029903
1.048582489587277
1.135943433386163
1.172092918259738
1.135779990589811
1.0325436758888933
1.0022183751862401
0.7629937880303458
0.848575565555152
1.025030289330729
1.2318628671439282
1.3505035597858597
1.3959216532742758
1.4247119080914008
1.436754681885305
1.4334497764640435
1.4169962628326342
1.3897238330444215
1.3538448605846336
1.311703124338305
1.2661707326691038
1.2206343358690719
1.178401128690136
1.1419869968590413
1.1128002851464471
1.091290054809775
1.077336771915319
1.0706840478561361
1.0713653534862688
1.0800981489753663
1.0957262027688457
1.1159156750039156
1.140279106008269
1.1673391273082403
1.1984621117718928
1.2326365224953697
1.2711212216568926
1.310808668885699
1.3432832904990553
1.3642334336499773
1.3699635475182408
1.3584666193895636
1.3301267715563916
1.2875517301980834
1.2344419415084285
1.1741757191103745
1.1098578803835373
1.0455993644024182
0.9863368036139268
0.9366513106827629
0.899984642182717
0.8784026366207492
0.872651394970591
0.8822459816102644
0.9053693855879448
0.9682073096093127
1.0400184675518283
1.0754410625239772
1.0562262546757324
0.9730861427961484
0.9706013277783292
0.7363283877715694
0.8198765453391624
0.9955197961328778
1.2072348655815472
1.3348829105674076
1.3872890319260693
1.4240303096825886
1.4444010925579729
1.4492698025820663
1.4404825016546172
1.4202056143365889
1.3905926579492278
1.3539075022049618
1.3128566048687134
1.2706673904937842
1.2306750430855726
1.1956752654672274
1.1675001261763014
1.1470232360053585
1.1344950255929762
1.1300213303749251
1.1340605670391877
1.1477665853126644
1.1695749924748091
1.1968490073970124
1.22948831680173
1.265754162336421
1.3076470989230595
1.3539395268149985
1.4064123056643627
1.4607191284718541
1.5049300015474987
1.532694728472939
1.5387327628577143
1.5203770301789021
1.4784451749604703
1.4167830083596116
1.340565238547296
1.2547182180594816
1.1642006949628678
1.074895242333008
0.9930025136260412
0.9237610505621501
0.870705737064781
0.8356024458047291
0.8187159755351748
0.8190259179307261
0.8340410491113041
0.8812400763487329
0.9389164343942725
0.9770291443066993
0.9778324172829762
0.9221821658692009
0.9487533326114245
0.7251008984036124
0.8102664400260702
0.9859123741594548
1.2014587733804518
1.3377704347790058
1.3975127145422352
1.442983042097365
1.4727796944445672
1.4870396769532745
1.4870329074635658
1.4745711327713946
1.4516160669083984
1.420291438774998
1.3831582319253928
1.3433628912221671
1.3043645023607129
1.269342836625637
1.240677081154185
1.2197915177503382
1.2073841389441315
1.203888305722569
1.2100233237749025
1.2272911547662757
1.2541689637213393
1.2880908634918222
1.3293618861587313
1.3759856420997196
1.4306653519294892
1.4918803948865484
1.561934690920219
1.634683464700699
1.6935026233391943
1.7294913225318376
1.7357325057055275
1.7092962964682132
1.652019389215103
1.5692671749727178
1.4673488659289775
1.352394783473966
1.231657073809637
1.1137331533513286
1.0067702535222502
0.9167687855260336
0.8470313969106987
0.7985074703071265
0.7704163088164827
0.7606216241925261
0.7654349460215306
0.7931715710034009
0.8408586109103201
0.8844773885419223
0.9061955101782664
0.8823071552250753
0.9359264922124287
0.7286938045543321
0.8184171443351453
0.9944820424039129
1.212679211202175
1.3574218304786072
1.4250190586663412
1.4802810295057713
1.5210101906213693
1.546378645940049
1.556777044951373
1.5533711004160347
1.5377202104400896
1.511723640715182
1.4778492809700416
1.4393120510570578
1.399869423182164
1.3632309786613042
1.332421916662673
1.3094607744261202
1.2954656095900328
1.2910870805440897
1.297147427143539
1.3154979809656617
1.345485840054235
1.385276718499268
1.4355409042068923
1.493726356527456
1.5630777938756328
1.6415511674580237
1.7318367067062275
1.8254173930332576
1.9000975497756816
1.9441430784754163
1.949206936029969
1.9128582623282533
1.838984638861443
1.734776625233206
1.6064945002673323
1.4606045774767913
1.307274229301772
1.158788350215886
1.0257638205114905
0.9149499172874669
0.8290716104805693
0.7677988145070666
0.728844875990833
0.708609687807692
0.7024271235845584
0.7124044002761913
0.7531541256271126
0.8035805269032121
0.8451146862445318
0.8540546750599532
0.9309192707574082
0.7461060677529602
0.842467750156837
1.0183020066453154
1.2371609711703468
1.389806879373478
1.4657546126588294
1.5319932349245002
1.585455891149178
1.6240992221580466
1.647060902169892
1.654465227982321
1.6471607974557285
1.6266828337076054
1.5954636008162908
1.5569957073033398
1.5155927279193142
1.4756977805033842
1.441080327337282
1.4143453166629434
1.3969383253050178
1.389566375589554
1.3929125491381142
1.408942141074346
1.4392544850128755
1.4844186425791606
1.5444574444845403
1.6151779739706777
1.700087662858897
1.7964661894944856
1.9072630840101004
2.0213009004097797
2.1106494575329293
2.1607919607540986
2.162302386996739
2.1141623864511176
2.0239746848942177
1.9010581662712742
1.7483800614159495
1.5716046168210442
1.3851699909598238
1.206050603457527
1.0475916508467764
0.9171100439529524
0.8164153568916013
0.7435658511239099
0.6945356198849529
0.6643621351987244
0.6482223471954666
0.6445862052301198
0.6808184744474622
0.7378816132752438
0.7962388320831629
0.8355361467447533
0.9331010463867391
0.782295511582743
0.8876238129983871
1.0604352064632525
1.2758382863318998
1.4359919286302871
1.5218140541355498
1.602004029266188
1.672471884940198
1.7294809411074883
1.7702010589379429
1.7929407220867917
1.7972040586765905
1.7838285385718757
1.755244418778936
1.7155651980410995
1.670147511839705
1.6246095373933809
1.5837431308843584
1.5508381934889726
1.5276392014433082
1.5148172688489037
1.5127185061850779
1.5225788690402773
1.5505568066998248
1.6040550102571147
1.6757316813414052
1.7597529482412162
1.8604073664807483
1.9743653848733318
2.104705872095435
2.237449574851838
2.3392111500197825
2.393005828575582
2.3887199037343336
2.3278194597050748
2.2247009567564935
2.0874599910059293
1.9082870202453317
1.695581426631958
1.471491891758861
1.2587398007799893
1.0733400146313536
0.9226990506498486
0.8071810791972533
0.7228134002884987
0.6636722603728363
0.623854743528069
0.599106417711239
0.5853865630349533
0.6190676231813528
0.6824336235003257
0.7545889572139106
0.8192468152461347
0.9518520841420561
0.8777051742834618
0.9957598827061798
1.1506300894560968
1.3444920574598027
1.5083540029964755
1.6078899157751663
1.7109409987706903
1.8120944032850606
1.904514328936543
1.981105501092727
2.035745608098192
2.0643607490905405
2.065808471456369
2.0424243490075074
1.9998566136945406
1.9459314866930215
1.8888515793719953
1.835501305812271
1.7905495796576105
1.7565768648775741
1.7350920794118918
1.7283301566928244
1.7418995258337708
1.7796476362131053
1.838190400781544
1.9161996687164264
2.008271470719645
2.118479312551673
2.242406031474702
2.3826790495743935
2.5242090865395457
2.6334012287333564
2.696316204499934
2.706869799191444
2.6639659868268057
2.559343662615971
2.3837392917200835
2.1452942203990615
1.869696836794629
1.5890456053395368
1.330697066970099
1.1112087242586453
0.9360582270264134
0.8027765902204821
0.7047362846872292
0.6343355502794497
0.585456405202295
0.554299802381805
0.5351806934243993
0.5702608951033314
0.6399793972365425
0.718752227685996
0.7913972824928165
1.008148857910433
1.04745886337751
1.1599529121349519
1.2623119962477203
1.3983964086018366
1.5413632184295911
1.6422655590698463
1.758152454676293
1.883297386467471
2.007873571695532
2.120094752759816
2.209079903374813
2.2670513205357676
2.2906583218781007
2.281504555152143
2.2457174099825905
2.1924663737926955
2.131802645433377
2.072627912035195
2.0215812012974834
1.9831842732378762
1.9610153020540642
1.9591129399383758
1.9823115827027296
2.0279985015736015
2.088922824188727
2.1636018302288607
2.246895006978276
2.342025888558109
2.4447513952582627
2.5583877531888515
2.6773793248255067
2.786886796227081
2.8779410508254464
2.923323301747515
2.8905565047028845
2.762059188105132
2.5435932257285807
2.2613404571697773
1.9515954672714437
1.6488507601372944
1.3776765215975548
1.1504255356427782
0.9693585232271311
0.8305106562171581
0.7273118591514949
0.6531757296613587
0.6028201956145991
0.5723094113457751
0.5576527358056816
0.6008905705206621
0.6730809128455659
0.7381773320239433
0.7970976592878247
1.123158306823129
1.2273460541255603
1.2961369870848514
1.3324420118278448
1.4028921015076974
1.5047448206566614
1.5862460786340806
1.684941472229757
1.7931165033049952
1.900937090113408
1.9996932562187253
2.0823394505650814
2.1438050588348583
2.1813764170878738
2.194948752557368
2.1871116859363395
2.162939324987857
2.129242915044365
2.09329716011586
2.0615463093310646
2.0389743808424763
2.029400335008274
2.036190097128702
2.0623344463153126
2.103650995051735
2.1536422973053333
2.210861980978508
2.2710034371259
2.3360465490458946
2.403442047820937
2.4785054200276244
2.5662159607608115
2.6578909561212782
2.7308021720607925
2.7524243777002306
2.6991892261793775
2.565051562996006
2.3623520645766742
2.1161604633371023
1.8552164327583873
1.6039869552960042
1.3786336022723618
1.1868701112575986
1.0300655604915292
0.9059410562146539
0.8109122504488022
0.741500712527379
0.6945603684641465
0.6670269455879494
0.6569388362419998
0.7037798344209307
0.773905577728395
0.8224085463006754
0.8603132262626293
1.200108193138671
1.383816407973882
1.4129907360727394
1.3959423893185736
1.4015046515326206
1.443204699205044
1.4739494017997739
1.5080978416365522
1.5448124205349207
1.5827636546749182
1.6204368260320379
1.6565683175456318
1.6903643689879462
1.7214062684609306
1.7494104146221414
1.7741617129248048
1.7957986816998062
1.8152223020678016
1.8341002499214158
1.8541970698395651
1.8764488714874552
1.9005862324256289
1.9258018710360885
1.9523044372512282
1.9794553144211595
2.0088116419853552
2.0425502002913225
2.079255321286585
2.121097430203049
2.167740258165603
2.2224825075756556
2.280520171493735
2.3239811704716224
2.3384754214089254
2.312299669244387
2.2407112378054093
2.127548800544005
1.9836020867988449
1.8228591627547184
1.658661784284027
1.5012838565511901
1.3572634705318427
1.229953446367274
1.1205518923866602
1.0292544404409154
0.9572977217074721
0.9040525724702033
0.8677138878732663
0.8460120931161943
0.8359483537777327
0.8673129785288975
0.9259049325479911
0.9589241949748829
0.9552715835765425
1.1357891807158171
1.1794025199854525
1.298323217170071
1.3861426749512695
1.4228921239348693
1.4314342246729526
1.4375793160405876
1.449033458564581
1.4693989414517843
1.5023766742086717
1.5515943981325853
1.6203791924682456
1.711407094222444
1.8260666169901634
1.963320475167069
2.1178966503984107
2.278026914275236
2.4251680569770366
2.541674312480366
2.620997907101882
2.665753439899637
2.681474474548077
2.673921701084814
2.6485298297642763
2.614785241558227
2.579411212134197
2.543477653028992
2.5095505556191986
2.4767793681264467
2.4476535554872245
2.4231108968408748
2.4072359039973525
2.402189997372616
2.403523051099915
2.4033957983712075
2.391483942532822
2.357171899509078
2.292734713248919
2.1963533675826326
2.0734851444473144
1.9363998579210886
1.8088466133210834
1.7161300432025794
1.6271412843647044
1.5319445305103832
1.4341244615303823
1.3398087468801583
1.2545936868000003
1.1821966298612767
1.0908159514775992
1.0731038058791298
1.218919017568694
1.5744584283661136
2.1742568008428207
0.9862685002573502
1.0378364943788017
1.107064225885035
1.1523187933835424
1.1629382520393245
1.1670646633450488
1.178039612839728
1.2011037792854709
1.2407670164999705
1.301020191722383
1.3850805130322272
1.495172620255585
1.6321840833877628
1.7950083724133048
1.9796225946236687
2.1782867254016076
2.379511338257706
2.569386491641408
2.7342135916951826
2.8634260284589352
2.951484416618205
2.9981730367873864
3.007673222221431
2.987121294298879
2.9500525349107978
2.907777126269867
2.863141034663834
2.819728973011134
2.776143813294319
2.7346728787940813
2.6944405612619984
2.6579753095378145
2.6281595355226806
2.600365082343142
2.5677583175200853
2.5224410127188066
2.457422247541307
2.3689791597723566
2.258390631782387
2.1318341284960094
1.9977943586658664
1.863104593173927
1.7309943453281258
1.602819166878052
1.4804899711264627
1.3670241595423742
1.2657227226849763
1.1792594100082359
1.1093380181292254
1.0266403542234332
1.0141981451138344
1.1312448262017003
1.3809394296988335
1.7859202666719391
0.8633657353770489
0.894621442722991
0.932361704335951
0.971533034519247
1.0039930073560548
1.0328385171360233
1.0589235916953672
1.0975231794706095
1.151905066059432
1.2235526197765185
1.313328369108188
1.4243849803440567
1.5600549001019397
1.7205843448517253
1.9021054205777421
2.0964179694946243
2.2915078591516425
2.473158884827994
2.6275433133381343
2.744073221555036
2.817514747044436
2.8486416788515054
2.8433553031033654
2.8107909867748155
2.7666069062733043
2.7213917790215443
2.676794807341074
2.635562566373285
2.595737576608552
2.5587886804288424
2.522993617171538
2.4890184207893657
2.4579841254339105
2.4252640146367095
2.385460263556539
2.333347501936326
2.2650703501770497
2.179230705205098
2.0772966513016504
1.962978129859467
1.8408982017172628
1.7154645027205535
1.5905562017847832
1.4697651335622668
1.3565504325534536
1.2540308933995885
1.1645955717098
1.0896344267962663
1.0295516666167015
0.9567849421898609
0.9299536994943892
0.9822622670807424
1.1061184388422496
1.386867983495897
0.7875181781635963
0.8001527233721347
0.8034914111529874
0.8365304192488348
0.8902154926318405
0.9423848303027758
0.9799944718609901
1.0277258375096543
1.088973940327529
1.16685659714064
1.2635509543793007
1.379716308805646
1.5142196106995982
1.6642529020011247
1.825065395903769
1.9889685505085315
2.145156340236883
2.2813198238481145
2.386441904296132
2.4535742510301377
2.481467679807492
2.474480888475399
2.4409893143195727
2.391081669480015
2.3401337500235533
2.294926704876412
2.254513216432977
2.2200314656151967
2.1890537141115995
2.162215373299954
2.137733920052901
2.115216933385471
2.094007410198717
2.069840861008486
2.038477307680492
1.9963267741755837
1.9410742426534624
1.872154074677625
1.7908727146634125
1.7000605731931204
1.6033685653181158
1.5045412277370833
1.4069644557851495
1.3135207324429437
1.2265747807430736
1.1479355307281625
1.0787862444158662
1.0196626691346489
0.9705352816289284
0.9048436352631632
0.8573860557817813
0.8516707590666308
0.8836211486300111
1.0698226032357707
0.7773596017019364
0.7700092477421243
0.7614147316097891
0.7941830564964879
0.8628633200583853
0.9290777122543513
0.972841491901097
1.0249424751445788
1.0887850768302691
1.167379330615048
1.2621479681763434
1.372127234399749
1.4937042526103979
1.6210281098077264
1.7474191725801966
1.867700509797501
1.9766794712585432
2.065741576977347
2.126457306331406
2.1545445746803296
2.1511818109489553
2.122218935968057
2.076169746164161
2.022015682646117
1.9728184884636886
1.9323359254793804
1.8983094880566904
1.870988236252321
1.8481158293329913
1.830105433844266
1.8158773594916473
1.805208638815586
1.796423169801648
1.7852953631591415
1.7677042285060995
1.740388545819422
1.7014903383414735
1.6508129155122988
1.589777840096506
1.5210621043104033
1.4479667874801398
1.3737162191043755
1.3009598159809797
1.2316130526733824
1.1669461313300065
1.107741421214871
1.0544192156352599
1.0071272857683382
0.9658152462264041
0.9049231168443594
0.8469089616130732
0.8174988743616151
0.8152848273136611
0.9421598889009075
0.7952729075465312
0.7731678073664946
0.7622669989030462
0.796157790111471
0.8723391449896358
0.9457369914702184
0.9929881767446401
1.0477839275588088
1.1131254993559554
1.1913192824174912
1.2826149139191168
1.3845019422370444
1.4918857438471282
1.5981968986394315
1.6973735957415315
1.786374350884855
1.8641138208159824
1.9246431845368117
1.9602954597963955
1.9679448161165798
1.9499751645908066
1.9127248948101663
1.8641619235961315
1.811916202010917
1.7668768071250602
1.731145564247925
1.702076091894327
1.6795846343145506
1.6617339249941825
1.64899095449423
1.6410351405826702
1.6382775892262402
1.6384795336442581
1.636932535566448
1.6291434633232875
1.6118927905335987
1.5835974877368675
1.5443241277244477
1.4956059781864615
1.4400599552322901
1.3807895541378459
1.3207001784362113
1.26200372444303
1.2060968863906583
1.1537246825732141
1.1052173618877075
1.060676497823402
1.0200953276864309
0.9834303734632764
0.9262099840532794
0.8651539215413886
0.8281977485557934
0.8165148035205612
0.9089692858562909
0.8269681603565179
0.7919145523553897
0.7791044203381784
0.8142118987623949
0.8963862787340535
0.9757291058659371
1.0259521244357166
1.0829715306231933
1.149272374653108
1.2264402543185975
1.313747972060164
1.4076343095946826
1.5023398307123914
1.5915786973145218
1.6706059969266158
1.7372499552337832
1.7899674900639644
1.824770172562912
1.8369592593673274
1.8253787962656622
1.7937091813654786
1.7488150344125377
1.698177072475158
1.6480521962590242
1.607103385806577
1.5758338565405083
1.5512483076361683
1.5329585653464164
1.5192575173746283
1.51056183037579
1.5071930802892137
1.511028705791664
1.5198747859039545
1.5273261934112552
1.5282570919720695
1.5197192014763512
1.5005113492576263
1.4709342944956192
1.4325677797048537
1.3879397956293722
1.3399775446786564
1.2913185586352975
1.2438239986263793
1.1985188416295143
1.155816427403834
1.1157841412846379
1.0783414008901686
1.0433872984038421
1.010872737263506
0.9576976613425711
0.8959339226481354
0.8542852608824887
0.8371931928972486
0.8992548070170733
0.8739881604268239
0.8261247755823454
0.8111816627878425
0.8478704054827426
0.9363588434518758
1.0216011039397224
1.0744982159537153
1.1331471966623325
1.1994983024680266
1.2745030900605305
1.356699664656447
1.4419110614042936
1.5242790143387972
1.5981995360667303
1.6599862533725311
1.7077618351404988
1.7394761226689348
1.7518481511761563
1.742383839398663
1.7121485180349074
1.6663544168730817
1.612619541119626
1.5583870791689607
1.5090580736740393
1.4714001326762434
1.444210398666321
1.4240069434086857
1.4100392065461553
1.4007880362426093
1.3964226842816414
1.39690406713654
1.4022155430928003
1.422124193305843
1.4380160893106635
1.446727317296857
1.4462065041339531
1.435639024226284
1.4153974796533089
1.3869439355127275
1.3526357150429322
1.3152116091357604
1.2770449196386102
1.2396872003727595
1.2038947955804093
1.1698792147602866
1.1375609396907413
1.1067577700680125
1.0773089681250259
1.0491449795384722
1.0010009221867129
0.9402415705186813
0.8943287168608415
0.8704984325492839
0.903055590984454
0.9345486356391066
0.8746653675013404
0.8581502393785996
0.8973372957019579
0.993205270853848
1.0841647807561272
1.1389525654945831
1.1979319247286724
1.2626422528044694
1.333629620020346
1.409022963727313
1.4844253067789923
1.5542114694104727
1.6134775931867962
1.659234571383901
1.6897675955501585
1.7030223034389167
1.6964768154549117
1.6691796737334708
1.6237631237093426
1.5664581421559638
1.5052374817436733
1.4474164856062524
1.3979589748559504
1.3625437697209042
1.338674567560245
1.3224347007207096
1.3127620776912272
1.3084488018436828
1.3097763436819378
1.3175646486437844
1.332636448439369
1.3518759723362908
1.3706503664901983
1.3844674804330814
1.390680933402434
1.3881628756787523
1.3768977232923199
1.3578979211564564
1.333201482500514
1.3053568026774474
1.2765367143237363
1.2481125712843462
1.2207072405706403
1.1944272408920484
1.1691172824881033
1.1445507895521763
1.1205393419504714
1.096981264042103
1.054939560276804
0.996871919589533
0.9467929199545372
0.9136023283845681
0.9183331674777498
1.0047361461694686
0.934767183184424
0.9186981120359328
0.9620499696168469
1.0668897435370694
1.1629736432537285
1.218270231974465
1.2755159742942475
1.336089470502402
1.4004391005047743
1.4665986608071608
1.5302375740314254
1.586139494530727
1.6300906896982335
1.659733479896713
1.6737108198971633
1.6703515231733193
1.6479381646011289
1.6066195382303983
1.549955839574989
1.4846017674429535
1.4184312715735645
1.3583625697024768
1.3089282592613238
1.275149176251389
1.2537501270995293
1.2405401660347577
1.2341957437404938
1.233668850658827
1.2391386306526293
1.2515508230096595
1.2710914891737533
1.2936842947106693
1.3158194469553124
1.3343555865913836
1.3470756035978182
1.3526859611353792
1.3506118571793506
1.3410655419653728
1.3254651864846294
1.306248752438733
1.2857105243557532
1.2652719126493213
1.245491175742415
1.2263689778440248
1.2076815247957862
1.1891933050345742
1.170726390211708
1.1521485627899521
1.1173820277294093
1.063810706232512
1.0102787920433904
0.9664446578976505
0.9445466016412304
1.0792168294943971
1.002454578634686
0.990230883874442
1.0400952087134934
1.1556420481303138
1.2556665458711054
1.309536658435002
1.362384203621748
1.415761109283483
1.4703252613724476
1.5242514741339015
1.5734636244744822
1.6133010001217043
1.6403698669959894
1.653154224207819
1.6509894216730288
1.6328315096560726
1.5976337565524048
1.5461338932874484
1.482163048786175
1.4122256075326207
1.3437252985724821
1.2830173011894803
1.234194660405421
1.2018171127067108
1.1822125020828387
1.1710792636777776
1.1669227356535388
1.1687669161925476
1.176677347457703
1.1916700510447433
1.2138405501208038
1.2390907926086367
1.2645357245324544
1.2876899997463305
1.3066976975526763
1.3202147943581293
1.3272074636793325
1.3271103370036181
1.3205791268847873
1.3098284120791759
1.2973831210704696
1.2848244205805748
1.2726620906304689
1.2607672034372743
1.2488398879392837
1.2366673986249332
1.2241332332644295
1.2110990873395546
1.184976118418377
1.1380933879455553
1.082942166016544
1.0291199092447292
0.9817227330159688
1.1527326462364196
1.0731264635630706
1.0685463810113423
1.1277139405728236
1.2553530149556635
1.357498396066772
1.4077091835385014
1.453342041501661
1.4964508407550492
1.5381120444987642
1.576766694441851
1.608732344304136
1.6301066353294955
1.6385995825425266
1.633890406598315
1.6163144566643781
1.5855048327268204
1.5407720274584886
1.4828814306037532
1.415339960650228
1.344041691197688
1.275665153689978
1.2159262750563538
1.168506503061308
1.1376139967198657
1.1194613097111672
1.1097892302055716
1.1070336374503718
1.110279126162881
1.1195286077777262
1.1358657872690778
1.1594497531207941
1.1863614209237252
1.2142095896392824
1.2409840263618754
1.2651065886379351
1.2852176232816725
1.2999803105090781
1.3083503342124359
1.31049010111098
1.3082841971717274
1.3042171969619452
1.299916925807336
1.2958223785302516
1.2916530901856214
1.2870088341787234
1.2817035423139571
1.2757220851712177
1.268962029241756
1.2531079383636283
1.2156976813965732
1.1618207781936016
1.1003201764053785
1.0293506685012404
1.2212300224090489
1.1413765923121864
1.1476807688717718
1.2191175330815418
1.3593312348472815
1.4612105810298022
1.5056893963162121
1.5418396412241162
1.57238209489544
1.5988234973777287
1.6198947500425944
1.632453937181897
1.6336310789334765
1.6225942467496588
1.600556789176786
1.5690060548756164
1.5280813491382572
1.4770207420616017
1.4161240678884182
1.3481693233120704
1.2781843552170613
1.2120110681253664
1.154714925738529
1.109597662661017
1.0805475532917008
1.0638492062793852
1.0554142283142505
1.0536876424837303
1.0578286010415996
1.0678063349680904
1.0847413946033753
1.1088521724596716
1.136433115542379
1.1654929949650148
1.194421069931966
1.2219165021458023
1.2466985007359537
1.2673136926337836
1.2824831280518934
1.2920824881428488
1.2977081575328717
1.3016840091196953
1.3055763721614264
1.3097099884087762
1.3136141394953154
1.3167263463483252
1.3188333300115862
1.3200185361251744
1.3202581832345184
1.3163942473232455
1.2916699033974208
1.2425458553092665
1.1767863861353738
1.0855394415221684
1.2814163063427804
1.2004736053657894
1.2202431280266541
1.3068346201898102
1.4587289122312774
1.5575383611179114
1.5949081618948133
1.6205981968594312
1.6378100473736568
1.6482485384272592
1.6509063833997202
1.6433594456687002
1.624050354626973
1.5938995709153148
1.5558633615585762
1.512535947313062
1.464211103620896
1.409619505125024
1.3483025926175478
1.282184416368382
1.2154001379059851
1.152968969536382
1.0993276229480944
1.057409831457597
1.030742885348426
1.015778417636147
1.0086934306143804
1.0079867899131976
1.0129114548582385
1.023396129790832
1.0405353935331743
1.0645007324837665
1.0917552854789758
1.1206536068469195
1.149989325302552
1.1788151729047465
1.2060686871857043
1.2303509498553065
1.2502904760041857
1.2655537173951539
1.2774930496980454
1.2882929419521938
1.2994756590930985
1.3112777997573097
1.3230341849833647
1.333953112629426
1.3436933260265747
1.3523795217757872
1.3600929658239282
1.3696226202444142
1.3606215741347656
1.319591172025953
1.2533707741474602
1.1465595318773705
1.3295298055662652
1.242981164888198
1.278462934728437
1.382679315064397
1.5438695030632699
1.636776516591557
1.6667441161040193
1.6826480288338839
1.6876129079368296
1.683163130643135
1.6685294017547716
1.6421581104172773
1.6039478255852215
1.5566650285809127
1.5050613496025813
1.452664957256271
1.3994826240244065
1.3434220837671802
1.2832680905307912
1.2202458005359804
1.1577403994740247
1.100024309013483
1.0509227340829774
1.0129839338615894
0.98928906722986
0.976484494551388
0.9710771963351567
0.9716370028303625
0.9775271745134182
0.9885918672660396
1.0057952631818026
1.0290644650283254
1.054951657377027
1.0821831183955681
1.1100593119708024
1.138119186167343
1.1656538070390554
1.1914276846707597
1.2140171669410385
1.2328597726591595
1.2490757441929483
1.264792347087388
1.2816033109489429
1.2997685738680278
1.3184906754468424
1.3367166847781897
1.3538581077048968
1.3699632889459097
1.3852003063400442
1.408755840405197
1.417535582066737
1.3870165835689563
1.323632637733271
1.206846779094613
1.3611768142537297
1.2626043125594693
1.3157773834347706
1.4391695167255047
1.6062873401424598
1.6913521564865113
1.7147539707295583
1.722820015775135
1.7180200629496398
1.7014298986916352
1.6725301377745823
1.6306632255640954
1.5770218330576808
1.5159552618487875
1.4539394039207107
1.3952884986203782
1.3392829173176994
1.2829371705379329
1.224605958835606
1.1651481895425457
1.1073873515708654
1.0549095555422494
1.0109134354084366
0.9775169141301979
0.957265335358149
0.9470035794575404
0.9436212455630857
0.9457766254471651
0.9529669585878945
0.9648850195203305
0.9821959338591078
1.0042652300675508
1.0276722829869747
1.0517081945325444
1.076389070452705
1.1018616320393968
1.1278250084746169
1.153217807277585
1.1765168838169182
1.196844563305431
1.2150757658861036
1.2333975226231333
1.2536504728790603
1.2762879334217787
1.3005082047720873
1.325031714483101
1.3489269240309691
1.3719916128112812
1.3943709888317695
1.4315760561362938
1.4586055224225034
1.4395111191107781
1.3809227699558968
1.259585480332307
1.372597616190842
1.2561657200187102
1.3283348336978062
1.4709420425340192
1.6406495634444807
1.7179009238546492
1.7364180193311145
1.7390795047081324
1.72750781504018
1.702371453621721
1.663484835091691
1.6109944022513032
1.5469157808709721
1.4764030280093174
1.4073831544308315
1.3450043205759987
1.287457359155849
1.2312073912851882
1.1747540221601063
1.1189079148109593
1.066039080191171
1.0190475556041878
0.9804558764705067
0.9518863076941659
0.9352780121605957
0.9276849717730673
0.9264306568811903
0.930318697421701
0.9390544967129631
0.9521758467184293
0.9698032601972555
0.9901642273482403
1.009946588904209
1.029533003000579
1.049852702752627
1.0716023711995493
1.0947882255801678
1.118450145836474
1.1408875286233384
1.160794669150835
1.1787733970329364
1.1972211541789748
1.218432789997704
1.243239682531544
1.2710040391606143
1.3003389151678337
1.3299607611124595
1.3592407814964607
1.3880730528564331
1.4376387305860943
1.4817395825508184
1.4734244301565238
1.419771651905323
1.2978964624261728
1.362294508121654
1.2245812548853157
1.3156933150832846
1.4756153733086794
1.6456270189770439
1.7173323842020742
1.7331207152097903
1.7328230580141193
1.7173950787091201
1.6873712220899801
1.6430501000673112
1.5853095200923695
1.516553789689001
1.4416299825751773
1.3689413882655206
1.304680100720963
1.2459666314150841
1.189684926254006
1.1349881587710988
1.082734485056609
1.0348224319853416
0.9934244580726058
0.9603304437046756
0.9365933233228206
0.9234933247974793
0.9183038269107621
0.9187985411789783
0.9239940782395356
0.9339032068490161
0.9481538080668659
0.9663228017281231
0.9845483372299426
1.0000804028428691
1.01506698017496
1.0310580705248706
1.0489587202191586
1.0689110038451812
1.0900239830886636
1.1104190833112435
1.1282563254339728
1.1438030038370854
1.159866615991299
1.1794175073807347
1.2038059382378017
1.2327132265248837
1.2648285279835094
1.2986398751497121
1.3330326899631957
1.367392977789428
1.4274776656729125
1.486489390299195
1.4874535609005795
1.437173698772516
1.3163792440035211
1.3319142446803889
1.1723756885023202
1.2804136068445373
1.453785082435335
1.6235580494230784
1.693612901488035
1.7090486307001955
1.7081880943621264
1.6916223414015903
1.6600361401474617
1.6143196089930218
1.5560272853025596
1.4878413900676846
1.413885054250518
1.3409607974427031
1.2753200514738303
1.2151195689534862
1.1587182569574934
1.10586064999378
1.0573060626271003
1.0144157159559097
0.9786187268524144
0.9509519705728497
0.9318394112900346
0.9218647377461535
0.9185194421648184
0.9199821509026684
0.925459432392579
0.9351201180962748
0.9487126158080035
0.9659570940845774
0.9827813851447726
0.9962050500080395
1.0086166035415847
1.0216925524127738
1.0364288487847313
1.053128704600065
1.0711168560063935
1.0885179231461781
1.1028519716204224
1.1138465840892404
1.1250306049597705
1.140281545160133
1.1614940523062742
1.1887510074857295
1.2210066260744883
1.2567443156636449
1.2944942813098765
1.3330483637413262
1.4015695653892344
1.473478121705562
1.482747111305083
1.4331949968044493
1.31245410668219
1.2859537689993232
1.1061811789030054
1.2268797559642182
1.4083369696775687
1.5794837414045264
1.6525164429812638
1.6700195578552999
1.670955330526422
1.6557927936017853
1.6255203580371562
1.5815860926948242
1.5260439112958692
1.4617094014080174
1.3921603961339997
1.3218131590747875
1.2552559258979357
1.194070489305972
1.1381580015993857
1.087605001946151
1.042976432551275
1.0051171195822648
0.9747869412530662
0.9523242472239478
0.9375124406632482
0.9302492706663814
0.9282825415965068
0.9301930762308255
0.9353645387430463
0.9439899381669882
0.9558350794189364
0.971043188840156
0.9874550759400914
1.0015460344406926
1.0138182252825247
1.025529408245269
1.037718664736251
1.0509299684479914
1.0649486539643676
1.0783400366132343
1.0879174758555314
1.0921556062784414
1.0959883550902112
1.104406605628709
1.119670497700615
1.1422610696940658
1.1715518554974786
1.206265786012426
1.2448335306492269
1.2856039753701198
1.3601508225920864
1.4437055045747673
1.4623382453039213
1.4104037565139134
1.286914244519265
1.230572516920167
1.033150086281838
1.1600074677713355
1.3438672976159602
1.5201924098258444
1.600671502604389
1.622508575021259
1.6274719399164066
1.6160204663060385
1.589439212334488
1.5495649273360952
1.4986508645104817
1.4393002520607636
1.3744020280939935
1.3073704061794826
1.2422799526409027
1.1820614884431329
1.1279061099584167
1.0803399994772476
1.039827898364016
1.0068323145161546
0.9816148311805915
0.9639658889608469
0.9531091328131754
0.9483984230828246
0.9479744866309645
0.9508674818616893
0.9565862356670038
0.9653851193381278
0.9770470503168982
0.9919834806110935
1.0088160478740755
1.0240270660656388
1.0369069358784024
1.047753947898515
1.0572308556078454
1.0659778776371973
1.0743743471683562
1.0821367794486916
1.0860502560183978
1.0808478178022642
1.0750374676086643
1.0743747429962123
1.0810763480937395
1.0960284889500613
1.1191588732974116
1.1496395083327329
1.1860666474563388
1.2266028901375332
1.3042625633366542
1.398119137882649
1.4293699078834712
1.372045244376756
1.2434706994718072
1.172153180240759
0.959997985157912
1.08416703266102
1.2673796144345306
1.4535378740351053
1.5449379248309905
1.5729966572817975
1.5839259204725828
1.5781465842411395
1.5571076554998586
1.5228117355192283
1.4774659737358018
1.4233491313890665
1.362996485580432
1.2997336577927994
1.2375834694187884
1.1798716618345078
1.1284878321837957
1.0843264827585208
1.0478265989903832
1.019205993776539
0.9984305635454187
0.9850032282927315
0.9778690391174589
0.976166131920371
0.978424535551474
0.9839405295248144
0.9921040404521707
1.003252170123697
1.0170539370316458
1.0340625499986202
1.052984416560931
1.0700055709109746
1.0837328026252748
1.0935434119109004
1.099467509361519
1.1020292349090652
1.1020907128237243
1.1006777247288826
1.0988201367696195
1.0799748025959965
1.0633137862370863
1.0517225099516079
1.0474940354918594
1.052119383210293
1.0662172844786668
1.0895493550014117
1.1210657871751053
1.1589603715897807
1.2365754717310946
1.337448320740326
1.379110914673259
1.3199529285273883
1.1876133193522933
1.1161658287548675
0.8927110741920717
1.004377743207282
1.1892771557434474
1.3877764489756306
1.4920357261028374
1.5276630095102868
1.5460786907187505
1.5475266553923335
1.5334195534069657
1.5057325844376857
1.4665393461515603
1.4179213613210604
1.362348413512929
1.303198637216885
1.2445007341402539
1.1897969041455498
1.1413875820498784
1.1004335066275395
1.0673806799359646
1.042294809688751
1.0249999370723668
1.0150421930969975
1.0117308700032845
1.014224198370229
1.0208956277740124
1.0310454096468253
1.0437762732721365
1.05961606458908
1.0780332707015081
1.0997404578749455
1.1231339050189872
1.1435350925088934
1.1588640970575559
1.1675793358718296
1.1689774136799307
1.1633590253668376
1.1519319767827974
1.1362997799632408
1.1164447928557482
1.0898090775397085
1.061653012462949
1.0371804129012325
1.0197582615887566
1.0117487791641548
1.0145279932779423
1.0284660346762606
1.0529185689340184
1.0862089380602074
1.1607160567067933
1.2621807007868948
1.306291828739466
1.2547244936770705
1.1253841612880968
1.0665690776297307
0.8362869750111432
0.9352497522984274
1.120472835806335
1.3305369807491396
1.4481379946441728
1.4921554216124928
1.5191796692701387
1.5290800341802746
1.5230117199623576
1.502771025393912
1.4702861692618043
1.4275482895092313
1.3770217015462771
1.322082504468128
1.2667622707138042
1.2147951385044713
1.1688318093333596
1.1303158888076272
1.099794914655051
1.0773107166803884
1.0626961380470306
1.0557755795425794
1.0565943239735516
1.0642675969741322
1.076658763493265
1.0930462386692248
1.112194452540146
1.1349593390114068
1.1605711308562823
1.1900047680220454
1.22104479276379
1.2473809430066956
1.2659223545062945
1.274031375833349
1.2702109783601472
1.2546044801361522
1.228966329946425
1.1959351057292218
1.1575975477771598
1.115149096935077
1.0715322223032544
1.0311511581976147
0.9980886464174944
0.975472395402374
0.9652861458138132
0.9683363981032613
0.9842511187450197
1.011416341472036
1.0795572709948142
1.1734558069529022
1.2161530988807308
1.1786117933624916
1.0624848303477994
1.0256970584605074
0.7940904698573711
0.8844453242220036
1.0682323721489264
1.2876344193156588
1.418236213630759
1.4711432043132475
1.5076735451836525
1.5271181916857652
1.5301498332356052
1.5182304743236295
1.4930938787059425
1.4566425264288072
1.4112961745444965
1.3603734820068187
1.307911724790258
1.2578627500158304
1.2132776128696838
1.1759995878030103
1.146848759252024
1.126024658354751
1.1135175739535526
1.10946559281967
1.114453362763273
1.1274514494132815
1.1460226002653993
1.169587645866564
1.1965946920036492
1.2283687018863407
1.2639073710840298
1.3046022150839418
1.347312865440598
1.3830744623236424
1.4072283552992118
1.4157369090926064
1.4062839822081004
1.3790619484693472
1.3367311935333035
1.2833936296167443
1.222981190883079
1.1586415588256738
1.0940336737004401
1.0337874536249574
0.9824480696618014
0.9435628768977633
0.9193374405413729
0.9106269829810525
0.9169926745726124
0.9366173256621974
0.9941735928031036
1.0748348392809017
1.1165605605160869
1.0969361473544754
1.0037599463801399
0.9944533136482567
0.7675151354758906
0.8533607912773723
1.0356274377078702
1.2623489487361912
1.405463998752502
1.4676979928712746
1.5146408708067525
1.5448270712252927
1.5582144644205027
1.5557268255617211
1.5387659373250304
1.509054348445333
1.4688973314721365
1.421530873813205
1.371033219150414
1.3216452697099565
1.2769290981986636
1.2392915954282688
1.2100168646386067
1.1896270225170134
1.1783456602263784
1.1765412656775962
1.185104621211494
1.2028842307064043
1.2274463026375215
1.2586149796197061
1.2946345652987223
1.3374509348626054
1.3858419491717586
1.44175160017569
1.5006977630575624
1.5498183567395032
1.58221993560673
1.5921655369335166
1.5766140589211441
1.5361485114068516
1.474658302744492
1.3977558411139959
1.3109575355729082
1.2193810732436414
1.128627982758579
1.0446471740565533
0.972646272103988
0.9162826318846973
0.8774794371037252
0.8566066576685607
0.8526716590140887
0.8632635619487387
0.9058009623930401
0.9726080039800303
1.0160849458229655
1.0165328283931667
0.952874787802142
0.9726356385892543
0.7564328202711711
0.8414594315674423
1.0228015359353724
1.2553734310186235
1.4106787967006227
1.482772958673482
1.541208411859328
1.583623105549554
1.6090147614367276
1.6174929846543533
1.6098829063326203
1.5875452535148022
1.5525716397572442
1.5081156735224275
1.4583813593935473
1.4080280909753002
1.361283725424481
1.321291552358546
1.2899629105533987
1.268251673411115
1.2566285558731851
1.255596890893727
1.266226312254807
1.2874877543039094
1.317336196730599
1.3562799433683586
1.402423929032481
1.458369549279941
1.5225682917552215
1.597530961133815
1.6769041680227659
1.7427093231651902
1.785244363672995
1.796954759497508
1.7744432265238532
1.7192651697989807
1.636800301422634
1.5338081094589207
1.417028686857085
1.2939400511260026
1.173048188607208
1.0624443558418262
0.9682257079860297
0.8938818565041933
0.8405421049572309
0.8075476189808151
0.7928908432870148
0.7933416522741872
0.8188108974539292
0.8742346315219793
0.9223332772431506
0.9434920712831425
0.9120276615988526
0.9592775804113784
0.7598641218408272
0.8472271410399467
1.028081547676017
1.265156086777863
1.4323787245249757
1.514932424390876
1.5861119070008673
1.6425670126286631
1.6820825411089264
1.7036026205676291
1.7070142571056872
1.6930276452488253
1.6633679275882556
1.6211160506944295
1.5707431095460038
1.5175288627359436
1.4665685843425738
1.421910803984586
1.3862099352229507
1.3608982724723362
1.3466633623112618
1.344045148227282
1.3541925749957429
1.376698920861148
1.410733564549762
1.457816707246952
1.5154481418037493
1.5865095536807747
1.6688437024750349
1.7654472552927192
1.8676309585396518
1.9515009211523546
2.0042601540158653
2.0167260340326267
1.985919018671933
1.9153607147944303
1.8120414931615065
1.6825697716704178
1.5340484287524891
1.37693453482268
1.2236634571972806
1.0851076875237273
0.9683485564660325
0.8764184479743725
0.8092149741587393
0.7646442706106138
0.7394573621613405
0.7297617964203211
0.7393727053303563
0.7864359974927085
0.8408418888289819
0.8817460794208395
0.8816302714358163
0.9529611445103872
0.7764179152015463
0.8685954211811413
1.0486487177696764
1.2883686761568545
1.4668888722885147
1.5603478770579582
1.6454773458788328
1.7179163812903517
1.7740051373395964
1.8111198758307347
1.8277399287783123
1.8235169999745608
1.7995759096709938
1.758919811773266
1.7064759261911782
1.6484213231741376
1.590973020148147
1.539254908706835
1.4967398052724898
1.4653357683397683
1.4458865178898581
1.4388409389472063
1.445154532555798
1.465580763854927
1.503190106844199
1.5601665000277454
1.6308031240057521
1.7179042815420318
1.8187573018091925
1.936860608643405
2.0610265820418423
2.161423964987685
2.2222759346696748
2.2332373519708772
2.1928603214819176
2.108205213811437
1.9874294796931955
1.8337417542979226
1.6536877207334388
1.4620200230466487
1.2761604785471847
1.110117494997285
0.9718495695816981
0.8636360975658125
0.7838506910542841
0.7288011967384342
0.6940859904991405
0.6755095395703389
0.6725063832133112
0.7139414499220493
0.7748126604648303
0.8327790155076561
0.8599626205393536
0.9523893710151629
0.8101674057981721
0.9099421873786534
1.0871775142303441
1.32628641931113
1.5160758155442824
1.622121513677466
1.7243982146265782
1.8174693762772478
1.8958008196860203
1.9544520179472882
1.9895936626450454
1.9989994671907971
1.9826809159329148
1.9434887380532129
1.8871388883199476
1.8212615236828205
1.7537476979923365
1.6911962842095472
1.6381120258060533
1.5969546356963158
1.5687379381053532
1.5537969121366488
1.5524378283843452
1.5633594801884714
1.6149352388366742
1.685013238876484
1.769163007919935
1.872013854327846
1.9905832368731897
2.1287259856997762
2.272622632095695
2.38686957368985
2.453141434926904
2.46065283945909
2.411153711820764
2.317261289343643
2.1832028219412556
2.0034065561694567
1.7869610542894585
1.5560812573114837
1.3343749830710148
1.139074341297946
0.9786213807172892
0.8540600776981647
0.7618811421859161
0.6966800020833731
0.653083587158368
0.626822919591441
0.6140130771348178
0.6518299131539
0.7189135606701244
0.7912302487325586
0.840779264346884
0.962813114325853
0.8963530658101766
1.0091156221509103
1.1718464219222111
1.3959835074793587
1.5949458955939722
1.7179563601449583
1.8467374533290692
1.974760162778455
2.093472952263996
2.193377121058007
2.2654507221505176
2.3028195651412497
2.3025242774385335
2.2668163149990272
2.2030980404904468
2.122125903927451
2.0352221862646775
1.9518532416521657
1.8784975934369088
1.818889307246807
1.775267024816564
1.7504341684887352
1.7507254587868155
1.7809659147360621
1.8358487583304983
1.912657432986898
2.0057190115675825
2.1193144298814257
2.24937192659042
2.3994680622806595
2.5547364203535836
2.679336313159564
2.7579762719223826
2.783325430452062
2.752972632854489
2.6583873951318915
2.489738891717611
2.2533020561268478
1.973844323667427
1.6843504202647344
1.4141767157189982
1.1819730720210855
0.9947633352762663
0.850995285464976
0.7446170037573734
0.6684603118603961
0.6163723246530305
0.5838763581607779
0.564788429873127
0.6021304790282322
0.6747622305589499
0.7541393086697302
0.8152325708911252
1.0008790932487055
1.0448712462493266
1.157679402778465
1.2767384329810838
1.451340918709869
1.6322137264698764
1.756547126305055
1.8970010813664988
2.0473037619401695
2.1968262467721558
2.3319156981797864
2.438537644979934
2.5053543579739275
2.5264515163269143
2.502936450746724
2.442656554787217
2.357933060688505
2.262254180218852
2.1674081294461085
2.08213455376427
2.0125017031108148
1.9634573786229577
1.940378923446977
1.949046747119487
1.9874342769259639
2.0461710376093185
2.122293498986584
2.210058198614178
2.3129445767705126
2.426818290735574
2.5559258256163524
2.6937132019277428
2.820588207308366
2.926828365925624
2.988331160819193
2.9734441538845227
2.8613442234160957
2.653716538679422
2.374450308778493
2.0601210717992933
1.7473934450383888
1.463613759302701
1.2234805398404363
1.030755713889402
0.8822213697205051
0.7715745016303547
0.6921759771368214
0.6383891143112177
0.6057529464703091
0.5891144147188581
0.6313411775098094
0.7034990894448487
0.7677200268699058
0.8228645955634434
1.1079896636798956
1.205960304178399
1.2814937138984126
1.3405108541593906
1.4486243737934261
1.5820780958120801
1.6807530944716802
1.7957622660687653
1.9201510000387834
2.0438771601161174
2.1563026366645275
2.247748081581568
2.3107269832084367
2.341090270461751
2.3387940675621426
2.307985199431725
2.2562065607725654
2.1928019496493856
2.127042006820442
2.0667585430346262
2.018043033898342
1.9858970371510893
1.9749591705514862
1.9891812589765958
2.024967525528233
2.073997112766415
2.1335010946528525
2.1984530204943313
2.270842566716317
2.347739983227737
2.434422315913007
2.5345640954938338
2.6399527516738575
2.7321261559216556
2.778306087241575
2.750677527513716
2.6380990787821204
2.4492046445254445
2.207944362907286
1.9443903102296247
1.6856825362574692
1.4507539034918828
1.24942835129992
1.08433367006844
0.9537250225585359
0.8539975728971487
0.7812719868348772
0.7319005434751075
0.7024331571474752
0.6893347788945944
0.7320893652522655
0.7988626169173304
0.8439915097925836
0.8816450620663804
1.1980147526224987
1.3627649335471506
1.3981892276308203
1.3993645018418068
1.4268584028198075
1.4824476908315452
1.5203673237901416
1.5615919266705216
1.6046967176987452
1.6474405718509861
1.6872205653302936
1.7216852679813157
1.7492065372852816
1.7690763113478187
1.7814990567570326
1.787552840465987
1.7891756861353798
1.789012691650992
1.789926277056663
1.7942577129767814
1.803273186852722
1.817257108979121
1.8363285766788215
1.8613880213576726
1.890345537695119
1.921517238250147
1.9551667871708287
1.989002628024626
2.0245318501479805
2.063573452304194
2.1187519823748544
2.191622350885467
2.2582235055704203
2.2999899559918453
2.3020291596091793
2.256275188102273
2.16364019787792
2.033211769390891
1.8788710646831217
1.7151717333388612
1.5542608497229122
1.4045625093921061
1.2709235746003167
1.155503099854722
1.0587847415981015
0.9891460364333573
0.9367609688306063
0.9004132051640589
0.8781010652410969
0.8660020446669632
0.8936217021249598
0.9455382583078775
0.9704838376254924
0.967407228897535
1.1569927759393692
1.2011112346691064
1.3466592073728036
1.444718837033111
1.4817203582623586
1.4849104357652854
1.4860432820906058
1.49078509128389
1.5025525324721951
1.5248582520698657
1.5611175306450056
1.6144011725704583
1.687091357006328
1.780300249010548
1.8928881196628176
2.020095383996661
2.1524332527337884
2.276734129883215
2.381038777125503
2.4597488063618744
2.513572159869877
2.546175535996607
2.561658661926588
2.563680028239319
2.556740869726644
2.5456667629069223
2.532501493324139
2.5191694176571717
2.506084020210425
2.494957686911716
2.4870410017256566
2.4846432457987846
2.4874716641690755
2.4909958457146564
2.487724825802257
2.4683010839630564
2.4237559505473194
2.3484380833318044
2.2424220343770864
2.1120712627039784
1.9682645499835727
1.823112574320449
1.7485538937113514
1.6624660583184947
1.5676680110937977
1.4698404110303573
1.3756402088262252
1.290793559266922
1.2190900005465235
1.1281367694928246
1.1049225652177639
1.2433167797098925
1.5865846169265903
2.1607045167553522
1.0109332566875675
1.0737972260962538
1.1555739486975325
1.2104411668888093
1.226710626715382
1.2307927779230061
1.2400193463043219
1.2599475621254117
1.2948546440289357
1.3483349932008268
1.4230570322998497
1.5206532878897758
1.6415323469491394
1.7844420195340958
1.9458644902416617
2.1195301793464743
2.2964716154429388
2.4659887824067397
2.6174827566846792
2.742510916365574
2.8361914013610177
2.8975206893237178
2.9288170889964293
2.934776105577247
2.9234875650512984
2.9042190079290617
2.880732144877185
2.8560554886600276
2.8299640111745923
2.804037497527079
2.777609805825585
2.7516359833359547
2.7271683265255944
2.6998613959639357
2.6635810869366865
2.61162249045432
2.5386401325757437
2.442742544895453
2.3267234710507996
2.1973365510531795
2.0622748555920833
1.9266713452754205
1.792582861574179
1.6614620732982681
1.5359822255612638
1.4198281555893655
1.316587366283447
1.2288762481322124
1.1580694501239663
1.073084559857761
1.0557773511275017
1.1689271750325736
1.4153377256235975
1.8172926060929986
0.8825116772919559
0.9206028367189637
0.9686247651464814
1.0173072444924622
1.0616493691449922
1.0990585075499006
1.1294422169304588
1.1718649837841748
1.228883786955282
1.2980286251848143
1.3787104412007258
1.4791846219170497
1.6033208658089768
1.7505232221493388
1.9166056896897674
2.0939056942504832
2.2718730201348007
2.4384934852886175
2.582379069196863
2.6949348319690616
2.771879814956294
2.8136557657455814
2.8247290541462906
2.8121737027482707
2.787331366601121
2.7592029613241476
2.730139797204172
2.702516390808462
2.675253371172827
2.6493173231834866
2.623109891691477
2.5961302156182495
2.568234323735533
2.5350511776323637
2.4917852505874825
2.434213125020458
2.3598272270103915
2.2686672545669726
2.1632487154936695
2.047441011714172
1.9250678056351658
1.7993356516849093
1.673249994298679
1.5501790419943517
1.433864568319037
1.3278861699519795
1.2349980988760112
1.1567339200033697
1.0934526512139835
1.014918082293309
0.9812279447103655
1.0302215121078417
1.1545138808984021
1.4464364890279577
0.8005086526212235
0.8161076901391441
0.82890211833907
0.8702111855888528
0.939584292281502
1.0058408455526882
1.0507146877770925
1.1044110576835193
1.169679758447785
1.2491975588282402
1.3449428787312292
1.4577645938806658
1.5871860319693898
1.7310356617168814
1.884617470335973
2.0401161766936853
2.1871305707460995
2.31447023281558
2.412659091777371
2.4762093148898554
2.5047734634034255
2.5027970683071397
2.477970799483974
2.439197737819378
2.399270888038449
2.363893736853296
2.3324274144543278
2.305746704646768
2.2818980234216544
2.261210230768078
2.2419450020981437
2.223030495014258
2.203137037982106
2.178186786889285
2.1443671880952904
2.0987991198934735
2.040106025953607
1.9686901345132342
1.8865332163274133
1.7965374265085778
1.7017444059596838
1.6048795819778605
1.508359994280217
1.414502955692511
1.3255974226800595
1.243725329889038
1.1704642571196706
1.1066866099062458
1.0525848772902011
0.9774680043371279
0.9176743388209958
0.9040219215491232
0.93316652846716
1.1324967794631244
0.7886819143687211
0.7881108713998123
0.7831447368176806
0.8213715871559684
0.9048293865599455
0.9852864822217736
1.0364686007107928
1.0950574447313082
1.164402648318676
1.2476121224804961
1.3460607170155097
1.4585139905359061
1.581046510441433
1.7078309318751748
1.8327001329291128
1.9502264472783737
2.054337968298594
2.137289408448581
2.192168302213274
2.215939760863977
2.2105747299801104
2.182197201904316
2.1391161573726536
2.089752163679488
2.045797268951177
2.010220635493872
1.980744163684006
1.9573762396902614
1.9380266268421595
1.92290658397785
1.910933498292716
1.9016021628515907
1.8930483216379896
1.8811823746253182
1.8621124810431107
1.8330058387280457
1.7926348275733377
1.7415098971559118
1.6816061548677494
1.6157297878687946
1.54672557679917
1.4768871516458486
1.4078188502795972
1.3406505109033107
1.276302726163577
1.2155954605942625
1.1592009905600498
1.1075643158720248
1.0608967208450293
0.9883790195935334
0.9127234833286445
0.8701842962502493
0.8613604498275492
0.998044150169131
0.8058723313032777
0.7927260732325409
0.7825037119052525
0.8196445413840876
0.9085547956565917
0.9953649751246112
1.0501412207231673
1.1121517078500358
1.1844242018368534
1.2693470969440497
1.3670468624189827
1.4746361138609223
1.586575234056265
1.6961057606827783
1.7973035765495557
1.8864032777300503
1.9603315186755434
2.0141891617205614
2.0428831716733575
2.0447587679636188
2.0228599851517726
1.9837287014330722
1.9352406876281851
1.8847128768994368
1.8422116120077474
1.8091406361820526
1.7826477717531624
1.7623862765242693
1.7464095130766704
1.7349819832675015
1.7277034756901717
1.7249174297563465
1.7246009496926096
1.722185454550866
1.713231333430167
1.6947709911129285
1.6657221435230303
1.6267847728072373
1.5800497490540806
1.528337924598285
1.4743794849031249
1.420177117645377
1.3668591479871055
1.3149456503303891
1.2647015130913044
1.216345105875245
1.1700891706101737
1.1261136747090872
1.0845673748948044
1.0153126346534964
0.9338427143210747
0.8805252820892102
0.8596676060006195
0.9606354147931712
0.8364889501664643
0.8113657862392571
0.7979933323340123
0.8344718802341052
0.9272341385681575
1.0192126589716546
1.0771832830830457
1.1422133767829503
1.2167871242705068
1.3024958486704674
1.398398595019647
1.5004419172801542
1.6022291804811202
1.6968898410804965
1.779119735511523
1.8458839591368355
1.8949368616410398
1.9231995725504736
1.9279966847690178
1.909766759027459
1.872966110054967
1.8246596931696974
1.7722689508890237
1.7218985919635101
1.6817811687687494
1.651797673738049
1.6286303733946754
1.611606619014987
1.598899704394345
1.5906893703952287
1.5870238992562387
1.5894444075230805
1.5966312591006484
1.6028086803709134
1.6025603235366805
1.5929629497684636
1.573231846966017
1.544287121723139
1.5083233700991876
1.4681666725382014
1.4264162187454945
1.384782837792577
1.344005727582865
1.3041939704305268
1.2652161114469809
1.2269321273023117
1.1892582038711337
1.1521585599367654
1.1156596994467596
1.0509161776800708
0.9669470953663963
0.9062168413640836
0.8773600250803245
0.948097214117516
0.8818576954899358
0.8445477414842487
0.8287106240111848
0.8651223463019028
0.9620245276619562
1.0591566230939815
1.1200613128923713
1.187514733182457
1.2633899659801708
1.348531193622792
1.441143987408055
1.5364114554206
1.627603841395062
1.7081554693194003
1.7734188744817665
1.8207540684306631
1.848134448320078
1.8534674111477982
1.83603364832404
1.7984106094362406
1.7466718223791742
1.6886746828448784
1.6317457719433106
1.5811093269358656
1.5433091316832348
1.516615942623514
1.4971937181814723
1.4840174872688048
1.4754281407632488
1.4714435048027812
1.472123883263726
1.478777526610692
1.491672271253478
1.5048565991819545
1.5118474921239604
1.5099433889384424
1.498601312301078
1.4788145523002258
1.4528006846179216
1.4233748648345808
1.3929133454787987
1.362724246012178
1.3331840195246796
1.3041390689754457
1.2752514807506585
1.2462023708592593
1.216741304881371
1.186661717495336
1.1558135504584846
1.09740392833822
1.0134415919151059
0.9460324658944232
0.9083640203612864
0.9501027098955368
0.9404152023899232
0.8917080157170059
0.8746377474574132
0.9122471183917535
1.0144367605816043
1.116487737261734
1.1794675126628416
1.2479002529718082
1.3231321686130137
1.4054541223884833
1.492524567844988
1.579166574632074
1.6587116609450947
1.7250986197476952
1.7742803345415918
1.8039452833304208
1.812347123090807
1.7982242161709867
1.7623163725740931
1.7087559920328927
1.644728631086022
1.5785604129162794
1.5174877945959397
1.466233122033567
1.43023755477741
1.4064863069970812
1.3907004443088207
1.3815507944073928
1.3776476384477423
1.3790360826506556
1.3862216120935131
1.3995507760128334
1.4160025223484651
1.4318095973311398
1.4430166975185499
1.4470459390055472
1.4429607563752143
1.431284915121159
1.4141388274825122
1.3945092727117476
1.3742528270634067
1.354095930339376
1.33420866578788
1.3143641880641554
1.2941739131127274
1.273292925038352
1.2514468706824737
1.2283404344185085
1.2036233624259434
1.1533302615461274
1.0720290535904953
0.9986254987119199
0.9504124600806043
0.9645783499248454
1.008870375331899
0.9509005435704602
0.9349622363902425
0.975838891166948
1.0849706500309961
1.1911291450787653
1.254613520009191
1.3217017934138489
1.3934204370216874
1.4697811359214303
1.5482078866935092
1.6234980405530626
1.689335913588723
1.74033964343245
1.7731659731298364
1.7860095480410336
1.7776042052686054
1.747448381490082
1.697283826605788
1.6321307938728544
1.5596353370327394
1.4881005448492821
1.4244256218113618
1.3728963688749374
1.3382742139361519
1.3167485246950723
1.303761255414407
1.2977394817997132
1.2974484238047934
1.3028436640952887
1.314588065170445
1.3325786263692427
1.3529279416134037
1.3724792673522415
1.3884581517031582
1.3989452621184872
1.4029067094264929
1.4000805167246437
1.3915625469342086
1.380488420997172
1.3686904999540375
1.3567837736935482
1.3449640589729517
1.3329316766988017
1.320219797409371
1.3065031760137114
1.2916048744577096
1.2752631091818074
1.256964265515209
1.2163043631213277
1.1404924319860725
1.0626165782752912
1.003151529829826
0.9907583448569017
1.0827654562280393
1.0190508384426318
1.0076201228147386
1.0545884245105757
1.1723994033478937
1.2810542292850542
1.3428052496690557
1.4055316959665252
1.4702287963571943
1.5369069544211658
1.6030056492508218
1.6635490788062122
1.7128369458034134
1.746436661278876
1.7620099425922082
1.7585705127739155
1.7354872935578467
1.6928138673297852
1.6327307517576284
1.5604291355107394
1.4833776766152396
1.4094331625132102
1.3449686383512178
1.2938450280399822
1.2603842601732367
1.240400561048107
1.2292369480254792
1.2251803170078739
1.2270779415929507
1.2348071234101128
1.249142720366414
1.2699500740980558
1.293284103566978
1.316532610377811
1.3375551728587418
1.3548504524749765
1.367414454591964
1.374543542219067
1.376086170529106
1.3733959779856508
1.3689488059389838
1.364359757610068
1.3599594442873357
1.3552555467015313
1.349570245154332
1.3425412714611256
1.3341601230645947
1.3243583791584304
1.3125969846727525
1.2827612340183634
1.215562049201376
1.136046726424049
1.0664003153336852
1.0283970294420663
1.1574850219048036
1.09196211892749
1.0888383659696774
1.145305058973158
1.273156085306979
1.381845066199483
1.4392092592983279
1.4943219590863717
1.5484383679683056
1.6017572807666836
1.6518778858616796
1.6942455277611295
1.7240638662616292
1.7382231342418801
1.7357896861163074
1.7168854248179481
1.6815144665377582
1.6299226456875069
1.5641145685891857
1.488797275983421
1.4107488304331048
1.3370901030649491
1.2735807823742298
1.2237004202522364
1.191477059292332
1.1726657775734595
1.162675880386094
1.1597626299819355
1.1628454119530014
1.1717764651800908
1.1874347599940216
1.20980320583853
1.2351051618919662
1.2611858967084144
1.286355842373382
1.3093833157768267
1.3292337116124286
1.3448327254070438
1.3553450094723751
1.3612628713259296
1.3647732352777495
1.3679441873644103
1.3713789178198164
1.3744689598298823
1.3762543859093215
1.3761983543403897
1.3744007452186795
1.3711009711413817
1.3659592374736595
1.3479605290018108
1.2928758651734416
1.2157701274214316
1.1387124484797095
1.0767066877462341
1.228857457290744
1.163969965012298
1.1728848213997585
1.2425895570934715
1.3809927483670832
1.4865621695789446
1.5369452911764157
1.5816578161537935
1.62237958397585
1.6595128142329614
1.690852744716068
1.712440038527345
1.720702852487561
1.7142538915413414
1.693913236256737
1.6610360570091411
1.6160593521112772
1.5589660786733792
1.491058512263668
1.416113984391145
1.3399294699508002
1.2687605998870484
1.2077434250851045
1.1600249251717003
1.1293951663147868
1.1117538403625724
1.1027088425232605
1.1005633216743869
1.1043233131631869
1.1138463113652697
1.1300872183726198
1.1531491214115268
1.1794666414814656
1.2072494068588182
1.2351614383524245
1.262194972834449
1.2873207672301015
1.3092383667556147
1.3267519344346559
1.339978590143426
1.3508722020283095
1.361603658889621
1.3729328979082467
1.3841575031724331
1.393984349047928
1.4015141341051933
1.4067302425621795
1.410123004453065
1.4117410475010668
1.4065340733865175
1.3672245349640617
1.2972025463726071
1.2166872290873838
1.1334837030580485
1.2927949201489826
1.2278722475331487
1.2523247285072123
1.338991132655851
1.487213724727934
1.5862307329946597
1.6277185799402578
1.6604664544196766
1.6864789786667198
1.706177270337839
1.7175254667897415
1.7173330830308664
1.7035484316001364
1.6768152602325979
1.6398921136498283
1.5952750450133568
1.543463160201104
1.483743573801463
1.4164146597073979
1.344179940721222
1.271812564528985
1.2047104684118026
1.1474120502671716
1.1027556177740323
1.0742648257652174
1.058082654210382
1.0501088067137612
1.0487372145799432
1.053082029881314
1.0630031378380231
1.0794785995176697
1.1026353481315068
1.1290654890053826
1.1572691461692663
1.1862389360875643
1.2152368026342075
1.2433570225952868
1.2692426690013336
1.2915066166524254
1.3100316762232604
1.326637367094116
1.3435963721104567
1.361843650634232
1.3806603307038958
1.3984519524985495
1.4138384551397145
1.4264228298294965
1.4367232745383964
1.445215909433361
1.45353013633167
1.433186431138146
1.374622831843777
1.2949540444653165
1.194633344532258
1.3446884608095508
1.2758069556060008
1.3189845523605337
1.4258036760678663
1.581744829404979
1.6712345529661607
1.703173033934806
1.7240974220162768
1.7359547440147867
1.7389026696948646
1.7310539237551594
1.7101270749601771
1.6757459409400133
1.630691626173238
1.5796611751736294
1.5260384382909915
1.4699382834001513
1.4096592512335477
1.3444965735856105
1.2762288839858065
1.2087479602389255
1.1466730594853924
1.0939663658068404
1.0531444918295298
1.0273815895221503
1.0130875809303015
1.0065138324074523
1.006160648153919
1.0112716179938097
1.0216791274567942
1.0383061959657185
1.061129264463186
1.0867848919279228
1.1140322872313737
1.1422487671435622
1.171083778430644
1.1999064879218548
1.2274483742608546
1.2522000899621655
1.273797625797245
1.2939406847222532
1.3150709200272213
1.338409164814472
1.3633737447825947
1.3882046513524358
1.4110569048803312
1.4309752406366274
1.4482101251514061
1.4635185559598958
1.485516006477016
1.4860469617966312
1.4420160878764425
1.3668134424123963
1.2542370798582767
1.379674440453555
1.3010243341319152
1.3654909961588553
1.4944220200308003
1.6549963696370749
1.733514096353409
1.756790709692155
1.7676534985504715
1.7675435113692894
1.756182021120958
1.7318735642027079
1.6932807419580946
1.6415823539219399
1.581510836234925
1.5195869608187154
1.4597995615800872
1.4014522895293962
1.3417966014528264
1.2794287834446447
1.2155412645685606
1.1533542526828153
1.096784596940954
1.0492090894403174
1.012776452513483
0.9902134814275696
0.9781873446989611
0.973340668257496
0.9742898071505341
0.9804320722228617
0.991538357193755
1.0083811447004838
1.0305459046908498
1.0545584851371717
1.0794782625446997
1.1052146163925467
1.131953718146174
1.159461671238073
1.1866451302993573
1.2118731352533532
1.2344389951553374
1.255868247305396
1.2788321566395804
1.3049667783419436
1.3340091042329107
1.3642419094332678
1.3935084353518503
1.420271025820906
1.444243725976553
1.466130891667565
1.5012296990044995
1.5226766409355847
1.4942330177162861
1.4254674684590332
1.305284508134455
1.3938949912348504
1.2997791615787044
1.3868530033487523
1.5378834607093077
1.6999757035992427
1.7686207814057717
1.7854716241656212
1.7890729395275378
1.7801516495451526
1.7580760084427656
1.721469709651417
1.6698480414579
1.6054911139291925
1.534514576524921
1.4651216899859234
1.4017369952235093
1.3424957418792793
1.2838615184320523
1.2242643639494166
1.1646779157268574
1.1078132837513923
1.05691411559585
1.0147309872744354
0.9829778352860521
0.9638494440941054
0.9542566144246581
0.9512591222554019
0.953611840400374
0.9609006941220316
0.9728434464115365
0.9899933425591831
1.0112650773492704
1.0328756275331703
1.054336459733028
1.0762992860055736
1.0995638120216895
1.1243017297253195
1.1496082041576159
1.1737128713403764
1.1954500703480084
1.21607829498208
1.2385443917297492
1.2650103297491448
1.2956936532594492
1.329153416985119
1.363181261835487
1.3958177974605404
1.4261261057998311
1.4543257872690574
1.5014232140622992
1.54196271811591
1.5280714019649513
1.465552489008413
1.3410254381805817
1.3859378069456534
1.2723721573025442
1.381411082509591
1.5520566999150356
1.7137759056363988
1.7763874703669118
1.789858828676366
1.7894080864555895
1.7751666860397386
1.7464384239315642
1.7023512662611853
1.6431462073308976
1.5715795727241437
1.4941287710518711
1.4204551093635818
1.3554625405146967
1.2958799698004855
1.238078054383187
1.1809040864735634
1.1253430059261504
1.073654761528257
1.0283971763376194
0.9916454936969885
0.9646091698523409
0.9488877968596051
0.9416218345510172
0.9402901603781187
0.9438108961727949
0.9519820442884896
0.9645460648855179
0.9818989115999107
1.0021480463812742
1.0210023189140576
1.0386150194187809
1.0564436710235237
1.075747446722115
1.0969753433546272
1.119403483318328
1.141171329579028
1.160584845783546
1.1785263610628782
1.1982648548596395
1.2225684219624773
1.2522403791907033
1.2863188314589646
1.3228414340212724
1.3597303184903342
1.3955306292866836
1.4297162946756552
1.4877353865359302
1.5445278694566653
1.5428717956265279
1.4844336963229654
1.356570416576182
1.357559070427541
1.2228482767665416
1.3507785775758345
1.5360691009576986
1.6978675843876052
1.7601551314155033
1.773553776745257
1.7722997241125509
1.7562172183523848
1.7248621252802492
1.6780271112232195
1.616610126644294
1.543442835519155
1.4641693359311536
1.3889706732546145
1.323349053615391
1.2630921628198484
1.205601807889135
1.1504281393800107
1.098564791656139
1.0517975108653834
1.011988505897148
0.9805180430294821
0.9580443546439331
0.9455319998856232
0.9403269950192115
0.940297154579179
0.9445191832753027
0.9529598838502287
0.9654294326198515
0.9823320733649005
1.0014669632213364
1.0182078690857377
1.0329668339809244
1.0475157045649681
1.0632426843391785
1.0807584997983308
1.0995958135323909
1.1179960805116362
1.1337495986087294
1.1472113750532669
1.1620534799014572
1.1817087940034188
1.207589933504911
1.2393373096879652
1.2754822117027445
1.3141525688410776
1.353672833238097
1.3928623678722145
1.460812501922523
1.531723105386033
1.5404009430725008
1.482629084247786
1.3500981301561632
1.3133209267318626
1.157674349491163
1.298951262605647
1.4920148353092266
1.6573624453567288
1.725527404105345
1.7420306560490586
1.743080982301856
1.7284594461032385
1.69816679445238
1.6526957426350828
1.5935284462843005
1.5235681781802177
1.4474982476455178
1.3733026228192902
1.3062891900628049
1.2445502912027238
1.186927697760188
1.1334228338755525
1.0848978530834856
1.0426489400568437
1.0078921877086418
0.9813643609917388
0.9631866776271025
0.9536862420980684
0.9503769836705782
0.9514728474287059
0.9561764064739323
0.9645553736471765
0.9764397363884957
0.9923036119079572
1.0104187646063563
1.02651302247673
1.0403036324488464
1.0529947488571816
1.0657978681782454
1.0794437713705394
1.0938721241481109
1.1077799195034685
1.1185584699281295
1.1256977247686812
1.13346507403735
1.1460187161508193
1.1653070575776059
1.1916018525385452
1.2240773269804042
1.2613108661861814
1.3017003982105713
1.34368880402982
1.419465024311805
1.5040473186103926
1.5240859862797684
1.4629162749660838
1.3231128667864414
1.2594066623565037
1.084228725774755
1.231141506608128
1.4248026245330914
1.599823478686754
1.6792957606497139
1.7016936489617402
1.7078769529770934
1.697707203408303
1.6716341809468627
1.6307085549109326
1.576766336458096
1.5126245431492802
1.4421972888185515
1.3706532118225536
1.3026451253779572
1.2397209176930903
1.1821008204877919
1.1301370480719939
1.084549441475589
1.0462241913162935
1.0158730332256514
0.9937455505259564
0.9795513457371939
0.9730454040408095
0.9718527084732099
0.9744879361184585
0.9802181173406062
0.9892047095821578
1.0012495354628284
1.016919979307895
1.0349701329586445
1.0515613595035862
1.065649642610419
1.077409509277258
1.0875208607489113
1.09669742060299
1.1053771561558863
1.1132089701257124
1.1176803960631543
1.1164874677090202
1.114987734875128
1.1180933652190288
1.1281045532598906
1.1458992410751905
1.1713632209714335
1.2036678619624908
1.241501847458063
1.2832063637300577
1.362901602924845
1.4598604666031658
1.4979041531505695
1.4281162883681648
1.2796853621078568
1.2022064879090588
1.0097805207591968
1.1528556985805642
1.3433675705779144
1.5340128818669598
1.6286252914184174
1.6591590225334605
1.6729025433636493
1.669746064209228
1.6504158511111708
1.6162422298612988
1.5690793845459607
1.511354736023888
1.4462443495466675
1.3779423380175415
1.310901586198469
1.248117567194747
1.1910803272082735
1.140650347011122
1.097538898986827
1.0623727028443228
1.0355565025455535
1.0171028205551413
1.0065825363404481
1.0033367006656368
1.0049927252190163
1.0102763731653455
1.0183901677312102
1.0296157045463112
1.0436460650641892
1.061147174572393
1.0809695841411684
1.099211074005431
1.1142986751716388
1.125417735678428
1.1324737469894288
1.1359487990637103
1.1367058043608984
1.1356501533259684
1.1320658854833319
1.1203831691930897
1.1076844451873236
1.0992289914981053
1.0975182787271103
1.1040714243471905
1.1195274075972097
1.1437162482461132
1.1757405778592644
1.214028865167969
1.2928449479203792
1.3971933200951185
1.4445235900289646
1.3787786870670016
1.2251648701043156
1.1471915754752897
0.9409536122527222
1.0645697659996087
1.2604046827310043
1.468659326340065
1.580421339789595
1.6207395099336313
1.6440208174405881
1.6499835968282377
1.6393440293018668
1.6134063281108126
1.573814246953101
1.5226023466288499
1.4625842457043394
1.3977166474911813
1.3324930527425647
1.2706083338507046
1.2144239674264172
1.165303717166682
1.124058674537246
1.0911936055594051
1.0669747841493642
1.0514175093791978
1.0442908855054325
1.0447455137022739
1.0502622574969611
1.0596530679669154
1.0719001073133623
1.0874612091696532
1.1058367881581421
1.1278351905399986
1.1520387910867251
1.1737912954280232
1.190913249309842
1.2016378135845207
1.2050066816473717
1.2011344714508252
1.1911763892577139
1.1769403802203584
1.159573127509146
1.136574904524208
1.111539269797089
1.0895660809511434
1.0739050158275425
1.0668962516023803
1.069957216523163
1.0835560082254987
1.1072139534804653
1.1395034559451778
1.2128204219806853
1.3171100249776313
1.3678777755248583
1.314251684029237
1.1650276149324597
1.0983040923997838
0.8830984382890137
0.9914383673849024
1.187274358369935
1.4113072552907961
1.5407741991671957
1.5920307528529796
1.6264515587609358
1.6432987905895706
1.6429486607145918
1.6264115183169203
1.5950167173796925
1.5505062588827991
1.4955233365660623
1.4339717732444832
1.3705024800786905
1.3093519547280184
1.2535813425942965
1.2050598434116953
1.1648053222734875
1.1333308291699131
1.110883254679642
1.0975948409772385
1.0935873708064427
1.0979871374722086
1.1081112670043294
1.1228436941425204
1.1408718790333698
1.1629341169950975
1.1883047611743647
1.2180566161354185
1.2501901777987305
1.2783966407948752
1.2994871445591234
1.3105723214429996
1.3097919088657677
1.296936291582122
1.2735751313736583
1.2425439876581978
1.2067116891711769
1.1675618404591392
1.1269941953824856
1.0887885746875725
1.056853243489461
1.0343211753356674
1.0232704398749606
1.0246426018457384
1.0382300713734551
1.0626566013496774
1.1264881805215916
1.2236171548384367
1.274259803087829
1.236966489347131
1.1042225957316367
1.057828664475375
0.8395519725280054
0.9368730059456215
1.1306997397764722
1.3674751559074818
1.5144343644204434
1.5774888895076995
1.6244486103570164
1.6538227963411005
1.6653145596529597
1.6593874554443777
1.6369520248818241
1.599470465246095
1.5494497190841496
1.490795678407153
1.4283958100370442
1.3670457020663425
1.3105250303846498
1.2613095857305512
1.220780000535346
1.1896051942687815
1.1681015878619498
1.1565139141110188
1.155225605259389
1.1633445582563893
1.1781813015356473
1.198896737419304
1.2239812609627625
1.2546193262018521
1.289887088712424
1.331298221124868
1.3759274123265102
1.4146300832109375
1.4425536946510664
1.4553532089407328
1.4502518782549372
1.4269212477920938
1.387670072567507
1.3367179264722253
1.27868517168066
1.217171836629776
1.1552402568953533
1.0967169115227635
1.0457868511548207
1.0059911767353176
0.9796918878091506
0.9679365645109153
0.9704747410707623
0.9857662573616696
1.0368725181824383
1.1223315880111127
1.1722169687319186
1.153386245987635
1.046914037413163
1.0265840873413445
0.8115619999668661
0.9018882354352472
1.093408329233171
1.3403109266104942
1.5043784303595114
1.5799954127175926
1.640878642246159
1.684529470906308
1.7096520174933332
1.7158725226677445
1.7034864517642279
1.6735630849701035
1.6284172284975666
1.571977235511171
1.5094561226416918
1.4463180261081396
1.387198247507941
1.3353608028305348
1.2927433717590449
1.2603232230532977
1.2385505203181724
1.2277284377181032
1.22833419655434
1.239403078230311
1.2584099703623886
1.2851518806361324
1.3182234378992617
1.3594666679902334
1.4077703430121054
1.4652112684031555
1.5274778043717596
1.5812150369758007
1.6191653424157098
1.6351816658263636
1.625652266468947
1.5904722415207873
1.5330109614136502
1.4589389476401213
1.3744456946467358
1.2851141167428077
1.1961850032043542
1.1129454587279182
1.0402362289197433
0.9817231983005936
0.9395482934822921
0.9143498980841638
0.9054146186937673
0.9107890439438373
0.9470241716706329
1.0197160642978058
1.070613101389447
1.071370873643318
0.9963111855231267
1.0042641118185593
0.798874780166876
0.8858873318624948
1.0755188766709034
1.330677344337942
1.5115478190354161
1.6004875361263293
1.6767626656707424
1.7366891489422953
1.7776589725636067
1.7981006408753424
1.797364369132429
1.775872733967513
1.735606687030194
1.6805174266422904
1.6162679781051896
1.5491835710197264
1.4849793535717548
1.4279402123133151
1.3807665894151457
1.3448843328467603
1.3209259814471501
1.3092019331699059
1.310144383481193
1.3227358320832356
1.344781689912363
1.3772200028668278
1.4191913042308213
1.473210035980126
1.5377104408419355
1.6152753022545163
1.6996959021964444
1.772202921693403
1.8225524242997422
1.842638431232661
1.8283554887757554
1.7803731500535005
1.7033200776820354
1.603903401554998
1.489492173576726
1.367972065822441
1.2476417644395246
1.1362155490917645
1.0396503176080754
0.9615925751260233
0.9034986107394045
0.8650873098665215
0.8447954637133526
0.8400945603652882
0.8609848075607376
0.9223471837251156
0.9768848372045196
0.9975493180053336
0.9544089986318036
0.9898050882641523
0.8003599586656805
0.8873001956283035
1.0755143176001454
1.3374462428986396
1.5347691977650595
1.6377085126364919
1.7308534653183298
1.8092627480701617
1.868737353715432
1.9060812527454642
1.919224919615491
1.9075314772025918
1.87239660458168
1.8177627897634685
1.7499095050576472
1.6763008409960203
1.6040324348393857
1.5386751037554982
1.483889206258246
1.4416663287566842
1.4128621828014156
1.3977690029974368
1.39668164691336
1.4086369883088572
1.4320552228779833
1.4701210485431364
1.5226941753105756
1.5918497006123142
1.674921501525041
1.7749993105127415
1.8837128230920521
1.9762826985318258
2.039261674617392
2.062807328528373
2.0431281290848435
1.9825723227503724
1.8868511039374007
1.7622267686609392
1.6163714531051525
1.4600816043878535
1.3057730543364816
1.1643565784028973
1.04318272093165
0.9457251229084069
0.8723828117359227
0.8215833831076648
0.7906870981154693
0.7765663037952361
0.7834475060428003
0.8359582621706291
0.8960909076634846
0.9359383023455806
0.9216934686995782
0.9817212160220246
0.8144099163134624
0.9039709302777624
1.090806532116341
1.3578402680855233
1.5708337089294537
1.6881116908522489
1.7993215539690512
1.898325067373171
1.9791350707033815
2.03648693029375
2.066303498760424
2.0663177470047396
2.0369553933758286
1.9820603361719031
1.9087206249015125
1.82589009122166
1.7424082085190016
1.6654143784154551
1.5997053363296634
1.5479283882863037
1.5112029352869485
1.4898220599778151
1.483915036926068
1.4926728210433726
1.515929777757397
1.5625093472797582
1.6286138473416618
1.7139072002979572
1.8153760800257694
1.937011636737507
2.068315705038371
2.1786925283531478
2.2517192249533045
2.2764851658254135
2.2509032548314067
2.1803508403372756
2.0702634317746496
1.9231553883845967
1.7462853009229637
1.5546579558743963
1.3659379120240491
1.1947165716311041
1.0497538391855903
0.9341382447242836
0.8469611458136282
0.7851911972702996
0.7450786202514028
0.7229542872623287
0.7184526005091997
0.7646301867303773
0.8308574350115945
0.8877477050262488
0.8970255640787833
0.9782010594370432
0.8441754774054984
0.9392678925808459
1.1234981579818897
1.393391525787628
1.622430400069734
1.7558875892504162
1.8886164308659736
2.0133563532683394
2.121986211941989
2.206381941939219
2.259362983880018
2.2759098247529894
2.254667026054246
2.199136547588395
2.117564827696167
2.021112948459608
1.9211335090247166
1.8269351688655102
1.7448226331728884
1.6782995436336257
1.6288921492047324
1.597120138345262
1.5835134609910995
1.589502523350333
1.621456143719084
1.6819412049377602
1.7606868822538189
1.860521378583175
1.978618945385534
2.119461903293813
2.270180920054177
2.394817692020135
2.4745809443547975
2.4987100936307325
2.4691071226655215
2.3948412526373613
2.274746289562105
2.103702875807185
1.8912721818644607
1.6595517054671791
1.432816345483748
1.2296391985282464
1.0599409154767416
0.9260147867827471
0.8253038644048065
0.7531374477176743
0.704618635712443
0.675528867538028
0.6617255437481944
0.703236839217228
0.7753419635994797
0.8471479063697676
0.8754189341572132
0.9811626048807368
0.9197971173016112
1.026393080610279
1.1995282869371535
1.462077558841343
1.7069753987847844
1.8615554793313334
2.025633332080709
2.191210379453321
2.34729763702019
2.480819184020682
2.5782679341426737
2.6282818340373137
2.624903054819358
2.570228144123659
2.474552899900574
2.35338319794131
2.2229486988612757
2.096625898952751
1.9834992624458105
1.8888436481945865
1.8157877386636434
1.7677887496721916
1.7515582083363221
1.7715656862760962
1.8197160052341375
1.8918333490497088
1.98215561463506
2.094946301706738
2.2266254535490746
2.3816757853639277
2.5462173574206215
2.683728347306591
2.778695404293162
2.8235605054788158
2.8146574236126134
2.7414050245240316
2.5915670325575872
2.368373129775253
2.0944687140434963
1.802839178486619
1.5246733216795814
1.281209925507708
1.0818411708539506
0.9267232076967106
0.8108718102879925
0.7276565000406189
0.6709141794771939
0.6357039165765861
0.61480946786684
0.6532752225438175
0.7292810872276465
0.8087460154964335
0.8517255409001238
1.0015065824782154
1.0465420432031143
1.156894423305001
1.2950247865192683
1.5165644214903438
1.7456761939710634
1.9008560375564736
2.0745423424697793
2.259681882536099
2.44434548133593
2.612194849929131
2.744638667215868
2.824844966420561
2.8427144269789277
2.7985387169050737
2.7030405157680466
2.573626130098133
2.4290747705409204
2.2853668595755843
2.154071553579307
2.043184696530667
1.9593165949033842
1.9093199849981242
1.8994685202832702
1.9276999461763162
1.9818376850228736
2.0570531828558356
2.14700070628154
2.2552675144420053
2.377925786993133
2.520141081570169
2.674878067593214
2.8190073476205164
2.942509225807176
3.0241210444291537
3.0336228668814327
2.9472242171049854
2.7614050741892817
2.495843936082109
2.1857047260717883
1.8689891721165621
1.5758907893301282
1.3240912072587154
1.1196462662200473
0.9607424569655456
0.8417308847487902
0.7560623395071238
0.6977967630996419
0.6619958458423235
0.6415317529488709
0.6801905616294514
0.750803661802374
0.8131111690463697
0.8606676364534681
1.093693099251011
1.1851417492356275
1.2657158360191305
1.3501682203065233
1.5029797685339081
1.6748391667242868
1.7952712133283377
1.9320412087038044
2.0784841399144818
2.2239291136286283
2.3552249684727227
2.459015656181942
2.524315481417944
2.5449712051596256
2.5212480192906686
2.4597837860750222
2.3717622609171216
2.2700391625788967
2.1664883764105016
2.070628986643795
1.989820843632715
1.9303734245649038
1.898187543119252
1.8978759978067137
1.9262010166218055
1.9727317538006344
2.0332206871894196
2.1019926918384617
2.1810811303464384
2.2673379842291346
2.3661385430072426
2.4795114887335514
2.5982498299264725
2.708860938023679
2.7809490377104003
2.7835821474329108
2.6998880168137567
2.5332207722532574
2.304755574062426
2.044807058552746
1.7828727422294202
1.540933059011283
1.3314638925452882
1.158880526937395
1.0223058599586512
0.9182001270183524
0.842250591554867
0.7902975818082241
0.7585177093434289
0.7411323855923959
0.7767175750223176
0.8369917635323281
0.8769470382513075
0.9126291459826654
1.1965292247694437
1.3364647402632
1.377454126806266
1.399574158353912
1.4539639315868123
1.5262397648333657
1.5728136303248053
1.6228489137811457
1.6741136459599513
1.7231389881935524
1.7658410228746126
1.7984045802278792
1.8181609040672957
1.824205564171798
1.8176176371374952
1.8012672124170415
1.779263275382011
1.7561393200959574
1.735970310263789
1.721722461306973
1.7151299323567326
1.717185458770069
1.728925138694686
1.7517243095043162
1.7823821319639042
1.8169224920240414
1.8543759144010712
1.8913435619506593
1.927695430582524
1.9593831825075794
1.9836386976889748
2.078260985725553
2.1687376811486634
2.238370079073157
2.2709121454177112
2.2551720226039484
2.188468246675878
2.077172846882824
1.9341751884921154
1.7747680699115285
1.6129309792594706
1.4592146797515517
1.3203254146055543
1.19995122067061
1.1028133021949977
1.034435885500786
0.9837555594918231
0.9480168171737329
0.925371230718951
0.910891070192534
0.9321060633902616
0.9734443973037624
0.9880030221365937
0.9864779551150252
1.186212324325385
1.2535368138035294
1.4081728262836946
1.5150606782026632
1.5502572085697246
1.5467288873053946
1.5418676525163397
1.538563553301681
1.5399891961946106
1.549493783649959
1.5703549553750653
1.6054680087752111
1.6569824162866176
1.7258066626803794
1.810912370856091
1.908583389780247
2.012195460871166
2.113417520671587
2.204917278964069
2.282770111659034
2.346644129027251
2.3982143860228975
2.4395353342802206
2.4722885560092163
2.49555570318475
2.5121240933788913
2.5251522730953258
2.5357751715690644
2.545782859992935
2.5558250053109544
2.5672425939347474
2.579801231498736
2.590054318857337
2.5934351894487953
2.5833261564644916
2.5523213857560627
2.4943555674892917
2.407072454337917
2.293410608660884
2.1616786399414365
2.024901566066582
1.9029012359720103
1.8055835673011844
1.7112975905676737
1.612669089840458
1.51334316087061
1.4191008156009657
1.3348779119256677
1.2637191875033258
1.1716833472084496
1.1437433765995972
1.2755844723289165
1.6064282366417348
2.1507040536238224
1.0438240717991405
1.1208740226386362
1.2163829423076165
1.2822758770866396
1.3053767271347736
1.3086331137991658
1.3147848777564273
1.3295679942093048
1.3570260504535976
1.4004026002796701
1.461936315795465
1.5428211678948716
1.6431452813081975
1.7617054796702787
1.8957362023296507
2.040699989479727
2.1903703562473655
2.3374089752713454
2.4744148961963472
2.595114780869445
2.695246850393086
2.7728997623794265
2.828387848098317
2.863873966787519
2.881584405404155
2.8885676106936065
2.8896272173471806
2.8870988093251517
2.882071143856934
2.8751693369052087
2.865800895893076
2.852667565045564
2.8342436218349514
2.806452699105937
2.7642187938372618
2.7027035018422603
2.6190286569447534
2.513878859953339
2.3920222290409208
2.2607837832095607
2.1264829188239207
1.9917817166562075
1.8572872085445693
1.72469499380708
1.597592654359648
1.4803411542769165
1.37670757977755
1.2890147905147853
1.2178638161655846
1.1297183491730638
1.1073247329339628
1.2189463615883962
1.4657503914784724
1.8668206541957684
0.9087988749299069
0.9549909556713225
1.0148270903537315
1.0768928403390594
1.1383477345403985
1.1858911634828626
1.2201672470979417
1.2654304520256574
1.3257818849204794
1.3733039244066765
1.4396160627774062
1.5271613246382272
1.636640373367114
1.7665160616251356
1.9126913456571253
2.0685450839346506
2.2255057972603796
2.3741994574433694
2.5059585038910885
2.6142696546029858
2.695724645131889
2.750243997037537
2.7806259931715163
2.791656289535218
2.7897510631760314
2.7821062089605713
2.7719349926765204
2.7611525160429093
2.749751374914711
2.738043275907749
2.724545056236601
2.7071241591510677
2.683739255606299
2.6502164409905227
2.6025565923751497
2.5379937039436054
2.45602765844495
2.3588389802901246
2.2504211528209046
2.1346534678751046
2.0139773014347004
1.8899122740345762
1.7644467863354063
1.6407703865143477
1.522946329622597
1.4149751702617357
1.3198648370710206
1.2391436404231915
1.1730210540404837
1.0884451096018584
1.0480015358213288
1.0961314540361529
1.2252963733715032
1.533489950837785
0.8190246233852293
0.8392768492022403
0.8632031944622276
0.9173321421185213
1.0098627118916723
1.0941332389034903
1.146148321371147
1.2029747824855646
1.266596353337393
1.3404249483523754
1.428160994187277
1.5322159079300537
1.6527265595752851
1.787114683066393
1.9299471731967186
2.0732166227211137
2.2073021358658154
2.322652689656689
2.411804582977667
2.471020639750883
2.500912655729108
2.5058673854989664
2.492619219410513
2.4685703383269377
2.4432249259779333
2.420944207945484
2.401535725799069
2.385532190962089
2.371639119717106
2.3597724888826295
2.348279396208414
2.3351115511134446
2.317834579023526
2.2925509094984973
2.2560419191806824
2.2065105031402164
2.14405571901607
2.0705923891089175
1.989064737767076
1.9022891105247453
1.8122117267086941
1.720049573108069
1.6269709811232462
1.534652806658822
1.445339546173192
1.3614382846101547
1.2849441995090314
1.2170490546115151
1.1581409283153
1.0730675646852714
0.9996324720033222
0.9781237119416941
1.0069160032600795
1.224994958499071
0.8049591941006113
0.8141089626670024
0.8148527993223467
0.8616336800118816
0.9660246087850807
1.0635639523543838
1.1214852819235814
1.1841050003385973
1.2553484061587583
1.3391600642874517
1.4373792552509228
1.54884482867155
1.6695979266415417
1.7938450882539863
1.9151552111269308
2.02705854577021
2.1228767957162886
2.1960651151506236
2.2418764028579865
2.2592081270266946
2.2511918984264763
2.2242386949830695
2.1862145504598214
2.1446264246249185
2.10907006836748
2.081381956240717
2.0593332103791724
2.0425835032000195
2.029346796775231
2.019490776247223
2.011891873228611
2.005407288030509
1.99766482387073
1.9848772954752247
1.9637095740559878
1.932178446105185
1.8901657930878994
1.8393455592163868
1.7824983690004852
1.7224276258842839
1.6610449990726026
1.5991642785720603
1.536962615766636
1.4746157296155864
1.4126734508658085
1.352036664736755
1.2936651527162484
1.2382863639664918
1.1863228571956028
1.1008647969207843
1.0037939485022678
0.9452110720927341
0.9298469428832623
1.081606238289369
0.8211214807502679
0.8224946783049071
0.8131828433154764
0.8550286410089284
0.9608697928014541
1.0630316129757822
1.1249030551063934
1.192583518561281
1.2695212213181235
1.35863418414469
1.4602669889403412
1.571406986353601
1.6862314458710839
1.7976671631766032
1.8991907235237675
1.9856988085799656
2.0529608802310597
2.0970753226315546
2.11554428314511
2.1090463281618166
2.0819659178362744
2.0412522088436487
1.9945198813607443
1.9484141772617594
1.9114404585404432
1.883924970893809
1.8628586710576984
1.8475213510727366
1.836097022357823
1.8284864411446689
1.8240720291489965
1.822466772856824
1.8213990247538032
1.8169365939818496
1.8053746109654711
1.7845186716895094
1.7542232866519543
1.716224416106358
1.6734027619372824
1.6286343710913176
1.5837595712080517
1.53929561033768
1.4948929883144948
1.4500180149679438
1.4044226050827577
1.3582427325414899
1.3118094968708254
1.2654171234506109
1.2192759136549398
1.1364971438535643
1.0293759674755123
0.9549565431602033
0.9234670228063078
1.0380255239989251
0.850102102766296
0.8418634597720295
0.8269854272654994
0.864969335921146
0.97087613978853
1.0769479450587733
1.1425980352830762
1.2148604960345557
1.2964013010272175
1.3890794790844394
1.4919867329860859
1.6007763549165834
1.708507816517085
1.8075785069855457
1.8916797716090876
1.9565419078513842
1.9992947287440717
2.01792905157334
2.0121441058880376
1.9846727660967565
1.9413748929222872
1.8897974164044096
1.8372178054982873
1.7892464866175102
1.7529247444191587
1.7271181299338116
1.7082456099661978
1.6952639408683292
1.6864199136126325
1.681572653288376
1.6804594850397174
1.6832035638583414
1.6876826157324012
1.6898869007649333
1.685796905504842
1.6731314828999537
1.6518287961377096
1.6237650510053403
1.591977739037232
1.559392744053313
1.5276651319514607
1.496962338208266
1.466541168381068
1.4354554797571528
1.403025075755964
1.3689498617421412
1.3331304112918634
1.295442127769128
1.2557289943252863
1.178216961684062
1.0658767139780163
0.9799634465508053
0.9369199950461483
1.020932826925176
0.8928465061506314
0.8729068620269499
0.8552325100974761
0.8906049931518701
0.997153718605454
1.1073397901378708
1.1765222867526877
1.2526318064523123
1.3374758994569664
1.4319013555053568
1.5339447653244493
1.6383123212718962
1.7374788569756414
1.8238057859449905
1.8913913565372495
1.9365449054327566
1.957166205125161
1.9525344055627785
1.9242088761332399
1.876915670002942
1.8180772238333276
1.756017381859529
1.6979198973809828
1.6485672691927773
1.613531904941175
1.5901478421300843
1.5742748305554284
1.564532120021297
1.5593039040765713
1.5583574389330506
1.5616238395902684
1.5690271377020002
1.5780543235479374
1.585160741545217
1.5866898042522293
1.58050190713739
1.5665624400369562
1.5468576814660189
1.5247504828041336
1.5032374719622827
1.48344999756491
1.464977031241925
1.446749883470149
1.4276411125947994
1.4068352628649927
1.3838957067323836
1.3585049998813679
1.3301560581470213
1.2981700394712705
1.22909627053275
1.1153329702150538
1.0192855886326353
0.9645581328057486
1.019577624775445
0.9480547110676371
0.9163743946903173
0.8985005478124811
0.9333696749957388
1.0421210518643915
1.156197926641687
1.2278953782747062
1.3061117017113886
1.3918776067291656
1.4852087499456017
1.5833833046510082
1.6805916357998218
1.7692192024442304
1.8419834264379698
1.8935430648539429
1.920723584222098
1.9220013516063696
1.8976237790792077
1.8505599111883486
1.7870161475606272
1.7155076489441132
1.6448363467667804
1.5820876481703097
1.5315117633914541
1.4976403886548078
1.476561188319848
1.4636616999250422
1.4572530664807803
1.4558815350528356
1.4592303148299104
1.4674086768091819
1.4798622424038395
1.4931391353462078
1.5041509223223402
1.5101187183959548
1.5092960975870373
1.5013399698637482
1.487775871509205
1.4732498076276568
1.4619455803043448
1.45298500787568
1.4449905719717382
1.4368391692706382
1.4274816231439484
1.4162352323424896
1.402854049712468
1.3871057650617011
1.3682299503766029
1.344922705801326
1.2872644528344606
1.176281129707193
1.0717450226129612
1.0045850250755126
1.0319740908176127
1.0132593089468935
0.9721055519683489
0.9568890962885931
0.9941535624806008
1.1070651479015692
1.2239829268579328
1.2963387252069483
1.3739422251569737
1.4572444666525575
1.5456912096832718
1.6361243849537004
1.7226157525836865
1.7978875411621855
1.8553726682252694
1.8905311968073137
1.9008441434506325
1.885375040802185
1.84511094488413
1.7839210220771584
1.7088155382150743
1.6287428197110194
1.5524889304969673
1.4868043879808082
1.4354806602950452
1.402416435086229
1.3829504792737033
1.3721830171880405
1.368208240151965
1.3696789705635175
1.3762063212637508
1.3880684757034365
1.404571008107652
1.4218674649381933
1.4372904883387945
1.4486994474988621
1.4547446665448867
1.4548182741314424
1.448820795644743
1.4370070457146036
1.4370273740287682
1.437108995339719
1.437401338349428
1.4371745155022901
1.4354197676987535
1.4315868381394787
1.4258333202891091
1.4183661864324972
1.4084196242874603
1.3940795444354128
1.3499944923759009
1.2461891118135477
1.1358885863098664
1.056427902568883
1.0571255574300202
1.0851183996906277
1.0384663136795993
1.0292912163415617
1.072595016174119
1.191556741075527
1.3092098480413037
1.3795801205858125
1.4530732396510482
1.529841267544968
1.6090346761278909
1.6873329687016958
1.7590094044386082
1.8174990084337894
1.8573466869714268
1.8751828145502936
1.8694126212848912
1.8397249832481783
1.7875379236671747
1.7169941533045296
1.6351493699167792
1.5507168699819633
1.4720265146633287
1.4053065755474992
1.3539244208436076
1.3214265515148453
1.3028602565336997
1.2932411330135933
1.2905740787151772
1.2935825797112999
1.3018611625161092
1.3158546587849937
1.3349948173106716
1.3554671536823613
1.3750580414158098
1.392137196436881
1.4057209919172204
1.4153105234032801
1.420781898779945
1.423147479072959
1.4262252696926843
1.4316639836598362
1.4383486840885402
1.4448725915096172
1.4497047072394462
1.4520188115419863
1.452255611835985
1.4513676567343552
1.4490563665039495
1.4430951017393667
1.4135289537054918
1.321361348491225
1.2095049424865967
1.1195266874596705
1.0943868971359818
1.1598282128038189
1.1119754164764935
1.1127522871448656
1.1664154072118045
1.292860946875137
1.4080540692377423
1.4732518508380887
1.538808509701832
1.6048801914515383
1.6705265619717315
1.7324351931227853
1.7853194141460842
1.8236801594444938
1.8436110076512902
1.8433337523998283
1.8224311565442806
1.7811553285822206
1.7209357028090213
1.6455246030086415
1.5613232584895642
1.476264576534272
1.3979218696783005
1.3319267229049037
1.2812969661665596
1.249410795497545
1.2313588422235533
1.2222422489500235
1.220088592491173
1.2236881393343595
1.2326727991917976
1.2476412543162994
1.2682640412982367
1.2909489460784385
1.313887938462259
1.335835222899207
1.3560333287229955
1.373949490984863
1.389107229396076
1.4015011681731049
1.4126186559908014
1.4246442671222683
1.4381690259687714
1.4520151410543194
1.4641935372094308
1.4732058704986142
1.4791647202038993
1.4835760292909121
1.4872050595197592
1.4883099905728954
1.4731254794553748
1.397017527793999
1.2891268312949142
1.1921062802194067
1.1424967069218617
1.2332296710176887
1.1870458032722935
1.202070346223644
1.2708956687770154
1.405450359891796
1.5141565363351634
1.5709456989387307
1.6251051326978427
1.6770113360833396
1.7256898631310162
1.7678922544984839
1.7989558540262032
1.8147848420025199
1.8134365201562106
1.7950641469394444
1.7605234793020266
1.7104045074577847
1.6456776177357706
1.5691519862888943
1.4860922526809632
1.4033322249904177
1.3275534746060087
1.2637976916586606
1.2148115242447475
1.1838855794440974
1.1663586985001202
1.157544423401569
1.1555665954074092
1.159295964653559
1.1684284418188469
1.1836881857392436
1.204984877302043
1.2289953245677903
1.2542421744876953
1.2797718724325915
1.304977103740818
1.329235391047393
1.351669803075136
1.3715607859054635
1.3896522293867253
1.4082159422622216
1.428628168636568
1.4501349620978299
1.4705269719490077
1.487538261487577
1.500312745736609
1.510010401662001
1.5183859784513374
1.5251395578744689
1.523655504435488
1.467719413149182
1.3698866503101286
1.270474023762329
1.1987342035971658
1.3005753325739007
1.2562015575019052
1.2898885678078833
1.3787332317130725
1.5209345214178436
1.6189492802294225
1.664761476918535
1.705228481339236
1.7409523444195287
1.7708145576858452
1.7916185378205087
1.7994874053939758
1.792018906385795
1.7695366233585033
1.7342788983356796
1.688247584698275
1.6320012074129666
1.5656322226529418
1.4906940803399193
1.411141017251543
1.3326415116246095
1.2609890194491118
1.2006750841763631
1.1542198896979636
1.1248102842754872
1.1081260543893725
1.0997789715011528
1.0980244287233283
1.101834349660634
1.1109649669712918
1.1262215990780027
1.1476704786148655
1.1722105583672122
1.1986209233393044
1.2261969058436373
1.2544916790781748
1.2828569329009225
1.3101171918459011
1.33501495073003
1.3578869273766825
1.3812218408183818
1.407060182856181
1.4351502610354334
1.4632927479556936
1.4886260977059378
1.5091679143803038
1.5249741384713724
1.5379075390536616
1.5493455894952959
1.5607312649542442
1.5281941027193895
1.4459395187968895
1.3490037955307022
1.258493062172371
1.3564921468212987
1.311097192198343
1.3675018539104788
1.4805467662846168
1.6287553796921146
1.7127804422557458
1.746492496402297
1.7727745756367563
1.7922077427131728
1.803342474218495
1.8030391996831194
1.7883485167128146
1.7587324905468629
1.7168953113832224
1.6671114069091795
1.6122199286302816
1.5523144828525646
1.4863392869269834
1.4145765521944458
1.3397913405171906
1.2666152732830427
1.2000347276532524
1.1440235119202486
1.1008739026559515
1.0735880641961468
1.058202308730768
1.0506795637504074
1.0494157647351436
1.0535049622915353
1.0627388680271879
1.0779462513449125
1.0992106662314083
1.1235456181326684
1.1499209903868886
1.1778825798706047
1.2072191817511215
1.2373917449356924
1.2670804618979874
1.294585458504266
1.3198657365594912
1.3456555223281939
1.3746713751417847
1.4072616666910203
1.4414717418185852
1.4741473897564934
1.5023953322909176
1.5249677830926285
1.5429301061337495
1.5586343873091213
1.581875910937235
1.5743669289931297
1.5114357079163694
1.4208658803035947
1.3154799115020888
1.3956476616479727
1.3442697418313223
1.4263416630131873
1.5661238429653128
1.7177955767684745
1.7868016142125942
1.8092708713652883
1.8228613381822636
1.827774396227511
1.8221367409001192
1.8029562092150135
1.768288228665168
1.719415842296977
1.661316141880521
1.600132703492573
1.5391613853155943
1.4776178472952064
1.4132368989823085
1.345290918056772
1.2756763324503737
1.2082070454355087
1.1471551326474272
1.0959800686164078
1.056705532980584
1.0320444956905341
1.0183677553490007
1.0120196573903177
1.0115365677315582
1.016153664747313
1.0256708589879275
1.0408807511057838
1.0617211131564754
1.0851746065912693
1.1103393943410376
1.1370430546366104
1.165415650893308
1.1951871778310388
1.2250835200561216
1.2530802853382093
1.2786894488709202
1.304761944393697
1.334622605430575
1.3692663525137718
1.4071912043498767
1.445304185978575
1.480214340249803
1.5096088080850045
1.5333050341690002
1.553408501074225
1.587160113086864
1.6042104111495676
1.561755280875353
1.479394834997173
1.3626443822394458
1.4140235803159467
1.3510315214108841
1.4597198844063963
1.6261732431728388
1.7786484490745016
1.8350302887727787
1.8490678012588821
1.8530757779396811
1.8466647697577276
1.8276633081761895
1.793403919319759
1.742901478831967
1.6789233632119955
1.6083860373689967
1.5391789693452667
1.4747147724460603
1.4129696320764606
1.3506470011575906
1.2864788353602905
1.2218839971223991
1.1600695392432574
1.1046564047117282
1.058564106459289
1.0234838683427603
1.0017416540443886
0.9900100144753597
0.9850280592152845
0.9854755939089045
0.9907452641439694
1.0006375867441357
1.0158726137851617
1.0361064756288478
1.0581302622593587
1.081096067771058
1.105147852065295
1.1308427932035177
1.1583006355189065
1.1864856387560607
1.2132594377464325
1.2376395417052732
1.2622945085679065
1.2909545008845889
1.3252405104007317
1.3642662645157053
1.405349218577846
1.4450962125983082
1.4806370285750539
1.510680983804432
1.5361005812879238
1.5790423167750465
1.6179966459516948
1.594527275409132
1.51969076696079
1.3936893090990206
1.410168773576143
1.330666916430506
1.4641784384386578
1.6540266908131047
1.8058853807801243
1.8556263952715857
1.8653532922638512
1.8638056676797736
1.850087738185148
1.8220424617818531
1.7775354312060967
1.7163684866916364
1.6421450864417815
1.5631134012583838
1.4890509828730036
1.4232321066738367
1.3620326327962673
1.3016010771246067
1.2407153981024222
1.180657426629006
1.1241703671295158
1.0742514803892849
1.0332433940638488
1.0024372879582022
0.9836932974657703
0.9739482156268254
0.9703305018134315
0.9716673023450528
0.9775161472933339
0.9876969584650195
1.0028709409563163
1.0223819214010303
1.0427068897314122
1.0629466751633625
1.0835459999550103
1.1054828401244552
1.1292788256238884
1.1542675510678586
1.1784708197402969
1.2004755716330373
1.2224020905232655
1.248095929995335
1.2797377024837724
1.3171624309327437
1.3583839323578222
1.400467624576855
1.4405629515023899
1.4768213194572464
1.5089063130365215
1.5614533064173857
1.6177417578453914
1.6099825240755858
1.5397978721897223
1.4046462531709054
1.3857592930819054
1.2864126606309445
1.439928819007378
1.6466545488945286
1.7994478147824662
1.8508187672122434
1.8607593244232494
1.8579377993704527
1.8412419959253699
1.8088798273104656
1.7594250006584398
1.693264855659055
1.6140180346543216
1.5301222276233764
1.4539203662865379
1.3882199730211846
1.3274414071089657
1.2681465295621248
1.209708646763905
1.1534596695319341
1.1017387437443062
1.0569323967875608
1.0207866448624938
0.9941447619604235
0.9783435785508725
0.970532151394386
0.9681997918166348
0.9703113616868171
0.9765786197865068
0.9868596650784636
1.001809050918937
1.020586465074359
1.039382216233548
1.0571055776658578
1.0743334919464742
1.092290073913634
1.1117842163939662
1.1325597983392464
1.1530404450158978
1.1715699338214118
1.189486979697171
1.210492529008079
1.2372371636600896
1.2703099074238131
1.3085925712615283
1.3499317646506215
1.3919447805340865
1.4327553525292152
1.4713899108633546
1.5361639864898076
1.605727000530709
1.6104214992951111
1.5408182063912783
1.3948108142836233
1.3451925849273039
1.224386659435499
1.3902842204084953
1.6047761281438349
1.7644872615593852
1.8258409569851373
1.8401971808232276
1.8401999759917622
1.8248101290744951
1.792836329441347
1.743647826874267
1.6781310697618228
1.5994773925028525
1.5144406948426936
1.4384124681688877
1.3727664469098728
1.3110993706727185
1.2516674399402903
1.1945752130266796
1.1411718175586547
1.093392011038955
1.053044661373613
1.021310375141612
0.9985872927339539
0.985658771495671
0.9798054723059112
0.9788244206287238
0.9817802886104616
0.9885149409567802
0.9989070619603445
1.0136397323267319
1.03187896246378
1.0497543237362086
1.0658812509978275
1.0805967025595047
1.095025563117988
1.1100746582969647
1.1258865180122155
1.1414749769209003
1.1552092420481124
1.1675976446155858
1.1820476659335035
1.2016021422278396
1.22756846445749
1.2597405404700734
1.296890626992356
1.3373391998939068
1.3794734277906833
1.4220141146782397
1.4973481057716849
1.5809580761825632
1.5985760711663324
1.525616328422588
1.3665764604666633
1.294453573316055
1.1521391267433947
1.3201645240350242
1.5336080557501306
1.7096988566361455
1.787619810368289
1.809901294459138
1.8164095198002153
1.8063081580777118
1.7790338568553805
1.7346798880720946
1.6745909565468615
1.6019026859949717
1.5224545120316428
1.4469862878115778
1.3782848053093277
1.3138145007392197
1.2528941139300314
1.195969503021423
1.1442734960108367
1.0993471869565878
1.062511114358032
1.0344934552834175
1.0153368536222434
1.005286824243974
1.0016378088534497
1.0024154677553732
1.0067086655181678
1.0144692598493226
1.0255354108644879
1.0406149734256396
1.0589371062989203
1.0767705133354855
1.0924958579126844
1.1058311157813274
1.117381373542788
1.1279152801398358
1.137926662765551
1.14720416074895
1.1545375329434389
1.1596284254639002
1.1654995706770281
1.1755608833949875
1.1917637292153183
1.2147638725142826
1.2442605737059464
1.2793414050622438
1.318784109844044
1.3611980213250587
1.4409605236159941
1.5368182887885888
1.5717201580827713
1.4961929948895902
1.3243057669133265
1.2397688600416836
1.077435849335961
1.2338428697104546
1.4457473805440493
1.6450303450094268
1.7436302303316171
1.7765773664016529
1.7927598693758127
1.791454998966563
1.772521095417607
1.736485961678691
1.6848559666032943
1.6205246451934896
1.5482181564892188
1.4741201291286754
1.4025457332900688
1.3348903294991108
1.2717825761779777
1.2140781389020803
1.1629522668979353
1.1196535750271255
1.0851665806475097
1.059957405750555
1.04390412609396
1.036805441503997
1.035831195831052
1.0391353106872647
1.0457213566251422
1.0556488353573472
1.0686315396217352
1.0853988718218364
1.1051240534340296
1.1241021821120771
1.1405946649058416
1.1535432091216926
1.1626756732087862
1.1683394405191465
1.1712638329323772
1.1721688482052774
1.1709754627556366
1.166821669505755
1.1620296435694635
1.1603733132012768
1.1643627032728514
1.175433726838556
1.1941471850574117
1.2203326030831985
1.2532139755516756
1.2914638502204006
1.3688937880618677
1.4705753531366967
1.51805691797061
1.451231141621624
1.2729064282609701
1.1865124761964048
1.0073473695927833
1.1449604479262658
1.3570704235095838
1.5797646352151928
1.700992918199421
1.7466801126785116
1.7752084398804282
1.785684391762806
1.7779960628449585
1.7526655299807437
1.710922086442937
1.6550019584771707
1.588549024923068
1.5165089099414788
1.443696181270171
1.3734798565830386
1.3079941934377164
1.248798344413123
1.1972155078960551
1.1543643106486903
1.1210510325066834
1.097662162778888
1.0841288223208836
1.079977163324492
1.0821646817618975
1.0888931527777883
1.0989783875573278
1.112620265380955
1.129345466120565
1.149967160380272
1.1734217882850058
1.195531443224882
1.214282905463243
1.2277660270730884
1.2346530468440706
1.2346441700395825
1.2285485488487902
1.217985669735144
1.2046546313639201
1.188774249502859
1.1712891819102256
1.1558265390685643
1.1454027479219613
1.1422058089271494
1.1475953778732602
1.1620802213675998
1.1853283174591358
1.2161774648304557
1.2855374265153685
1.3858080153053451
1.4394096545043
1.38857200374335
1.2168397808683806
1.1385882932145452
0.947398710916733
1.068330847771557
1.2786456781054965
1.5213979928513797
1.6658087247027118
1.7258329091135645
1.7689904444660376
1.793815010742741
1.7997420622720555
1.786840090757178
1.755765764450731
1.7080877719808578
1.6468458038387646
1.5766839424382446
1.5028978603683503
1.430113928034675
1.3617495471666543
1.3001809567164324
1.2470618749710962
1.2035372182436332
1.170344126629861
1.1478650462673399
1.136173218135392
1.1346917311037257
1.1402081850565708
1.1510017897364873
1.1656977360089829
1.1847446512192557
1.2075045835771057
1.235059791284149
1.2659307424070763
1.2945349462991738
1.3179877109201459
1.3332763056067414
1.3379911056185556
1.331176166011069
1.3137265420399171
1.2881590961563905
1.257835271852659
1.2255271135012553
1.1924600059011397
1.1608213436803478
1.1338449072050143
1.1144307309130894
1.104646238948536
1.105556288699962
1.1171796975318764
1.1385020863761766
1.195728488938523
1.2887163489037718
1.3442210713555256
1.3112039609900974
1.1598541348498599
1.0982828742057973
0.900990206147146
1.0088942173401438
1.2162514579345678
1.475223315571288
1.6427200388628707
1.718393260776959
1.7782358640744005
1.8197846221514562
1.8415311625291506
1.8426822725819114
1.8231160805033224
1.7837689330108417
1.7273042295858287
1.6583762066139862
1.5828678122011535
1.5065291045831386
1.434008352238945
1.3686126835728019
1.3125042474757744
1.2670028608722397
1.2328468586761423
1.2103917379171325
1.199765805874807
1.2003223500439082
1.208786287626729
1.2237015097343915
1.2437242639290722
1.2698188731493798
1.3013424793616275
1.3399147424744096
1.3833205711157774
1.4231445588367209
1.454757934019071
1.473663088347403
1.476402710443822
1.4615735338229179
1.430407322716871
1.3865584673054578
1.3350700422107418
1.280681330939164
1.2264232637392178
1.174654799075493
1.1284639434171395
1.0910483589904212
1.0648580430737116
1.051224936584741
1.0502876490721418
1.0610413682663824
1.1038767768192228
1.1862354419512757
1.2420780293922238
1.2270813309140673
1.1051533514149348
1.066451547719349
0.8694962691502018
0.9680878549566273
1.1722627090218714
1.4443548764343315
1.6346636466183793
1.7271387131416693
1.8056328574134706
1.8663264842257066
1.9063063197097907
1.9234991446121126
1.9167283431267466
1.886181820459627
1.8341670616996073
1.7654790860657277
1.6867351928548922
1.604917732523096
1.5260457924688318
1.4545590973741305
1.3933393280403361
1.3440369638727967
1.3074509927972642
1.2838560008468147
1.273271889025495
1.2748880341277578
1.2853644618185829
1.3037485176669243
1.3292859025553503
1.3640252676234417
1.4075263222693695
1.4619752137426656
1.5237325200489344
1.5799315303332044
1.6234298377313847
1.6479201606222604
1.649002268339344
1.625170311904197
1.5783059531994237
1.5133124389754466
1.4368088207907983
1.3553217709012872
1.27407744146987
1.1972418861449228
1.1285921571038293
1.0714233726672213
1.028078237794296
0.9996764293255302
0.9861051528530376
0.9861438092226223
1.0139663598593314
1.0850245619708465
1.1420845789628198
1.1451356171241547
1.055472796595179
1.0428687764191795
0.8528168729600591
0.9455850352014544
1.1469079248099094
1.4299439184634741
1.6427480947759727
1.7530237858024573
1.8520759121232662
1.9345032701363423
1.9955784290752296
2.0314673750259713
2.039493985504934
2.0187649247433637
1.9710710087937642
1.9013911579536114
1.8172745829057166
1.7272046975993665
1.6388683174561574
1.558131575740278
1.4888433747013403
1.4331504655766192
1.3919800438996117
1.365494313196793
1.353471353564867
1.3548329123574334
1.3659663944666263
1.3865053970217514
1.4173569023551156
1.4627675456575644
1.521964671639384
1.5968942300762685
1.6817678333190416
1.7582434986452378
1.8162770499975764
1.8476556479060073
1.8473713898373612
1.8143098230823378
1.7511179926852243
1.663488809394707
1.5591178525906548
1.4464883753613795
1.3337162816717982
1.2277261060149587
1.1338262560908825
1.0555770273088627
0.9948583239500919
0.9520817129520921
0.9264737055890294
0.916352444695719
0.9298779226651787
0.9908679401823672
1.0513003180208975
1.0724280662506989
1.012825842210733
1.0266061953565955
0.8499316550069694
0.9400154166694632
1.139004235754475
1.4314144812546536
1.6661896341851505
1.7949659207373418
1.9162666332943772
2.0230728871417454
2.108527473757432
2.166497017792628
2.192167975190574
2.1829857426900237
2.1398627654200064
2.0679184534469153
1.975879274177225
1.8741343035320759
1.77246927535244
1.6785479995958525
1.5974584173037978
1.5320129686759683
1.4833533881482481
1.4515577733184992
1.4361405719270468
1.435773611719696
1.44620099530448
1.4673694987233699
1.5042141334774883
1.5641729345913038
1.6421262276759527
1.7395338582616442
1.8488796333845416
1.9463043171962404
2.0188534433759506
2.056750794014442
2.0552532076871928
2.014377533193385
1.9369789601590495
1.8278399294012064
1.694714600875373
1.548554086719142
1.4014571835982574
1.2639679778723145
1.1434368166227775
1.0437978884218433
0.9662332329983306
0.9100780431143993
0.8735816011036704
0.854408217645461
0.8553463822248312
0.9082876073060695
0.9740332379568631
1.0129189820474567
0.9781293187388164
1.0163610024815426
0.8592798769066784
0.9493726278924393
1.1463717936806446
1.4466543906018912
1.7022898451352526
1.8496747209310893
1.9943170209677432
2.1277684974972444
2.2408960912436897
2.3247552674117986
2.371623528031711
2.3764717909785738
2.3387457477873723
2.2635373419316185
2.1610068192771803
2.043951880954692
1.9247876248643425
1.8133951681201599
1.7163758465930217
1.6373708687745558
1.5778498447643101
1.537935601063099
1.517091086490295
1.5141578121795776
1.5244769845298742
1.5497408696311061
1.5990847494116758
1.6743434035271056
1.7687538348888963
1.8856183845791696
2.015897441888971
2.1305279984612615
2.2139391622781224
2.2557850761928933
2.2533830094675897
2.2088261594278467
2.1227669193050906
1.9956590880569143
1.8346444471913974
1.6543977217682284
1.472259134335884
1.3030409706550878
1.1563086447900013
1.0362886625730685
0.9432716837586107
0.8753087329684763
0.829512281428313
0.8027921488363056
0.7934674396772708
0.8403254802002673
0.9120249055384765
0.9673915627707829
0.9510855054646807
1.0101242304080114
0.8831298189941509
0.9758801234153107
1.1702970905039862
1.4771491892333937
1.7542713034294681
1.9221626176087443
2.0938137391444984
2.2596358750151735
2.408003547852289
2.5263043459287178
2.602504109523655
2.627501087229077
2.598014129699471
2.518660420000448
2.401499962941977
2.262779180616152
2.1186646903224675
1.9821302533791616
1.8618412836398481
1.7625876847648283
1.686426050867535
1.6339409832464349
1.6055099342214458
1.6021220044982625
1.6209123377158454
1.6634388525869817
1.727293347627687
1.8145954133217446
1.9224391463194002
2.055167663856876
2.2017110187527043
2.3283289668707696
2.417680500503169
2.460889921708072
2.460606634482445
2.4201484407964364
2.3305499904481475
2.184948122106469
1.9921104281020523
1.7730281146962945
1.551833128157139
1.3481921250771045
1.1738482801582988
1.0330157372466338
0.924761697613758
0.8455934348830496
0.7913102206388458
0.7579426622266179
0.739859501849803
0.7815463574642311
0.8588068539612763
0.929527053391142
0.9277455392960794
1.0083275489550536
0.9472695761028257
1.0477945943288285
1.2335678860680173
1.5403987667019488
1.840238343400575
2.033834178465268
2.2425700408126543
2.45667833634659
2.6619229016854176
2.84021645017166
2.9715524106300446
3.0378882692190228
3.028769300966973
2.9462509167071587
2.8053091410940096
2.6287000763580317
2.4397333676527095
2.2571049974011714
2.0932125232230754
1.955115356313879
1.846858262546133
1.7723511464893125
1.7373757977638495
1.7443237365488389
1.7820857230277256
1.8449348046283338
1.9271015177639526
2.032338887151788
2.157545954048725
2.3075919470355513
2.4703174744700185
2.611339087314713
2.7171987345411512
2.782555713499048
2.803713539791004
2.766553254530728
2.6538735209884163
2.463609153909237
2.213957558330365
1.9358318197144662
1.6611254882247715
1.4136841772901245
1.206078596097018
1.041221679554417
0.9160500282571079
0.824990258542338
0.7622068227684256
0.7225954937915159
0.6966960151877744
0.7324799264611102
0.8110038991317686
0.8900609565192459
0.9053720633119338
1.0177579722373542
1.0547030244334505
1.1590977113019754
1.3163058591810228
1.5884284397111756
1.8724851363082469
2.064417997885351
2.2791157544155993
2.5086133058543014
2.7391615824192415
2.9508703201797077
3.119085614465501
3.218923311538358
3.233410471266777
3.161366761494295
3.0183375210448635
2.8297365979243887
2.621959228290188
2.4164434126072485
2.228055690577612
2.066986433859639
1.9420217161184488
1.8614612037135498
1.8306483179713076
1.8462183919031048
1.8927830329341189
1.9634717142333946
2.0514541226205165
2.160132884307586
2.2858595901276173
2.434416981320637
2.5988627358271064
2.754481745338949
2.8920838488567786
2.9940198432208676
3.0327991566140864
2.9826246979151425
2.833964000562372
2.5998066386331558
2.3109232738628456
2.004385135351045
1.712260804217776
1.4553924125597044
1.242929862040337
1.0753701413581214
0.9484316544474933
0.8561235553085093
0.7925040750567656
0.7523432125516923
0.7252759435761112
0.7554738029598063
0.8210506055144404
0.879904921835683
0.9139575582084352
1.0836086452144738
1.1694853350141985
1.2514321447559138
1.360351670147812
1.5589050670217381
1.7718500980451164
1.917077550324698
2.0800810546100434
2.2540593529068524
2.4271596475351034
2.5829185752433723
2.702927669504192
2.7713509076414597
2.779574185487408
2.7288439756668343
2.6296038415711536
2.497949179300078
2.3510840065262877
2.2038802882217032
2.067691440044758
1.951246368073986
1.8622117488627352
1.8074370462667828
1.7914361644617844
1.8108331708420644
1.8530584328134765
1.9124273386555033
1.982824789638533
2.0663374265329515
2.1598219319023038
2.268822688073083
2.393685427628438
2.5229905051293833
2.647490195074804
2.7418811740826605
2.7751246725496026
2.7256270091958674
2.5905322181007477
2.3862000749901044
2.1410731740136857
1.8855742625049499
1.644190442342988
1.4321749681851075
1.2561348146119615
1.1164205517717547
1.0097821540493543
0.9316543669266368
0.8775270615906531
0.8433082762357647
0.8201664595346526
0.8440251164707993
0.8927142438606197
0.9251926916362384
0.9561832003319616
1.1965192832903249
1.3067501336655138
1.351215044670779
1.3942593469416071
1.4777496749165528
1.56677204937024
1.623084152787796
1.6834558100931885
1.744493837155509
1.801123428914908
1.8473948672078628
1.8777692813291627
1.8885491048702832
1.8789557951249807
1.8514265155511274
1.81100382546886
1.7640688493108596
1.7169153150001073
1.674671988524051
1.6408919507074238
1.6178470708887345
1.6072591570565855
1.6108952375313599
1.6303601600609114
1.6616912985813066
1.6992536011324135
1.7414431328533084
1.784563500039455
1.8292603580812865
1.8727143090988325
1.9188965632843549
1.9850803049724906
2.074703620651005
2.1597293368092516
2.2163307529964786
2.228699765146065
2.189682178121704
2.1017972812537162
1.9756686148654035
1.826263542533534
1.6687541188408932
1.5156197151375446
1.3756446209490452
1.2550218705095229
1.1616084365513213
1.0960992316373042
1.0480896508966377
1.0138086259001227
0.9913028272784231
0.9740970336531127
0.9853162432237316
1.0113002095802448
1.0141055442959896
1.0158242688625536
1.2230737459223628
1.3148639939037412
1.4796707269609881
1.5925081031177633
1.6242004588493233
1.613742231340552
1.6023543450371829
1.5898577163757774
1.5791957640822447
1.5737604770701725
1.576996148263844
1.5919310042022776
1.6207406886482105
1.6643513552924767
1.7220845224755348
1.7914736738918897
1.8685409126891124
1.9487384137895676
2.0282570023093878
2.1049122166186685
2.1780678448185546
2.2478612460101215
2.314419699836697
2.377520744927056
2.430971714441639
2.4755540403849112
2.515553983268545
2.551257341371574
2.5858281783065795
2.618665245976222
2.6509560929540146
2.6792564196215736
2.6963220629314057
2.6975865772834364
2.677954375949073
2.6331264543714714
2.56126012695642
2.4643396799709705
2.3485835115928184
2.223552301613875
2.099805481560271
1.9842621449392182
1.8756050333687175
1.7687687784662414
1.6625744958785793
1.5599615132798044
1.4650618295936975
1.3811308476589894
1.3099866368730197
1.2165037708808089
1.1865887173959584
1.3152574229534244
1.6361110307324045
2.1483079042149464
1.0849510852293247
1.177349940920645
1.2864513180987904
1.3646041743714643
1.3958268962510452
1.3968842682974751
1.39787073638525
1.4046841178961238
1.4212970056246648
1.45079207027975
1.495193580817851
1.5554749951806783
1.6316463993717587
1.7228161396477415
1.827184733562938
1.9420163719006673
2.063691767242057
2.187933168221447
2.310199722368881
2.426147649424295
2.532035711521447
2.6250436560233417
2.703544527541457
2.7673204729042977
2.8131008699883298
2.8458981858790637
2.8716222987185747
2.8919493211175795
2.909330754114512
2.9233414816976544
2.933335877668022
2.9351630580516654
2.9238304229274865
2.8953107644021228
2.8459087208523264
2.7734220305256603
2.678375642472971
2.5648075596339757
2.4398413037776323
2.3110409620472288
2.1820141191624804
2.05182253471133
1.9198735885607783
1.7887257333390054
1.6630414875923283
1.5476289306394184
1.446231623077427
1.3605116489927274
1.2890682091517118
1.1958175389099446
1.1691342568887797
1.283516739117571
1.5363776414957218
1.9389341953043588
0.9435868124784391
0.9972319732518339
1.0695708234449384
1.1500333426751366
1.2353576980015857
1.2923152689376962
1.3235322691775961
1.3532384540147127
1.3846526179561438
1.4261105946221857
1.4826497705699961
1.5567602093805384
1.6490244976954902
1.758087274511223
1.880640442646778
2.0116489711695316
2.1448969253274144
2.273812281605244
2.3923995197427526
2.4960416572256996
2.5819847683010377
2.649456363638896
2.699492162611477
2.734574664362785
2.756187398148487
2.7697660174831413
2.779498019978823
2.786878279994322
2.7931120393546958
2.7978215283075345
2.7996394270056593
2.794343757326751
2.777143286503259
2.7437507480477685
2.691064802659465
2.6183389531487626
2.5280897564402056
2.425941508113783
2.318158714178847
2.20777471948064
2.094123215291107
1.9762167651997378
1.8551932718320434
1.7344456719372199
1.6185265301546345
1.5117595890150086
1.4171409967333242
1.3358956004755662
1.2679758095548241
1.1780005271428953
1.132645771218572
1.1840855782583082
1.324012743048926
1.6533077316755813
0.8451485201389152
0.8699199509592128
0.9067464965089227
0.9801454844649002
1.1069947020269033
1.2146258947253479
1.2687494713985996
1.3145958429841513
1.361754434680639
1.4204268724514284
1.4954357780770415
1.5880447241644529
1.6968762310967358
1.8181352528602124
1.9458262322144384
2.072307701146616
2.1893290399774896
2.2894570753606063
2.367529325901029
2.421629000976504
2.4532155165395073
2.4664073662468327
2.4667572182068795
2.459974932636619
2.451829819628085
2.4451798979422947
2.4404106611071783
2.4376687375499375
2.4365107690610084
2.436360433019759
2.4356978131014393
2.4310850440654512
2.4182372078026444
2.3932268305735387
2.3535557961119618
2.299077285015458
2.2323645892225055
2.157950743079325
2.0802269723067512
2.00133751043131
1.9210505849145099
1.8383330259737645
1.7528898679763816
1.665825704817858
1.5794525784306488
1.4965439700330228
1.419461459565149
1.3496101044710467
1.287492097587435
1.1940571301721727
1.107850257594395
1.0796919217016117
1.1112972393008171
1.354405557586402
0.8279715024944352
0.8493210714071145
0.8586384838004755
0.918256427051445
1.0519556864901782
1.1684665706892639
1.228701323563898
1.287692081558886
1.352575885810323
1.4297297828396032
1.5218268356199052
1.627658853032308
1.7428665154650747
1.8609949487952926
1.9746340955367572
2.0763748803442414
2.159573914612097
2.219236720046092
2.2530931731461146
2.262351160626336
2.251521224208949
2.227262722504454
2.1967751878989654
2.16636696032888
2.142849835230715
2.1266192997284263
2.1156255056785955
2.1090723669947002
2.105692095448648
2.10483265805752
2.105283881281346
2.1046158545915223
2.0991086665837817
2.0852561827039273
2.0606642345801376
2.0249176461552114
1.9799782441283644
1.9296874833254287
1.8781770009396135
1.8279403837166648
1.7790918872978507
1.7301903215672185
1.6795772393367445
1.626348088341549
1.5706890662189763
1.513609990495054
1.4563252949374474
1.3997179155351491
1.3442498671131844
1.246988982937283
1.1265164282662015
1.0491772532536487
1.0271807457477313
1.2005769296015414
0.8425429961955724
0.8666534573170502
0.8573304556999309
0.9052427088054954
1.0327549353094239
1.1509181464573672
1.2171932153415057
1.2858481130147776
1.3617685398513244
1.449280595886864
1.5494535490249435
1.65941162962822
1.773069871765555
1.8826835253086254
1.9805469339428765
2.06016869891893
2.1167909943461667
2.1477905953146004
2.153326317280917
2.1367708567750023
2.1042425110775773
2.0632243283287632
2.020917554678363
1.9829994823443766
1.9556263054787644
1.9376751029686075
1.9261146579405481
1.9197266186424569
1.9170613866305362
1.9174436130063468
1.9199448374215424
1.9226248416611544
1.9219393790156591
1.9146126675265047
1.8982918291883126
1.8724536009556898
1.8388873011699238
1.8013552156283368
1.764117644809507
1.7298589321599798
1.6986945566799512
1.668892856659145
1.6382038475149634
1.6048817966547102
1.5681543128651567
1.5281008302065102
1.485111406087583
1.4393752936110706
1.3908461492505428
1.2956647427248287
1.1591255480829135
1.058541823684849
1.0144954692712629
1.148785910347131
0.8691358797791106
0.8903042743889203
0.8691950979934733
0.9078944561052086
1.0292897635363372
1.1499337588494254
1.2217584931920071
1.2982498733347878
1.3825721612334931
1.477352756205452
1.5822243651245977
1.6929942889595535
1.802447005009174
1.9021827424480597
1.9845578452842174
2.043886553517597
2.0768411911769378
2.0827015341042183
2.063784151556661
2.0255201114743273
1.9755684992809235
1.9221308328920172
1.872243319908051
1.8307328558352514
1.8025784738636872
1.78520524441631
1.7748975894965184
1.7701003154397805
1.769352703582519
1.7719285181181113
1.7771215848851796
1.7831851059034847
1.7865283291314997
1.78412111693048
1.7737646890768655
1.7549616927933422
1.7294676283316668
1.701156276795413
1.67460361625973
1.652616489109639
1.6350449507525524
1.6197861005479108
1.6042369114229356
1.5862709417591037
1.5647014355387594
1.5391549927437185
1.5094524400941975
1.4750313649953706
1.4350172651606246
1.346376353392372
1.2007949741447284
1.0829094041759413
1.022497360149851
1.1250877194253555
0.9080825135264818
0.916145980742712
0.8932080438945718
0.9256608754794081
1.0427139395721912
1.1665048948297643
1.2432588896888392
1.3261217889938304
1.416751752149384
1.5162218483466774
1.6228596731178806
1.7314637452556347
1.834192162215732
1.9225113255246595
1.9891198574471556
2.0290383745907397
2.0399892542248415
2.0227259988272133
1.981402334377022
1.9233135587626426
1.857566209301808
1.7930977894506954
1.7369039430844122
1.6930903630012628
1.6653400005337256
1.6495692444170644
1.641434395706657
1.6390413698534074
1.6409912234732245
1.6464797275775644
1.6549862238094157
1.6647460571492694
1.6719271050098787
1.673787496281388
1.668400353247747
1.6553238281054226
1.6361740635362112
1.6149769722676743
1.5971418972728044
1.5857768153901795
1.5799431316251935
1.5768810162928841
1.5737555745316023
1.568404415348151
1.5597208245546748
1.5474167290107375
1.5310969361031448
1.5094149529187124
1.4802886681824594
1.4033521995593012
1.2544804288248945
1.121698853555874
1.0456256061983524
1.1182813947393309
0.9583228970950648
0.9508615239262777
0.9311623395196647
0.9612698001923197
1.0766031445861284
1.2033113057553573
1.2835032897604022
1.370289869667442
1.4640664283800642
1.564593906485958
1.6691691280011614
1.7720037876456032
1.8651834559303426
1.9405530651281837
1.9914262456681846
2.013494197846091
2.0052598362264127
1.968550379279109
1.9088829567332695
1.8349080254091463
1.7567028577378787
1.6836013802326302
1.6224675522474248
1.5768755263400125
1.5495578103071255
1.5352407035143738
1.5290733227361812
1.5288762318973064
1.5333217713798688
1.541548904555303
1.5532289762250104
1.56659529568216
1.5775768534504817
1.5837213064403584
1.5833900707606965
1.5761063135434161
1.5628720349743468
1.5469648545026964
1.5352645318252487
1.532855140502067
1.5369210206231618
1.543511804380047
1.549688882346347
1.5535136435490866
1.5544525416877546
1.5530318769608473
1.5492196292565803
1.5409251508636432
1.5244842194963757
1.4640369044772756
1.3183950483647178
1.1738315082727229
1.082480346054486
1.1266322373653561
1.0183020975642023
0.9986520715436531
0.9847979305954269
1.0168919456271934
1.1331421880518073
1.2613876826790669
1.3426452562488043
1.4299614004538765
1.522767581073926
1.6198313722845574
1.7177592717490648
1.8106067745408088
1.890895305302523
1.9513193377022895
1.9861179467766525
1.991747995765105
1.9673621624054816
1.9154967005694719
1.8424601341548694
1.7575811931222416
1.6712690671183301
1.5927637719173462
1.528521569455093
1.4815981908916478
1.4542025767933455
1.4404560579173826
1.4352381709623132
1.4362211201595327
1.4421276471156774
1.4521021888144143
1.4660280220197341
1.4823171191083553
1.4968799835414321
1.5075993922349535
1.5131619809230097
1.5131582986864098
1.508052219939937
1.4994102613892761
1.4924314878469145
1.4968496910757056
1.5087215165041155
1.5225112264479745
1.5351530629701315
1.5447386703228823
1.5514890448778267
1.5576622805600884
1.564499573772523
1.5691617296066032
1.5660283346363186
1.5252723499780079
1.3895106289222465
1.2376359966472654
1.1322826093320517
1.1489515588818653
1.0858881040338224
1.0594870540994246
1.054518487781836
1.0934352505549851
1.2128393872304737
1.339924411316009
1.4190323469500314
1.502709245717539
1.5897885481301286
1.6783880967870142
1.7647384340090295
1.8430919098814815
1.9068266289017446
1.9499274504396051
1.9679302437354063
1.9582579793689499
1.9206399669091845
1.8579178951506008
1.7765181062367752
1.685682991930302
1.595499474016763
1.5146896387111488
1.4491260006391051
1.4013960742625098
1.373522938034519
1.3595256550233552
1.354236765686541
1.3553246002457393
1.3615461503526816
1.3721174643458327
1.3871334424006603
1.4053410445117427
1.4228611418456458
1.4379390075419998
1.4495861440902642
1.4575443065826945
1.4621356880875545
1.464336301804437
1.467122211707718
1.4769853455558792
1.4940239453005666
1.5135149936127448
1.5316099825992433
1.545440870234333
1.5549878845627383
1.5647257638778225
1.579017659681706
1.5945605888122154
1.6035484870131622
1.5832040380139574
1.463552346794243
1.3104523165160524
1.1939716074055076
1.184082591693605
1.158196495108126
1.1306348725297164
1.138614097631215
1.1898549932609768
1.3140015925900677
1.4359027058660023
1.5090167321065568
1.58451649606992
1.6610336503592729
1.736323570909881
1.8064514573376422
1.866105566377414
1.9098575825638129
1.9333961096982593
1.9339364844979878
1.910067354748397
1.8619814880289518
1.7923719114122167
1.7070993050148184
1.6146119285074743
1.5241348775325592
1.443595678360532
1.3782531012529775
1.3303562752665035
1.3019695677403333
1.2873291275868979
1.2813727680803684
1.281866298620304
1.2875991212574704
1.2979047906796026
1.3130721931645093
1.3322561533259147
1.351928206068381
1.3706748846657957
1.387771683434401
1.4030484771694816
1.4166659620641087
1.42913524283755
1.4421673509558977
1.459397357134374
1.4822504696116152
1.5082790792387117
1.5336218358006268
1.5543095709668666
1.5684217337310136
1.5795287485125467
1.5959222751146138
1.6174499733302306
1.6351282642313913
1.6333667360582107
1.535270118926198
1.3883019534950791
1.2652134797398311
1.2300701628346042
1.2313358185560277
1.2068757683537579
1.2327474129510025
1.3024120350282222
1.4320511541822267
1.543754954112419
1.60690056763011
1.6699890540942208
1.7317744282350347
1.7897961502862996
1.8400352413422143
1.8777646072882508
1.8990280940289954
1.901577007926937
1.8846010444105459
1.8479275176961256
1.791993694000176
1.7188873836120324
1.6333481476629754
1.5425323206951187
1.4544772826058463
1.3761987152945963
1.3123921767321247
1.2650962120212086
1.2365183463138019
1.2212827985320394
1.2145331839694462
1.214188438909587
1.219081041502984
1.2286792822674086
1.243436608612898
1.2629072533660413
1.2839578832394907
1.305472409570406
1.3269331064655756
1.3482032363617726
1.36921895086225
1.389914513137875
1.4109199268216068
1.4346805499496915
1.463386758917532
1.4962228655156768
1.5299583047115566
1.5602493305918628
1.583563217266328
1.600001260839513
1.6156963151217518
1.6365712749107075
1.6579134258089263
1.6712959440330053
1.599126286914176
1.4659512273340833
1.3418242453034666
1.2834418148863111
1.3003010132665334
1.2807740320773737
1.329813193518872
1.4241165308619572
1.5590340428798453
1.6553961584564736
1.7052750183153298
1.7528705578261128
1.7971760533756849
1.8354910489726781
1.863714392435509
1.8778236272456539
1.8755710230216385
1.8570282721470366
1.823480488414595
1.7758676722320863
1.7145422764337992
1.6406013792214045
1.557342584510851
1.470423507057027
1.3866048960453674
1.3120000656221367
1.2508104679942929
1.2049406012968007
1.1767327941190595
1.1612652444385743
1.1539541922008898
1.15289256609927
1.156974090399054
1.1657924455444002
1.1799262113842146
1.1992549996338893
1.221006748297434
1.2443127239046154
1.2688348288590345
1.2944818349034397
1.3210047207101536
1.3477689724317268
1.3743152946290678
1.4023058761109133
1.4349333054163942
1.472874179408366
1.5137299390059915
1.5532107291102657
1.586796604590293
1.6119332552836114
1.6303816515036222
1.6483576965864473
1.6689138117984221
1.6936597812594887
1.6503520302021184
1.537551897208123
1.417884018444207
1.3389451288336394
1.3593217426309325
1.3436101275972294
1.420479682070425
1.544791573142464
1.6838171880815347
1.7609850201596755
1.7959430204609756
1.82690194458148
1.852935559275849
1.8709860954914372
1.8768978508380598
1.8674930124184268
1.842408119082519
1.804151350749239
1.7560313429769365
1.6997904632725935
1.6353067216748576
1.5624365905477728
1.4829856043751488
1.4011835468544032
1.3226150302522708
1.2525741862917676
1.1948206578556537
1.1511428443096163
1.123938082489347
1.1087382465490163
1.1012750167444207
1.0998151680992376
1.1033335781486948
1.11152300498046
1.1250400536067775
1.1439727259174457
1.1658215922482882
1.1899072999943279
1.2160627845974967
1.2443051884676424
1.2743354473366637
1.3050942810771657
1.33493670374951
1.3645721559500688
1.398515986347648
1.4389291853683974
1.4842751882306862
1.5305835779732104
1.5728568297895262
1.606885083619366
1.631248381307785
1.649023936257299
1.666799234710203
1.6993802753265788
1.6860581434557738
1.597769010306751
1.4866325353529313
1.3899822024977957
1.4027828536072116
1.3870378146364004
1.4945747350384668
1.652141782911147
1.793385697579145
1.8505466873099778
1.8713576544393804
1.8868784857653746
1.8959359070740598
1.8950676730897156
1.8802028682294574
1.849155488706327
1.8035068047707818
1.7481702057081085
1.6882803668258257
1.6259664109014715
1.5602459455767816
1.4896549155184153
1.4146994642347392
1.338451393780239
1.2655265913649527
1.2005058482310147
1.1467299986275563
1.105844349248483
1.0801926407095543
1.0657269793810353
1.058519178945427
1.057001922936653
1.0602487612801939
1.0680220738276556
1.0810087507413577
1.0993734801896917
1.1207678021637546
1.144621280147946
1.1709142101448988
1.1998320131377165
1.2311894060427788
1.2637688494738433
1.294856972403396
1.3240025751473583
1.3570868659227178
1.3974816175044056
1.4444397318275524
1.4945419317291158
1.5428375149503677
1.5843495408985386
1.6158055929224655
1.637219148638904
1.6533267265130946
1.690070605819656
1.7059229450193825
1.642999401567233
1.54195483880762
1.429786800919581
1.4264836608542883
1.405024929249885
1.5430737046419385
1.7338361020417685
1.875270145291181
1.9161344430266207
1.9261636856878197
1.9295936698271126
1.9247710019448867
1.9079848597984672
1.8754937085572043
1.8261745577697015
1.763421283114393
1.6944154724779856
1.6259423914351008
1.5600786537039208
1.4946256930159334
1.4268973275785641
1.3564799156090586
1.2856600661996738
1.21832151103914
1.158426883717669
1.1088953438634848
1.0711765311949788
1.0474535053572778
1.0340520554357957
1.0273931652198132
1.0260675611386005
1.0292608132771028
1.0367847709123357
1.0493208512956929
1.0669965934635923
1.087480347568426
1.1101941770073755
1.135193070026783
1.1628283224178069
1.1931140126766318
1.224911426520974
1.2551431151780945
1.282836720934513
1.3139960609491514
1.352571618341269
1.3985959581056724
1.4494375022510748
1.50069742087212
1.547439100305511
1.5856853198335707
1.6137065611638195
1.6328111152683777
1.6694904816338765
1.7120705852205393
1.6721207954445934
1.5799185539150342
1.4530398602094041
1.4287352320171194
1.3953263187990683
1.5600349065656114
1.7800153733824302
1.9206224448923326
1.953736988372564
1.9582550463019321
1.954373095267569
1.9400259109418645
1.911597052679935
1.8659259351978976
1.8028409288823488
1.7271285739661584
1.6480629970010932
1.574170080756581
1.5070034772493022
1.4427725015538189
1.3778748393118132
1.3114999062968022
1.2455441172370818
1.1833724848249334
1.1284023174381734
1.0831154676429096
1.048706399033216
1.0271049144683848
1.0149538476429871
1.0090150629363608
1.0080282776435345
1.01129935929633
1.0186825023029389
1.0308422935476607
1.0478040590628308
1.0671323098781318
1.0880959492653082
1.1106986490329933
1.135390691904579
1.1623969436976291
1.1908734811414794
1.218443218252741
1.244435762507905
1.273257509599583
1.3087230196487885
1.3516360198464525
1.4003371591163454
1.4513800269266832
1.5005162287684448
1.5439595218231434
1.5795128993110024
1.607049513189946
1.642255586367742
1.707991338278336
1.6863077600293113
1.5996386603008168
1.4572653442023957
1.4108107369651086
1.3598866846541113
1.5437240025022465
1.7850418007102873
1.9270250999474616
1.9640391740626728
1.968964373174488
1.9630946531644775
1.9442690176669175
1.9093445063647951
1.8558977060332327
1.7843759962114154
1.7001110500263772
1.6142181995454183
1.5378415933625171
1.471173105448566
1.4083417282857957
1.3455231686208613
1.2821460599633043
1.2200609939568183
1.1622725810645362
1.1117061639050883
1.070396017109429
1.0392334148956055
1.0198186955692012
1.009034381013324
1.0039522367676568
1.0034406061216417
1.0069271014516052
1.0143041028916613
1.026232856392087
1.042632737644777
1.0608904846052758
1.0799845779448218
1.0997180213561002
1.1205615268988764
1.1429911817046254
1.16672665555364
1.1905163907431966
1.2139580764517286
1.239615903464436
1.2706328590049396
1.3083764146176995
1.3521949905532704
1.3998133622924667
1.4480716712925676
1.4939232748822135
1.5353778217836138
1.5719874485799623
1.6303361490613475
1.6959010963986618
1.6876514474279267
1.6029109730888949
1.4433054575123414
1.376566447028291
1.3041138174181006
1.4964932374054638
1.7468000067532052
1.8995553055512076
1.9517078683985185
1.962456336788587
1.9597856448277773
1.9417591831785177
1.9059619526878486
1.8507526257626328
1.7768156496936507
1.6886910481208393
1.5981485760939804
1.5224409833032329
1.4572182830515028
1.39467216562479
1.3322638939225335
1.2702272284824587
1.2105489363395796
1.1559493159560201
1.1089035885175673
1.071013705191905
1.0428523822109237
1.0256330817266344
1.0163650327888767
1.0123689522454389
1.0125959463869814
1.0165870931324683
1.0242511929428917
1.03626515436211
1.052473854997732
1.0700862943935399
1.0877273431860415
1.1048626571125661
1.1218929206011357
1.1395356203970268
1.1580992104207104
1.1772212106034694
1.196641991415105
1.2176280839512936
1.2425140570672282
1.2729743006676615
1.3092700767719394
1.3503246143017322
1.3941986739310492
1.4387879299459951
1.4824889799937728
1.5245074077225658
1.5960958532117058
1.671068905492875
1.6762151819585382
1.5924659407507082
1.4145998786013922
1.3314327514459445
1.2354817483015488
1.423912112083986
1.6688231559416205
1.8485880015830904
1.9237647688721717
1.9447107509246322
1.949951018597449
1.9378954997369986
1.9068971746208476
1.85606499309265
1.7862834646279018
1.7008849413502913
1.6055033311276687
1.536281851571198
1.4697835588475405
1.4044865950050254
1.3399295482001166
1.277053037006823
1.2178984398535682
1.1648957622997789
1.1201142556270738
1.0847827801208896
1.0591955132671482
1.0441546961521522
1.036643950448566
1.0341382420839234
1.0355911991572304
1.040637727143023
1.0491462703960082
1.061804536255072
1.078383411966281
1.0959783675885415
1.1129609689025086
1.128386800546855
1.1424075772664695
1.1557505708978013
1.1690440192430924
1.1825122678407376
1.1961447271067047
1.2105267301242029
1.2273203290520858
1.2483508339054508
1.2746453366502655
1.3062095132868852
1.3422453468542719
1.381555251971788
1.4229213815407866
1.465237171625943
1.5409341663158735
1.624738022044007
1.646454542764753
1.569149152398167
1.3756462910033869
1.281195628353062
1.1620351098574397
1.3359264080021902
1.5734169321915237
1.7856039875531393
1.8879505718067169
1.9224629937038302
1.9397737896122498
1.9384989268855286
1.9175438994361067
1.8765712668526433
1.8167776081601126
1.741895812210801
1.6604503861490627
1.583150267583245
1.5097605809294772
1.4384165962016162
1.3691509281914374
1.3031991280593644
1.2425441496029495
1.1893320309460562
1.1452974503769207
1.1114012777233593
1.0877620315998737
1.074808086654111
1.0693351091684327
1.068856794924526
1.0722250670196616
1.0791439128402183
1.089354413330427
1.103517518687517
1.1212331009105725
1.1395183764746368
1.1568314803108641
1.1719212568189743
1.1842865692648763
1.1940995103803258
1.201905988510076
1.2083760258088942
1.2140896530132235
1.2196424259361007
1.2262647777483007
1.235813528026274
1.249896871951929
1.2694004570559245
1.2944795470400141
1.3247187366925943
1.359294080552651
1.3970221811797205
1.4687372240446526
1.5556847628410702
1.5917311464624557
1.52987947313773
1.3304524408914928
1.2309682460541473
1.0911106855578752
1.24670331549083
1.4794920208684779
1.7203650087038884
1.851569041723037
1.9022951949362068
1.93532544113114
1.9491045608018365
1.9426145192767232
1.9155650895268308
1.8689342429593692
1.8057523738276937
1.7315774065979679
1.652713109103433
1.573089892533809
1.494676955900743
1.41911254130936
1.3482930258433121
1.284318866099661
1.2291701317867003
1.184349448259492
1.1506570166979964
1.1281538374141284
1.1170052536082569
1.11371480398464
1.115743265716652
1.1217563764386147
1.1315224934707044
1.144582966629719
1.161558711727055
1.1817264242673622
1.2018969585345283
1.2210441375251402
1.2377442113527963
1.2500632787089492
1.256916995089092
1.2584595237314633
1.2558053744066067
1.250599018923702
1.2444900543140007
1.238787560234359
1.2350157327452538
1.2350128270287257
1.2403111922403744
1.2518483560813896
1.2699029143422378
1.2941031328563826
1.3234420426134779
1.3849252166495734
1.4688390566190037
1.513872377603857
1.4713844196332417
1.2817625458618112
1.1845779313438913
1.0284068432605191
1.1667748904643447
1.3956050326473153
1.6602165893339194
1.8208083171326854
1.8899426788841913
1.941911312094738
1.9744492003547383
1.9859580465237636
1.9755103565540226
1.9431805616137547
1.8906829061092048
1.8218781042877776
1.7422427623058707
1.657288768960806
1.5715388080989527
1.488579537163329
1.4113904817118632
1.342485038232137
1.2838589917429803
1.2368790506894236
1.202227248334096
1.1799404220399112
1.170038247077325
1.1687290314324992
1.1734131141247393
1.1825837729146678
1.1961481234328404
1.2134917501409588
1.2353713680312843
1.2608159689285756
1.2861292856780562
1.3103280464614346
1.3308906949100692
1.344165505602566
1.34776548730471
1.3413647278993333
1.3265347206061449
1.3062144894082326
1.2840535275760863
1.2632752901853932
1.244471458080406
1.2287161784858855
1.2180232246729106
1.2140576496252924
1.2177659538159504
1.229270511228252
1.2478700161497491
1.2952449068154612
1.3715700248648919
1.421182031766307
1.3971076732522354
1.2313778307525036
1.144396792974416
0.9775786768511696
1.1014115008526397
1.3262209017598654
1.6102910637508574
1.8003795484829777
1.8898152623135394
1.9636039957229514
2.018185363345299
2.0506845360272146
2.058901371628835
2.041605722256257
1.9992670477281065
1.9348551265365106
1.8538379907467264
1.762979836629521
1.6688402737547634
1.576939757250085
1.4915868343775505
1.415969953593881
1.3522795382865291
1.3018159446073139
1.265111305487339
1.2420836909568216
1.2326203752270293
1.232652980123708
1.2395893555306736
1.2519344783051867
1.2699969218426954
1.2933555531557368
1.323508675270537
1.359628378106513
1.3961149124782546
1.4298176054366687
1.4562708409186746
1.470771014268833
1.470089712832213
1.4535839112027893
1.4234433208365975
1.3841382939139717
1.3414202323740203
1.3006971821571867
1.2633815796571488
1.229511690246277
1.2010551137986605
1.1801942420472409
1.1684047908618918
1.166204433884176
1.173145498403454
1.2048952625007754
1.271528181432304
1.3236747870769248
1.316157017026668
1.1811068292761069
1.1115054638233002
0.9403980207000475
1.0527727966537932
1.273550287916657
1.5738277001842123
1.7933406803761007
1.9046880155982682
2.0029111378859543
2.082653022935341
2.1391273300468363
2.1682865867077203
2.167245792809878
2.1351946159531408
2.0744617403821146
1.9908043140748393
1.8923241698994036
1.7876188424639734
1.6842786399469822
1.5881951022792202
1.5034865768261647
1.432710863086522
1.3771599008545652
1.3371578455249389
1.3123461594180652
1.302374267831987
1.3027869453694654
1.3109799540889118
1.3257592778013039
1.348450797164077
1.3799235517040218
1.423460053875529
1.4775089513424868
1.5312844965897003
1.5783795322836223
1.6126919283101917
1.6288191959226725
1.6231125628984453
1.5949472302192185
1.547354914037362
1.486483181957727
1.419944842014284
1.354288192247985
1.2928097246966934
1.2369194744250016
1.1885049177394775
1.1497149893605128
1.1221075932344793
1.1062635273461139
1.1017573580164621
1.1182330520420374
1.1753284673803992
1.2303080748730482
1.2382202486314808
1.133308907225551
1.086023176979422
0.9172175037673072
1.021183875799046
1.238211578567649
1.5524075115411302
1.8010095189646151
1.9354864184251646
2.060460880724071
2.168483080530449
2.2523238625998476
2.3054743683507684
2.3228496768324955
2.3019998939930915
2.2445080600234153
2.1565508505950297
2.0478213133237655
1.9292616644159994
1.8108799800786843
1.7004979211263314
1.6034465963257325
1.5228299175467686
1.4599992671669049
1.4150399784313383
1.3871983565842565
1.375769549299055
1.3756273263856373
1.3838140963471375
1.399324702936229
1.425482909290775
1.4684299782471564
1.532279562704855
1.609932266445233
1.6844680466631563
1.7471907740535797
1.7906907563584527
1.8091450629081371
1.798890982678242
1.7594202947316968
1.694229350370934
1.610484479551932
1.5171651758480211
1.4225322004204062
1.3325053207199677
1.2508898958106915
1.1803879640257047
1.1229947266157965
1.079858973521921
1.051155492505293
1.036140243711711
1.0388572187299625
1.0879364964951945
1.1474366423098339
1.1705249103791382
1.0904858192749647
1.067454042052846
0.9074429829165565
1.0058356457822042
1.2196173891146511
1.5460745232030402
1.8228951753010303
1.9810972374216533
2.134618440206466
2.2739227952787004
2.388965285301266
2.4700927415503546
2.509195433398065
2.5014435884349377
2.447248202850324
2.353211310248009
2.230981662574312
2.094385228451246
1.9563953041662845
1.827216301035596
1.7137083940294975
1.6197088309954206
1.5467213890011111
1.4946328724995828
1.4623146202227753
1.4487502791933178
1.4478916850068513
1.4560430174520296
1.471327801899517
1.4944325017333344
1.5625859903299286
1.6492989239991416
1.7497538583710324
1.843891346895156
1.9211507720836387
1.9732563309059863
1.994849719009597
1.9827349976597495
1.9356271551223532
1.855636125569297
1.7495242040597199
1.6276706664068155
1.5013284517699923
1.3800679410909384
1.270609899866185
1.1769492655436662
1.1009993635195126
1.0431881669393324
1.0028811242169284
0.9786918292487284
0.9697031928831149
1.0125908177414773
1.0783277016980977
1.1167901429645022
1.054453753652878
1.0549590233697472
0.90987704209815
1.0051910906709343
1.216203707603322
1.5533714041662992
1.8566246235747044
2.038192383688275
2.221062510534249
2.3939783410359143
2.5439794131154674
2.6576338832510777
2.7227766418719144
2.731090887966876
2.6810357061934056
2.579466669976183
2.440395845993593
2.281238081204262
2.1186321662277865
1.965693520934557
1.8311419169340972
1.7197367627634272
1.633264330418921
1.5715673874260383
1.5334089045698418
1.5178629551902418
1.518211225369674
1.5311996137172603
1.5574244886555044
1.6051807705963295
1.6778386965688374
1.7761867087314507
1.8914900768409444
1.9984654272974
2.0842972556457195
2.141300943536643
2.1670806558432747
2.1591024848034817
2.1116263898613665
2.021769168288732
1.8949926516567994
1.7441782326916757
1.585099426301214
1.4318808919180352
1.2944343716337172
1.1781057728593796
1.0846669936763125
1.0136346604573103
0.9633218479990444
0.9314892992715684
0.9129818508335666
0.9510454133202743
1.0235237798467203
1.0772719877606374
1.025890302133168
1.0467113189066122
0.925997967870192
1.020257429180524
1.2281463428400157
1.575129998676859
1.9051405127024437
2.1116982842842216
2.3275615655098796
2.5403579943945904
2.73415540165051
2.8907420994254345
2.9920142021802065
3.023904252192341
2.9811317981428544
2.8702566701077217
2.7084398370099314
2.518211120695043
2.3214113842962862
2.1352016774657296
1.9708421624113288
1.8343929854156444
1.728214843095367
1.6525333181233384
1.6068040886469077
1.5911576444132727
1.5983125906513789
1.6250973409203697
1.669803544787328
1.7356153428185814
1.8214946547775448
1.9314687394577952
2.0569083998859057
2.16946477968447
2.255591740684533
2.3120276810655764
2.3456945291506357
2.3516346106539343
2.310352732873677
2.2115946669890527
2.0612375964406393
1.87692853835364
1.6807016359519011
1.4921532005945293
1.324601999242979
1.18459294560036
1.0734901892112094
0.9896181173413513
0.9299782215896463
0.8912621915428449
0.8643121162836522
0.897520373670254
0.9758966720047523
1.0454455502294926
1.0016142509147095
1.0438101551770012
0.9782701165688963
1.0743221056092032
1.273866600228047
1.6255841842351932
1.9831455545407377
2.219090406650313
2.4773978208472585
2.7463892620463053
3.0079290977713415
3.237644410893913
3.407199907115057
3.4899251999721845
3.46979284469775
3.34963779772504
3.1515082560866468
2.9078278051992057
2.650464647751478
2.404041300590313
2.184371219249341
2.0001531015400866
1.8559850793109278
1.7551923023515823
1.7007746941343036
1.6925864625336422
1.7169730627777442
1.7664743715613178
1.8352551216043242
1.9259410015407588
2.035684569391606
2.16876823181904
2.314836105736788
2.444269760250839
2.5478208974787084
2.6256879410196374
2.677678633163127
2.68704388357799
2.6302765349440898
2.49766406591635
2.299567775812382
2.0610718296048063
1.8118564649195201
1.577026392403942
1.3724428300536593
1.2047157505276789
1.0738236358872404
0.9761927063559073
0.9070129729205343
0.8615164850447526
0.8260223401331447
0.8507781888839436
0.9271951576348119
1.0060618980908957
0.9800857335568866
1.0527429253208656
1.070487861015829
1.166246460882954
1.3393502951107725
1.6572092015191835
1.9942082953389468
2.2234597991047442
2.4814915090072684
2.7595545625759894
3.0418317480545856
3.3045341356270708
3.5167465821123765
3.644259184138025
3.65862818138151
3.5532086773257183
3.35150960384901
3.0922998461747437
2.812011602284003
2.537458792710206
2.2857702690920334
2.069889761472726
1.9029906074618181
1.7934103938674033
1.742326239639127
1.743920434735635
1.7800882819383856
1.8421464953107227
1.9230371031479379
2.025623815348142
2.1465693597109023
2.291687038173127
2.454426177475755
2.6104145889475987
2.752231372046097
2.867218386016642
2.9332158540268294
2.9251730384855317
2.8283371471878205
2.647055131309335
2.403891639399768
2.1310084990172884
1.8595905024999282
1.6125512038056262
1.402351289423895
1.2326555297995145
1.101509418972906
1.004280480369285
0.9356026729470427
0.8903245912896616
0.8531872092202667
0.8667971082697522
0.9202712338865986
0.9732174950791933
0.9859258425693564
1.080300830214937
1.1630762642363917
1.2414540499078903
1.3689712925522237
1.6049763271751454
1.8541052742338693
2.023049769340154
2.2127815084226405
2.4162581027189636
2.6201573674111844
2.803988583139005
2.9425548137538726
3.0135087049590785
3.006011146669903
2.9240167889020503
2.783379438288069
2.6058176588318
2.4128847721500644
2.222202298338587
2.046786732711481
1.8967128044745896
1.7807776794433448
1.7059036843562951
1.6754074399876566
1.6853635066226693
1.721567752855858
1.7772303862669643
1.846135723300062
1.93040543573684
2.0271426179241603
2.14200982399849
2.2738257370321464
2.4083690893142458
2.5387987705114736
2.646196521688849
2.7035140929545176
2.6877918628698945
2.5908945309532903
2.4229448650182466
2.207793175483124
1.9740786167992823
1.7469623008058122
1.5436862592466076
1.3729854711396332
1.2366825443822083
1.1321491922526652
1.0549172247724392
1.0004175592653661
0.9644845045321367
0.9344989758276947
0.940718380385905
0.9705990729508258
0.9927417248986484
1.0156101964375595
1.1983866839355821
1.276366132789235
1.3209509150415035
1.381015814517973
1.4881242459185045
1.5910469510979557
1.6583150404022509
1.7307368818410664
1.802975578421964
1.8677569094101563
1.9171496535671977
1.9442478964033405
1.9449922856385027
1.9194237594677317
1.8717398741425204
1.809095350595565
1.7397121145545993
1.671118255316255
1.6091284935155394
1.5577411464206767
1.5197218357968447
1.497371132267882
1.4928709920654404
1.507830346983568
1.5379774682947276
1.5766670843383408
1.6219736745959417
1.670207974839538
1.7228619486214711
1.7777478331749001
1.8388384107243352
1.9106267401006702
1.9920338663901138
2.075224650688235
2.141236408539301
2.171858262168349
2.1559281698348745
2.091750602621349
1.9866077481093112
1.8537148546706779
1.7081044555290468
1.5632544971993827
1.4296514131460287
1.316028979166338
1.231190233334115
1.1722656764559398
1.12924862391854
1.0980759426051627
1.0767425780854256
1.0570046374349262
1.0547320538725697
1.0609650828895023
1.0524213210860016
1.059709548667151
1.263504931711691
1.3746026539988625
1.5506422232300734
1.6696581163750617
1.6997582689774724
1.682787525449276
1.6638242240948034
1.6401931862731536
1.6150048294388297
1.5922597179181688
1.5761419065905988
1.5702638199787429
1.577091000795414
1.5976408820135022
1.6314787062651515
1.6770268174103649
1.732159843869068
1.7949043460425473
1.8639156779946513
1.938486251818828
2.018141971578255
2.1021392745191703
2.1891870095273265
2.2775245387790637
2.356549210852493
2.4253127661575298
2.4890927112891053
2.547453586867118
2.6048334184140765
2.659489841334657
2.7124258633669824
2.7568873695767464
2.781464428026387
2.7814569610083146
2.753595239169737
2.697239810468123
2.6151057399540223
2.5130652184454605
2.398831325561285
2.279745993210753
2.1605095297987598
2.0424273627833185
1.92518284431281
1.8094423827791475
1.6977161218143368
1.593344617779979
1.4991066145286411
1.416588640553587
1.3466092473080318
1.254814038946242
1.2291578299303747
1.3605149188223575
1.675556859698374
2.154076302156364
1.1307191983910012
1.2361186717991952
1.3582332641553447
1.4505204979520034
1.491735901842482
1.4856238241712048
1.478623341750692
1.4745320916211535
1.4771981483831444
1.4896611556040207
1.513972868521017
1.5512023057132038
1.601595131392972
1.6647890927540854
1.7399824563368962
1.8260134589237023
1.921366647696962
2.0241355502568035
2.1319598118171132
2.2419649778559267
2.3507841257947075
2.4547892696524465
2.550623065343196
2.6359508569465655
2.703175000086853
2.755887051501992
2.8011208715168396
2.840302451699732
2.8772634485105386
2.910870601547755
2.940545154059252
2.9592142787934455
2.9575552034098553
2.9309767559204434
2.877150263489224
2.7970496991518585
2.695392332863045
2.580187158918643
2.4606978958454793
2.342551454619744
2.2239122343331834
2.1009833230823487
1.9743570403837
1.8485799856460279
1.729288657017714
1.620861544775585
1.5251549112721272
1.4422268433559169
1.3678772350419903
1.268072433039271
1.2412633809890594
1.3646365752122878
1.629155618180112
2.0321247248603678
0.9859022971985825
1.0432597206812537
1.1277860826508828
1.2307735931108974
1.342623063638799
1.389461875687455
1.398975772057404
1.4097038544084373
1.4282307161392804
1.4580677307077494
1.5012973154244078
1.5589977142770806
1.6312152007213272
1.716846443376731
1.8136289617550592
1.9183210576877947
2.0270601629817273
2.135819039363645
2.240842164105392
2.3389619728825894
2.4277662052815296
2.5056695486334233
2.5719751279927547
2.626968328582203
2.6678777260432267
2.698772037608881
2.724882113296652
2.7476788149578666
2.7697533733798116
2.7904202144507617
2.808592347231282
2.817721399751449
2.80911320817622
2.777454603437481
2.7200904903467813
2.6383556983263228
2.538732250346877
2.4339690318997707
2.337478689839021
2.2462544297816143
2.150082033364385
2.0455020189738655
1.9344867878968732
1.8217547458270147
1.7127258267740277
1.6118757950533134
1.5217139712771148
1.4427479433741994
1.3748168698942216
1.2821393698532924
1.2372656074072086
1.2977845409102866
1.4531998643936874
1.8029146992400962
0.8801312177590549
0.9058920878265373
0.9556710973928748
1.0535582115876947
1.2255882431673792
1.3753531442121194
1.381320508257628
1.3960904562825005
1.4243559216494042
1.4691043355089846
1.5315003662670512
1.6108409801365688
1.7045423982602217
1.8082400822693874
1.9161295930721558
2.0216337485725453
2.1183656374249753
2.201206380450058
2.267198400104661
2.315954696696835
2.349442411237191
2.3712443022208007
2.3855887855306377
2.3964679567984337
2.4059359244248193
2.415434845075025
2.426073946325192
2.4377236164924274
2.4510120317085615
2.464949224488258
2.4782708920065355
2.4857253050436166
2.480050054351705
2.4566439284887105
2.4134761850983
2.3524483735444357
2.2800594067515694
2.2059230215733234
2.137209771937713
2.0737039607215966
2.0106920120646685
1.9440107604634849
1.8720009441528844
1.795526069063174
1.7171883941598467
1.6401557945280145
1.567033624803405
1.4992796080412008
1.4374285973184886
1.3406710652390916
1.246666680018867
1.2143110011507567
1.2501045622136016
1.5192962049763308
0.859228392289044
0.8900973483052704
0.9104095542617826
0.9862088537061527
1.1563391634642346
1.290449914231363
1.3424134598342072
1.3858676317981171
1.435490664116461
1.4994226001146738
1.5798451098398556
1.6747028514693083
1.7788057761933882
1.8848915742103645
1.9848646731203896
2.0711184269043907
2.1377653961899212
2.181623574809025
2.2027737220608916
2.2044657890988084
2.1922994262607336
2.1729139021868153
2.1526341931369766
2.136459308452615
2.1280559471767617
2.1263283461419555
2.129638952026279
2.136713737777211
2.1470676532426887
2.159409127281042
2.172491349956902
2.181981742269738
2.1816560495671413
2.167831548547851
2.138937208827165
2.0965497736452527
2.0459020152518463
1.9949038212531673
1.9505164551467036
1.914597215033181
1.8840681580791714
1.8542294852830479
1.821215720244229
1.7829880501464108
1.7393937091658151
1.691529528868543
1.640736680741847
1.5878258563470131
1.5330470878600282
1.4292565996871305
1.2875676687070898
1.1894252191107761
1.1584340686716321
1.355276669448935
0.8714965069999958
0.9199372851009936
0.9109609250662721
0.9651987540281446
1.1175176903417046
1.2509387828115073
1.3172207850913182
1.3799864391750893
1.44706459868974
1.5250383698630396
1.615956872269883
1.71717184325549
1.8223777221644215
1.923177659827339
2.010880900340701
2.0781833744275184
2.1204657250442502
2.136598116418261
2.1291398911360386
2.103779882652509
2.0680560773872516
2.029744089037876
1.995455287519981
1.9697960634351197
1.9560666410694363
1.9515725532000778
1.9535001818514046
1.9600561355192552
1.970417678717413
1.9831688347158871
1.9971505290331408
2.0084125091837643
2.011163383119055
2.0022484842110284
1.9803819731196255
1.9470103701945123
1.9068882717938649
1.867580335498987
1.8364066675955604
1.8159546108797913
1.8034717866806074
1.7940124473218972
1.7829831503341436
1.7672836748776106
1.7455922771090326
1.717894188288844
1.6844717989053162
1.6450665714606423
1.5989456346482
1.4968476156747108
1.3311849772740407
1.1996555177145651
1.1386217968850756
1.294000596315433
0.8948600877793326
0.9676700915862768
0.9207073901718422
0.9583105179421673
1.096776074979434
1.232486245104197
1.3085092547341766
1.3847918705718358
1.4652080793079632
1.55384931666367
1.6516762958238624
1.755378613574518
1.8580441385671205
1.9508439074892359
2.0250652707784473
2.0739549590102624
2.094076135814656
2.086057574550395
2.054566644126515
2.007351578129557
1.953535299749839
1.9017398266576127
1.8586449364701094
1.8282528043086035
1.8128659933341107
1.808231621225515
1.8106925243578722
1.8180644397201076
1.8294134654439702
1.8432570874962237
1.858571535665466
1.871655817757134
1.876973498000941
1.8717841470783831
1.8550333566009132
1.8280538666130661
1.7952085574102838
1.7639444423141166
1.742253550337034
1.7332882682398876
1.7341004548878063
1.739405909695176
1.7443106804893584
1.7453736931280555
1.7409213301291353
1.7305282300824365
1.7137554711715948
1.6891123578569094
1.6543459962634757
1.560630020370053
1.3808692015877146
1.2241989924578354
1.140455723328101
1.2620629013317124
0.928829174082157
0.9721269316124314
0.9386237061828302
0.9657507236657324
1.0944742224346886
1.2332441442190092
1.3168223531806535
1.403362369299173
1.49391264335774
1.5901045975161345
1.6914882193430996
1.7941344704357933
1.8909694166487443
1.9733063367018433
2.032820057859222
2.06340035121914
2.062608292673053
2.032509223698597
1.979528077274199
1.913138118859368
1.8437657037467157
1.7807274996096645
1.730819710511977
1.697582699163902
1.6821089597863441
1.6784762171373928
1.6822641044664277
1.6909597687322184
1.7036409326147772
1.718821230175459
1.7356755407586049
1.7507513187527357
1.7587035840542964
1.75714865746512
1.745207909565498
1.7239989626096237
1.6972474402619824
1.6720521639349866
1.6575886577684051
1.657996826053766
1.669501409557695
1.6861493154380407
1.702946468262763
1.7166358279800287
1.7260009293707492
1.7311156712437037
1.73136154623982
1.7238400300785617
1.7040837966759361
1.6263470453203308
1.4408575453418122
1.2629943771007563
1.1582562697752035
1.2478729891777838
0.972489261886696
0.991550603014493
0.9685275248164641
0.9919070478420559
1.1151008970888132
1.2563136457655397
1.3448434987089044
1.4378290059885972
1.534237336829245
1.6336109784553825
1.7341982757092786
1.8317082831523521
1.9194055695347005
1.9892904228985515
2.033768982100554
2.047405713053467
2.028520513119846
1.980204729654556
1.9101397762978796
1.8289935187635245
1.747997044880141
1.6767534265410282
1.621924356471484
1.5865910660497495
1.5709463216877446
1.5678717099511392
1.572413570420818
1.5818648463219314
1.5953429941573865
1.6114208718271847
1.629505985014839
1.6464714376568208
1.6571854059157918
1.659578301501484
1.6529117832882216
1.6380252453056143
1.6176885277907036
1.5976822011770886
1.588128841498851
1.5956900755378118
1.6152368280699427
1.6396092962908524
1.6637065472592085
1.6847442656889264
1.7028501704652101
1.7200159175756964
1.736354198501296
1.747261984552584
1.745274997600063
1.6904055756233518
1.5087648453896625
1.314919995645405
1.190931171058991
1.2500860896007937
1.025124332431084
1.0272234010589987
1.0145494495120506
1.0404000447907995
1.161585299442763
1.3032650091833247
1.3934846465094166
1.488434456115458
1.5856176724377986
1.6830011417286646
1.7778657963935625
1.865897962680075
1.9411361788865602
1.996704676998279
2.0260334440568593
2.0244256242574923
1.9907760234152094
1.9287873640615716
1.8468143280914249
1.7560813255193701
1.668046384607838
1.5921170103855562
1.5343898089212884
1.4972199630055372
1.480381660989907
1.4764744852599525
1.4803871723018416
1.489389529623309
1.502590778235124
1.5186686936867244
1.5372603188236431
1.5556781845571672
1.569106293838315
1.5757835670425335
1.5751333473337825
1.5678236566889254
1.5558362097561431
1.5431325159730196
1.5382671034535038
1.5508810050642496
1.5760434977876199
1.6052034607332828
1.6326420820920198
1.655463110388723
1.6756927974455196
1.699959766093184
1.730699146256886
1.7601674120759103
1.7769322425690854
1.7491412334339567
1.5808087701860758
1.377868437553741
1.2374237138645756
1.2673569789292958
1.0857335132700863
1.0789446328454841
1.0790127686474653
1.1135157776383766
1.2353184843345713
1.3740120946788632
1.461912966155154
1.5537390287857626
1.6461435504670863
1.7360766424119463
1.8202262001039775
1.8945291107240647
1.9540848239708313
1.9934565434654024
2.0073720373621895
1.9920023405587843
1.9466969098696736
1.8753510921688545
1.7863431434745567
1.6907427728791695
1.5996346015148089
1.5218270108255811
1.4626570475652705
1.4238014278634183
1.4050567146891106
1.3993073263765625
1.4015097503484115
1.4090444465903946
1.4209836582975441
1.4361572476224134
1.4544204615448373
1.4736226441100433
1.4893900028385676
1.5002688489100042
1.5058471384938055
1.5067063085021908
1.5043709083522039
1.5017182313398652
1.5049097259033615
1.522472595750269
1.5521153622163322
1.5855656831891285
1.6158085485807938
1.6376044862812071
1.6515854372520904
1.6746770399428708
1.7188431767348114
1.7657028481221837
1.7994911109261085
1.7988478039007854
1.6519783939910828
1.4484712726718805
1.2959988075130604
1.2979140759596433
1.1523890361821256
1.1445472168972464
1.161723837229243
1.2115762607862424
1.3356701120461665
1.4664288180617673
1.5473934094374675
1.6307312229978368
1.7128579742827168
1.7901983949608915
1.8591175217385991
1.915932760135964
1.9569467022862272
1.9783902081977214
1.9765490237689862
1.9486119527648047
1.894277643702301
1.817219449834688
1.7252056820699764
1.6284906357681443
1.537282986392216
1.4595532311675903
1.3999299359642365
1.3596745255413132
1.3388933452030083
1.3309614545601638
1.3309790794193792
1.336505652224581
1.3465749234084154
1.360204250974355
1.3774511768684816
1.3967469568889315
1.4142532100417322
1.4288072998570105
1.440124655633804
1.4486695657137596
1.4555425616386615
1.4628112632843713
1.4750684068079618
1.4991212447000346
1.5345052820730023
1.5746426681352308
1.61229676908505
1.6402864717003978
1.6528715921316175
1.6474597325591671
1.7099363074638574
1.7685119434689138
1.8136789031781564
1.8358760287795346
1.7165948800387507
1.522017909377198
1.3635018670747316
1.3389030429982343
1.2217789985401484
1.219481912624756
1.2594550330655203
1.3319878779355916
1.4590768636987288
1.5758290476487744
1.645116270605237
1.7149687227553847
1.7820668510264075
1.8426123447944185
1.89275068723057
1.929195452861998
1.9495258914333877
1.951824682656243
1.9341427704574776
1.8947664156585744
1.8335912190640458
1.753685324195619
1.66169862490667
1.5665940924798845
1.4773954895848747
1.401157035191225
1.3419317345891393
1.3007893330026903
1.2782583041364664
1.2682653710770253
1.2660881248980373
1.2694895181661305
1.2774742187533847
1.2892571168658684
1.3050726338002916
1.3239184402479687
1.342526962071595
1.3600040628841044
1.3761616157622578
1.3913107128713493
1.406071425766382
1.4216163105734574
1.4412678015330829
1.4713465641911148
1.5128030732866005
1.5607622995402868
1.6089098746578443
1.6503437971359431
1.6795938488756865
1.6975291506564658
1.7246941770358484
1.7730968432370093
1.8194937449146302
1.8571831837337611
1.7693316497557703
1.5928461920800725
1.4350404530607808
1.3859038847300666
1.2891829885108232
1.2967571181566844
1.365536049258424
1.4681930947572144
1.598065398173955
1.694650714532637
1.7482805626982079
1.8009051815622714
1.8496994607444932
1.8906996828146505
1.9198206918682816
1.9341814747231876
1.932731109852632
1.9155592891432578
1.882579445143053
1.8331073208405242
1.7670020647480034
1.6864075005302717
1.5965439009907338
1.504854163010213
1.4190742595285235
1.3453700275245235
1.2873372071970017
1.2459761583007534
1.222224975998648
1.2105643416270635
1.2064778719362983
1.2079347450197442
1.2139264742952744
1.2238530834445476
1.2380916744003263
1.2561395166987683
1.2752771358266255
1.294855318421007
1.3147822496127255
1.335246775399875
1.356426542480678
1.3785432501361894
1.4034488738858841
1.437618263019656
1.4834279245965516
1.5375385301207942
1.5948279450905933
1.6487894002567276
1.6932454576078901
1.725328583111475
1.7497270601378099
1.7793430448657268
1.8163495110849128
1.8613834552290731
1.8064974701979803
1.6552914937450378
1.5043797202853806
1.4329789152509118
1.3489823183574012
1.3675632753900016
1.4700234144791477
1.609153819172325
1.7408765335823408
1.8128121780164304
1.8487036385795363
1.8825024654677467
1.9117456119555214
1.9321990563388205
1.9395615264454733
1.9314666932051379
1.9083856950637026
1.8725283848592735
1.8256252902774304
1.7677851524498536
1.6985259037830926
1.6188408614674565
1.532424327609468
1.4452049712555233
1.3636940327013116
1.2932550471631064
1.2371063690325623
1.1962201710980256
1.1718625689096565
1.159040630266925
1.153470484164761
1.1533200946337034
1.1575869215205594
1.165830363921536
1.178529876306991
1.1955797388555083
1.2147370142328373
1.2355619871616188
1.2580736787603393
1.2824295466324849
1.308545499376781
1.335899536297773
1.364405579138639
1.400316834001775
1.4476739291392502
1.5047894057193818
1.5677294253100442
1.6304187110165789
1.6860150857299874
1.729176579646382
1.7587742331742222
1.7804699147215661
1.804638243498614
1.849808607149718
1.8271018012388727
1.7049501369331261
1.5650851457598292
1.47346212987156
1.3956338911246375
1.4227136673040421
1.560915375639654
1.740154282548848
1.872449472404011
1.9191022106110294
1.9380565687991766
1.9541044429538563
1.9647668511243586
1.965472794462504
1.9518723562438387
1.9223438569629019
1.8790577565471163
1.826398362402031
1.7677461239988599
1.7036350936475544
1.6329054161123144
1.5552861750776115
1.4730417861766794
1.3907715182411802
1.3139326356842687
1.2471979419596135
1.19345541496246
1.1536411940061375
1.1292422749796676
1.1157493901394784
1.1091314350725034
1.1077440274165735
1.1106091632858357
1.117415900319361
1.128703982800854
1.1446438135874026
1.163358311556966
1.1845497788898829
1.2083344488915657
1.2349192356782692
1.264189442912528
1.2954046770313636
1.3272049729463085
1.3620820831163933
1.4082180899563672
1.4651894981695601
1.5299815603419404
1.597123446435383
1.6596973657802299
1.7111973046472657
1.7478058819573499
1.770544701075818
1.7869689125713177
1.8270166012955413
1.83314495863789
1.7397132741139654
1.6120755052772762
1.5014011352595868
1.4248407757219277
1.454614975441124
1.6264423183520218
1.845345168903317
1.9771282551767637
2.0035213054120047
2.0094994955183956
2.011413381548112
2.00645782808271
1.9898748682958887
1.9575924336159054
1.9089873738096623
1.8480431869581426
1.7813286264923174
1.713667590159098
1.6455783376331272
1.5748897816346228
1.5000768395149788
1.4222280894345287
1.3449143998156823
1.2727647358671594
1.209878573120683
1.15883995096216
1.1205176720737937
1.0965139286912557
1.082751176615434
1.075460418497641
1.0731722825552992
1.074949381062837
1.0805836384302019
1.0906387667110387
1.105440661878211
1.123338426146661
1.1440654105213204
1.1677577283559566
1.19466246675833
1.2247144859470454
1.2571001923474292
1.28959721461381
1.3238622904261987
1.36766337055518
1.4223306977007313
1.4858074511584969
1.5535066605780856
1.6190846726138315
1.675975538702005
1.7193967352303738
1.7481685387187218
1.7659908293657982
1.8007867315713468
1.82876646531608
1.7599736326513478
1.6429164671463652
1.5131557046666437
1.434522448521442
1.4590841902325262
1.6578006835166115
1.9115216892952378
2.0426127614145426
2.059823824701311
2.059167985767864
2.0523256833672954
2.0361972685172285
2.006203868641977
1.958898588308547
1.894758717396545
1.8195183250173457
1.741970613665288
1.668281762525546
1.5984479175449815
1.5289531254723783
1.4571752894285002
1.3834211172112378
1.3106021889271595
1.2427621035844687
1.183540432259621
1.135235057359251
1.09861013425999
1.0752897460959006
1.0615623795916016
1.0539136498136739
1.051031781959659
1.0520328953509448
1.0567896329808988
1.0658673640559542
1.0796447670481517
1.0965446052740142
1.1161917280117444
1.1386108511944801
1.1640000793079284
1.1923119539128035
1.2227490252673918
1.253942881814524
1.2878004223691255
1.3292350926538679
1.3803194145447764
1.4400682058188339
1.5050367080145384
1.5699815647939688
1.629116291448003
1.6778249431838277
1.7142445876930483
1.7401271541679821
1.7793319103297232
1.8180061058110313
1.767656100958768
1.6581531048164466
1.5083993603545165
1.4252318844719627
1.4362784060389617
1.6512960368307128
1.931667999869087
2.063975599698715
2.0870433829258723
2.08689470677254
2.077384740132738
2.0554536994707826
2.0170975949252883
1.9596764106503426
1.8845457114796327
1.79879948026855
1.7136669706299736
1.6369067388089942
1.5672357090382756
1.4994280953611716
1.4301748857540904
1.3595481480570268
1.290198729424695
1.2258149395586773
1.169679498747653
1.1238229466832186
1.088873919344277
1.0663980555843033
1.052956886576586
1.0452577244523253
1.0421153696432006
1.042707182976672
1.0469636848709858
1.0554463486514194
1.0685130549006845
1.084520716840412
1.102859111490526
1.1233082639629242
1.1459441931719991
1.1708401000272801
1.1977695373094683
1.2266314611794467
1.2589089695831457
1.297335603416563
1.3436654070367613
1.39767501002913
1.4571170291259723
1.5181377226377193
1.5762296042584336
1.6275834989984448
1.6703539084504708
1.7052276379235967
1.7573950772938687
1.8008897544078153
1.7641240193091077
1.6603378071254262
1.4899482443839536
1.399888576210264
1.390396757792573
1.609207166211929
1.9066357459503989
2.0460147644229107
2.089108107965899
2.095893656665713
2.0897044702520158
2.067849502247674
2.027119910324046
1.9656198106307488
1.8849988312978887
1.7927002625292607
1.702862941450936
1.6259647195552593
1.5576294916816378
1.4908024215319324
1.422464029915178
1.3531269739242402
1.2855312121378104
1.223182895177966
1.1690882758772352
1.1250359848862064
1.091505198979789
1.0699352102143753
1.057025280006606
1.0496361682390634
1.0466534254655668
1.04731315111369
1.0515688254145512
1.0599803009891526
1.072837260607848
1.0883369924337325
1.1055766115570216
1.1240107359776415
1.1435822615794313
1.1646472897961813
1.187714254315038
1.2133618604559258
1.2425206246060017
1.2765504927271405
1.3166334565130997
1.3629855303152398
1.4144476166809357
1.4685934374901364
1.5223390428733456
1.572881296063858
1.6185607442828063
1.659132998711641
1.7215507238903356
1.771005846298148
1.7477306599734361
1.6519365009061977
1.4624215503162954
1.362971134907716
1.3283816145289622
1.539570265270159
1.8120839764141694
2.0008925605478267
2.0729000099570563
2.091694473854991
2.094388687887312
2.078736949243553
2.042300719869449
1.9837424472123808
1.9044404209614954
1.8104933215790149
1.7186913737184493
1.6443985913388042
1.5762057930989404
1.5075194753081786
1.437064010690099
1.3662228449370861
1.2979590692332976
1.235654963066743
1.1820804773514226
1.1388138835791106
1.1061960684066365
1.0854927909032936
1.0733624717094539
1.0667120715613378
1.0644118651242371
1.0657380876172606
1.0706085190816494
1.0795705035166705
1.0927986965968488
1.108306480561982
1.1249794677945377
1.1419805674136234
1.1591333941519806
1.177013975701238
1.1964441327635251
1.218081999527196
1.2424671532190983
1.2702700901475068
1.3023072711679538
1.3391198271465696
1.3804719703737935
1.4251965264851139
1.47147752715794
1.5174016265200965
1.5614594465434941
1.6026578385524493
1.6676378430583818
1.721539029450736
1.7136394595052817
1.6328476236103724
1.4303142285156287
1.3194900398804001
1.2582047001230365
1.4545237008636438
1.7145969405328074
1.9414841317137748
2.0461648070514418
2.0809173296081265
2.097641720209742
2.094330551020305
2.069072877349295
2.0209219990726535
1.9511514438150175
1.8651442895880501
1.7781595362270235
1.7018194171100824
1.6276586175274135
1.5522252800569545
1.4756492427595052
1.399936653664065
1.3281678739584017
1.2635665542534507
1.208672373902137
1.1648845276750999
1.1324394570280136
1.1124225950278772
1.1012620284242407
1.095780889194922
1.094730117456657
1.097392486842864
1.1035667838407668
1.113741977665624
1.1278763083229075
1.1438053796729322
1.1605140442733688
1.1772345925089944
1.1936212225364218
1.2097755114007835
1.2260148848279977
1.242752787780176
1.2604854735687843
1.2798887417728055
1.3018923286717319
1.3274339476395756
1.3569777953064477
1.3902532080827348
1.426348958989739
1.4640002333947217
1.5018588665417605
1.5385839114945659
1.598179801766039
1.652002816969785
1.6584246283367416
1.5995041439107736
1.3962745678931479
1.274074999326648
1.1873298488287694
1.366152221008738
1.6196874294691
1.8775422353758793
2.0162614874645954
2.070286741091253
2.105824478603596
2.1206664081810396
2.112945201133441
2.081717816384048
2.0280853335370717
1.9568061636886018
1.8766861709376652
1.7941122851620475
1.7097290295843866
1.6236874591008705
1.537484987260635
1.4537721572823623
1.375779207225128
1.3065932707701184
1.2485371859516579
1.2028467443294173
1.1696790869839437
1.1499784440416785
1.1398029029171577
1.1357823360296837
1.1364647691398575
1.141110759781383
1.149318913787954
1.1614497900322234
1.1770322193379046
1.1935324147224071
1.2105367487144305
1.229226343003289
1.2479392818193424
1.2642232904731816
1.277438033391274
1.287870848697831
1.2964593010337446
1.3046936576390111
1.314462537204267
1.3273596140558908
1.3440271177596388
1.3644287208371708
1.3881398384929076
1.4144151415782202
1.4422489788295074
1.4704305538616231
1.518469222547363
1.5675186980499651
1.5846388759306953
1.5487033825883145
1.3603302333408946
1.2303965730987714
1.1217290688153951
1.2832756565329644
1.5321915019082306
1.8160381868303794
1.9896148745137345
2.0658990371913264
2.124623145060381
2.162745330363478
2.1776850251130186
2.167669585495503
2.1325395956818887
2.074723118562526
1.9992325794460424
1.9117285845945695
1.8168293405207774
1.7183744546032211
1.6201093881790207
1.5258675562081276
1.4393247699524567
1.3635731039761734
1.3007575990297575
1.251928820998996
1.2171267526156875
1.1971905376526277
1.1877471067402885
1.1851889123288015
1.1878541364460853
1.195005062988909
1.2060354782421472
1.221191255412237
1.239374436164227
1.257053058476868
1.2729194134339512
1.3014609211081787
1.3254206665126347
1.3425899821123477
1.351896155767859
1.3536702232587012
1.349599148824585
1.3425942278752356
1.3371291198711388
1.3368977037306788
1.3405113724306292
1.3470823536591916
1.3566730693164224
1.3692531294640509
1.3844505043303565
1.4015394869939448
1.4344290379073426
1.4756738078801899
1.499943849477527
1.483431323842643
1.3208187500131785
1.1909765488662725
1.0655421357796309
1.21138278201835
1.4559582123965265
1.762106120431506
1.9713480109689192
2.0725857449226734
2.158358354780836
2.2240470921945485
2.2654732851766863
2.2791411867919678
2.2629027095519207
2.2169910112798474
2.144737231847065
2.0520712910176204
1.9460495183345574
1.8336264287791584
1.7211172506228027
1.613995868001366
1.5167270426904567
1.432594734642097
1.3636119963501478
1.3105829517437375
1.2733117192868553
1.2524954473530363
1.243288009772501
1.2418503950134905
1.2464078614377
1.2563625441281663
1.271103472341241
1.2911251977689926
1.3152264715384747
1.340045126244783
1.3695449425495547
1.402915496618834
1.4306829172041235
1.4474903481514965
1.4509518989125614
1.4412573254781134
1.42092772093829
1.3941000493135542
1.3655757981590717
1.3557876309626848
1.3458298310787198
1.3371463879243632
1.331041158125751
1.3284276584767831
1.3296912178063365
1.33467784299759
1.3513633370494722
1.3840113864183319
1.4135852392083084
1.412363456529439
1.2770956360949497
1.1572999116371379
1.0212150731014813
1.1535240547193322
1.3936666146182366
1.7193686754810806
1.9648759031287726
2.093302385812367
2.2093953607138217
2.306277897126162
2.3773811840090837
2.4168007828168507
2.420063961885954
2.3854656595755452
2.3153525988239916
2.216228284923224
2.09731864725671
1.9685560401733255
1.8390436240566936
1.716257685324817
1.605764478603708
1.511222198658256
1.4345548444734266
1.3762468343889587
1.3357138476837969
1.3133988127752574
1.3038694170242282
1.303020507503335
1.3090912391786176
1.3218795903478513
1.3413084873121877
1.3691825579990755
1.4057613087639798
1.4468854943504448
1.4905458418558446
1.531418992736958
1.5625061663401978
1.577830933676719
1.5740561471324712
1.5514381058219293
1.5138980724417659
1.4684603376877303
1.4251334963636195
1.3908281032671101
1.3611496273190746
1.3340399038388622
1.3105058085361145
1.2918756657115766
1.279001871283466
1.2720886304685048
1.273424675833806
1.298524115129831
1.333502952689834
1.344974162810811
1.2315539847915749
1.1300706403231584
0.9898525794954302
1.1110270628808554
1.346782352444402
1.6899223859442911
1.971562590359762
2.1286421316912465
2.27765001515276
2.409031118810942
2.5131993453930503
2.5811886514225404
2.6056968741699653
2.582853049142792
2.514066987243676
2.4065808944111735
2.2719703216215983
2.1234090851820033
1.9731624883720789
1.8311005375867029
1.7041962362389735
1.5966557857170123
1.5103623010115288
1.4454331887080538
1.4007855888997007
1.3764996113118115
1.3663600743509736
1.365869589725757
1.3732903335741637
1.3890485238774937
1.4143922057581846
1.453967541403866
1.5089330242431578
1.5687302609035294
1.6264514022041132
1.675980762159455
1.7110002614122224
1.7254427710880176
1.7154864933521992
1.6814948909667558
1.628570147881216
1.5653531065890798
1.5010384804200725
1.4411360721652438
1.3866146338672847
1.3375778709989956
1.294981219272774
1.260039550103842
1.2335586701149732
1.2156928400661877
1.2035844631918837
1.2230699988567435
1.26480099357084
1.2881711166065215
1.1884274423281862
1.109462962607547
0.9715791267365591
1.0839940080422978
1.315606497006315
1.6742772229313523
1.990619685630184
2.1766548205587783
2.360246561133233
2.5291684823390304
2.6703549393869537
2.7709794737659434
2.8199927016118744
2.8105909437481733
2.7428713101233986
2.6249013145525883
2.471033208186616
2.2982657183191764
2.122609799510199
1.9568035668756631
1.8095438209488661
1.6857542966162278
1.5873431648818583
1.5140755816775018
1.4643779974429716
1.437970747069616
1.427670179179499
1.4285183186614245
1.4387663641209296
1.4596471619374618
1.4936808937845667
1.5471829821779892
1.61922618166748
1.6939199693914158
1.7625097297377754
1.8191316700288072
1.8588191232576823
1.875755938961072
1.8647825144782941
1.8246591108271457
1.7596104353212814
1.6780630707393416
1.5895890947479634
1.5019949437069031
1.4202575915280646
1.3472521780470865
1.2847422219992706
1.233770118904419
1.1946829108302819
1.1671653813621155
1.1438204903669582
1.1594744776560233
1.2093826685752602
1.245231568076463
1.151298238519128
1.095282146407322
0.965807974892375
1.0716332987906836
1.2993551615296666
1.671353381381177
2.0192731170774936
2.2330234494670225
2.451391408180103
2.660033534011796
2.842254743716292
2.9805184812172003
3.058735899509278
3.0658748403201797
2.9999102512818285
2.8696769264836126
2.6928674560750103
2.4911261383994185
2.284966721909836
2.0905375658637717
1.9185788942494757
1.7748967473204362
1.6615222658219926
1.5779794073224627
1.5223918822312874
1.494300745753748
1.4854494328155354
1.4905072455082964
1.5076111319338106
1.5385228824127906
1.5847380684651178
1.6508795747826528
1.7335958677119707
1.8145871224264951
1.8846149175889915
1.9413499446883584
1.9867703702581518
2.014585729751343
2.0124367256342643
1.9734272701362205
1.8993993610708477
1.7992020644932247
1.68502804463026
1.5686561879551837
1.4590734185229133
1.3618790589090397
1.2798597047452762
1.2138723290184537
1.1635587026741907
1.1278345799280232
1.0953284285110652
1.1080454922019984
1.1663724444194021
1.2159827676499235
1.1219256875004286
1.0861721116899088
0.9733233313220013
1.0737309635988839
1.2968187119751247
1.680477291077046
2.0587599172757995
2.3008190400044652
2.556958938629831
2.811746382292072
3.0448828142744655
3.2327788175050776
3.351792370796446
3.3837794526112104
3.3225427205377374
3.1773405284848977
2.970432397313188
2.7300182378780034
2.4828686501744457
2.2497600491971093
2.0441649369326416
1.8731195325510115
1.7390050324465127
1.641392201359505
1.5785580241026393
1.5501331945787316
1.5462348565597195
1.56068698166943
1.5904105528777452
1.6366874003250707
1.6987352189624896
1.7795758673916526
1.8725369676166816
1.9553395901684996
2.016489036267327
2.058127737767211
2.11333764057155
2.16729820455242
2.183034459495888
2.1478710865479527
2.063084155550608
1.9400029936925245
1.7954000904960743
1.646255025122929
1.5059291539902977
1.382710026377763
1.280296013395235
1.1991741996441658
1.138010215080141
1.0946558073006292
1.053760081877731
1.062727119929416
1.128183673588215
1.1949282167511914
1.097585355091891
1.0852562156686374
1.014060020376778
1.1086951476024092
1.3206756200871188
1.7087392667821228
2.1141502734996425
2.3859374230082766
2.686603316444716
3.0025626495847932
3.311719588340966
3.5833410107617443
3.780889985254144
3.8698283996999936
3.8303534336859317
3.6683913237758374
3.414162205149772
3.1088921648692547
2.7912697579218984
2.490369184883236
2.224492140760076
2.0033301644080685
1.8311683331167223
1.7094529484258214
1.6378641435558363
1.6146733176974355
1.624729041727757
1.6590433137544907
1.7117666223676633
1.7840988566890488
1.8732946094303693
1.9823644905275781
2.1022914425886157
2.208518458578369
2.2947756336967995
2.3664332327867044
2.432179130233007
2.48048414388597
2.4847150244362055
2.427053002514627
2.3070983929243507
2.13946197969025
1.946750982110002
1.7517202623078698
1.5717672971219194
1.4170003425278357
1.2910943444452796
1.1933741819268289
1.120878583588247
1.0698341238785523
1.0199214293735288
1.019241784175363
1.0802027198616169
1.1607524331818935
1.0769213049481643
1.0993256684160617
1.094253538535246
1.1810356074266724
1.3634294800187332
1.7110280661056427
2.0847013914190713
2.341166559468075
2.6319632069566277
2.947733549245929
3.2705267430378737
3.572631515073118
3.818221550121762
3.9692892060691873
3.9956131788772864
3.8855267219012433
3.605305462439012
3.275990686204707
2.934798706201795
2.609558493475493
2.289810876104506
2.028706381555075
1.8339863353520807
1.705409067433673
1.6387541808196018
1.6270042308930228
1.651088555955226
1.7012180571065327
1.7705040716799414
1.8610435809544021
1.9698837230441981
2.1023183355582034
2.252230827872568
2.3966325598741425
2.529394587961999
2.642932221617326
2.723085903125374
2.7504075777235952
2.7089778164003873
2.5953980340362293
2.421486596488357
2.2099570921957534
1.986587019457736
1.773260826050621
1.584404098809751
1.4268106893524197
1.3014570143491901
1.2058163213658448
1.135746513559996
1.0866649492531115
1.0369561436271058
1.0229119971741942
1.051842095791363
1.0935355537614428
1.077931074195834
1.1238680843494708
1.1673357661306014
1.2375968663550783
1.3733037652355446
1.6287477617111934
1.898808808339795
2.0829904965176715
2.291229499828465
2.51640030223381
2.7439432771405006
2.9497301134631946
3.1014099303553593
3.1695442252100343
3.1431286234473323
3.031466151406506
2.856084077421979
2.6427832671271765
2.415658233662764
2.193866009770612
1.9915104317484982
1.8195167696748817
1.6867579838460014
1.598961582790662
1.5577154361689838
1.558861488409469
1.587738697816148
1.6370624669987643
1.7009288734752064
1.7814365392777378
1.8761412235594703
1.9906453641739934
2.1225534663312677
2.2551001112222555
2.3818249545859156
2.489341963334586
2.5575683844530115
2.5669316433351477
2.507438281931878
2.3835801833581955
2.2126582864473634
2.018346500595939
1.8235169899628654
1.6454644560399263
1.494184340308007
1.3727757144008796
1.2793210987435277
1.2096442105505691
1.1593459843228997
1.1244070053819006
1.0883796924446858
1.0711791302782279
1.0738429168959918
1.081887629894013
1.0934116032926604
1.200988041848985
1.2479808874038807
1.2883562261343084
1.3573064428647976
1.4716757079652174
1.5841839576242804
1.6619142362166737
1.749118466634954
1.8348555895444905
1.9056158330907782
1.9540562610076617
1.9746014342795464
1.964435687561726
1.9250924460345658
1.8622826622019268
1.7843396753392593
1.700157349339311
1.6175240375344986
1.542359572451171
1.4788474944748813
1.43008172423515
1.3986889272271434
1.3869651134421037
1.3964065886174986
1.4229902116426698
1.459806086748262
1.5048302676685832
1.5546182616983528
1.6112064574027278
1.6727530626830522
1.7430769290264005
1.8221738898158824
1.902479957773493
1.9799057259440513
2.043583636244425
2.0796404664494577
2.0771377690265664
2.0321908267760853
1.949005193601046
1.8380272135698206
1.7125046801422357
1.585262248103798
1.4672281932735665
1.368901515272419
1.2997582225861883
1.253560473526987
1.2198045406037477
1.1947482680783554
1.1766636240679578
1.1561498336715275
1.139317939525717
1.12428567491702
1.1069620536994977
1.1216908274550852
1.295689531546613
1.4134414083064133
1.6010996007512959
1.7328614392088784
1.7678513112663716
1.74262934018243
1.713819793068805
1.6768973976295458
1.6358879040638525
1.5959723416350946
1.562418339368178
1.5395207697925832
1.5298979191214062
1.5343039026535539
1.551988019303358
1.5814926500689508
1.621559158832431
1.6716830545353718
1.7320624791612773
1.8030696901767984
1.8845965653565302
1.9756015807171772
2.07404515436628
2.1772238541155606
2.271796594977352
2.3556559411275866
2.4347135611404394
2.5081510001086564
2.581393173862369
2.65210138613537
2.721416739842026
2.7803499798238516
2.813935975639606
2.8169600893198665
2.787220242218614
2.7264948207430377
2.6402266565323878
2.535899686250958
2.4207447027170557
2.2999073692621126
2.176144086086325
2.051113751800872
1.9269965265290154
1.8070340443730872
1.6948077412218534
1.5931083116691787
1.5033086748508688
1.4256670683054231
1.360355387324929
1.2768014188937877
1.2633668258388828
1.4027775701563316
1.7149735068218346
2.1597548781030818
1.168745896331211
1.2815096700984747
1.4142062591079616
1.519951278230829
1.5637126914241741
1.5491363168220398
1.5337312927542337
1.518507533560272
1.5073782817718704
1.503605104761101
1.5095568677804587
1.5266339614985176
1.5554069548017164
1.595918246112343
1.648001422965234
1.7114710033812464
1.786112205357947
1.871478134777256
1.966551715801141
2.0693784536626194
2.1768360027816107
2.2847425711549323
2.3884574394324316
2.483953984304841
2.5610304018988366
2.6226305588030194
2.676728843318644
2.7252553340401873
2.773414600923936
2.8203068833515004
2.865946871903262
2.901396871429128
2.9130331018432774
2.894975391501143
2.8456427692084882
2.7687025381509085
2.672467784432464
2.567358922072974
2.461029622134743
2.353848691079397
2.2416505902044994
2.122904464470709
2.0010166759367087
1.8821135432756253
1.7719988176588188
1.673804376261713
1.5862383577232844
1.504728263723005
1.4303821542499855
1.3314420018145081
1.3137520753912775
1.4511880064287435
1.7271787150224218
2.121575253280643
1.026288462824299
1.0813281679656417
1.1736113947833589
1.2923555189558984
1.4061155955367868
1.4301081883916649
1.4303352975977395
1.4322199282783448
1.4409396296443575
1.4594254409753
1.4891967075447872
1.5308417045147202
1.5842460769953024
1.648681302448095
1.7228602693255906
1.8050312454165267
1.8931207271727841
1.9848844702975321
2.0780131320379733
2.170170541860482
2.258998338256991
2.342163260384382
2.4175235027459263
2.483452342400606
2.5341733332851777
2.572885533428358
2.60565812027427
2.6348690988745656
2.6650904379497207
2.69680979820031
2.7297178160749853
2.7549644768012964
2.758782039626633
2.733745463642372
2.6767868867894093
2.590050248883071
2.480487027611607
2.3581684039296578
2.3123330512024274
2.2520730870071035
2.1760352004625454
2.0859755449270585
1.986594689678989
1.8842373800694039
1.7850260040611743
1.6932192029412925
1.6104636459849966
1.5365639553026627
1.4716952550129803
1.383120341481714
1.3480268763809864
1.4217909034229135
1.5896942271967318
1.9447528464289032
0.9186382277123457
0.9379655861110867
0.9933490328263543
1.1061018403882692
1.2897474892898488
1.3846863973382746
1.4022850123309987
1.4164405338630184
1.4391307923880312
1.4754349125028194
1.5268342454419825
1.5924710189321019
1.6696943972318996
1.7544716055754996
1.8418945512844107
1.926852485644611
2.004812167991348
2.072547418748053
2.1286218118303233
2.1734742408947034
2.2090780743700456
2.238289968271967
2.264105916916783
2.289061533663812
2.312289423426965
2.3342888035541893
2.3569810214718188
2.3803386060514735
2.4062147223413732
2.433546295410775
2.4614811828068777
2.4830046251780495
2.487336603890702
2.4686671504066955
2.424881883020267
2.3593815709202413
2.282437224051524
2.2101390766701274
2.1539108517541017
2.1095467094180904
2.066705619121127
2.018494638104015
1.9624565747586717
1.899539917604322
1.8327251621821343
1.7654848573197504
1.7005076255552105
1.6391925084914911
1.5820769771704009
1.4903035246884533
1.3982556808025361
1.3645728112679356
1.3997932613703719
1.6791747272097453
0.895211012216682
0.922121750316089
0.9470706663024832
1.0320433340056292
1.219561067908157
1.3549881334227531
1.400343853600102
1.4347984787777195
1.4739456134663924
1.5261539838315488
1.5935810889162572
1.67409930139378
1.762534380041004
1.851802313010057
1.934232900894523
2.003017766469185
2.053516275019177
2.0841096755799753
2.096380914360753
2.0945752144824836
2.084517769604946
2.072337489540672
2.063369614624521
2.061473288025744
2.0676162477406366
2.0796943241876122
2.096718753005108
2.1171067741671874
2.1412504123078273
2.1673421546112177
2.1943118863686135
2.216110812642181
2.2236666911450285
2.2126167996329142
2.1815818406070027
2.133584033235032
2.076973680247168
2.02452177974264
1.9874537338478926
1.9672151817521537
1.9568847017717366
1.9483076812166586
1.9355656422053735
1.9156479154771486
1.8881038563251997
1.8540207495632814
1.814688677401442
1.7706710692608878
1.7218642452061255
1.6208521422421853
1.467390407648094
1.3496279235967628
1.303625894037649
1.5091718880996954
0.9051043491618068
0.9503714648522005
0.9470962594653191
1.0049476843478446
1.1734841629996506
1.3183033418880894
1.3847687492528775
1.441745231594373
1.4985626363832092
1.5636034644960832
1.6400693820167356
1.726016554675797
1.8156109119963233
1.900738664230865
1.9728800391904113
2.025040374225322
2.053346724556868
2.0578989220052595
2.042629228780209
2.0142306962339447
1.9805448720012004
1.9489666618594401
1.9253127177197848
1.9132888643539585
1.913697531272096
1.9227605649388262
1.9381430334562637
1.9576178341752495
1.9811172832871755
2.006662010543785
2.033182205338011
2.0550663557954727
2.0640131423607535
2.056378898123989
2.031167131634739
1.9911693266851798
1.9439048093415634
1.9014449444609012
1.8757565156239226
1.8699374840018987
1.8778025810541425
1.8909107569709733
1.9024021941320055
1.9079263781605735
1.9056020910126832
1.8951776099237498
1.876615984543978
1.8490204482040613
1.8108221823660284
1.7113276250067029
1.5254685020121208
1.3631059051872405
1.2784364330071576
1.4404893872430027
0.9250736577480245
0.9832532291974935
0.9546868817842643
0.9913542014446092
1.1439383825358433
1.2946840528906498
1.3753275448923208
1.450233926898497
1.5228896698505654
1.5989664302339963
1.6815072403286124
1.768970928707709
1.8556692735437328
1.9333676934484614
1.9934272568204028
2.0290648601215997
2.037217324499019
2.019460173674203
1.9816442683437823
1.9323826184572475
1.8810054181346956
1.8357608489004378
1.8027406903981023
1.7854238665406983
1.7838214575025408
1.792379034626176
1.807705258155397
1.8271496470433741
1.8504940650929884
1.8757504628249235
1.9019501954883329
1.923857003704302
1.9337681401424094
1.9285767434905614
1.9075454887569085
1.8731985501500046
1.8322753480039968
1.79640271228123
1.7787495926383516
1.7836517361215178
1.8046632140813155
1.8329780451175663
1.8614953293931777
1.8855442960595665
1.9028899621546116
1.9128206714720948
1.914363622462547
1.9049281096145998
1.8808100143795576
1.7913136720455498
1.5857449448317062
1.3896096487398264
1.2754089015617256
1.4015832752693085
0.9538995751641512
1.0022695665464938
0.9681302651122001
0.9914165222985829
1.1322697657096652
1.2876812968849611
1.3786612930812103
1.4673749888250593
1.552955792681421
1.6375953776464505
1.7231964845100844
1.8085841304730204
1.88882167506699
1.9562761751476399
2.002696355593139
2.0216855559749414
2.0108784207643264
1.9730364589726557
1.9155497714012772
1.8485338089176853
1.7824038212640712
1.7259733086294793
1.6856458277681805
1.6651395555366584
1.663490778035778
1.6728377201429832
1.6887673094340558
1.708417175379842
1.7316383358807927
1.7565651461630076
1.7824199218067216
1.8043936628287554
1.81535342496869
1.8126492499838651
1.7957110438999688
1.766661813894179
1.7311479151000941
1.6999343681535142
1.6881165572998886
1.7018245653159243
1.733091892975731
1.7723861202481437
1.8127782317512895
1.8500330367171012
1.8826273227993202
1.9105334844496367
1.932492470978391
1.943995274907167
1.9383786921289052
1.8683168270034456
1.6539590289569477
1.42977062231999
1.2887871142695695
1.3807099967720782
0.9907168504118758
1.0182643801437117
0.9919165690984505
1.010526277895275
1.1442037367675506
1.3024220305902954
1.3998303970815005
1.4972637755185276
1.5908658628454186
1.67973700849178
1.7643236146746328
1.8437948007170917
1.9144118193221589
1.9696994515346913
2.0021532739948746
2.0058240196458548
1.9788434878169188
1.9247787536248886
1.8520809321421214
1.7718705798617944
1.6951986292132237
1.6310574601634809
1.5857895385555911
1.5630747858473055
1.56112947793051
1.5704679376780173
1.586114119161182
1.6052109055916877
1.6276826935966613
1.6518291376663052
1.6770836870561947
1.699140793720222
1.7114392843455284
1.7117237981975078
1.699540524656574
1.6765668957479458
1.6470891277317414
1.6198446717023445
1.6116525865740934
1.6324250786282115
1.6710794014748886
1.716973322345659
1.7635480056814177
1.8074312390622616
1.8489016445707323
1.890247298050367
1.9309467227795074
1.9643328776851994
1.9800518239947589
1.9375155247065547
1.7268582621440405
1.4822185430813413
1.3176279128628572
1.376877402566039
1.0353975934910487
1.0461567311081008
1.0317011532604972
1.0533893994944725
1.1836303392861092
1.341724322006791
1.4412620430947307
1.5417413460641725
1.637426932775744
1.7251854062404164
1.8042415679930324
1.874148303442153
1.932556344999044
1.9744283456083511
1.9932134237094885
1.9834535639387365
1.943620776774586
1.8777295389139281
1.7947952772017033
1.7064320328931548
1.6239193360710382
1.55611737791388
1.5087388584123282
1.4841179125906627
1.4798053578707349
1.486836503953839
1.5003722665155221
1.5176026477684301
1.53832860757263
1.5609845703940806
1.585183919227645
1.607207410881568
1.6211035822432043
1.6249808896671138
1.6185175366622548
1.6030981555983888
1.581987702452729
1.5615846277618728
1.5571531205872038
1.582892183500318
1.6260814503791714
1.6751611237538844
1.7234056516530252
1.7676975114701052
1.810652677086735
1.8592345724345458
1.915162772628941
1.9688736230501886
2.0058163548564187
1.9947907966475216
1.799734036238402
1.5442026713535617
1.3604930842129483
1.3885680744369993
1.0877832715220768
1.0902117195274181
1.0914199112974339
1.1234173686692248
1.2528468631180256
1.4064921839872455
1.503283098781102
1.6007126673298064
1.6921739018525621
1.7732745641349072
1.8424638108447822
1.8996608108919502
1.9438077167312544
1.9713303288035802
1.9767569545672017
1.9552228778180973
1.9054729053398245
1.8316491974595395
1.7428060212932788
1.6504663256374537
1.5656281789822084
1.4966059194347592
1.4481441265253576
1.4212782865150444
1.4136137419421715
1.4172335803099338
1.4276072945026907
1.44208131331299
1.4602886060700961
1.4808247451944334
1.5034775057227316
1.5251911761871382
1.540683020919543
1.5484025798466017
1.5481616405727618
1.5411819109967462
1.5302118339118873
1.5205562403860031
1.524186174641992
1.5533362290518058
1.5994381677738199
1.651379733842506
1.7012415791734865
1.744215480727298
1.7830259154585544
1.8310675965214251
1.8959321038957007
1.9645578832538557
2.01840709176784
2.0369140918268216
1.8668472215358771
1.6114729934711534
1.414856910239905
1.4133689048125455
1.1467692234859501
1.1502243553905727
1.1723167665643115
1.2220763814445639
1.3521590647776274
1.4955316919499038
1.5842161812278144
1.6724376732094157
1.7536504003164959
1.823053675679947
1.8786763167790048
1.9206415101506793
1.9488886330671775
1.9612092636796818
1.9533317930710312
1.921143876498073
1.8636520056548835
1.7848395588257855
1.6932921754610197
1.5998733446986864
1.5148247622942046
1.4456419245356986
1.3962068798045755
1.3669014116941842
1.3558505875790117
1.3559781795970243
1.36295740306608
1.3743452974837727
1.389641180637103
1.4076482157132177
1.4283361825252516
1.4493544182741909
1.4661381802118203
1.4774454298682196
1.4831695115781465
1.484324932387934
1.4831589710982407
1.4841218459066319
1.4967592333604824
1.53075406182342
1.5813458035654313
1.6391978126381497
1.6959173071781561
1.7447676149988376
1.784733878447815
1.8273679520355701
1.8884990260173855
1.9599195340165294
2.0214372007850203
2.0615930680315033
1.9223222517586827
1.6785062694359123
1.4766133328288975
1.4475017622617097
1.20975998463589
1.222930141587684
1.2723085471029014
1.3477517119840803
1.478848519556284
1.6050172040835406
1.680257136086817
1.7537284053442417
1.819675214292325
1.8734074302820611
1.9126483398797482
1.9374751721680348
1.94852811537113
1.9448925185009063
1.9236306135338836
1.8815253942088102
1.8178180675829916
1.736076825918932
1.644006092987471
1.5513879015342393
1.467414934354965
1.3987006397168842
1.3484949726797566
1.316934161448554
1.3027845743053479
1.2996495356630426
1.3033335692009986
1.3116080836707522
1.3238627402129723
1.3391279724636937
1.357546654329245
1.377465227611946
1.3950591453448977
1.4093644639347251
1.4203059852136866
1.4286091598789246
1.4358583719605287
1.4453892988652741
1.4651038412425934
1.5042478092008236
1.5604316079035452
1.626125624481301
1.6934945742893257
1.7550559557870176
1.806512918930734
1.8512487008685168
1.900911266943443
1.9602904696884682
2.0174123991857957
2.0678125433022236
1.9614568169694968
1.7392787059542498
1.5400932235150089
1.4856471602885795
1.2726644604036637
1.3021979661766658
1.3853217042587345
1.4942768049545534
1.6258565117232382
1.7279864164297358
1.7854321337704344
1.8401547459360277
1.887512124341002
1.9230264020808854
1.9440445104897508
1.950429166730541
1.9434030893692116
1.923376555405386
1.8888521215960299
1.8375455917003047
1.7688272830058964
1.6856210155488902
1.5944751116885132
1.5038622411656721
1.4218163580864014
1.3541103144931292
1.3035313339006285
1.2701449496374195
1.2533279975977702
1.2472748173650958
1.2479033749535082
1.2531952272958662
1.2624471719212562
1.2749134793725654
1.2908840942012383
1.3093524525537383
1.3272247919641773
1.34379614422195
1.3590177596508421
1.3733289880541206
1.3876166529592762
1.403953357173033
1.4287704714549943
1.4718419887312568
1.5325390622028188
1.6049712362755322
1.6822429436943627
1.756590023477671
1.821345658689242
1.8740485603666774
1.9187388022164782
1.9628407007336568
2.007035996086471
2.0566083545943927
1.9820795554140014
1.7885165610124858
1.5988235605265797
1.5213888307672858
1.330403349728833
1.3795038149148944
1.5011152222133568
1.649880585479129
1.7809856331793212
1.8544256409633626
1.8919648732093415
1.9263859567866068
1.9539834389256667
1.970304542630097
1.9722669637575776
1.959585830355811
1.934193610343239
1.8979495704725806
1.85082220409209
1.7913409430832608
1.7188001083331346
1.6352814446302977
1.5460456963656806
1.4582078862908558
1.3786711361158226
1.3124515671528183
1.2619740271151494
1.227287138326142
1.2082912297712545
1.199715769974582
1.1976010262715688
1.200134547629466
1.2065365215502692
1.2162686401196037
1.2297316768177966
1.2464832742968475
1.264113831226493
1.2821552008565957
1.3006120091311044
1.3197323373372376
1.3398664682466548
1.3619795704623288
1.3908269502566883
1.4361193312453573
1.4988910608489492
1.5750275380593879
1.6587168986806688
1.742271827135122
1.8175817292993979
1.8786975212140942
1.924487997853922
1.9595250567536242
1.9902693379618415
2.0317824313949697
1.9853366280457965
1.8229919656023268
1.6469268153455559
1.5483874965389486
1.3778022052869605
1.445180118953787
1.6063231930161228
1.7977012908279932
1.9277018095898255
1.9724908853923253
1.9912898121844367
2.006777101117481
2.0156747769876584
2.0133733008521513
1.996518039066364
1.9650041635892002
1.921783512492241
1.8703216465730994
1.8119724922312015
1.745808994431632
1.6707684308080217
1.5879403868637085
1.5012986425094144
1.4166952998391784
1.3400257308643881
1.2756557874055998
1.225710528387967
1.190224751918357
1.1695227815676554
1.1588246872304109
1.1543092515830753
1.1543646582739893
1.1581511582652546
1.1653147096101726
1.1763265911421563
1.1912007351168759
1.2081197773418662
1.2268011046500773
1.247314497350562
1.2698320240042242
1.2944341577972724
1.321455933291333
1.354039431177934
1.4000155261649956
1.4622680368170964
1.5386900982505498
1.6245690840912554
1.7126837851939254
1.7944449049030917
1.8621617069526863
1.9117523345194747
1.944705461747281
1.9675718765676902
1.9996831158389679
1.9753340573845979
1.8422173659472583
1.6806510644192731
1.5620070767563468
1.4106332993928692
1.4903842532653997
1.6870410762687416
1.9186755504996171
2.048240028829763
2.0709586447857866
2.0756498416138145
2.0762330650061283
2.069408796717434
2.0504860623943473
2.016230437392474
1.967176208197613
1.9076443113606556
1.8428442222102996
1.7753512064146166
1.7044058516353198
1.6282776465808153
1.5469866260989371
1.463340536813736
1.382130371344285
1.3084298801186651
1.2460778709090496
1.1969499424435153
1.1610560233086549
1.1390529968488827
1.1266058256358236
1.1200431934364632
1.117944295374163
1.1194261971822912
1.124292600696709
1.1330477605031626
1.1460384783725648
1.1618999217411654
1.180440522317399
1.2017550801662185
1.2259985624842529
1.2531929654773157
1.2834880078735142
1.3189261592359853
1.364896910383703
1.4251197857173372
1.4992042871337479
1.5835750094445533
1.6718662469348913
1.7558803394871025
1.8275584865415642
1.8815402504126024
1.9172917602028188
1.9395594592723975
1.9670967886880062
1.9573972495362386
1.8480357792172837
1.6992873469338818
1.560727276103857
1.4264897390983449
1.509195500272331
1.7323690901969784
1.9962308844913197
2.1284981570265313
2.142136672706048
2.1397913841788023
2.131220778099933
2.1130326186414927
2.080794485708694
2.0318498903429854
1.9677381596949646
1.894385967003707
1.8188645071950809
1.7447922085067622
1.6711383469971521
1.5952043446624884
1.5159693043012663
1.435315418726122
1.357255978261928
1.2862692391650137
1.2258034885038898
1.177538002130066
1.141451022957294
1.1184561945091855
1.1046028584516658
1.0963653345334032
1.0924943172058923
1.0920793915371336
1.0950524508212867
1.1019228087455122
1.1132440519140017
1.1279273468849398
1.1457481833161616
1.1667417197054981
1.1910453685645652
1.2187581812589585
1.250166634192857
1.2868647802537891
1.3324509991153404
1.3900705926897514
1.4601744579722942
1.5402684235742468
1.6251460256398789
1.7076731863016446
1.7804432021543088
1.8380174800072782
1.8788616095897097
1.9058800752461145
1.9368009060779883
1.9351557661848842
1.8430740269290382
1.7049069338178118
1.5466015410022953
1.425211232166182
1.4999990102129432
1.7375254389216834
2.020387755922782
2.1628389583984733
2.18375435575492
2.1820274272229643
2.1706223985954045
2.1463066264726884
2.1052781282625204
2.0457271543220497
1.97024610511705
1.88636278569885
1.8031810235785752
1.7252704780364014
1.65080348092188
1.575851166658865
1.4985513157064476
1.4202403164906416
1.3445012100578422
1.2754617906453674
1.2163226449598712
1.1686293791605082
1.1323353776249483
1.108550893348679
1.0936164536086046
1.084119279768591
1.0789432546295612
1.0771616307346463
1.0787985866520118
1.084353023253587
1.094469147961829
1.1081465799492085
1.1250116387350577
1.1449547308799202
1.1680923108878616
1.194733003520889
1.22554033829397
1.2619834642625944
1.306371350022442
1.3607528850859214
1.4256430695288953
1.4993825741722042
1.578041303865986
1.6559428529624802
1.7269488673143107
1.7862545750774508
1.831943415579886
1.8653546109498815
1.9045374134219561
1.9076821919930713
1.8286374637298428
1.7008805404575864
1.524428617654761
1.408744549263058
1.4655804216854766
1.7051294127455259
1.9896273463063059
2.1561729907479563
2.198693327605564
2.204217389856032
2.196096751204763
2.1714921675645336
2.127377975814865
2.062708921595217
1.9807320865829483
1.8901967060487124
1.802565113779471
1.7234249287059875
1.649370713796327
1.5751469634076642
1.4985826156884607
1.421011802386701
1.3459623671586776
1.2774386256730517
1.2185228136223654
1.1706953832240552
1.1339084294283022
1.1094215840311985
1.0937234077697455
1.0834398479949117
1.0775215187544704
1.075025745673288
1.0760209127967613
1.0809878056186315
1.090562089863096
1.1036689361956975
1.1197239599950017
1.1384386714246504
1.159941106513093
1.1848429749028286
1.2141735247432275
1.2492009860021511
1.291226074546069
1.3412848119852863
1.3996565142464046
1.4653010117397343
1.5355359600444736
1.6062517650744776
1.6727797243799059
1.7311864339469052
1.7793866112414811
1.8173497582373281
1.8633192712530517
1.8698349433863577
1.8033323855536767
1.6897086943934745
1.4999459749802662
1.3805340443919278
1.411986513094849
1.6439152316058954
1.9196906599575176
2.12058838601473
2.192989702200053
2.210897183049639
2.2118254597129616
2.193298916615335
2.152912401472831
2.090014483702299
2.0077754865083532
1.9152618379486643
1.8265512753369904
1.7481464061266532
1.6740340826137463
1.598407023011824
1.5198223815263092
1.4402039089451681
1.3633133460994264
1.2931718961558456
1.2328210215888769
1.183730684196869
1.145884707108023
1.120657069709152
1.104490102127776
1.093929741867102
1.0878967725233288
1.085416613735819
1.0865368916609175
1.0917078428815357
1.1014697775163234
1.1145678271665531
1.1302500173257675
1.148121802609913
1.1683889119059916
1.1918789968396724
1.2196183973216594
1.2524022513550486
1.2907435614006484
1.3350057738866057
1.3853473472025206
1.4413253440912874
1.5014261880649826
1.5629704170519914
1.6225895795521883
1.6770842957043457
1.7241906165094465
1.7627704084456057
1.8096678676700833
1.8170325663549987
1.764087586667303
1.67116027196236
1.4777281149128048
1.3446920242669969
1.3467661977794143
1.5652427812986374
1.834460101350006
2.0682703344441915
2.173808133249862
2.208225144565926
2.2238031049158926
2.2181500891934007
2.189124159478186
2.1360617910869824
2.0615383462290877
1.973912004476119
1.8880130313321684
1.8093923104429344
1.7312550788050616
1.649651206236937
1.5647399860032147
1.4792873519252685
1.3973582724334659
1.3229999467105953
1.2592107317997774
1.2074605438410015
1.1677833517223102
1.1416463517288544
1.1252346173316534
1.114872744461745
1.1093407157546082
1.1076016456153388
1.1096032866450987
1.1157346840857985
1.1263449216841797
1.1399500212728328
1.1558248951235501
1.1737490809581923
1.194068545887854
1.2173267786355344
1.2438430053070018
1.2736808252293905
1.306835373425189
1.3434867798887986
1.3840946443094986
1.4290190641933682
1.4778119943987522
1.5288398347579304
1.57955814168946
1.6271673544144822
1.6692293089285621
1.7039533676555911
1.7448783746528944
1.7493736439042626
1.7095404313157352
1.6422841138634825
1.4593283752509734
1.305231850732242
1.277345048441611
1.4796149701942038
1.7451533000807113
2.0081965253233416
2.1484520845932646
2.2031563432895362
2.2389280503398474
2.253018458857415
2.243063746418507
2.208009992728248
2.1496812168874615
2.074807353932382
1.9935873015936243
1.9098926963923397
1.8218229443120895
1.7288658267664656
1.6329381821569036
1.5376755149196575
1.447446613019187
1.3662944581421326
1.2971244305584966
1.24135756062428
1.1990454368456587
1.171729780816284
1.1551696243128091
1.1453529225225794
1.1408308812725427
1.1404787373543457
1.1440725875810618
1.1519013576100365
1.1640002971727272
1.178589510753431
1.1953070626681592
1.2147422304123645
1.2372388672981345
1.26187093634398
1.287505334511475
1.3134213946044757
1.339452454984977
1.366205716850724
1.3951596675030165
1.4279566957460519
1.464984441195304
1.504877956439557
1.54522055844761
1.5833430388491252
1.616845645496462
1.6438822545734655
1.6732316705612695
1.6715277075957533
1.6426189212827782
1.6006044097645995
1.4418041976991187
1.2655627300008883
1.2100002885829537
1.3952496380930564
1.6578114742012453
1.9471966497403668
2.1239910803601343
2.202717805388908
2.264007575147062
2.3041551145945394
2.319875733155266
2.3089887549254935
2.271597493033203
2.2110932682792495
2.1329565733614757
2.0416507725227744
1.9402643580941072
1.8320978357988316
1.7213429244084058
1.6128604101559139
1.511511576650324
1.4213909034567718
1.345271682231159
1.284431888186743
1.238836212613817
1.2100484193191914
1.1932992927040824
1.1841914436195926
1.1810258293641351
1.182610018580418
1.1885368307603124
1.199024257181784
1.2137243893314897
1.2304122766312042
1.2493862937765254
1.2725558387265166
1.2993677504486558
1.3263285382910976
1.3506581407124525
1.3709560439298765
1.387206061489772
1.4010425541551568
1.4160586134470676
1.4362576039499562
1.4620657168831555
1.4908298217952645
1.519685146239593
1.5462387046151385
1.5685848001217881
1.585375251647715
1.5999038939856263
1.590307979349678
1.5699104482414334
1.548225996388645
1.4175150087268844
1.228300152587459
1.1494749859509492
1.318124447472535
1.5772701990051217
1.8909641722977477
2.1066698193130127
2.2130386246951983
2.3045943540340286
2.37589583013788
2.4218321800943703
2.438101676681683
2.4221176271811133
2.37407896780336
2.297306739475174
2.1973694765547886
2.0808907010630704
1.954860575495082
1.8262690338992205
1.7017024960195322
1.5868324743431117
1.4859383351444218
1.4016477999888726
1.3349827848385034
1.2856641817013186
1.2551672210185856
1.2381194018061605
1.2297441646970848
1.2281491863535205
1.2321821553542949
1.2413695652295968
1.2560888612488177
1.2757977386144423
1.2976569408389456
1.3222999293905613
1.3514143017989866
1.3828646469405808
1.4114462972806048
1.4329594441811364
1.4453266939679774
1.4487938471734918
1.4462644183570317
1.4447184427631423
1.4530857746342
1.4688613368508932
1.4861599823408205
1.502239553870859
1.5155978309204838
1.5252471108645673
1.5306247496402143
1.529495637044637
1.512262729826536
1.4990398388102817
1.4919494888284024
1.3801213759329902
1.1953146207544394
1.0990094406466364
1.2523055364877171
1.5073901701764818
1.8438774310741841
2.1007978244486396
2.237937446067288
2.3635344584416305
2.4696199784395594
2.5485045359068637
2.5931502211937425
2.598114368457267
2.5611108705304053
2.484332828388197
2.374402505847964
2.2408783843701743
2.0943560974745856
1.9449836402814407
1.8015131789781675
1.6707494476743114
1.557310348511348
1.4636800845345712
1.3905184809740672
1.3371403521712315
1.3047865599945352
1.2873804293519635
1.2797731220493436
1.2799671820152918
1.2870354434913738
1.3006828710347607
1.321878196004365
1.3502008541132258
1.3815163376962365
1.4152707253423882
1.451239736227207
1.486399816850211
1.5151115234247787
1.532234993046626
1.5351949587812428
1.5247752490845905
1.5056087563975737
1.488401941503604
1.4847083837543709
1.4877408528641425
1.4908094654814932
1.4920293667245494
1.4908587587166635
1.4871802164549157
1.4811171885858068
1.4653132257113524
1.4421667702648373
1.4362080306380602
1.4396704338162971
1.3338204352861343
1.1678788218880187
1.0605491350203038
1.2002319813476763
1.450783224103819
1.8084400271831695
2.107439153739829
2.277271371045112
2.4394638779029147
2.583017942846412
2.6972194367661126
2.771886146049816
2.7984895670113077
2.7722984323861333
2.6945141211198367
2.5728098187406077
2.41965500144294
2.2494432524963006
2.0758705513340807
1.910267918917063
1.760875754422698
1.6327995173570453
1.5283948531090525
1.4478849411562804
1.3900609810478748
1.3558010921610542
1.3381772901769597
1.3316323421090934
1.334095558172587
1.3450246725886421
1.3644937702061521
1.3943659064010545
1.434215287617091
1.4773798985389546
1.5210336393456905
1.5632293697743223
1.6009630323151685
1.6290632399825464
1.6421465542420053
1.6375232252396772
1.61695850474867
1.5872166597048551
1.558599786477732
1.5372117104657472
1.5204052419817118
1.504564100651427
1.4883223812737454
1.4715559407332486
1.4545620310877438
1.437754486501076
1.4092438096537876
1.382472786640404
1.3848303182144006
1.3971420887205699
1.288078014520032
1.1467890822859201
1.0349777577150436
1.1629783049720246
1.4086915294894136
1.7850945741175752
2.124045045531192
2.3263710463388034
2.526372820777138
2.709900824517167
2.8626854792915464
2.970676636376573
3.021498633827376
3.0073786420454507
2.9282512643767284
2.7929032022597235
2.6170384440406487
2.4193346245559915
2.2175605674191226
2.0260675273860715
1.8548226054509005
1.7095599545795714
1.592540400934456
1.5035309004845603
1.4407704044934428
1.4047135520411889
1.3873979463408668
1.3827735746978025
1.3885959494336113
1.4046970172123214
1.4313520359924095
1.4710888343260997
1.5227989712199907
1.5765569480587391
1.627239555923551
1.6721544925241947
1.7102301380063185
1.7387424213363023
1.752458139942016
1.7474358690238605
1.7243319973116105
1.6883944556671135
1.6466998292922181
1.6045522065573836
1.5641525581279854
1.5259873884869415
1.4902740204825085
1.4573373207309277
1.4274998066064797
1.4010032242727342
1.3619933154854558
1.333495590183233
1.345245478429962
1.3667326862237896
1.249276933106913
1.1324002912195832
1.0223019839778456
1.1404919945666565
1.3810458601848694
1.7725784935598787
2.1460576963774134
2.3781413746062454
2.615217515085573
2.840555037123053
3.0357853581403935
3.181901135677188
3.2613781631797636
3.262240679539271
3.182514803821076
3.0321306288378893
2.8305560270068515
2.601467738919109
2.3673582663657147
2.1460673237916046
1.9495642981028296
1.7843463117778575
1.6526437475168565
1.5538259387425126
1.4856714661453179
1.4482327203199536
1.4322995099650382
1.4311965461830058
1.4422424683356008
1.4654323461179817
1.5006888146114152
1.5505334831849404
1.6122277961512712
1.672270720349166
1.723146528322931
1.761874732745691
1.7943367745221832
1.8289061069990507
1.8559524915370231
1.861924369845173
1.842535019796606
1.8008159420537373
1.7437915088384968
1.679371600772257
1.6141189225573094
1.5523993917726318
1.4966053326621434
1.4477464200250127
1.4059784689922632
1.3710159272693214
1.323503834995083
1.294080970527276
1.3151832559876122
1.347645624840425
1.2197848732309984
1.1238812302584704
1.022759245886029
1.1315378950468142
1.36531560202479
1.768294116054206
2.1720530624738457
2.432450222134394
2.7079986607497815
2.980852633240383
3.2283484723614633
3.424674285663292
3.544312220424929
3.5682081503811305
3.490703380858013
3.3228096585964084
3.08906577591392
2.8199517580842746
2.5442784503402867
2.2844689526371367
2.0551103372690247
1.8637577916252954
1.712765932402003
1.601257088199639
1.5267493838032908
1.4888623540085713
1.4765629139650984
1.482184286754794
1.5020853405055345
1.5361981588288214
1.5834646732990343
1.6458751529221773
1.7180530305667616
1.7822520515338174
1.827879932048823
1.8475630241171865
1.8388079067491385
1.9238950077914323
1.982054459761142
2.0041822324503458
1.9872508387200158
1.9352633774296226
1.8577406474619833
1.7665893404190276
1.6728899200825311
1.5848193566453368
1.5070692503883483
1.441384247027339
1.3875714041860292
1.3444869053096504
1.2891815389350403
1.2579607618085484
1.2869530013568873
1.3356189050737306
1.1967401109888351
1.1262538717853863
1.0542497712001113
1.1502631969997736
1.3682472281227087
1.770416061702273
2.194414487147063
2.4797635607143014
2.7955873026723523
3.126760632076943
3.448723637320364
3.7274657426416242
3.923256822313106
4.000283118736388
3.940671282772464
3.7540552580271185
3.4736256544920834
3.142383835677145
2.8003332616364482
2.4777177237132855
2.1936964183105943
1.9581924536682571
1.7748184879845472
1.6434373834426799
1.5617747961472497
1.5278523463042664
1.5264630735264118
1.5479358626423672
1.5866953153223835
1.642909907297642
1.7141354174570953
1.8025494554387584
1.9005252366121166
1.987183314967803
2.0558689228290685
2.1097310380199708
2.161809962770341
2.2170614211384785
2.2578699075787143
2.262353232587198
2.2200798634787713
2.133752733820716
2.015610436985843
1.882047935234547
1.7485445281309806
1.6264442528062755
1.5219678112535873
1.4368906634335576
1.370005539830927
1.318637246432808
1.2553058186818564
1.2166169668524494
1.2409397595866485
1.323969694011574
1.1784402396660785
1.1444154411219167
1.124214020539387
1.2043622062543426
1.386755804291927
1.7382597969623073
2.1172643249692444
2.3778867903691046
2.673663540973663
2.9944961178474205
3.320494757039856
3.62037504746271
3.8532203155287967
3.975704373436274
3.956164226894797
3.7933249565415252
3.5212165414708108
3.1882163103177437
2.83714162687924
2.4990138818649497
2.194937986419171
1.9408633205684305
1.7467713764135373
1.6144528508372111
1.5403949496362754
1.5190369955025773
1.5323909723727556
1.5705449106111058
1.6271646288822592
1.7036688536081748
1.7975919216157779
1.9135950926776693
2.046115055178997
2.1737645422123197
2.290285086194757
2.3906658339488778
2.4676512076392245
2.510144565358246
2.506537951566114
2.450760170135708
2.346259985477727
2.2054940692215297
2.045871431428184
1.8847477146612823
1.7356952422369238
1.6069135529385552
1.5014829736459547
1.4186739841953937
1.3555152042384493
1.3080913904438636
1.2492949076091446
1.2020825811809779
1.1945579948825844
1.2145366496269714
1.1748304652595782
1.1595256215156395
1.1798723939028568
1.2405567331598093
1.3729858734298455
1.6255285010043514
1.8931343605854505
2.0763152487386285
2.2840497389130276
2.508974461275953
2.7355224983188164
2.9377743475034084
3.0818295890226417
3.1386957543669216
3.099730353850223
2.9765146480421274
2.791539457610426
2.570487408017182
2.3370710171804
2.1103656664164316
1.9046248714678295
1.7305251083825741
1.595860017627963
1.5049694437361618
1.4585274787702687
1.453027861738761
1.4746794783175836
1.5163533193562742
1.5727450199954836
1.6458213294600241
1.7336346024401754
1.841478957655756
1.9662853656324721
2.090080573070454
2.2058035728531444
2.3033426203434293
2.3690433365537737
2.3891902019324585
2.355746031433781
2.2704901327335967
2.1449889049734363
1.9968036793468011
1.8444073094858087
1.7031415228052924
1.5829183972764953
1.487337876804234
1.4146513695399272
1.3605970541930512
1.3207953142221802
1.2914169249543217
1.2538630920393419
1.213920571147845
1.1867548778520647
1.1776291743938876
1.177265514157945
1.2008395265973595
1.226223579522674
1.2592395011016877
1.325862920373819
1.4347102193126
1.5464081571319777
1.626116183657645
1.7210135832484685
1.8306921766103124
1.8934736737857518
1.9339382910455432
1.946235505894656
1.9283557911653884
1.8826907252725458
1.8152832524509621
1.7341562836455173
1.6474905265252517
1.5623355288399539
1.4841380081960052
1.4169573364929269
1.3639906464341087
1.3279798876025106
1.311214542863712
1.3151376942633106
1.336454704733127
1.3686571877132494
1.4097570850110892
1.4567026440944484
1.5116759695203268
1.5731419163248563
1.6446673875985403
1.7243781641119522
1.8015881694686606
1.8719183483927389
1.9280367592990657
1.9607450466496443
1.9622003739376486
1.9291530037907025
1.8643785123187702
1.7757800725642243
1.673928957255237
1.5695055994721052
1.472233660226367
1.393748569821831
1.346352032418813
1.317998881639301
1.296926919382809
1.2805317184007352
1.2677729866992826
1.2497122509928746
1.2231610489935196
1.192667631628088
1.1709771654820693
1.1908680559739437
1.3218640799258143
1.4348423215767014
1.6403280808449048
1.7983298972468287
1.8461677900373183
1.7982231254466061
1.7476372729894285
1.6856267264042981
1.6191118720219595
1.555715523146361
1.5022455238173142
1.4633925849484428
1.4409376930994797
1.4336434202973736
1.4382691380216481
1.451896317058794
1.4739834821002853
1.5062803447220288
1.5513174300815054
1.6110396764653017
1.6860527471279994
1.7753668220623213
1.8765351995117183
1.9861462153508667
2.0889906274975343
2.1817226586253633
2.2703852258266055
2.3539280142038472
2.438655475647558
2.5222481652629085
2.6067789325483517
2.6825776138138795
2.731680366068939
2.7477820186622144
2.7282423961901427
2.6748628135561074
2.5928908105288286
2.4889401051050446
2.3692131838010146
2.2390330364383857
2.103490191897945
1.9681063840588373
1.838641367992184
1.720114716612743
1.6157617036656122
1.5265948428601213
1.4518373598427667
1.390076541884283
1.3405823123807477
1.284698991389343
1.3046915222182571
1.460315705680548
1.7600167536779756
2.1334594243532963
1.2047969795613998
1.3194683428793261
1.4521391499915555
1.5604433310877919
1.5974349563884154
1.570794830448365
1.5443035510575682
1.5144961491308317
1.4857966908426214
1.4623142834746796
1.4472577695818762
1.4425209543110058
1.4486382163841705
1.4652410432907974
1.4918978502041533
1.528852285944869
1.5771368805681063
1.6380175835436763
1.7121509678211293
1.7988300355633753
1.895528843345264
1.9978829553441566
2.1002267714224305
2.1967468613559182
2.2750418247872477
2.3370343173082917
2.391079183694953
2.4404257457472505
2.49238905533414
2.5482165453074956
2.6102146247822464
2.669581961632851
2.708085026200999
2.7175578434223127
2.6957400479494966
2.646648254097399
2.5780533293433496
2.4970096289591934
2.406483728970263
2.306106097779578
2.1960185849947265
2.0797054451401693
1.963671713830037
1.8549745417139825
1.7585310084376775
1.6754916320744755
1.6034120981191127
1.5390341874705684
1.4824833703179154
1.4137691465158997
1.4354574973004348
1.5995450176627217
1.875328106782279
2.2128032112187612
1.0820298703732747
1.1166110656355255
1.1979693323954528
1.3051712376104974
1.3879337926449182
1.3999258188433592
1.3964032276791205
1.391897528467418
1.3904438329321709
1.394860241837214
1.4068477158999089
1.427239191459178
1.4562732634092233
1.4938546739011764
1.5397669318997647
1.5937860799170676
1.6556547483944641
1.7249200167781455
1.8006918508937513
1.8814117779995425
1.9647212496010034
2.0474880786076364
2.1260002197533665
2.19629209667063
2.24936706863474
2.2864289911624565
2.311822626260826
2.326308651587393
2.3312516885307866
2.3965454882399455
2.465188658411318
2.5267688394496206
2.5634246111236876
2.568379684148128
2.540852863646961
2.4879269061572127
2.423425625843139
2.361043169877836
2.3040935686556425
2.2455321747783947
2.1779798710723264
2.0995663730260588
2.0137514293100405
1.9266840571784214
1.844226103356496
1.7698775284402322
1.7043468515307025
1.6469976542030582
1.5981563081989103
1.5384612553786003
1.5422841833474714
1.6379981910855632
1.7980936066913533
2.0981275867711178
0.9910423067066746
0.9751118215539466
1.0081544076924127
1.100883847925243
1.2379341832362305
1.3100797819711256
1.3358023065263673
1.3572306005084624
1.3800387507489593
1.4083932622131625
1.4443421964069572
1.488056764036676
1.5383053707697694
1.592950820594283
1.649444202653391
1.7053074719792205
1.7585610854973541
1.8080292356740888
1.8534667408325418
1.895487698246714
1.9353139577959624
1.9743924431610957
2.013965699671048
2.054740833354181
2.092622914020302
2.1273940408582117
2.162323185274722
2.1982512378324066
2.2391008977230005
2.2840833893314962
2.3331687181615886
2.3778629606017168
2.4031941769678533
2.402170981258693
2.3728199754783836
2.320480968106954
2.258288946879674
2.203162202035518
2.1653358644397587
2.141363620280864
2.120875927150435
2.0954430051842574
2.0615103717827736
2.019846643794867
1.9736929514007606
1.926683585046691
1.8813711973732252
1.8388584947471598
1.7994139462284249
1.736156314780016
1.6701627785060844
1.6335836731891566
1.63850382024885
1.8633141871074907
0.9719107774861924
0.9519242028822188
0.9500471672716475
1.016598492097727
1.1751122256907538
1.297588156029832
1.3522179501240283
1.3974164570862293
1.4385587176234718
1.48160834525312
1.530021414860246
1.5840106297627086
1.6411058569943295
1.697180473933434
1.7476452558835391
1.7886377075130195
1.8179823748895203
1.8356964080015428
1.8439318124477633
1.8464225189406345
1.8476422371005634
1.8519230738284023
1.8627496724071622
1.8823765203601182
1.9084239838597339
1.938270568604434
1.972329181979123
2.009008134723729
2.050099704775742
2.09357143255726
2.13925469645394
2.179880149269746
2.2029205807278336
2.2029038103819625
2.1783249634556148
2.133812485904026
2.0812081415538066
2.0375482975456305
2.0167291639856195
2.0198752546284156
2.037699255558884
2.059344656979876
2.076947006326848
2.0865396360641464
2.087394816343284
2.080499465032674
2.0668374655500643
2.046353897411594
2.0181105474777636
1.9440270674666418
1.796680797302563
1.6473275535216632
1.550207478529091
1.7007434709108873
0.9801890605083776
0.9668007267580369
0.9427373076266892
0.9889066264213118
1.1487073882861885
1.2973552355223374
1.3724071926967736
1.4362670132859379
1.4906575768839112
1.5412849242490048
1.5930337791361515
1.64726280718337
1.70173754243892
1.7518635556014424
1.792371662037033
1.8190301468322554
1.82998844856028
1.826385699275287
1.8120765751102548
1.7926510961789779
1.7741563051311307
1.761949486235291
1.7599660136894413
1.7704717566554482
1.791167331135412
1.8179952444486642
1.85002984388748
1.8850076209516635
1.9241932027260493
1.965395024409661
2.008287792498072
2.045972972077991
2.0669845018798765
2.066610590928306
2.04372844614316
2.002706436907421
1.9547827414604253
1.917347539265537
1.9064377821480245
1.9248660907536097
1.963414091940436
2.0106246875435096
2.0574662006865707
2.098269922245065
2.1304242126758126
2.1531159677716873
2.165553664832214
2.165762181721536
2.150855309616196
2.077929936533492
1.8854288166746198
1.6741068171457536
1.5260158108211415
1.6320124131570324
0.9957593740503113
0.986932417273746
0.9467764016443341
0.9769712801076684
1.134068575288669
1.300404081769637
1.3923793448596433
1.4738143500595982
1.5411310638199265
1.5975626617126621
1.6490742772996292
1.6991422495717936
1.7468954076053458
1.7881136915522264
1.817349634651411
1.830195384739994
1.825060248702982
1.8039377588990433
1.7719676398156956
1.7360839523235312
1.7033717344503538
1.6797446780187093
1.6693035811966601
1.6743279154539144
1.692304577315884
1.7176057321815665
1.7481973894073144
1.7815103403781027
1.8186139308836495
1.857345643203305
1.8972765707689574
1.9318172262300222
1.9504087735279019
1.948937115563059
1.9265650036464046
1.8873420659416948
1.841846510880417
1.8080955477242822
1.804814220320643
1.8353113253228643
1.889061826482432
1.954312771406895
2.021989910699962
2.0860187120238836
2.1430788197785153
2.191389932110574
2.228708709945263
2.2509343371112456
2.252677570976143
2.1901017767402085
1.9685016385059306
1.7101922332153763
1.522695043160718
1.5914456718873615
1.0170487481413961
1.007106776589686
0.9592207352269561
0.9785985611464871
1.1322524351398227
1.3110647795091284
1.4167116670266904
1.5139676185078335
1.5938274231406515
1.654877460123256
1.7030951636722722
1.7450459028455796
1.7825177043404004
1.8124079532062005
1.8293339096088623
1.8286605573426675
1.8088536821350683
1.7724811800109805
1.7256420664197551
1.6762556014021783
1.6320650171206819
1.5991459218958273
1.58145474693826
1.5821450078455384
1.5998031494390765
1.6250835762770808
1.6546904287455715
1.6863066453602065
1.7211128222291
1.7571079083972092
1.7938070448063024
1.8249666270810418
1.8409464046123691
1.8381747784848672
1.8159989784495543
1.777898777628726
1.7332664985171637
1.701131829433178
1.7056442531522158
1.7482724071175304
1.8146011474063926
1.893178493000026
1.9758842071906613
2.0572154228471318
2.1341656065341246
2.2049297829188457
2.266388081757625
2.312322349215288
2.3343652004980195
2.2915657009047403
2.054423149070225
1.7578475118041224
1.5351010662959697
1.567971764371555
1.0433367005500842
1.0279482026038795
0.982536021306459
0.9980925590322468
1.1491303647965256
1.3349853379177954
1.4492467479718525
1.5572643477327852
1.646193339718871
1.7095314360055944
1.75174534086109
1.7827007195590239
1.8078141591283412
1.8255491542129
1.8306125243594995
1.8180084043515399
1.78605599058079
1.7376341882350048
1.6794869636559004
1.6201904495511388
1.5678523936467816
1.528425064576838
1.5049303454327452
1.4974226247058045
1.5203122593287037
1.545564333027532
1.5735844976709004
1.603029927389933
1.6352130239658242
1.6683010029298673
1.701770080569871
1.729781836705592
1.743600703021103
1.740145341645894
1.718857779877767
1.6823521102213104
1.6375512290754395
1.603629438021145
1.6203367271280853
1.6767068822477023
1.7526088797513173
1.8394990618932485
1.9310152831976541
2.0227077653504995
2.1125821808200786
2.1997492606297846
2.281104635302818
2.3488542616758967
2.391786511788823
2.3753723936998323
2.1379676333704096
1.8146943735782215
1.5620699383642487
1.5606869754646286
1.075185522417882
1.0557971353097813
1.021258061062884
1.0402367182456318
1.1898576754537946
1.3769372754178786
1.4937303689433885
1.6051959894301924
1.6966706715329423
1.7583285499415906
1.7926003865708213
1.8116559955547973
1.8243465315251097
1.8306079193365568
1.8251696106365276
1.8026776540539524
1.7612853193486808
1.7040567630382004
1.6381505105499157
1.5725545034061459
1.5156328699412476
1.4734983884824078
1.44969596990981
1.4464933075750845
1.4604561672275853
1.4813183839520414
1.505976079797827
1.532436605457293
1.5616177023428957
1.591739690415638
1.622250379828079
1.6478141939715347
1.660580771775526
1.6579624888138083
1.6395955232171424
1.6075238087181578
1.5659435899224774
1.5205935430095188
1.567752316508054
1.6330907655275027
1.7136319328309677
1.8044517480544902
1.9000881487603023
1.996537111342465
2.0926021555321963
2.188672947819335
2.282576285448428
2.3660813081194076
2.4261434517593243
2.436790934120967
2.2127364111193257
1.876450000604241
1.6012187942130733
1.5675287500867923
1.1134305167186824
1.0966527589969777
1.0798435870732621
1.1092461707457366
1.2582020799782159
1.4399312668995983
1.55264960118405
1.6594130000573581
1.7454796482276855
1.8003641940863153
1.8255396009061835
1.8337327663034046
1.8354816005060786
1.8316326821954945
1.817036518225751
1.7862616733102683
1.7374866244502205
1.6739433887066915
1.6029961753515705
1.5337489074351514
1.4745380636193592
1.4313173381785345
1.4071328567291912
1.402066288699147
1.4113676598224099
1.4277769824346367
1.4486363227650318
1.4718191079648926
1.4978861081089112
1.525154896422145
1.5531466506920644
1.577184271763973
1.590309586390612
1.590483180360842
1.57780714540661
1.5548953235176788
1.5282690829146535
1.5183928531653508
1.552291220694359
1.6153819508983511
1.6967612465076798
1.7899449029344519
1.888696563194881
1.9882334522421674
2.086887703968184
2.185498985796508
2.2832534714690915
2.3731729017932786
2.4424271880122292
2.473781547725891
2.2721761168344394
1.9371741747348254
1.6484805800279319
1.5849341298444852
1.1580439244932927
1.153309884753137
1.1609406413490984
1.207695618412094
1.3558687592263388
1.5247918269711993
1.6268082733330702
1.7212410129075444
1.7947487805954765
1.8383306375635757
1.8537574791553055
1.8526884692230512
1.845111358051643
1.832142815321378
1.8090446264679674
1.7707459101510332
1.7157161857622993
1.647355775874615
1.5730116521270738
1.5015654907050553
1.4409531336666859
1.396559897487025
1.370632750102015
1.36239593275129
1.3676612113724314
1.3801659303679812
1.3973652315437632
1.4172430091537949
1.4401552840598493
1.4646203038813996
1.4903535552026856
1.5134865333215244
1.5279662691847586
1.5322701701288615
1.5269403090609894
1.5151808830829012
1.5045070514636534
1.5096813776749447
1.5441721284977123
1.6062560739224077
1.689173500556041
1.7861885106880604
1.8902629569622158
1.995154724466982
2.097226766809175
2.1958637964631316
2.290752677022071
2.3774731659592505
2.4460602730242034
2.486662848227183
2.31092522596701
1.9900900934570898
1.6980552644004443
1.6077018920450257
1.2075247526341173
1.2249412663848043
1.2640496923068403
1.3350675218107806
1.4814150414001948
1.6297071681559885
1.7151405239459512
1.7913288153447229
1.8474710258702913
1.8770167538374112
1.8822023830755032
1.8725703068517106
1.8562553910868569
1.8342732551322913
1.8025801689748588
1.7568321445914739
1.6959805635100982
1.62355389115686
1.5466700374775126
1.4737134201537034
1.411979379854507
1.366172849203749
1.3379317751348965
1.3261875391139544
1.3274758009829721
1.336119454886856
1.3495537252044603
1.3659180418757932
1.3854127307927284
1.4068216385418115
1.4301105319308773
1.4523067197308264
1.4682776715935684
1.4768916965144554
1.4788194578988691
1.477060018062177
1.4779719815626855
1.4920925576090172
1.5295813279644017
1.592877961756406
1.6785419165461022
1.7807438170039864
1.892172417851405
2.005119431466966
2.1132539259238827
2.2129447449139183
2.302632885967934
2.3800843448407565
2.439896884504548
2.477513646157831
2.3261531308956824
2.0289560362633488
1.7431028356897937
1.629427706231375
1.2588748379815784
1.307158037377628
1.3843682213259803
1.4859566374843969
1.6288945815028844
1.7497749989896874
1.8145477571597541
1.8691967792548627
1.9059123734630805
1.9203787025464127
1.9147013868630973
1.8959918639223152
1.8703885161756233
1.8387921637670914
1.7980274102725562
1.7446520612328762
1.678141804933238
1.602052860823388
1.5230948279027918
1.4489806534597558
1.3862622901412722
1.3389762775587353
1.3082874454777655
1.2929740405885282
1.2902417048738593
1.294882432075629
1.30428428433291
1.3167767868278395
1.332411427806151
1.3502715709341047
1.3705649472374093
1.3912384822619683
1.4081183926139664
1.4203662255087512
1.428567848057698
1.435120838747968
1.444906992594775
1.4658129959747979
1.5064813632446914
1.5713659480289075
1.659545312481776
1.7664830053953604
1.8850449026048564
2.0064201070403382
2.1217485486046113
2.2240606628219637
2.3094321462342084
2.3763844426712253
2.4237549693404463
2.4498160412017533
2.3184042577760513
2.049606776117164
1.777176780934018
1.643681551170137
1.3080325886048814
1.3923802240216934
1.5122058830704246
1.6487081979056122
1.787010704681865
1.876951667702787
1.919873756258477
1.9527461161835038
1.9703694437167392
1.9698125420413852
1.9525199058403842
1.9235217674618346
1.8875079351243176
1.8455070885415994
1.7952866311234896
1.7342826141874466
1.6623833591549881
1.5830172686421344
1.502345564145099
1.4273277087182914
1.3637616225721618
1.3150631438908387
1.2819864792123188
1.2631575876169159
1.2563726245714368
1.256858111321718
1.261960009181596
1.2702293184063365
1.2815612842891504
1.2953501229030284
1.3119976587705562
1.3303405822303038
1.347204082815074
1.3620062518778782
1.3752110256520438
1.388602984595803
1.4057790111700172
1.4326705489631404
1.4765830906682997
1.5428430560237931
1.6324372998375714
1.7422367512752153
1.86564415934278
1.9932893744655718
2.1144933054820627
2.2195811698514776
2.3022497950266185
2.3606836064926155
2.3964322936252067
2.4082609538457915
2.2914960248281697
2.051025737254529
1.7959541396846237
1.6457130476663338
1.350629188861103
1.470931822787949
1.6338153162027558
1.8059011894273678
1.9399764909147519
2.00092318196438
2.024290373449436
2.03803820779513
2.038688760568131
2.0239047778913566
1.9944198531706419
1.9539499941167526
1.9065474193243601
1.8537173186013172
1.7941600503671613
1.7260055432989136
1.6493236797973012
1.5672291968122039
1.4852407308690838
1.4095615043843277
1.3452929476677897
1.2953030124584768
1.259973353979167
1.2377457932938294
1.2269337491166852
1.2231898827436687
1.2238354574482335
1.22766729427051
1.2344172720877742
1.2437843041238674
1.256300533158937
1.2716133966828087
1.287539111428138
1.303729944881686
1.3205727980973165
1.3393884013478172
1.3628038596236176
1.3952356617883463
1.4425824681253234
1.5101014004275397
1.5999415281634763
1.7102559529272927
1.8352416317074047
1.9655627128234145
2.089657040074876
2.196220566662674
2.2772596232100915
2.330260490201598
2.357949251614226
2.358191269831381
2.251321901922598
2.03539034867739
1.7984943638477788
1.6340439212282298
1.3828813977420427
1.5330030033725817
1.734181103010247
1.9378121708554172
2.070849090287884
2.1110540499170307
2.12025998248414
2.1196580255827002
2.1066396227023927
2.0791161794147786
2.03749313671329
1.9850677062090847
1.9260563390475465
1.8627693486715657
1.794749115321418
1.7205255120529501
1.6400559475714178
1.5559646662192432
1.4730919398717368
1.396953797949581
1.3320710396193036
1.2808694353458667
1.2434070532722652
1.217918270972023
1.2031738214748455
1.195247753340748
1.1914579199149942
1.190860341789017
1.1930243949783532
1.1979330617938615
1.206187010601621
1.2181224226738474
1.2324536727948663
1.2490155178354887
1.2681599214773644
1.290918074837171
1.3192776115190437
1.3565475685502044
1.4072823808718953
1.4760026871079497
1.5651937719869768
1.6739189506842782
1.7972692100152319
1.92646476881498
2.049981538900468
2.1560240764369016
2.2358243553070705
2.2862783895922982
2.310216229005983
2.304430608342754
2.203886648499244
2.006979462157688
1.7873447320825033
1.611158040779495
1.4023640044340209
1.5710009727947252
1.801128702809102
2.028311756324364
2.166499968931278
2.19878857032219
2.2009046946183517
2.191742705499541
2.169084526228168
2.131145609751022
2.0785322967967663
2.014882347351554
1.94519834778181
1.8728315338445418
1.7980101857213333
1.719317947902366
1.6363066158429596
1.550987565566932
1.467561288720462
1.3909921031128738
1.3253860834380324
1.2728707197959903
1.2332623607208075
1.204595834873907
1.186059503073094
1.1741303033790993
1.1661355576290846
1.1613846773699916
1.1592930726338306
1.1600921217574556
1.1644016503365762
1.1730931656455328
1.185597459205291
1.201843363390604
1.222155889987829
1.2474174677036243
1.2792624441226041
1.320265236856445
1.3738424677056382
1.4434679347184667
1.5312942760824475
1.6368055368480101
1.7559199676068442
1.8807779941033518
2.0006365142491807
2.104160067899813
2.182621562948248
2.232571193719145
2.256300160754537
2.250015938404593
2.1533498426511524
1.970395063572919
1.7673385317369723
1.5828574204567305
1.4084150918535085
1.581354608314622
1.8288427712347817
2.0704261142028377
2.221531988471349
2.259329050580658
2.2613226840155
2.249432280234995
2.221668075276912
2.176705256267689
2.115707243057844
2.0430700961840906
1.9649270778701584
1.8858028319809328
1.8064283565427581
1.7250953703845568
1.6407198090393256
1.5546817053714252
1.4706733408899704
1.3933019559782012
1.326459168126085
1.2721504595201885
1.230079722395239
1.1981469353310552
1.1759539081567227
1.1603239005097905
1.1485741392803326
1.140227034354997
1.1345523752929856
1.1319757065002787
1.1331024149886775
1.139170330542676
1.1500825640013386
1.165760709790201
1.186488793866558
1.213099749693245
1.2470862431909862
1.2905699519049
1.3460595178245622
1.4159348484294745
1.5016400661548883
1.6026752696981656
1.7156431976042026
1.833802167803779
1.947676816147816
2.0470218484878995
2.1236832094206353
2.1740302506903686
2.1994447327056563
2.195796651888137
2.101072511953241
1.9289243366219475
1.7435695952709587
1.556526519502158
1.402061715244396
1.5649948053694773
1.8188127448372942
2.067927318992001
2.2384309627468606
2.2918803939943047
2.2994638404851186
2.2902911293036037
2.262495304018783
2.2151806593387375
2.1500442178027006
2.0722068613307627
1.9889642746883343
1.9060739859923457
1.8245899180261587
1.7421958843913716
1.6570774335794856
1.5701393806326744
1.484817913170472
1.4056062450756024
1.336386900464688
1.279225431293537
1.233891102827556
1.1983050136246396
1.1725360657905204
1.1536211049379932
1.1387796364928309
1.1276539438459208
1.1193666286473312
1.1144629174694896
1.113515145236365
1.1179609009954554
1.1279137634199952
1.143210411716287
1.164088221165644
1.1914008967864025
1.2266208152956002
1.2715605956318294
1.3279700273364996
1.3972048750488764
1.479894528863949
1.575362140628662
1.6808017150232057
1.790676385363376
1.897006661155454
1.9909090848981421
2.064994378047431
2.115458077704564
2.1425734180155307
2.14132836911743
2.0463376448579096
1.8838901423267522
1.7193937884728498
1.5390272823243876
1.3855539250817095
1.5264548156669675
1.7778436941511946
2.0312834192698057
2.2241714382490785
2.298942890910908
2.316523934727467
2.315268204472386
2.293207063847722
2.249554674083609
2.186117852293231
2.108271428136666
2.024189496801141
1.9408335092054412
1.8593377014171624
1.7765219341493226
1.6900530523868034
1.6008142637916103
1.5123852907918771
1.429412703812308
1.3559377472643663
1.294225118595303
1.244299832473074
1.2043532385674303
1.1750352375409412
1.153356861483911
1.136263016064428
1.123366938721707
1.1136300295057293
1.1076280897319914
1.1058943210725005
1.1099190320069041
1.1197938653125687
1.135248924485077
1.1565047159983084
1.184482998444596
1.2206472699750677
1.2664806919950928
1.3230039377117329
1.390646878053463
1.4693097815802716
1.5581777209924201
1.655069636798239
1.755692056407274
1.8535656407953294
1.94111132518743
2.011595457879141
2.0609249314819955
2.0882249616737196
2.0863712737622793
1.9883300640409833
1.8354040187846747
1.6953509914053575
1.534917378056801
1.3617436341141527
1.4722496082951249
1.7148844384613837
1.971444172074532
2.186741977690433
2.2856453091422315
2.3169789541756978
2.3289303041807514
2.3190808178386604
2.2862307552836714
2.231630809359708
2.1601529470460634
2.0802270309442132
1.9995984785295164
1.9189271251350406
1.8343327294615384
1.7438899049084864
1.6492828802895951
1.5547116872630264
1.4651991870465484
1.3850330539929396
1.3167320470769739
1.260695568936621
1.2156001418658688
1.1827760098659579
1.1589170136292004
1.1404779504932123
1.1268716414361366
1.1168793832860568
1.1110164697139315
1.1097793335498738
1.1145942789879866
1.1253587917654808
1.141744098455086
1.164026637059693
1.193204952743214
1.230610325145631
1.2772193243325427
1.3332596279711622
1.3983472511315147
1.471875841124341
1.5531322296423449
1.6407335146985607
1.7316431658720641
1.8206901995188756
1.9012749859388716
1.9670149911734625
2.013399782375419
2.038553624342225
2.031860778838586
1.9279068030284772
1.7840204671799957
1.669726301060167
1.545323784559331
1.3335552975693228
1.4093554464775797
1.6388229128777092
1.8972344751397754
2.1340944973544644
2.259365936148049
2.3081895328885405
2.3388768421649475
2.3481513165780648
2.3338252213014448
2.295925298561252
2.238025346480091
2.1676689927191255
2.0916852553306735
2.0097773728602153
1.9191528185648181
1.819958239867346
1.7154892741954622
1.610895983754773
1.5116814382143422
1.4223802031541055
1.3457321680287193
1.2824849510732803
1.2317994975406636
1.1956403187726878
1.1701652708026813
1.1512012834867051
1.1378311472045888
1.12864905075878
1.1240343629006302
1.1244577823349473
1.13119804349326
1.1438365260472674
1.1620715695160446
1.1863149224461946
1.2175790873530803
1.2568178581404823
1.3042406173364018
1.35919991029157
1.4206492671938051
1.4878075495810228
1.5604594530644889
1.6382966005038124
1.7194950125762578
1.7998030781863237
1.8730917111698246
1.9329821181085018
1.974529603471012
1.9951849573755374
1.9798491354140832
1.8679568089839385
1.731989625468139
1.6407606028970734
1.5675285332977311
1.3036792353003264
1.344226728335107
1.5576921376830333
1.816181273606228
2.074407216614413
2.2290644146863943
2.29935351860474
2.3544042266057796
2.3896103832422466
2.40122538528209
2.3874534484954104
2.349665985053543
2.2923932581215976
2.219391090366036
2.1312300145509555
2.0288155333221476
1.9154346317964712
1.796396675068917
1.6779848645581874
1.5662399068442743
1.4659127629004474
1.3798706216986858
1.3090541655157641
1.2529061081824524
1.213807829351982
1.1872561203021728
1.1684388094021456
1.156066392460976
1.148577832729674
1.146181711453119
1.1493617523832345
1.159201066432202
1.1748277431252443
1.195986340149685
1.2232034165761505
1.2573558162662248
1.2987753573718621
1.3467219213321537
1.3996722756269584
1.4561349811057025
1.515563138343945
1.5787217383230758
1.6466642131947373
1.7185807295922912
1.7905469042227575
1.8563548892982957
1.9094267434961039
1.9445595204692432
1.9589577895962362
1.932711281557937
1.812403587036935
1.6831094867554055
1.6090108377068024
1.595328035694446
1.274469850355121
1.2823201049572692
1.4784232200329042
1.7351938607698683
2.0156760480963243
2.203890148031206
2.299802974624666
2.3846398504793553
2.451705057593925
2.494926851754603
2.5098562609065613
2.4943502986726
2.448678562531716
2.374764752476516
2.275915440487489
2.157182229898795
2.0252565037203896
1.887805154284059
1.7525165334373358
1.626103477330867
1.5135340893249833
1.417692395308879
1.3395077154930053
1.2784407911101288
1.2369995822799178
1.2099332509221803
1.191849678201722
1.181114656939577
1.1760958629359022
1.1768538677487606
1.183978558949034
1.1983413932088642
1.2183705359758759
1.243672298263322
1.2746543471386154
1.3118667698659334
1.3549757610434505
1.4023818456956134
1.4518707240145978
1.5018060420261952
1.5522940920909596
1.6055010094525977
1.6639303149305154
1.7272838681808582
1.7912765935606796
1.8493083341528656
1.8947180667748953
1.9223912165345518
1.929672530685976
1.8921744666013078
1.7647055566090764
1.6413804159108925
1.5777018119476713
1.528987029586078
1.2479433396000192
1.227909897558599
1.4065871156012426
1.6601659177766594
1.9642624180965282
2.191301966575673
2.317006712696493
2.4363043913833806
2.5386970937301947
2.615195604193167
2.658398322717575
2.6626858928420205
2.625430757180433
2.5480879794173212
2.436216088639703
2.2984331898250487
2.144966102567575
1.9862533915389844
1.831758996948968
1.6890807179638392
1.5634505370809664
1.4576801407888815
1.3725017637377812
1.3071624212786144
1.2640264774503072
1.2370176308892509
1.2202300111680062
1.2117325504528578
1.2099349374293087
1.2148123332043057
1.2271942470814285
1.2477171830577853
1.2737055450585177
1.3042146967436608
1.3391233440062984
1.378512153119658
1.4216499031024155
1.4665757611924288
1.51087000841835
1.5531554668437526
1.5944918533964294
1.6384661931907176
1.6884692103191108
1.7438461924330313
1.7996243622607229
1.8491129563367137
1.886041114245584
1.905760052944787
1.905960787814103
1.8585979798797805
1.7266387087868793
1.6094251781176754
1.550835320974072
1.4671763030776925
1.2257684244747447
1.1840356697878103
1.3461717354876788
1.595357058480059
1.9232565671688309
2.19451581084674
2.3547609563449243
2.509116037166809
2.645273207143375
2.7530692117382896
2.8224093624368023
2.8445916742785697
2.814560077585068
2.7330762182131965
2.607218638164531
2.448784564723975
2.271679939473759
2.0895098112934725
1.913896432574282
1.75356742025507
1.614102688103523
1.4981939864087526
1.4062445292944021
1.3371230680213215
1.2928438631013919
1.2664225834587168
1.2514768556080889
1.2458044849291607
1.2479539067897225
1.2578639121332318
1.2767047238670655
1.3047772849356285
1.337801704423056
1.3737727796051582
1.4116176730931518
1.4509311642939136
1.491185337941061
1.531091006201392
1.5689908358644298
1.6042936571831803
1.6388525531498492
1.6764868511388284
1.7196767173292877
1.7667511913703349
1.8128778024490393
1.8523339176778775
1.879882112350578
1.891574741342826
1.8854062919317764
1.8307371892130033
1.6977435513145989
1.587465401927375
1.5308918812553525
1.4168961601793857
1.2091950504476832
1.1525148479860732
1.2995322996292578
1.5431796507015663
1.8921571645582722
2.205790816472844
2.397107194816116
2.5850278299828253
2.7548189518409703
2.894339359477214
2.9906602520665584
3.031843386903004
3.010147837469917
2.92525604868252
2.7854034193853185
2.605458572855553
2.403211051150035
2.195805539130217
1.9973860035709412
1.818058478037785
1.663861591737188
1.537367626776631
1.4385866805943626
1.3659238117374863
1.3209120543678918
1.2955636073162262
1.2830122008819824
1.280760325741829
1.2875330388541955
1.303208266100222
1.3292817494702371
1.365489696711937
1.405480386741126
1.44574128660996
1.4839140533227153
1.5191844548351203
1.5521429063992638
1.5841269490664271
1.616373159810145
1.6495908359289488
1.684181946174839
1.7203524328921265
1.7576426677891215
1.7944913707130057
1.8282598734693243
1.8555559727653217
1.87272772512492
1.8765505667103817
1.8650647762166528
1.8061012591539238
1.675526737860421
1.5731545140478294
1.5176422416262625
1.3810721119940073
1.1989248233763379
1.1339884253275585
1.267494201581498
1.5043677937259623
1.8686734406050844
2.2144736992112297
2.4300823253653823
2.648272506008006
2.8522361171883057
3.025694440076034
3.151995944620363
3.2153867251072596
3.2048784752496626
3.118620644052709
2.965774563217694
2.764314119768243
2.53616120024936
2.302345401413219
2.079854612458729
1.880403373682495
1.7106155710082254
1.5729931069245608
1.4671624826607512
1.391063646647639
1.3456857318489186
1.3219341383240848
1.312415558812499
1.3142590044699425
1.3263390562120418
1.3483542119064644
1.381976605689884
1.4260379325975794
1.471785802212545
1.513927240900693
1.5485481617919017
1.5742022109175833
1.5930413498294647
1.612838388385948
1.6456703395781083
1.690356477748718
1.7346365780248936
1.7721301585399292
1.8019115990009025
1.8252493837788089
1.8433893529245713
1.8562235909112235
1.862028335980341
1.858180578968555
1.8424114390465525
1.7818762726785022
1.656365361458622
1.5622708576572109
1.508313128966382
1.3592147497814928
1.1948801008746128
1.1280942617793444
1.2477568999084325
1.4749669338806433
1.8477489398239748
2.216701053015748
2.452452020340176
2.6985372071462974
2.93784407512087
3.150346726149356
3.3140863977445316
3.4075332759458528
3.4146458399918242
3.3308294766081583
3.16583843599049
2.9411975939365838
2.6838198458532694
2.4195254877890395
2.1688767921980636
1.9456791305339693
1.7574050936812813
1.6066071070623027
1.4925827438561696
1.4128383087891396
1.3677073815803498
1.3466954004433926
1.3417441712998026
1.3494223424143346
1.3687285138978773
1.3989617015678684
1.4417927994227475
1.4946481415054178
1.545890410959685
1.5883381006342088
1.6164481064812455
1.6275371719771476
1.6222163240942729
1.6038410539365773
1.687122964990379
1.757532279541845
1.8100327182648248
1.8429908557023384
1.8586009147818323
1.861905997736758
1.8585900483656796
1.852483149389314
1.8441904138398206
1.8316105965730871
1.8117577260630553
1.751625588709885
1.633459123300636
1.54772661286663
1.4968107214942665
1.347592913242189
1.2033304047651503
1.1491087494085945
1.2484923934930146
1.4537472211697835
1.816274785938309
2.1901441348515496
2.437034803902214
2.705218118063919
2.9800976459414805
3.240032282557724
3.456943086228804
3.599938522174079
3.6430242850425985
3.5746501014430443
3.403243287080746
3.1543941676064473
2.861910629909104
2.5585981323308116
2.2704821116355896
2.014868998164374
1.8010587300599474
1.6323172795485146
1.5080470339194636
1.425545438989651
1.3839757093512943
1.3705069131016272
1.3761421686378288
1.3964349716647517
1.4307759289882203
1.4777416522768148
1.5393174139947357
1.611173215521267
1.6781035256294108
1.7327651968033477
1.7717101671199904
1.7979060350477878
1.8219589974174872
1.8564863604474426
1.901303794091708
1.942146662046499
1.9653736736790186
1.9653144251441643
1.9441316358339833
1.9093229112242824
1.8702212654893806
1.8342690021209427
1.8043884141356192
1.7788433066608733
1.753424404430944
1.6954745598961345
1.58792581818156
1.5076197051551725
1.4612471006531802
1.345257362677124
1.2207765959696417
1.1992604201405137
1.2730249448028725
1.4356436214792292
1.7388572991569906
2.057430134890575
2.272026116242945
2.511069609668774
2.7643417824475867
3.0135752488184915
3.23197823434106
3.3875271090081163
3.451277847344316
3.4081430312571848
3.263343298906
3.039726817746581
2.768850314672748
2.482117240755426
2.205352448574337
1.9569217216742154
1.748155673618409
1.5846530026623185
1.4676585221175051
1.3954701287080953
1.3660757640379428
1.365746209785969
1.3859390833991576
1.4218205474117454
1.4739941906353116
1.5409824050096883
1.6265413258034196
1.7268083935859495
1.824423715375937
1.9124812007875365
1.9864224817196379
2.0439291069945327
2.083891830903708
2.1051821517490903
2.106275131638278
2.086181377260362
2.0460184039052756
1.9900174423206936
1.9252344725648363
1.8600298319185617
1.8018292188006968
1.754916326570092
1.719354616798966
1.6917914135621863
1.6674560004838976
1.6180097973439276
1.5247018318499472
1.442598628470617
1.3939993305758207
1.3389262067191823
1.2147213057756403
1.2198409535837293
1.2667600164171642
1.3766865650137672
1.5860725861283334
1.8038895129980084
1.9505887497187084
2.114480143945811
2.288328675154037
2.4583490493527833
2.60416375043088
2.7027966169344753
2.7365963319881037
2.6999018065221736
2.5995225949449523
2.4505459524703754
2.2714190086643686
2.0802473268866266
1.892640439168092
1.7208863947693465
1.5739941350019149
1.4579985071565889
1.376168293340483
1.329303513125489
1.316138835850659
1.326079577709308
1.3530841896277672
1.3931432737562295
1.4476612549347925
1.5154034282803186
1.600538436739484
1.6999163435813491
1.7971404014838916
1.885009521565772
1.9566529743117145
2.00574895840397
2.027332178052585
2.0191193655093413
1.982636902240723
1.923387643033426
1.8499085753581792
1.7722425925639191
1.7004057108572423
1.6426141259117086
1.6025493123315722
1.57778845280149
1.5625983826465564
1.5516237903553116
1.5409493071093676
1.5138857961819956
1.450121954117265
1.3816523812194044
1.3374820465906685
1.3149835869872146
1.1860229100662816
1.207446538737025
1.228415327312396
1.2765709523146962
1.3619453668406512
1.4503450290859936
1.5123861413415107
1.5835227347424798
1.6575928527462789
1.7211356000477662
1.7612123136800175
1.7736963729340256
1.75996642740936
1.7239899021609293
1.6712683008279774
1.6077964539639158
1.5391652978553823
1.470110923253824
1.4045184788658018
1.3456843350355656
1.2965886269317892
1.2599861450070966
1.2382432901352025
1.232999271384049
1.2428865952235275
1.2629532122957514
1.2913177173009385
1.325701479897585
1.367741808398445
1.4163224524925415
1.4739771872245182
1.5379179828913412
1.5974105819665063
1.6480258457763497
1.6854073063052888
1.7056537535563234
1.706164218348307
1.6865858688717628
1.6492643119998867
1.5988311442663525
1.5410723580576142
1.481595074240023
1.4248202280341071
1.3735644553982205
1.380181338519197
1.383172176127377
1.3837169090756727
1.3826779102948377
1.380338006450543
1.3716341250801076
1.344944367299144
1.3097461480404633
1.2881805185514557
1.2927886228089587
1.2802850605217746
1.4012884976805078
1.5208629966777716
1.6431876269693395
1.6866006260556572
1.6280675725475677
1.5703705254012725
1.503734965185446
1.4372838257534302
1.37964333369437
1.3375739485534845
1.3152573972911676
1.3141230230461276
1.3329425180000443
1.3680249597480403
1.339669849133937
1.3217029179354196
1.3187383092071419
1.3337871596536828
1.3682149272171857
1.421841611969794
1.4930667435670404
1.579013788453281
1.6757553003444088
1.7682408223989672
1.851789402781515
1.9307149409984061
2.003337559702834
2.0745786872295597
2.1421704315487538
2.208077213579989
2.2664967522700827
2.307314100691131
2.3290873970761976
2.330905986596874
2.3120041247056045
2.271515034983674
2.2089112679881207
2.1251722095503287
2.023951451472003
1.9117826021499569
1.7969614889710022
1.6876318270249369
1.5900199495529943
1.5075109322165672
1.4407315801573657
1.38843087115487
1.3487706519805183
1.3205039291152307
1.2985443073124634
1.3451803240542384
1.4858337852661825
1.7115579282640008
1.9323723674004651
1.1860487237280861
1.2326583082896727
1.2899038697126761
1.3569594614504004
1.3931526111710166
1.3743737836302345
1.3505307558843964
1.3218414806516026
1.2934271516613711
1.2703843448789016
1.25671976646006
1.254465624384485
1.2630850880515445
1.2794099158381342
1.298867866776415
1.3187044273949615
1.3409514263511484
1.3710714719385704
1.4140466209073872
1.4721670131152869
1.5447487930100618
1.62857544584304
1.718606655161806
1.808938065162409
1.8858436796427356
1.9480680062428872
2.001104320720192
2.045630482597419
2.0862081949468445
2.1229713087423536
2.158544087859777
2.191282834897236
2.2162649625510413
2.2327470193548438
2.2406284794568094
2.239791425931256
2.2285681260617434
2.2031882633811315
2.159358582678116
2.095136721712661
2.0130873873649047
1.9202600652901702
1.826057396062557
1.7392867460009929
1.6658266476932284
1.607673586489107
1.5635324301353095
1.5308739291831397
1.5085502434941593
1.4994598684397584
1.5771017715687141
1.7375289200635606
1.9309607394573591
2.0926455098247683
1.138947162564414
1.090776347842729
1.0948051710487074
1.1433296906015613
1.1982918551057957
1.2146974263769832
1.2152675793797478
1.2123040469368973
1.2087067954556483
1.2075490102978286
1.2114923771125257
1.2223174746846048
1.2406619325191728
1.2660638456009563
1.2973920692596195
1.3336136452618272
1.3745510218172965
1.4210660799061456
1.4744140300400337
1.5351860131959545
1.6025267466997155
1.673982660927513
1.7459350343163524
1.8144081116135207
1.8702599763665133
1.914126242393622
1.951123141576486
1.9828779540991293
2.0139714914077236
2.045885971530224
2.0816810790191203
2.1185024674267265
2.1468580436928413
2.162698925392816
2.166201688586511
2.161455687189828
2.1530014212228497
2.1417077593074425
2.123771261656984
2.093672498873854
2.048308074247315
1.989360127351251
1.9228822420522458
1.8568686637809695
1.7984051161544594
1.7517389332252347
1.7178242450046242
1.6953777255011735
1.6829747019842485
1.6864410712652984
1.7491973137145886
1.8309311646651645
1.8914455048172978
2.002634690957864
1.1347635707960266
1.0243877858918922
0.9748133611325552
1.001941050501932
1.0825840781199367
1.1416304023727863
1.1693776961036517
1.1935336494160556
1.2151255607874782
1.2358447706661717
1.2575232662825724
1.2816554555158408
1.3090483818791132
1.3396667034355554
1.3727361686069428
1.4071292012666217
1.4419361540774986
1.4769600370435556
1.5128166998861545
1.5505387446750742
1.59095605399213
1.6342710333333388
1.6800214610161945
1.7273457777507935
1.770592177269743
1.8093499931420869
1.8470327396087602
1.884084604536804
1.924270032213968
1.967342395257263
2.0148102627341684
2.0609388092832446
2.0933587494011467
2.107165713308491
2.1024455078690663
2.0856931434241335
2.067752058144423
2.057836300096459
2.057732539801941
2.061819713851669
2.062138002408564
2.0533867053794927
2.035102902482201
2.011029321788094
1.9867979306728158
1.9673218345847114
1.9550124764466754
1.9494852393016764
1.9486931659010467
1.9519733990789985
1.941609712402596
1.8755536026045247
1.7756504824567896
1.82198610751482
1.158312114376775
1.0280687133929987
0.9430833336519732
0.9521919068386112
1.0507962404251163
1.1458353403416504
1.1971143358178866
1.2439223441882006
1.284714057836704
1.3195373144344185
1.349593492824344
1.3764382403097535
1.401234118772809
1.4243714905181648
1.4455425492402099
1.4641725959769571
1.4800058635728432
1.4935829419379345
1.5063689861292038
1.5204523696497165
1.5379833570706507
1.5606650932326702
1.5894995971955954
1.624774236054238
1.6617955435772718
1.698516322395059
1.736676966803609
1.7754380030155186
1.8175436658858846
1.8617650697680175
1.9090430273933732
1.9535691793544498
1.983797269510503
1.9953468723401577
1.9882586489814933
1.9691016523645035
1.9503355334375223
1.9450011020669646
1.9590371772571988
1.9887390905519837
2.025272369604476
2.060340346376167
2.089394086970417
2.1122531699878997
2.1317252076247097
2.151074152100094
2.1715547012890877
2.1913433173925734
2.20638871046304
2.2072171219916634
2.1182097335129195
1.9361827044419662
1.7430754638101589
1.7233233069322735
1.1785716015334953
1.0454561667666988
0.9441991173786685
0.9438051546613055
1.0514361389239235
1.1675637562486836
1.233464665848039
1.2943155356825908
1.3460152980551015
1.3867944933621092
1.4174163167956515
1.440186246628469
1.4574557621570525
1.4706546282185984
1.480229830735839
1.4861953661669889
1.488831976409838
1.4891837060345672
1.4891621762985434
1.4912541642693908
1.4980011905521387
1.5114955888757868
1.5330607858232945
1.5631329276563874
1.597136102279601
1.6322065704912743
1.6692836818366938
1.707019913658391
1.7476463491583942
1.7896115291918469
1.8334915017003848
1.8736398045985325
1.899676575767156
1.9080549772422968
1.8993311213740014
1.8802469937715347
1.8635183299860432
1.862936578740556
1.8853953619011847
1.9279692653439795
1.9822878032508522
2.0398524985313973
2.09508366876299
2.146258631269579
2.19460065814955
2.2419088361102744
2.28786654781828
2.3287393990587533
2.3583583348413244
2.3636042017309693
2.23260526125432
1.9919440168238423
1.755288280168723
1.6925601222036797
1.1965954448051814
1.0654511415983003
0.9554618005469224
0.9489080127823173
1.063105371610572
1.1957645591544395
1.273783182532379
1.3465873196584628
1.4072751321504025
1.451564220064527
1.479445586387169
1.4946087141126427
1.5016461449874745
1.5036687162615188
1.5019485024721058
1.4968342071108045
1.4887987627925778
1.4790756587674767
1.469770475745646
1.4635492987927683
1.463114196212016
1.4706877451611442
1.487650821378149
1.5143674776455804
1.5462147901902972
1.5797873335024415
1.615492364937468
1.6516763307794966
1.6901549381617964
1.7291234040318983
1.768713461759159
1.8033546184341236
1.823961409828843
1.8280861977795562
1.8172693423015138
1.798879597483626
1.7858304420579862
1.7915102068246223
1.8220262170279586
1.8743886385426283
1.9410271786117275
2.0141564430569816
2.088217954880405
2.1608536696972185
2.2322888456093035
2.3031120324433796
2.37149132044166
2.4318033280650955
2.475838763239707
2.489501254377933
2.3319630272291803
2.051071115334869
1.781126127528515
1.6815607028499653
1.2134451498122865
1.088557571123796
0.9766288662518651
0.9667281060476528
1.0861310476690402
1.232169392180752
1.3204977576486687
1.4039660206159386
1.4729307574677177
1.5196273967973597
1.5419759341722408
1.5456421804430653
1.5394083761752466
1.5289527134206014
1.5160965062287763
1.5009619088244968
1.483776813180108
1.4657091296723668
1.4489356045968447
1.4362368533892695
1.4304017904229867
1.433668968721648
1.4473359887258306
1.471573169229463
1.5016455608395365
1.5337712868544904
1.5679728448960282
1.602379839989776
1.6384009235405055
1.673932546505628
1.7084880888012106
1.736371215152972
1.7499155781173465
1.748164139061225
1.7344015781296964
1.7175825738601238
1.7110982007504867
1.726361646026377
1.7666295911597085
1.828301462618842
1.9050461446862375
1.9904165491115597
2.0794641149065702
2.1696413649471884
2.2604137376958024
2.3512600425075862
2.438980425748508
2.516380769659454
2.573649374627098
2.5977962736676092
2.425978453413379
2.117738413614004
1.8184006722619834
1.6834513152784856
1.2294264154993326
1.115783284009299
1.0094364232873798
0.9995894586584158
1.1225033640959798
1.276965709673041
1.3719539153477176
1.4626662653518232
1.5379032146185976
1.5866742757909051
1.6019556566778752
1.5904527782337936
1.5690279848974653
1.5465486599732188
1.5241166593926447
1.5008020617652935
1.4762749924507128
1.4515704658548758
1.4289505683081238
1.4113210707296773
1.4015228039563428
1.401722842630529
1.4130247380453664
1.4353324588233618
1.4638263382452001
1.4945380159355797
1.5272516817853112
1.5599602917910893
1.5936959635073629
1.6260022046477567
1.6555944241790927
1.6762358336556171
1.681373984884932
1.6717839137901305
1.6538098153520178
1.6402430883301815
1.6448028043200293
1.6733249710024876
1.7247619182262373
1.7955599618758165
1.8811363602801834
1.9766127984553665
2.077803138289602
2.1820038376495643
2.2877841488453834
2.393374921452184
2.4944196107354175
2.5829217184227855
2.6486233548731417
2.6809580243479005
2.5074792355260995
2.1872183392420186
1.8641397914951308
1.696192275194238
1.2465725993683787
1.1503206333216534
1.0566466077671015
1.0504753061404402
1.174836993523697
1.3312503066519659
1.4275037884112929
1.5193876038923073
1.5958084222135782
1.6458863574417557
1.656100433004572
1.6256199689632052
1.5897648821743708
1.5580581461712013
1.5285615941297028
1.4990007715832223
1.4686665143973474
1.438654388362968
1.411420828120401
1.3900126506102852
1.3772647542818464
1.3751737886977577
1.384556962931669
1.405032871506305
1.431822920500213
1.4609661735682078
1.492133124121314
1.5232792927295356
1.555166289785381
1.5850636668417284
1.610937718885907
1.6256122576249943
1.6224316839150048
1.6026350229006132
1.577484472248878
1.5717290934802048
1.592698435022124
1.6351191210619949
1.6968306249133993
1.7759593549879544
1.869679850123922
1.9744135486389132
2.0865056895886234
2.2027818450702266
2.3204085514734327
2.43584479154703
2.543495282652927
2.6353139251538287
2.7021160712221586
2.7357691189743205
2.5702149347264966
2.2531558353959316
1.914008120941042
1.7162957592654482
1.2668636320760343
1.1957148025442736
1.1211692695322923
1.122356312775537
1.245775115753565
1.3968152578320951
1.4880445912648408
1.5733602545561514
1.6422649243003908
1.686236380287746
1.7010213765255078
1.6463789796351587
1.6032004042534709
1.566623953966968
1.5324236118536203
1.4979962357125371
1.462833268288944
1.4283772123175866
1.3973706239542771
1.3729681924956727
1.3578999679416348
1.3538804270176124
1.3613695020574326
1.3797191056710583
1.404357521166803
1.4314876994397139
1.4607443140971599
1.490159226060797
1.5203756592126423
1.5486563859441265
1.5727199830202632
1.5849992479695458
1.5781818737534479
1.55123049195176
1.5067867417266365
1.525690697750812
1.5593690247313432
1.6099898808616417
1.6783410443515288
1.7638437742888984
1.864691776000977
1.9781175991790312
2.1006875493191615
2.2284135457084666
2.356517273479154
2.4789956478219786
2.588521379727516
2.6771930478203014
2.738028826178387
2.764067573683086
2.6106105498821255
2.3083917731067536
1.9617468959108997
1.7384216569343898
1.2908545000575642
1.2538961609537669
1.204808761990237
1.217168868605634
1.3370938731112936
1.4754452326153298
1.5556989914322326
1.6273571353404086
1.680456700622925
1.7066260759967962
1.697150778090531
1.6564508117464416
1.6145640093863205
1.5760774505832953
1.5383846585646985
1.499688963918067
1.4601487819137342
1.4217315599260565
1.3874767978046743
1.360565091053802
1.3435058330310952
1.3376279632596733
1.3429813795420444
1.35866774898955
1.3804693051558978
1.404867224276924
1.431491761704915
1.458551849475959
1.486675524060856
1.513405198535745
1.5367988272795965
1.5500933438484734
1.5468528457624033
1.5283031626232046
1.507656707274788
1.5116697010517723
1.541956983490004
1.592993914259451
1.663449185869393
1.7524011619692612
1.8583680990297846
1.9790758722904505
2.1111779242169613
2.249761526946459
2.3878646839483486
2.516582798183457
2.626299446124999
2.7088806295427985
2.7597428958212133
2.7711645899838713
2.628360089844661
2.3462369813177792
1.9997687259749393
1.7558322329008347
1.3173732418452988
1.3239383967166864
1.306881385925951
1.3344799829471223
1.4485600525982532
1.5678323108273011
1.6325235721278855
1.6858917821219577
1.7193954177945097
1.726857820928348
1.7069697039816392
1.6698780632282213
1.6295878701000321
1.5894844698479176
1.5483431932163993
1.5053896502244097
1.4615805966794575
1.4194295524194602
1.3822125081966217
1.3530365799346065
1.3340889626179553
1.3262315759557797
1.3290550787819662
1.3413984245641637
1.359518197633234
1.3802682443748682
1.4032757865261936
1.4270043080899444
1.4520869208546006
1.4765295982076894
1.4990260386743408
1.514258289438223
1.517044984419402
1.5094194141140356
1.5005909044812131
1.5048923554702378
1.5306698403914312
1.5786368461786144
1.6478076381182154
1.7371609610545282
1.8455012646769318
1.9710400782706277
2.110597446129828
2.2584780656252024
2.4056739131880027
2.540410284517118
2.650587933739388
2.7273893048252136
2.768095271121676
2.7625788120676162
2.625356921222717
2.3617746036814697
2.0208847911413597
1.761891836644118
1.343881964883962
1.4015965158347825
1.4229984011519505
1.4700639683400711
1.5767460058500724
1.6724336996978866
1.7189178251844346
1.752142987605546
1.7659871653131112
1.7577195981790958
1.7302711096971908
1.692311395631351
1.651170061515114
1.6084089315569148
1.5632936721645685
1.5158482318448603
1.467738594106363
1.4219401353549284
1.381873951097856
1.3504909073806464
1.3295911052486855
1.3195135625997036
1.3193299114952648
1.3275687589873348
1.3410704914364873
1.3571565057431045
1.375438354462844
1.3946907513821718
1.4155082512727981
1.4364435455231392
1.456858840806755
1.473024975986144
1.4808591422575434
1.4819821822279136
1.4824157572461674
1.4913377065713993
1.5166531932158551
1.5621891887110695
1.6288926108089492
1.7166172092640974
1.8248559595539442
1.9525088065051124
2.09674773932364
2.2513540641293233
2.4056499589760607
2.5454294108521642
2.6564111211197967
2.72898765324631
2.7616503551792024
2.741203118306773
2.6038235382619046
2.3527967925801527
2.0204969432313855
1.7521977955686274
1.3671916593021662
1.479658882072409
1.544528365449325
1.6149810400584266
1.7142660843451687
1.7847106591590531
1.8125280833379467
1.8260826423868577
1.82192488806735
1.8001554227720606
1.7652222206698416
1.7237053256518542
1.6795376239563602
1.6329717298845468
1.5833661874269056
1.5312646351324621
1.4788606287811237
1.4294624876830713
1.3865525405378283
1.3528854309788632
1.3298627121136402
1.3172758246574532
1.3135976136354994
1.3169598870579562
1.3248994070961768
1.3353149974167098
1.3477885335301418
1.3614446404224108
1.376760438004082
1.3928485863527458
1.4096297720789608
1.4249161550178617
1.4357563750706155
1.4433048026977202
1.4515121907594382
1.4665219598469847
1.4945802071511234
1.5400685547676842
1.6052290361229806
1.691042338355872
1.7979768078139202
1.9258011948352944
2.07217562283695
2.23057440166399
2.3890792727686465
2.5317076870783732
2.6426675619689255
2.7118790298964934
2.7386821857650268
2.7070357788797916
2.5653628624271034
2.320249144796523
1.9982309516482417
1.7263901785843174
1.3843537711824758
1.549258698094754
1.6594052186218746
1.7560278024698854
1.8500795676503397
1.8971738774153686
1.9080678770200854
1.904270443951631
1.8846243934762326
1.8510698475851768
1.8084163981450767
1.7617426148253859
1.7131898045277516
1.6621712159198951
1.6079538015234103
1.5513333421971904
1.4948179528048602
1.441915713649851
1.3961188416096613
1.3600047783088118
1.334635571332014
1.3192800977120234
1.311703804182954
1.3094940056494508
1.3110132662683582
1.3148801888522603
1.32064075178556
1.3277893740509843
1.3365968316918073
1.346704086968665
1.3584226703908628
1.3709737884802755
1.3826484336111062
1.394348009405552
1.4087263590946906
1.4299377698774198
1.4625697432894909
1.5104299375119485
1.576082109954487
1.661229197192748
1.7672017733336418
1.894583572552079
2.0414789787055567
2.2011276371688058
2.3607261783258546
2.503201079531875
2.6120751307719834
2.6773876491584527
2.6993200044515677
2.6595418079056605
2.511791512052593
2.2681949584443393
1.9581659671870877
1.6886448159432683
1.3934979990058955
1.6020102210095502
1.7545992005561644
1.878138469451017
1.9712730591079926
2.0004478125371676
1.998104781419657
1.9807342537140322
1.948829872337438
1.9054124167301794
1.855363017823786
1.8030092157697095
1.7496979708241691
1.6943460686038883
1.6359898355995355
1.5754133299351598
1.515222089839767
1.4590082312592643
1.4102641275975931
1.3714712788357215
1.3434988487036543
1.3252133355062106
1.3135242013998198
1.3051851317066896
1.299578495361231
1.29625237333977
1.2947142329815138
1.294819445319918
1.2965508546386433
1.3000171950564245
1.3057506163329258
1.3141943697407055
1.3249203618389003
1.338762646609995
1.3576012689763215
1.384283642874708
1.4220557713468984
1.4738414349013966
1.541924868304695
1.62820800359821
1.734506936702021
1.8619185441145378
2.0087469530547564
2.1679181805019847
2.325982240453794
2.465364472864738
2.569675868636113
2.6297128345348
2.6466898212748187
2.600487822519365
2.44673406022717
2.2032050044319504
1.9074960618628465
1.6464955149202538
1.3943343611388588
1.6322849365009038
1.8196222290702158
1.968251355406159
2.065976864969577
2.0851422937241026
2.0745777463298642
2.0484432495475287
2.008226153927829
1.9575375822878458
1.9013719337827877
1.8439584975414351
1.7865490085254019
1.727810452288071
1.6664076675957615
1.6028560757751487
1.5396583435972848
1.4804038329049996
1.4286116176352266
1.386794245499043
1.3558635534259567
1.3345992975045518
1.3188914455105814
1.3039458379905475
1.290648376154111
1.2798059895412883
1.2708300189949737
1.2638701938803902
1.2585541865573628
1.2553767217344842
1.2549512837174086
1.258718448053293
1.2674314127569266
1.2819420721286832
1.303685026654233
1.3346781541131472
1.3772016543885337
1.433365972634132
1.504966459075229
1.5937631962789365
1.7016807073745415
1.8299460251889175
1.9767330738025566
2.134505574322231
2.289313176905499
2.423516481654957
2.521393558307775
2.574981090234219
2.586704599727575
2.5350278976944733
2.376175016499657
2.1330605522355826
1.8542091091733703
1.6085097012472507
1.3881139018349975
1.6386421509259674
1.8495310852158149
2.018970252794902
2.126268813399396
2.1439298997502547
2.1306139182383155
2.1010253593011416
2.0570580717307823
2.002546579402547
1.9426451855153095
1.8819262509682688
1.822039960084888
1.7615825647958143
1.698704154539808
1.633423519480671
1.5679855866756882
1.505931163152113
1.4508554109601959
1.4054307892359374
1.370864842878789
1.3464895009869275
1.327484809638859
1.3050895897741177
1.2836450660021788
1.2654404129345214
1.2494836765099018
1.2360651393241222
1.2244163445297183
1.215322116328701
1.2093870468591175
1.2088041737687323
1.2152749540688543
1.2296676113784277
1.2531557915354752
1.287255081760668
1.3336180347251174
1.393751612210597
1.4689896081637244
1.5608214598686063
1.671039737668379
1.8006996209110029
1.9475762984636806
2.103561558815409
2.2543186187831266
2.3824351876719456
2.473193266590759
2.520091691281896
2.526775317563069
2.470537509084033
2.307243681912452
2.064990699484142
1.804727019713927
1.5817180803495243
1.3770556183472655
1.623767238100546
1.8459317838687255
2.030199044939868
2.1498476936627617
2.1731922810034203
2.1621975263153836
2.134421289468385
2.091646014098017
2.0375454956502375
1.9773074970751496
1.9160176867813894
1.8560399934824885
1.7960156289175058
1.7334284932890878
1.6676334730473346
1.6005545506717227
1.5357043201801792
1.4768179263408527
1.4267992408788037
1.3872019214654507
1.358180624760274
1.3387220428843947
1.3056835422717614
1.276681888701704
1.2522110053784206
1.2305307106954557
1.2119593431106264
1.1953758195378898
1.18176643340681
1.171696050914439
1.1678662142175877
1.1726084507427745
1.1867650476059328
1.2113462223382692
1.247585586589762
1.2967788550168091
1.3600593270093846
1.4384265928659579
1.533105681840283
1.6456515285376914
1.7767743674565848
1.9237078446949587
2.077759581830961
2.2243407874967343
2.3464654689794657
2.430553718874155
2.4715317734747053
2.4740537162229805
2.4142627229136155
2.246079557854225
2.0041029248829774
1.76235711903735
1.5692868127522837
1.3635299691320795
1.5930620498469972
1.815612537548588
2.008143076490775
2.140037451028666
2.173872947902473
2.169336134440793
2.14816118210361
2.111558378849952
2.062581952308676
2.0061050658818056
1.947630003943552
1.8904025533060387
1.833120009017197
1.772381801939132
1.7068199495396723
1.6381481537264406
1.5699848511312449
1.50629643201556
1.4502281975961324
1.4034784413987211
1.365933538981255
1.3341299685210626
1.2999011815139134
1.2670632404447038
1.2387023828999855
1.2133662101312337
1.1915493091628484
1.1719526064590569
1.155701508962498
1.1433460413265486
1.137873663173721
1.1419055219663763
1.156218907348472
1.1817208994551822
1.2195157506226444
1.2707462178632332
1.3363697483768398
1.4171957005223714
1.5142453785047099
1.628805237380436
1.76115639678814
1.907947069948667
2.0599749208498914
2.2025736687295385
2.319348287860865
2.397872492127271
2.434288156812036
2.43387106414576
2.371240902342015
2.1962364853325234
1.9527603165308716
1.727126269406871
1.5681185889380553
1.349463752483778
1.5526976866304363
1.7677330319235882
1.9625923862407313
2.10453070200986
2.151406096606678
2.1564091982487996
2.145896023197368
2.1201109194774626
2.0809829793329255
2.032548497151138
1.980436402792154
1.928892892264032
1.8764302297826778
1.8183329319879833
1.7527164374859128
1.6815126200821422
1.608741436895506
1.5387441932229515
1.474953379940246
1.419223112323743
1.3714983064484076
1.3295680208488638
1.289880295721799
1.2547121476232337
1.2246140193586768
1.1977857839681727
1.174770471196146
1.154215614133938
1.1373099221333007
1.1246305195773747
1.1192597253525391
1.1238003332798843
1.1389525248392467
1.165573297295283
1.2047472926542409
1.2576060526850077
1.3250741720483592
1.4078870191812098
1.5069226670716378
1.6231840341933044
1.756465871846709
1.9028262211862617
2.0526717448977405
2.1914705963245535
2.3035957390481427
2.3777587677307443
2.4110279120134783
2.4088147283919477
2.343406967265771
2.158549928413242
1.911227821049067
1.6971798173701313
1.5665617209036744
1.3362359505522134
1.5080993816432855
1.7110509585573783
1.9039821168998652
2.05351434040947
2.1146934615137276
2.1314632215018254
2.1348797769592567
2.1239202071708045
2.0989005713116455
2.062390176672438
2.0197664630598045
1.976650011879932
1.9303276729943404
1.874084708716376
1.8065326101171442
1.7306460587249282
1.6512248215379632
1.5731412254417598
1.5002167883792439
1.4346627478358758
1.3769684886957951
1.3261415952942088
1.2804391252415996
1.2426383324139074
1.211661913128182
1.1847515068696968
1.162111772536249
1.1422864779010922
1.1264029093032628
1.1150764057764069
1.111328751104291
1.11750768709964
1.1342539778563976
1.1624277239679597
1.2031639105038492
1.2576562804322726
1.3268702141072835
1.411535338707956
1.5124205995520825
1.6302116579055914
1.7641435120013416
1.9096731909944633
2.0569493323020525
2.191826228474758
2.2996771300004113
2.3703792957902716
2.4016452379684514
2.3985126832935992
2.329945518929785
2.132278226095379
1.8791074109982877
1.6710961154630166
1.5496156805460712
1.324887112554719
1.463450306909782
1.65237223229066
1.8412776047953843
1.9975990255135
2.074311285786748
2.1045675807442517
2.1244804042368233
2.131588918509926
2.1241941099481734
2.1026383771085815
2.071453963066257
2.0394755005566
1.9985230289605844
1.9408817243107552
1.8679582503528231
1.7844264933781575
1.6960416842297574
1.608268566736991
1.5253674203088352
1.4499826918206276
1.383169224238601
1.324733544209022
1.2738010487440188
1.2336463504647772
1.202223439875789
1.1759644413198715
1.1546214750690973
1.1365929115461937
1.1228409718404142
1.1140090537891385
1.1129554091617628
1.121629612368608
1.1406491016906841
1.170916280194833
1.2136304061335632
1.2700415787735142
1.3411615013173417
1.427743404571367
1.5304596655824512
1.6496189549188056
1.7837878500480833
1.9277837218000176
2.0716377167078144
2.201904062827295
2.305293436170502
2.3729830778209493
2.4031142181090104
2.399863384263575
2.3282028044161946
2.1163721515233673
1.8564551667891858
1.6494961515255675
1.51651117332412
1.3162917903811098
1.422023008477869
1.596531978231959
1.7810421193266814
1.9457424960328793
2.040314588627334
2.0857074957321338
2.1242049221594637
2.1519546054211527
2.165164916854338
2.161465502341652
2.1403522883014103
2.1226586573447688
2.0810029523603073
2.017018280547244
1.934991059184595
1.8409989596715233
1.7416837888298047
1.6430973623608922
1.5499289077584255
1.4652075028575144
1.3904022931764768
1.3257757805363364
1.2708575123699515
1.2291371180921733
1.1978091283812882
1.1727085128802834
1.153186405894661
1.1375365182836004
1.126526255731307
1.1208380887355855
1.1231313148125934
1.1348934983073038
1.1567398626530072
1.1896018763771465
1.2346812717841065
1.293216629821419
1.3662536599358592
1.4546161052799926
1.5589047183964515
1.678967645725085
1.8125422688159312
1.9537264883415533
2.09259174985644
2.2168056097888655
2.3149109936283847
2.379673594752533
2.4095401681970543
2.4073589502808947
2.3342763887235574
2.1097711150601937
1.8437455166502095
1.634708127759426
1.4802994547228987
1.3111371318328235
1.3865844528980578
1.5471362345822683
1.7275590499038784
1.9033939736024725
2.019382091988471
2.081765829013646
2.140467257320498
2.1904060551069873
2.2261682212988654
2.2439373775749507
2.242580635485981
2.2201889724229806
2.1718961223376736
2.0983669417005593
2.0048180253251187
1.8984899643682687
1.7869672450909302
1.676958289554945
1.5735945568491803
1.480225860456647
1.3985803608466036
1.3291284769783691
1.2715181082568092
1.2291688242978365
1.1985665379176929
1.17509449833912
1.1577691320143058
1.1448526144732343
1.1369389224784145
1.1347953245709537
1.1408968486322055
1.1562173213521267
1.1813118889916567
1.2170220202866258
1.2644143403887276
1.3246531728407693
1.3988962104973761
1.4882010745778742
1.5931774102434868
1.7130876714243901
1.8445896870378022
1.980925319240246
2.1123973554867277
2.228336195414346
2.3198087339284257
2.381630697365041
2.4125031860009165
2.4134421682370295
2.343024812922372
2.110696402432838
1.8408810125366357
1.629024275187188
1.4532086328847875
1.3097593771278255
1.359375251082746
1.5070080101009764
1.683470431349264
1.8718226436573402
2.0112778385267567
2.0912161994089224
2.169579500560751
2.2399537646392047
2.295401900025128
2.329927400335499
2.338585955306607
2.3171071402974674
2.263455021693405
2.1803536522302953
2.074695150382423
1.9553081928767837
1.831024691392242
1.7094001319913683
1.5960878600327557
1.4947379662041078
1.4072325175638285
1.334083784719507
1.2748721440850166
1.2327205402072998
1.2034139150433216
1.1819804541482077
1.1671519865519475
1.1572312401393672
1.152680299898199
1.1544168123556133
1.1647541737248965
1.1840379906176743
1.2125738823264365
1.250864974905078
1.29965424931045
1.3600458739811851
1.433588113165694
1.5219631746804574
1.6259591584199016
1.7440281806202156
1.8713448570186122
2.0000881141183875
2.1210324411467294
2.225875026740622
2.309109301251355
2.368221266102093
2.402110131220447
2.4093129055812628
2.3480804554375965
2.1158240083572823
1.846149230809862
1.6330391729312848
1.4419422244797453
1.311953556530839
1.341755309466319
1.478022565040057
1.6502272905384587
1.8496208637441696
2.0101092715734623
2.1051210154393076
2.199759150467918
2.2866720221758507
2.3579101592725746
2.4059402651635895
2.4238511750337564
2.405897690063685
2.3497237584404256
2.258854483621242
2.1419458740784694
2.009805288978829
1.8728749416495032
1.7398058430803358
1.6169028513210648
1.5081448417049164
1.4155200949157123
1.3394875884660162
1.2794496162942646
1.2380836711287961
1.210477977927495
1.1913705710029965
1.1792451002629278
1.172502568141529
1.1715149898712776
1.1774077391210733
1.1923223684925395
1.2157813089660674
1.2475397579279
1.2874273486710421
1.3356499098771903
1.3933397412794633
1.4629527605115955
1.5475296107131786
1.6483315958696199
1.7625622294348773
1.8832652259357299
2.0012765005149715
2.1081380294409877
2.1987649262439497
2.27221199574458
2.329404078234387
2.369215636958025
2.3867357268101417
2.3426389863650385
2.1201947978118025
1.8558822386827236
1.6449688989559812
1.4481878795827663
1.3168552156514852
1.333827606145884
1.4606616208310217
1.628029640638879
1.8347081887442789
2.0104385916630703
2.1163618341983508
2.2230543238424554
2.322805755582882
2.4070641329212394
2.467125700580713
2.4944774087884176
2.4818288147748984
2.4257358833933416
2.3295765617885746
2.2032530537754855
2.0595736691224436
1.9108178286847628
1.7669415809948217
1.6350333491653708
1.519456911254564
1.4223063776978173
1.3439544851780112
1.2835828202988724
1.2433568117379072
1.21768883363653
1.2010733585961775
1.1917717966772368
1.188320750541589
1.1910275038423512
1.2012474695532669
1.2208872426722115
1.2484201558875656
1.2827404591030236
1.322685023075381
1.36770133824627
1.418982938287258
1.4805016971326208
1.557855089659358
1.65331671526236
1.76199966708346
1.8738211867425831
1.9779498795488233
2.067006968539638
2.140082748668777
2.202342411596407
2.2592083857330048
2.3087316970288083
2.3408690646960126
2.321214622002421
2.1181160775506775
1.8650322824345773
1.6610002048826382
1.46971964066067
1.323965129151732
1.3349598211232805
1.4533081575140057
1.6141097864306106
1.8233143881986578
2.0083016726788143
2.1214230615628527
2.2368570451609044
2.347008170827383
2.442981846490768
2.5149944515463716
2.5528710542403767
2.5475344740513655
2.4940370540084826
2.394985577939858
2.260936729404806
2.1065824683999876
1.9462779551067206
1.7915803770305314
1.6505849204624239
1.5281729611958457
1.4266065397919014
1.3461912637796418
1.2858878833706289
1.2472848162609202
1.2240787225580019
1.2105407366943643
1.2046977074012242
1.2052722700205563
1.2124935340102212
1.2279620813511671
1.2531798213853966
1.2851778127309166
1.3216522937371111
1.3601386504466022
1.3990695398674782
1.439488403494488
1.4871975787010752
1.5523547717579582
1.6397629358213253
1.7405367557107334
1.8394970003015971
1.9235707559172415
1.9866025336242266
2.03339945314267
2.080002990959147
2.1402577747920355
2.207134182888203
2.2603029247511457
2.2733571703545965
2.1010730660289445
1.8680801982000033
1.6784660553423536
1.507258849358583
1.330999747191351
1.3495980938009484
1.4574129829183586
1.60358210201572
1.8024557781909387
1.9841003742226626
2.0971513083557403
2.2149399619102206
2.3308577031452096
2.4362039005272935
2.5202158732358724
2.5707785122334528
2.5765684170069814
2.530684880523829
2.4343323470919813
2.2976924041526665
2.1365331052746055
1.967165409615011
1.8030774666146083
1.653818185418727
1.525187014637517
1.4199280839094455
1.3385262134642137
1.2799325737577947
1.2450723987544403
1.2268235362861852
1.219340395021755
1.2203299403525267
1.2289244981114666
1.2451525175101055
1.2709683476542093
1.3069450359181414
1.3475749533463466
1.3891662164766367
1.4282927966954087
1.4632868023043926
1.496036054908772
1.53336641243484
1.5852580578960191
1.6555014502541503
1.7340722639324109
1.80409466264276
1.8510808986014207
1.8671087428362414
1.852105625036725
1.8128901173453436
1.9250919819380288
2.025384522184476
2.1007191455593315
2.1468944769176694
2.0261617730710646
1.8391273201807712
1.6869061823666875
1.5718313787966787
1.3121690997968263
1.348982183015118
1.4381774321980814
1.553811762610625
1.7153726907023727
1.8654527181549303
1.9600227550884604
2.0602494622310803
2.161314875103213
2.2560030525250885
2.3344613576562008
2.385028969060354
2.3967085595849467
2.3628179582019886
2.283961094233495
2.1682115111354863
2.0283629386148703
1.8782849436275526
1.7302693171022752
1.5937775529529452
1.4751923722072262
1.3781382231729655
1.3040687503836783
1.25290517310243
1.2255722200071602
1.2151547436709798
1.2164288856724312
1.2269790536610294
1.2466263035586935
1.2750897817456255
1.3146798510646704
1.3647186178089241
1.4170018568013674
1.4674546781768663
1.5131692612459675
1.5534693652796467
1.5904196475796397
1.6280508158955287
1.669984403063763
1.716462845992513
1.763203705134974
1.8034182576436564
1.8314873004830399
1.8461143814312655
1.852006782296962
1.8592188250070487
1.877027227691574
1.9038517479048402
1.9283244874915166
1.935548757682052
1.8497949682407935
1.7293415626176236
1.6349205761522625
1.5845262630624626
1.2647005446047461
1.2945980774971197
1.3529496034435078
1.42923043342713
1.5399168953280593
1.6437641757977575
1.709084259062034
1.778341207270928
1.8483719987391343
1.9141884293136997
1.9687444831949483
2.0037905635668
2.012080703042175
1.9899640615688239
1.9386067399014495
1.8631578457105917
1.7709110310997835
1.6697298825840428
1.5670975597902315
1.4695738826563027
1.3824590860037853
1.3096346476845002
1.2535939207041584
1.2156078796373881
1.1970814071102092
1.1927374875879506
1.1986645472669732
1.2127649004303407
1.2351897555642006
1.2653748132684517
1.305108153794209
1.3525778311248822
1.3991155781146487
1.440788573802856
1.475140936492845
1.5017413955232743
1.5221520698229134
1.539224061700347
1.5559231162181448
1.574163953781345
1.5942356434910507
1.6151225960380662
1.635416343940092
1.6541196196775276
1.670830065867472
1.6852899313338914
1.6967567010567535
1.7038224776816342
1.7049067103629112
1.688794340999974
1.6335980192987956
1.574399812283214
1.5292905376512165
1.4857412391543667
1.2256072467076373
1.2138328978161
1.2404019767733863
1.2761263154317846
1.3214754611335484
1.3627736354238085
1.3890972010343965
1.4173532972365575
1.4460111708210497
1.4722632397120476
1.492190203741365
1.5021027029693506
1.5002807593162373
1.4874864646779893
1.465999988117316
1.4383088588445394
1.4063488573468952
1.3714619554433516
1.3348051251871937
1.2978229823253626
1.26248196825997
1.2311532733342945
1.206207276655626
1.1894923274943545
1.1822792760264331
1.1821097596280354
1.1870874044891842
1.1959854979304467
1.2088120225411465
1.2249495592513286
1.2448373192082567
1.2667569526036333
1.2860514036395545
1.3008499533532034
1.3103317613658334
1.3148776929046246
1.3159164395951013
1.3155298243721445
1.315967761378739
1.319207569107768
1.3265827141863806
1.3384113657407297
1.3537293516851328
1.3705666958039036
1.3867778935387631
1.400713667825099
1.4113968014470075
1.4184336345266244
1.421890756172335
1.4205836060186563
1.4107295147459664
1.4074452534409991
1.4093193476658414
1.2854961088244514
1.1390845530075036
1.1042989065167859
1.1311229324058458
1.177632421587505
1.1975400829701437
1.1726762558967694
1.1476019050027741
1.1188753013788815
1.0909234736701021
1.0677878991217857
1.0522591140297541
1.0452738308299154
1.0456634113004695
1.0505061051735294
1.056510919969676
1.0622624265052236
1.0696380678461606
1.0828816412949513
1.1064391896722023
1.1434458223069888
1.195203997900957
1.2611244514103466
1.3387667472214304
1.4239352198722552
1.5023466797648706
1.5694285857633632
1.6280862515985675
1.676485322119937
1.7170344564698237
1.7472748848006991
1.766967100828192
1.7745422696042623
1.7738908882732267
1.7732282265101005
1.7787807885242264
1.7919450079539976
1.8087399744301755
1.821886260603086
1.823977092507032
1.8101079069269186
1.7791923678616657
1.7338774604540952
1.6794051614861003
1.6220090723750338
1.567408200273952
1.5197313838093034
1.480992805610829
1.451187405025149
1.4290327882430904
1.403962999220303
1.4028485758889284
1.4525213496532234
1.5474788060100504
1.601690821836477
1.1401820978024264
1.0410295089184771
1.0158255885825618
1.0361056420062007
1.0600815949173703
1.054583847786188
1.043150277036676
1.0285313274282726
1.0140956096032339
1.003320846289806
0.9990292403347
1.002797348943794
1.014634626176637
1.0330585055369328
1.0557777533429427
1.0810475109115916
1.1090916789061378
1.1424035445444458
1.184499366426335
1.2381205413255585
1.3039709952070409
1.3802154738642927
1.4625414359419784
1.5446533900727428
1.6122532543709713
1.6627537586144103
1.6994087864191612
1.721561977802132
1.7298772419969675
1.7220536788824528
1.6945544075517471
1.6460123965632318
1.5896129197564046
1.5447090547169342
1.5355740641116158
1.568596888003735
1.6246505265227298
1.6817547154815253
1.7240220977050893
1.7417747619621227
1.7318180621268358
1.6972381536830594
1.6458370783144871
1.5876821692098235
1.5329397186712015
1.4908704388150131
1.4691463698193674
1.4697046122955524
1.4852671225506062
1.5277574718930527
1.60412257693895
1.6922671229232886
1.7722175936553175
1.7751718720059506
1.2397100570950392
1.090111131332483
1.0174995787069416
1.0134831373353714
1.0351313450983834
1.0395724334834637
1.0359529823753773
1.0296759591462268
1.0232880084955926
1.0197800176265366
1.0219816992950108
1.032011154911474
1.0508337906852747
1.0779948372182948
1.111675698092606
1.149305686225026
1.1888020384323374
1.229886223626757
1.2743017427242314
1.3243922680467652
1.3811119526433597
1.4429019037818185
1.5058196830233206
1.5645315686709111
1.6092878819991463
1.6398855530955925
1.6595645517427076
1.6688200130246225
1.6681962199659117
1.6563324492305853
1.6295944076346538
1.5840349650163004
1.5234638254348758
1.4510836025667557
1.3720034749997068
1.443070705049257
1.518087178961832
1.5890709952114292
1.6466086156305384
1.6823566139499535
1.6917899455821894
1.6758111013595702
1.6402946416362119
1.5938399497394604
1.544958017140452
1.499927680486061
1.4618766955888969
1.5182535146550633
1.5659258916199614
1.6363208348442053
1.715931978507873
1.7569068870815103
1.7508965596273112
1.7390573464383026
1.3688075619408655
1.2034795014030628
1.0850152820816008
1.0526672907390813
1.0714874077999093
1.0883153903638796
1.09451757765301
1.098740185643717
1.1023063427698
1.1071925162802978
1.1156060956368254
1.1294952630830144
1.1500072246336774
1.176973716638398
1.2086133518725575
1.2417476677474104
1.2728409528764502
1.299888263114434
1.3241735328593174
1.3496199086177973
1.3793570741553842
1.4132728004563384
1.4485109832966208
1.4812877115707421
1.5061531578105876
1.5237163799547782
1.5367600139024242
1.5465225631965025
1.5548184550365587
1.5619248884312977
1.5672524529395357
1.5665482663264727
1.5540897224947445
1.5268001468482253
1.4872919586409308
1.4541846053640946
1.472668891730241
1.5278336337312965
1.5890165089072061
1.6422544371793273
1.6790120932350987
1.695845380249697
1.6948266322416043
1.682487745917127
1.6681368999191086
1.6636771269243635
1.682212463371682
1.7209581704681385
1.763144914910051
1.8240584797432307
1.854076888331063
1.7867351095544648
1.6536376186407717
1.661804540172681
1.4310592880080961
1.2929747903769122
1.1544321091396859
1.1036598924125485
1.1216288358165132
1.1495305111872798
1.1643399333911848
1.1775797686113327
1.1892106312058326
1.1998286430852805
1.2104955458567193
1.2224880438964654
1.2368691891175407
1.2539239077865632
1.2727033262195306
1.2909990552294424
1.305962262018132
1.3154193063890556
1.320170970452048
1.3263782674285267
1.3395437077337207
1.358829400655663
1.3806468018464197
1.4012473031973383
1.416509358093298
1.4270245358530687
1.4356672458460273
1.4456555222092917
1.461716891481646
1.4846873159714113
1.5125105663972263
1.5375214443711143
1.5487248289203446
1.5408860285514605
1.512634138218573
1.4673780106719976
1.4128810726663612
1.4731798439471309
1.539700261147922
1.6039483258830174
1.6579552025729478
1.6968151427597278
1.7203451953607225
1.73333120436681
1.7452640429850321
1.770283212041768
1.817917414881628
1.8773497705174147
1.9327410409250163
1.999736001959429
1.9902089844326074
1.843771065968576
1.593256828877901
1.6470233456569998
1.442224002922473
1.3379648953542107
1.1968233550895637
1.1382528240950418
1.1557321718063442
1.1891766609155434
1.2083436596561528
1.2261189265420298
1.2416373011653208
1.2545342747655364
1.2649469253100074
1.2735599562681357
1.2814355695408337
1.2894773875737782
1.2977904875626673
1.3054120115988204
1.3106688205996488
1.312033930114899
1.3090657371995627
1.3104325047402132
1.3204523146901277
1.3365427134610037
1.3554164492498268
1.3737058888180278
1.3872053908009903
1.3954036262668905
1.3990759365693635
1.3983611623307899
1.4292865120344578
1.461875195270498
1.495944504936472
1.5259681324091805
1.5425105299330029
1.5414962838815063
1.5222051465509836
1.4897824150942764
1.4627713909666706
1.481520455894502
1.534864595432434
1.5951493277090352
1.650233993182824
1.6936028708613238
1.723495556384339
1.7431873720961746
1.7622097896226898
1.8004470337563379
1.8701648343048307
1.9497880676414237
2.0199302750721544
2.0990609227019257
2.0745679164892574
1.9004744295724563
1.6848923940073077
1.6622001975557459
1.4364985416816611
1.3722666667761199
1.2343117501069394
1.1711363543806406
1.1875902866020598
1.2240630139063127
1.245724903603958
1.2661029449109769
1.2837980112887495
1.297725301193996
1.307130870728047
1.3119309705353484
1.3130735220021144
1.3122437373600955
1.310867195150608
1.3093375895696453
1.3071432944221424
1.3038575678810411
1.3010916327377415
1.3031063579299693
1.3120565044775063
1.3269657534783847
1.3456179441170426
1.3655478920217308
1.382824943897805
1.3969642274883147
1.4099995176922937
1.4241983268318508
1.44365213638597
1.4682209006473033
1.4964323382508535
1.5226335627591017
1.5381970259774707
1.539693332221289
1.527374597322544
1.50775745793419
1.4965544110964617
1.5121523971125697
1.5533749019143896
1.6056816136780845
1.6569147389407621
1.6993461401583232
1.7296100822777876
1.7486457438103158
1.7629201157607766
1.8012584960489835
1.8938423690060477
1.9931521425128071
2.077328904179416
2.1698424587321985
2.1413616350748472
1.9609880747495183
1.7620526997310597
1.6879010395258893
1.4184298503637465
1.4047136333403232
1.2741497976963685
1.2083059452862166
1.2226879671166864
1.2597204931983275
1.2820576292888217
1.3031019145816902
1.3212463909498513
1.3350861283364248
1.343136292011981
1.3439964274082656
1.33770899454668
1.3272227106747756
1.3163909864431989
1.3072546601700428
1.300205597834961
1.295336080903031
1.2935185179519635
1.2963793298175403
1.30512414945654
1.3197048346452485
1.3390101730498571
1.3614415128272144
1.383004577904
1.4025631016719773
1.4214390270757604
1.4397317717336184
1.4592654321631053
1.479782764941607
1.5015418702265186
1.5209826625431981
1.5319627710455987
1.5325319867283727
1.524373620891984
1.5147262476670857
1.5158385938403354
1.5371169052131504
1.5768063834232824
1.6260144268091417
1.6753652204311722
1.7177217952443515
1.7491396529324286
1.768826884225723
1.7781780440144572
1.7793704049020258
1.9044178700470147
2.0184741003928943
2.112989423493135
2.2171713951758454
2.1951646172383845
2.0273658037919837
1.8392153865227912
1.7231867417118345
1.4413504529086885
1.437966404429504
1.3180726242869445
1.2514672717108186
1.2624084168044032
1.2969294938687894
1.317630058422676
1.3367680257373127
1.3528635642985498
1.3648222450794014
1.3713498906372017
1.3693786249075781
1.354280725072663
1.3340446038118363
1.316474412260929
1.3031071836246795
1.2938205603631716
1.2882663809504549
1.2865356921636573
1.2893563220324944
1.2976625082419284
1.3118896478817177
1.3316425875935278
1.3558464211194245
1.380245306693517
1.403054500616019
1.4251263797839744
1.4457754125833575
1.466179198958379
1.4853283751873088
1.5029901706475601
1.5159922576522666
1.5205167507905015
1.5168670656593481
1.5090006009012298
1.5054881289103348
1.5163701442417594
1.545878927168977
1.5904089889283348
1.642720527250478
1.6953395321123705
1.7423153910634679
1.7802474515050182
1.8086602835454242
1.8303886291343214
1.8575529882611461
1.9300199790809667
2.03307862159547
2.12590375408169
2.233338803947244
2.229240731159053
2.093400081691725
1.9151334211759679
1.764425729056564
1.4657219575125067
1.474049846544995
1.367690424372495
1.3023270406706764
1.3084226681402995
1.3371865147955575
1.3538070501881556
1.3682554270436957
1.3793294331288652
1.3865053206688387
1.3895782870877877
1.3883497237132825
1.3599829628430802
1.3353974612763453
1.3153326264392076
1.300086543516083
1.2895028166057014
1.283208783291731
1.281016487491757
1.2832600545210788
1.290752476116555
1.3042469835453385
1.3238279979507412
1.3487235790022625
1.3744751496873362
1.398862636111034
1.4224654361366902
1.4442282854705812
1.4650033340291857
1.4832478524631127
1.4979775192127338
1.5054109918243772
1.5027654498059355
1.4921053064313632
1.4802112428133951
1.478686889291872
1.4969032655261543
1.5347701066865782
1.586517782514293
1.6453642841904008
1.7050452319114344
1.760749044007253
1.8099052941100406
1.852510762369892
1.8911643708624748
1.9316983537315655
1.9837067057148803
2.0511455647650334
2.1213032867833137
2.215355025644516
2.2407869741518462
2.1527849872960187
1.9853498451403033
1.805668876382817
1.4871925507559416
1.5132289108981691
1.423732233230282
1.3619909069981795
1.3621784380637307
1.3822446418895458
1.3926313851372618
1.4000211657816104
1.4035675634186724
1.4031416820358606
1.3983871459387223
1.3849612799715445
1.361105131024394
1.3369784554360407
1.316085224805507
1.299613161685068
1.2879393606426615
1.2809090752501207
1.2781962370712627
1.2797699066747859
1.2862230222038824
1.2985200816348204
1.3171574525905498
1.3415949992220366
1.3673219653040092
1.3918583149885102
1.415583261936824
1.4372636852592582
1.4575338993928588
1.4745499825407709
1.486735494273559
1.4895729034393328
1.4802880973473456
1.4611475456277594
1.4407453856663255
1.436588478286599
1.4600413531272138
1.5051110314654808
1.5636108644470998
1.6292135999520128
1.6967446077317414
1.7625041996827953
1.82473306761812
1.8834270547679512
1.9392905225652084
1.992174266262164
2.040005805159434
2.079806303400604
2.1114505892142983
2.1665611413308135
2.233924732517048
2.2001450348116056
2.042820254644866
1.8388479019594055
1.5011546917196479
1.553480837450923
1.4852826373611752
1.4302518234599955
1.4241963051589945
1.4332954667873365
1.4358420827975433
1.4345748273572607
1.4292082574632246
1.4201737412077584
1.4074845796489428
1.389306789715177
1.36600582412525
1.341895466063619
1.3200669345962797
1.3023566543641987
1.289687708792347
1.2821514898333444
1.279258676139385
1.2804393791146085
1.2857603941097788
1.2962942756010052
1.3130812056091958
1.3358747282354468
1.3602839503737563
1.3836818433624853
1.4062516705853534
1.426697172935272
1.4454826529634779
1.4606882368910892
1.4704501672873909
1.4699536213802884
1.4562180567838792
1.4302863115007405
1.39828808443584
1.3843653777019707
1.4125530426126265
1.4629791661165725
1.5255921981159175
1.5954061415826684
1.668565748422355
1.7426367666853884
1.8168404526757918
1.8911463578982173
1.96413251456896
2.030842358980452
2.0828102345858714
2.1111815174905653
2.1117369898116496
2.096215729951481
2.2201077713756203
2.2318273618409177
2.079932434198896
1.8554234119216528
1.5035793910633735
1.5906634395924035
1.5492436585503933
1.5049162677476422
1.493324421314484
1.4900725718608336
1.483776167987186
1.4729781126305272
1.458209746143715
1.4407661717014764
1.4215821116106073
1.4000897711764388
1.37590863314959
1.3509265859255326
1.3277700534220105
1.3087014631949143
1.2951368159293528
1.2874170317088438
1.284885393554732
1.2862578941609497
1.2904861387666322
1.2984897407389449
1.3123622135321527
1.3323204638870696
1.3542118865388297
1.3753086468371365
1.3955647980757162
1.4137004710864538
1.4300355363654305
1.442784223357102
1.450139397676321
1.4477020136500514
1.4328788430563968
1.4060570933373313
1.3697891055073341
1.3288071959533052
1.3674066404774448
1.418798291320079
1.4806837656288496
1.5500490363243082
1.6243532257616147
1.702614230512076
1.7854599108822617
1.873237824830739
1.9626293412978306
2.044588471767284
2.106255228643934
2.1357585305232716
2.1266436979750076
2.017148275568298
2.2125168135981896
2.2459907220240947
2.0912479471523935
1.8491653456439214
1.4920908483648248
1.6193679149332803
1.6103164803899266
1.5814295463212504
1.5662159917468246
1.5502597100349842
1.5347217170968166
1.5141081852070466
1.4899550771918895
1.4645768283407812
1.439830512577698
1.4155351099496505
1.3901210372522381
1.3639301394363317
1.3392643684448111
1.3187589262653219
1.3043075349253903
1.296539179283656
1.294750665238926
1.2971254116503512
1.3007631568662825
1.3050583262027364
1.3148880578664324
1.330953768038071
1.349286718562112
1.3670655594165606
1.3839787991404617
1.3988279520313744
1.4117995046391663
1.4214118646704863
1.4261881261384153
1.4227742251400424
1.409654604771808
1.387781402269891
1.3607496058171684
1.3389909183187592
1.3473144949473501
1.3857956317562952
1.4394067396231558
1.5022675480388579
1.5720051731327684
1.6491308831587188
1.736369413044127
1.8349783034356417
1.939599553208634
2.0371936503117465
2.111581144888007
2.1497109329902773
2.1465808243764166
2.080176356170727
2.215184144944486
2.242147930396402
2.075774538494221
1.8188644850724984
1.4668279977187422
1.6343583758354128
1.6617556294454017
1.6531216247423148
1.637338038329032
1.6095021787270618
1.584999399163733
1.554889140670892
1.5218016870464104
1.4891289872295113
1.4596814383067331
1.4334628450097342
1.4073888763834281
1.380306902280763
1.3542642715736017
1.332275479547135
1.31671519560244
1.3085313730131
1.3070816045446485
1.3104595588680026
1.3161386545001241
1.314312461030251
1.3196378767862877
1.3311998667821738
1.3452081569666317
1.3588436907078163
1.3715389368771846
1.3822429976548163
1.3910071247579598
1.396763049552406
1.3984936916633004
1.39421002633047
1.383740136375109
1.3686013072385486
1.3523403115855048
1.3417294869366652
1.3461190954997992
1.3702562495009825
1.4104785385703635
1.4614674053307768
1.5209162562552363
1.5914555025281716
1.6795810758582927
1.787642007434395
1.9063878905267797
2.0182724817329
2.104961470051141
2.1535495896591343
2.1613366855888523
2.1261175169043836
2.2197039181771245
2.220968426385789
2.0376679601204946
1.7694561498669115
1.4305972670187197
1.6322192882249147
1.696904169006419
1.7122901999610407
1.6997321386745452
1.6621377023855806
1.6297634282362763
1.5912350358669423
1.5502458543802133
1.511241634803112
1.4781885585874164
1.4516329240887713
1.426332343831272
1.3992165988062195
1.3721674930316692
1.3486303576656002
1.3314671584748983
1.3219346458264543
1.3193793707996548
1.3213735607042365
1.323509367474577
1.3227703145260268
1.325027223348463
1.3321816466365586
1.341463654775057
1.3503721669109998
1.3581725046705306
1.3640366875221566
1.3678719816864886
1.3690710839562266
1.3670671430772543
1.3612661744160826
1.3528178888685272
1.3434646141316853
1.3359276162767966
1.3341292586459805
1.3423123246628255
1.3627433535897098
1.3942248822893595
1.4335829135773015
1.479459615104328
1.5384683922836524
1.6268667284778056
1.7460931257905659
1.8773829716947734
1.999507429735342
2.0941016975214892
2.1495502357957332
2.165288934800077
2.1487806701814485
2.2148676990212945
2.184771745563675
1.9850390304149002
1.7107963588387216
1.3881299875981306
1.6125580999247688
1.7110912618803644
1.7519979318686454
1.746478149306696
1.7024945276328496
1.664269005802782
1.6193358623629643
1.5722539243913798
1.5283099405021707
1.4928885197525412
1.4684452431964963
1.445989427856108
1.4198715171477023
1.3922219986474558
1.3670333013672527
1.3476722411241202
1.3357353344597833
1.3306617764276858
1.329950630957405
1.3300916501544293
1.3293751152626352
1.3298691280362693
1.333121612979156
1.3376049409158672
1.341473108460569
1.343958727022332
1.344532405612331
1.3429515033831805
1.339071760628586
1.3326874876718668
1.3244664713538705
1.31678187823733
1.311458878015046
1.3104875726771683
1.316069852059724
1.3300947717218092
1.3530470495286127
1.3832436766573493
1.417357757811219
1.4526730881549754
1.496488540060219
1.592506056075892
1.7255649675032507
1.86443456750223
1.989801773099459
2.085050085969714
2.1403178380120864
2.156973839268008
2.1465068167116725
2.1954837809157235
2.138094620634477
1.9274680275413303
1.6547192604842067
1.3447293435029173
1.5781816033834655
1.703115940148239
1.7680057594154592
1.772437989384853
1.7263158451408736
1.6851289542038437
1.6367958225056303
1.5863698114414344
1.5394363965734474
1.5025347690533644
1.4843467858181136
1.4664980325658745
1.4418845838225682
1.4138111827658806
1.3868614436513889
1.364885818600705
1.3498936510975845
1.3416708803624804
1.3381404685882876
1.3365042950094226
1.3350310170588924
1.3339212098725861
1.333650146814247
1.3334500189930143
1.3322294012572014
1.3292912391222966
1.3244584929954477
1.3173428462745087
1.3082370777760282
1.2971916749469836
1.285936856489668
1.2779286857255905
1.2750474794640982
1.2788135956757687
1.2904287844846456
1.3104832775643687
1.338324380741544
1.3716080512624205
1.4066403121274464
1.4396207480099503
1.4682818843809013
1.593248447062435
1.732049513211232
1.8707926863497826
1.9923524185635941
2.0811497461667896
2.1288343457827024
2.138584157769841
2.122378660845371
2.1640016162775897
2.0873370841661822
1.8732580769246638
1.611849986721422
1.3048715998218068
1.5341457275208503
1.67560053223562
1.7600241369008631
1.7756210600157905
1.7317655465130304
1.6910555277186228
1.6431506114378416
1.593195483357816
1.546485444273919
1.5074482086138743
1.5037928745439224
1.4890647814567517
1.4653133800933436
1.4366204551516826
1.4078397977845738
1.383146000931468
1.364945280983986
1.3534686729428334
1.3471223002738857
1.3434919834682173
1.3406060523664984
1.3375557045220665
1.3338476832680393
1.3291421475186975
1.3230157642688791
1.3148749181492083
1.3049085611564912
1.2925987260050216
1.2786312129579462
1.263230051150492
1.248965507088647
1.2401576009563071
1.2387057771763896
1.2458475580242592
1.262209177980281
1.287608575754116
1.3206237790904196
1.3583677797745488
1.3970547241098712
1.4342725225243613
1.496318446786577
1.618810463305084
1.7567503321710678
1.8918536998347297
2.0061083642383486
2.0842759244876436
2.119282080746494
2.115792544158324
2.082553370535098
2.128004027653861
2.039249797050795
1.8273116686251292
1.5893339788322793
1.2712468273952875
1.4861403994583031
1.6340554834658043
1.7317227503149542
1.7576395482922795
1.7196832693611723
1.6828724043145353
1.6396301918725844
1.5951293706146015
1.555728461283136
1.5361651088827133
1.529365467997148
1.5142737562241089
1.4901457486994636
1.4604594863499463
1.4298739812679977
1.4026305768222866
1.3814001875040163
1.3667977587778892
1.357626260550899
1.351693166679249
1.3468021420152476
1.3413321882489857
1.3340843730571799
1.3250678485895042
1.3143996431819713
1.301571166190473
1.2871103503637287
1.2703952506297682
1.2524472556345667
1.2336151814949579
1.2170782962982505
1.2077071006078723
1.2073308780249101
1.2169813777830392
1.2369482243060959
1.2665871663001158
1.303941867467447
1.3456590580280192
1.387949334898581
1.4328706423561033
1.5237525099634024
1.651494654823906
1.7902422306903105
1.9224495619209594
2.029515505551299
2.0965450340175553
2.117614350122365
2.0981355927706917
2.033738344781337
2.0968078802813306
1.9990252945912181
1.7903156340932231
1.5897179581296186
1.2740814731115397
1.438909957538299
1.5852195068256862
1.6896177689615655
1.7231845500081389
1.6931424920620077
1.6629835458462678
1.6285232269730914
1.5957467445898545
1.5738198702807136
1.5660419095300069
1.557748175717922
1.5410693347103839
1.5158080440359107
1.4849420350660356
1.4527426212426058
1.4233044332033975
1.399397712417979
1.3819043023593862
1.3699262038001934
1.3614238187641499
1.3540438130888703
1.3457136061804102
1.3347900544799038
1.3216895447344343
1.306970619851634
1.2901765925263544
1.2721221505708178
1.2521144877944403
1.2314455477514654
1.2105706855080023
1.1930495596103827
1.1839182057597748
1.1847948597603413
1.1964933731550844
1.2190930619726164
1.2517001780812171
1.2920139862550837
1.3362561700480362
1.380498521917904
1.4424330166512838
1.5546807417774515
1.6883823550642276
1.8295993602873093
1.9606486637779394
2.062486910862791
2.1207094241192754
2.1307514446885945
2.099079334966765
1.981138249239666
2.0786210671768606
1.9691070010557081
1.7599430878732507
1.5707686464815247
1.2752334086474917
1.3952404712998612
1.5357477470471195
1.6416513022775119
1.679026680309886
1.6566691890283678
1.6346587740698302
1.6128382420321918
1.5992921309594612
1.5965879802736964
1.5946565515145965
1.5857469340670578
1.5676521077121979
1.5412449903290766
1.5093710671395393
1.4759258729902474
1.4447455689040272
1.4185755589334672
1.398465061682553
1.3837455911730971
1.372509292279758
1.3623216214206577
1.3508482641930946
1.3362202004667394
1.3193476547887224
1.3011613912533628
1.2812304207800937
1.2605962589101525
1.2385336940929412
1.2165416862735843
1.1951869710274816
1.1782038884659605
1.170394201060991
1.1729918359602505
1.1865155635462625
1.2108934889593712
1.245167612424965
1.286925859859444
1.332093658307047
1.3756855126428498
1.4715190880934714
1.5920668979554127
1.7310219910843014
1.8753853526381223
2.006735301491045
2.1057719080572035
2.1589006189643873
2.163511686750047
2.129132794229158
2.0485979530744864
2.0776725393281157
1.9494484495066895
1.7338972055333428
1.5333230037904029
1.277190107264897
1.3557069198482652
1.4927421221262007
1.596585064557552
1.6336602608536086
1.6158547722916554
1.6013691403844796
1.5979262371858818
1.6091984566368625
1.6191056105743846
1.620368984542186
1.6113397475507902
1.5924142328362432
1.5653112883763782
1.532862961825598
1.4986264719109996
1.4661437877667873
1.4380775087350506
1.415593476240157
1.3982225003166446
1.3841967227579424
1.3710740169646787
1.3564020546543725
1.3382507891341713
1.3180693100841587
1.2970921415506047
1.274893739055601
1.2526802373568342
1.229730954871175
1.2076940416490134
1.1872638612002786
1.1721920453852201
1.1667149382939197
1.1715134992707497
1.18668718639826
1.2120251598874394
1.2467374785427439
1.2888827949548902
1.3371855166300526
1.408734994043145
1.5101892554177725
1.6365641929991908
1.7805363509625909
1.9282949562428062
2.0608864907092945
2.15918896792808
2.2107964874152577
2.2152871279825015
2.185248329170603
2.1213695684969673
2.0922648425863586
1.938977110088135
1.71245986887949
1.4888876766564658
1.2826507043043345
1.3597556473416617
1.4659475623202352
1.5641391735826593
1.59915682084438
1.5821060734416084
1.5662275090683182
1.5998179910353514
1.625389873229404
1.6400464967299164
1.6426389359962712
1.6335879521854753
1.6143632103652101
1.5871078436341948
1.5545518731835497
1.5199057794644848
1.4864193158251797
1.4566730533638257
1.4319501103972057
1.4119879299932991
1.3951887427871077
1.3791746835306407
1.3614879790399528
1.3402521865364025
1.3174261381846923
1.294453051479141
1.2708873552902094
1.2480281849842196
1.225182042049785
1.2040834947180665
1.1855565837099729
1.1732650186860385
1.170707645003288
1.1779275198272803
1.1944665084146673
1.2199271730633863
1.254223693925478
1.2988407368787946
1.360215360900563
1.4444529459448077
1.5538845226415023
1.686916887328738
1.8360872977822225
1.987211015438301
2.1213532758347124
2.2201433715966985
2.272643073430395
2.2801523018606873
2.256181508292185
2.1962851384886233
2.117324140080702
1.9369015081241494
1.6983931950702216
1.4493377991417298
1.293530516008573
1.3648186950607608
1.4591034459558947
1.551116432206061
1.589166919040515
1.5879910545664802
1.5979102854371057
1.6221421245975844
1.6456776116758693
1.659745916274128
1.661885263519165
1.6524747877719215
1.633173592284894
1.606115179062221
1.573734590446229
1.5388398586412413
1.5044040334018796
1.4729662099136134
1.445966081019925
1.4233830963838274
1.4038361551954177
1.385085054470952
1.3647601222946328
1.341113005863098
1.3165071790028913
1.292462092180509
1.268475217515344
1.2458516331568403
1.2239254115620024
1.2044328272249105
1.1882813942147017
1.178947512836175
1.1792042180201208
1.1885747026431501
1.2060140310555325
1.230726441041938
1.2659556142825488
1.3174563498841216
1.3885984183060887
1.4823652349226566
1.600343425324766
1.7403976141230062
1.8945504199834022
2.048435240525536
2.1836340780150585
2.2830823345103353
2.33748588656857
2.3491626730536517
2.330694053206199
2.2690409555612634
2.1477957051313874
1.9426976025128406
1.694999149479385
1.424289819231897
1.3101880811064117
1.3738202682970402
1.4656506883398097
1.5558276191522658
1.601765331148196
1.61623735329742
1.6304240978191609
1.650037423395478
1.6683656613318583
1.678973785642143
1.6790144513565954
1.6685327201775173
1.6489673476265265
1.622110036568922
1.5898889979274915
1.5546243353467033
1.5190265950568598
1.4856515211575254
1.4561528859633355
1.4308009906677817
1.4084880826610908
1.3871889277931342
1.3647056638165158
1.3394643095783683
1.3140720630631217
1.2899623814468026
1.2665303828184102
1.2449905358305868
1.2246899399562203
1.2072623124763662
1.1936013237787888
1.1868474984641877
1.189121539095817
1.1997119304704378
1.2174617645060422
1.241899230714989
1.2819430476418483
1.3401063007621428
1.4189782295415274
1.5208998750861713
1.6465281563108043
1.7926938276032014
1.9506085863029972
2.1057678524176833
2.2406433223797193
2.339938539039601
2.3961347679042713
2.4120277830552426
2.398316292719108
2.333662618940664
2.1787931668591294
1.955131171679789
1.704233157326869
1.4199347358880035
1.3310336157011096
1.3883045251315462
1.4820024743236098
1.5736967344309527
1.626870482297689
1.6491204528552434
1.6636600840030928
1.679441006631015
1.6923701550738153
1.69822280738048
1.6948683282740855
1.6823807280209173
1.661963668823548
1.6349389834834092
1.6025744146777434
1.566598695565657
1.5294524426907605
1.493756275402335
1.4614285252524246
1.4330754922434557
1.4079219487055727
1.3842388753166939
1.3600797615065556
1.3340739681271587
1.3088876838124641
1.2856960551604413
1.2637446086779864
1.2440654909957691
1.2260046423839823
1.210997041578349
1.1998251725605629
1.1951429019087048
1.198456796392039
1.208931625991642
1.2263426480206185
1.2556220843467385
1.3005893111894595
1.3640133592658905
1.4486457331016944
1.556598052926879
1.687764282640476
1.8378858612295526
1.9972764570747192
2.1513762605261
2.283847918152872
2.381509111228793
2.438706431365676
2.45840037935344
2.449065793845839
2.382882730238102
2.2047696828045873
1.971430473975898
1.7257151263753028
1.438931266776237
1.3526271902320297
1.407630665966376
1.5064419847080686
1.6013854619252461
1.6592267630149051
1.6841312064924263
1.6972451196203733
1.7090578313841045
1.7166838185212985
1.7173553043452965
1.7097971013424225
1.6943542677427081
1.6721801480355258
1.6442824884827183
1.611285675291276
1.5742116676613467
1.5351572608041375
1.4968072231764562
1.4613611996561267
1.4297883935718954
1.4017020567419332
1.3757534227052357
1.3503255047995388
1.3242717853120518
1.3001424440458302
1.278694726061596
1.258979538656354
1.2417712258807512
1.2264063394038358
1.2140575244074645
1.2053494857367826
1.2024130909180217
1.2063385301619098
1.217157798188045
1.2374612283312811
1.2704041663159984
1.3186513243220197
1.385158204769941
1.473004834035664
1.5842497896560128
1.718119344221237
1.869300767426972
2.027273062669016
2.1775876182096545
2.305346679902981
2.399678891289937
2.456794628239186
2.4796514150713778
2.4745079610285394
2.409489790220207
2.2196339912175085
1.9872465123423813
1.7565945552588729
1.4806796260791673
1.3703468811511053
1.4287861406374758
1.5357777979957978
1.6350803521018025
1.6951780348909342
1.7193432364847978
1.729844100354772
1.737399720865366
1.739883929108489
1.7354549647714905
1.7234278513190746
1.7043293851897807
1.6793457684903406
1.6495606990506273
1.6153643437651597
1.576992634950561
1.5359518604673101
1.4948858319197675
1.4562439359037895
1.42136567389991
1.3903059308231456
1.362181487064598
1.3357817343854657
1.3102042206258775
1.287745266916306
1.268616842449457
1.2516338008131727
1.2372557729227522
1.2247984343153266
1.2151365448714635
1.2087251490933841
1.2072368778282188
1.2117599651865263
1.2244124426123895
1.2474225811353787
1.2822037566502267
1.3312990968703353
1.3981954381575572
1.48653704098248
1.5983488503306968
1.7321242212053152
1.8815140954067326
2.035310458672409
2.179391386893565
2.3004587695346963
2.389952199477954
2.445804030460945
2.4708833062618756
2.4694907469095577
2.4081488780995035
2.217800860805615
1.997379049829302
1.792008758982409
1.5415435933391932
1.3800460304967328
1.4493043718322423
1.5687677117300285
1.6741576528984259
1.735014252068632
1.755989777665541
1.7627796952298562
1.7654464103885719
1.7625306799559701
1.7528683414854158
1.7360907843195321
1.7126096010801632
1.6833609401736338
1.64973092753703
1.6132605218884921
1.5737169757849307
1.530932037651846
1.4871612984290246
1.4451008153032494
1.4065366790688683
1.3721063477208466
1.3415689355199132
1.3142743512660726
1.2896337712591561
1.2695476816386713
1.2534957937220208
1.2399782457174846
1.2290412411129479
1.2199517624219336
1.2132087247972314
1.2090436521754382
1.2086008209696206
1.2125521041048715
1.228931958809166
1.2529868114150597
1.286451629427606
1.332687793026493
1.3968443992663655
1.4833516289784139
1.5936124005517642
1.7248620259651224
1.869570684414491
2.016024644289312
2.1507672861231706
2.2623870692210497
2.3447212038759084
2.3973460322782403
2.42303715751393
2.4244653147393316
2.3687772077586557
2.1896457369804985
1.9954944365042668
1.83096456966814
1.627824874353556
1.3590092842798895
1.4522399686575624
1.5916482018544291
1.7067149350161142
1.7681820699907267
1.7843694655239992
1.786647931900117
1.784029472119681
1.7758198851739841
1.7614176243365802
1.740464462921611
1.7127864005103777
1.6783355462891374
1.6372806948870076
1.5902295221022678
1.5542553000940853
1.5109946470735092
1.4645109766674282
1.4181904188046095
1.374539755335519
1.33520476366142
1.301109633064504
1.27263306936539
1.2497666103655383
1.2337564703189896
1.2228780149873402
1.2151242453543099
1.2098815756169405
1.2064098686953397
1.2047866620660448
1.205462875934208
1.2100541297614433
1.2197479265174402
1.2345826966859015
1.253252250128202
1.273578502701614
1.2929912705236435
1.3561765371428969
1.4411964078242496
1.54764306165106
1.6713550636233478
1.8040537960005787
1.9343681994593422
2.050490802946971
2.1435804105085223
2.210023955596674
2.2509844992916803
2.269586851300859
2.2681769817851185
2.2180727126244277
2.0750018851234215
1.9446565425034226
1.865437214825846
1.7708013191458634
1.2815241814129807
1.376491333393379
1.5106595298449272
1.6226343855473206
1.6856549030987993
1.7059699405391853
1.7111723617844954
1.7120515878102613
1.7081460277990932
1.6989312515496169
1.683800548919435
1.66211275119005
1.6335304419310823
1.5986443932247958
1.5592305803820945
1.5166622544239468
1.471087366438887
1.4233937233859986
1.3754819842704686
1.3295852228416585
1.2878268310464769
1.2519425340113992
1.2230817475783997
1.2016924698062237
1.1886296257449058
1.1814539250074494
1.1779462720000817
1.177187643872575
1.1786865005628544
1.182444318233246
1.1891704922911412
1.1996425346765225
1.2130113091966888
1.228665737417131
1.245860726700872
1.2646861488583807
1.2884907679363538
1.3268331187871856
1.3888280103335549
1.4730076843770143
1.5723063837667466
1.6777632792176873
1.7792018791591755
1.86676406645058
1.9330846588724457
1.974911416294291
1.9932455230658939
1.9919892753698334
1.9760074094448008
1.922829856336354
1.8319338715977196
1.7847883708027512
1.801847340473187
1.820584869616188
1.2235122099832982
1.2747842928707684
1.3658072881739833
1.4527831823739894
1.5098517833421894
1.5361932386752921
1.5470155924057127
1.554639351642332
1.558517152716814
1.558203469724996
1.5531502625180733
1.542684381033182
1.5263330855647887
1.5041606231886506
1.476631117877114
1.4443087237859387
1.4079519842417536
1.3687702376160613
1.328526478906245
1.2893829797517857
1.2535006071629085
1.222532052703381
1.1972360285272843
1.1774463571734992
1.1637889565868313
1.1545767656803885
1.1481992524336602
1.144343799616406
1.142691480793362
1.1435344623086683
1.147410064367888
1.1547597046031588
1.164322155745834
1.1749353701229073
1.1857195979529034
1.196828615493611
1.2108627536307697
1.2345289683783829
1.274955751001373
1.33191093392854
1.400131497119009
1.4730838935338717
1.543694387035845
1.6050491849570403
1.6515405753067465
1.679977524375745
1.6901469135616087
1.6845750894999385
1.6676153421374493
1.6232779688475216
1.5705232094404984
1.5693328335127297
1.6215705038974413
1.6266894738848114
1.2062806542188345
1.2377638748911999
1.2687075178672385
1.320538510675737
1.3568312598036247
1.3714583289974733
1.379473864689628
1.3841103433857276
1.3859033529627802
1.3853492025314649
1.382349850943466
1.3755106790480789
1.3665370467531492
1.356391960613917
1.3454345043346558
1.3332032867261228
1.318692803662143
1.3010036655226738
1.2800430207501503
1.256904229493703
1.2337133790858115
1.2130097661520982
1.1969442145009555
1.1852299222251923
1.172166883618229
1.1587968210802162
1.145059334372131
1.1318091532493268
1.1186450989425407
1.1064511783993258
1.0953844864817102
1.0869424655449125
1.0826454137766937
1.0821464636137472
1.0848740238917403
1.0902463250654297
1.0978227643003071
1.107373978541115
1.1211798537075608
1.1429531145558327
1.1714402833132587
1.204602836537877
1.2397897193816858
1.2740558489376477
1.3046190020575197
1.3293645872166038
1.3472341218056585
1.3583245068972405
1.3636102895280173
1.3621313759226046
1.3346483091122718
1.3524905632527848
1.4066699343268765
1.2396581415533248
