K
0.942309779602993
0.8872504808344597
0.8896530213504684
0.9393260563132231
1.0406366973509238
1.1139593884555912
1.1487028553293521
1.179084800601899
1.2052125524887354
1.226691914443937
1.242581924694417
1.2520890523090846
1.2554012184887697
1.254084321770722
1.2508040417666937
1.2484942849832683
1.2493005791527747
1.2537350376974672
1.260513926277432
1.267206291109105
1.2712187247478606
1.270571058949788
1.264336022951732
1.2528365060529911
1.239260840727276
1.2261712583108857
1.2142700117351108
1.2048795412771074
1.1985177497315722
1.196907601115651
1.2023173255420012
1.217636387711296
1.2415227791266559
1.2709263827034063
1.3014675836012026
1.3286321184096561
1.3494318036864215
1.3634874699454806
1.3721450350919953
1.3760777335567271
1.3740180949043648
1.3637447064291592
1.3439522499487178
1.3154689558345154
1.2811886605067937
1.2448970164824247
1.2096679974675335
1.1766737398813603
1.1452276100020131
1.0890038303617953
1.0240934229496672
1.0053203753259585
1.0318475291596652
1.1012149549404981
1.0144009513295884
0.9469431472549796
0.9784442759405046
1.0489315204784289
1.1320518499991217
1.1716047666106664
1.1867340395051047
1.1997526827877931
1.211039752124952
1.2189309143082192
1.221002958910223
1.2158143874642395
1.2040730535657542
1.1887783170422432
1.174395180296167
1.1654046089453913
1.1645276535318623
1.171202737447329
1.1818904466650297
1.1925409009924703
1.2006763236783793
1.205744095786235
1.2085900144251804
1.2108525248080677
1.2140190921467793
1.2189539228241002
1.2264474635734088
1.2367613531911938
1.2512515166229188
1.2705640034327341
1.2970967955515829
1.3313075254666833
1.3681943551569409
1.4047531318891198
1.4380138209688278
1.4658145480869609
1.4872275770083918
1.5022342992986706
1.5107944369777109
1.5121191680900898
1.5048345541786587
1.487864999014026
1.4613168422653393
1.42678761673193
1.3869789176023144
1.34487894395384
1.302951447071518
1.262718373983116
1.2249103713820726
1.1637640692481903
1.1057555974904874
1.1007511507497536
1.142777452595646
1.1890209793832727
1.0445114207103285
1.0187559682436873
1.066765325167648
1.1152508733656914
1.1450664097859469
1.150918862866681
1.1535802678055354
1.1579941178965123
1.1632722286473796
1.1669744701549207
1.1666725607537642
1.1612254855959423
1.1513580564391492
1.1394396507383466
1.1286225849329397
1.1217191626349643
1.120248791550668
1.124042657008797
1.1316406226596398
1.1412548491149672
1.1516375275591797
1.1624141329670148
1.1739812123855364
1.187247123493593
1.2015924600953758
1.216970992116874
1.2345098751704295
1.2541090966129425
1.2775946622994168
1.3051121588404937
1.3389660988314906
1.3785275684744636
1.417811830528594
1.4543676923811935
1.486207923414853
1.512133181775095
1.5316971426198287
1.5448676578566252
1.5516532427874075
1.5519693679900548
1.545793363270465
1.5334255445540084
1.5156332813555013
1.4935785248072888
1.4685808546871222
1.4418479769155073
1.4142914540946543
1.38647462987745
1.358672523553218
1.308108861098468
1.2382793321823695
1.183807362385519
1.1513869142911766
1.1314686817489046
1.0315119457052575
1.0667436614199168
1.1218044328060983
1.1288557230260363
1.1060334953050257
1.089449436189574
1.0852319481863426
1.0850766237497589
1.0874097735696158
1.090261910472415
1.0921423608887042
1.0924011380335716
1.0912954164886413
1.0897604807321357
1.0889802610191446
1.0899843909373133
1.0934586360921021
1.0997757447447765
1.1091042884709676
1.1214593114095008
1.136681450479414
1.154437021553401
1.1743306555628246
1.1961160222946239
1.2173942881048416
1.237855946206741
1.25905851551789
1.2809297512505062
1.3054312927999314
1.332492121405429
1.363987840831317
1.3987595222313451
1.4313106673335096
1.4598278344603255
1.4832572262218204
1.5015467598659356
1.5154568102720345
1.5260221471462458
1.534007611388259
1.5397372695528022
1.5433388723346608
1.5450839457914554
1.545510782186887
1.545262945202746
1.5447735671290768
1.543976630674296
1.5421566609907051
1.5379396587172611
1.5293839138645402
1.4948397530074058
1.3853977012489598
1.2327791577423364
1.0969182005953542
1.0245454044790967
1.0067861859294907
1.0619368764853763
1.1093524791191198
1.0952023038860543
1.0601862612146156
1.0419312711322906
1.0373731908625339
1.0368788664438082
1.0388888895585469
1.0423385695226208
1.0467049043887795
1.0518202784736923
1.05781399518315
1.0649522138379082
1.0734209672394504
1.083237909600415
1.0943559129011484
1.1068267149103772
1.1208596889573699
1.1367354039009736
1.1546525520193833
1.1746126370725567
1.1964108320004794
1.2197482649952238
1.2418818557512212
1.2624159852196495
1.2828729709071476
1.303144763329918
1.3249607160446926
1.3480872384631022
1.3738216537342656
1.4006843751100637
1.4239737528281888
1.442183521556934
1.454738376836078
1.4625394251133301
1.4682529072568813
1.4756741456101727
1.4871250857490232
1.501666066671137
1.5172040875195938
1.5325099791043066
1.5473563531241148
1.5619624940448884
1.5764148540565204
1.5902788778416883
1.6024182935248306
1.6108898378316299
1.6128172119385837
1.5865483021416997
1.4476109818665135
1.2313139989023172
1.0463189443137062
0.9676117315433687
0.9932123636735843
1.044640713706263
1.0830229797888908
1.0665511607658158
1.0395093743102262
1.0272017833429572
1.023701226169759
1.0236722461000463
1.0256594550654345
1.0293008162895996
1.0346102085353164
1.0417129693721687
1.0508522840189065
1.0621911394715964
1.075570933657906
1.0905091442440815
1.1064458181647443
1.1230061299098635
1.140101414921736
1.1578726945006739
1.1765744120964432
1.1964689861711382
1.2177355959651186
1.240387654482791
1.2618180454832595
1.2815240767869407
1.3008309464040233
1.319530900216322
1.3391080814226135
1.359205810990422
1.3807149469856235
1.4019788726288172
1.4188483878497637
1.4298633171175474
1.4343276328844925
1.432866393316833
1.4283864382903346
1.4293776889405712
1.4453787002663074
1.4690344573369867
1.4935920138214482
1.5170260470997692
1.5389341151774756
1.559417199431989
1.5785188084448312
1.5959321308016454
1.6108588896494063
1.6217775725778794
1.6260099404752608
1.6021662611161511
1.4539097811543644
1.2172270478345155
1.021792422555152
0.9536339230248533
0.9826133969115728
1.0239218212063304
1.0535170270047614
1.0411212026978922
1.0278800002221555
1.0251323000429704
1.0230810547141787
1.0233726689596128
1.0249429009396793
1.0282959947443444
1.033678142370847
1.041526148442155
1.0524667087614505
1.0668106126239576
1.0841505511742662
1.103515672144068
1.1238257512168923
1.1442503314191437
1.1643471352820738
1.1840447932808909
1.2035705053996897
1.2233576881330992
1.2438903127331067
1.265465989206001
1.2857199782220292
1.3041426992292586
1.3218875002792816
1.338684761375002
1.3557777918621587
1.3727317796748038
1.390095032126255
1.406155997869387
1.417385601006926
1.42244335102393
1.420577870157255
1.4119810319721855
1.3978599671925458
1.3801667637217128
1.4125346162930286
1.4449184609459111
1.4758422016634447
1.504355209331178
1.530058650725691
1.5528960080566463
1.5728914432708343
1.5899989087796165
1.6039803967075077
1.614003053292874
1.617864671535697
1.5942957168512415
1.4429645475250843
1.199947454417597
1.0053656211342585
0.9538285567020967
0.9710328778400614
0.9991313248279942
1.020833330099519
1.0168025967780132
1.0196131731169407
1.0264661997204125
1.028913514139529
1.030618349920655
1.032775768130519
1.035821272860817
1.0400578773282134
1.0471457410441856
1.0593310050658953
1.0769522415079589
1.0988108156309364
1.1232325797834957
1.1485897671441139
1.1735942584129897
1.1974286411330644
1.2197621353233608
1.2407127520667198
1.2607594363626466
1.2805449195439689
1.3005588208815746
1.3188244415879105
1.3350377868046215
1.3502521174627382
1.364225807096408
1.3779440359220385
1.3909605129654683
1.4035115418204225
1.4139915158985714
1.4197010015375375
1.4196195391319693
1.4133649762034963
1.4018431562446083
1.3886461862399402
1.3853571097661401
1.4050499673284353
1.4357462048048193
1.4678312948469405
1.4978823500068756
1.5244086516895394
1.5467950018439394
1.5649240937999263
1.5790163377352824
1.5894477021015314
1.5961434724715655
1.5974787394500651
1.571657717758015
1.420098019855193
1.1798392573131824
0.9932929194060981
0.9502355760432863
0.9556668198214411
0.9707965345203015
0.9875043604618227
0.9942907490844345
1.0109319202237466
1.0243661437141163
1.0310473029473757
1.0378174534913023
1.0446612115146845
1.050681157751434
1.0545718974202305
1.055383060002722
1.0717010605840531
1.0942880165908835
1.1217188961356557
1.1520421214888714
1.183246963812968
1.2136266382033365
1.2419762135904875
1.2676554247929086
1.290574106734962
1.3111074011807309
1.329894417212426
1.3475205085520965
1.3625979113678617
1.3752851857070731
1.3866157002314836
1.396498565765225
1.4056406966541617
1.413677929052971
1.420573255274349
1.4250168045718352
1.4253524678403162
1.421034239254453
1.4123152219403963
1.4011684922180005
1.3926410932173248
1.3949903376829713
1.4124516163689504
1.4398455921443987
1.4703084183985042
1.4993529525122313
1.5244390473526759
1.5443371077725923
1.5587489447878333
1.5680849779723844
1.5731837940116165
1.5745729319554143
1.5712045473422032
1.5396649064299255
1.3888559211875109
1.1585521000003953
0.9850228790803793
0.9437767628654243
0.934364040039174
0.9389621291068949
0.9551731633230214
0.9734164839573614
0.9998467917449525
1.01972454435915
1.0319629551233227
1.0453234520282302
1.0587444993621278
1.0704592123272845
1.0790886527558357
1.086189091293052
1.1001074937730737
1.1251226958351368
1.15751189398445
1.193811656726439
1.2311758327787659
1.2672899699699902
1.3004691809514655
1.3296926642112643
1.3545722385575887
1.3752645085636939
1.3922953260751714
1.4062932906217576
1.4166943303409862
1.4243352034835783
1.430267518579187
1.4346657978244746
1.437928395299405
1.4398716161044165
1.440218699302597
1.4381265746548486
1.4331331608883475
1.4251724036832099
1.415035451020232
1.40519728338609
1.4003416992467084
1.4058219348588097
1.4232923401107127
1.4492075153992117
1.4782080379003446
1.5057470398123112
1.5287490649173354
1.5455698079506444
1.555770667592145
1.5598427980034673
1.5588288996087931
1.5535835404459846
1.5436053788785662
1.5027288975823232
1.3526019552385304
1.1373728337980418
0.9794253636791945
0.9352651993033533
0.9066921450548804
0.9037171467317419
0.9242753309973079
0.9533132739317719
0.9868751754782524
1.015348482650052
1.0347369831109217
1.0560352654083338
1.0771737510164123
1.095762237468984
1.1106594307612832
1.1242155359905313
1.1430030686133328
1.171779807971306
1.2091665338761055
1.2513918192682596
1.294795671582399
1.3363885364237706
1.3739768002591723
1.4061481374569913
1.4321953294908696
1.452020464590524
1.4660046022545312
1.4748215667868172
1.4789719738323965
1.4800999062704316
1.479251964632608
1.4769418675417805
1.4732178093625836
1.4681530127792888
1.4612490742824662
1.4522334219501227
1.4418665101656667
1.430408007585916
1.418871330755105
1.4096503127956768
1.4065972724133633
1.4134554208859493
1.4310490251038772
1.4564541193310439
1.484885963817721
1.5116835181444606
1.533325621518964
1.547771820717034
1.5543869866297515
1.5536172382540887
1.5465185290167347
1.5340868685056064
1.5163598205012863
1.46369884055922
1.314256054191118
1.1171689642818015
0.9748680335687009
0.9254673690946196
0.8740958506843319
0.8656717847798848
0.8939366696141691
0.9325600805911232
0.973759459645389
1.014101738723366
1.0421872993509227
1.0725541718185423
1.102221198603805
1.1284265315098132
1.150500001067611
1.171585460036748
1.1977859443704193
1.2332082235113089
1.2769922475683022
1.3254500207652544
1.3744945100407127
1.420665321276485
1.4614082644423303
1.4950435542746294
1.5206399742734835
1.5379113081265943
1.5471448293769603
1.5491121733232118
1.5455931368131754
1.5390597661380736
1.5304719952194799
1.5206976716867069
1.509390226963173
1.49691324891889
1.4825464385201017
1.4665840118428557
1.4508650315674345
1.4356904798734145
1.42191225254282
1.411498249917838
1.4076504443144846
1.4136170857332824
1.4303859267783405
1.4555486204145693
1.4844382312773894
1.5119540819522723
1.533872725488262
1.54751394588523
1.5518411347753454
1.5471342755965454
1.5344411567066654
1.514947855879096
1.4893168994211923
1.4243938240458316
1.2762865154637015
1.0983969855731266
0.969565924200366
0.9150235101891833
0.8394320638634739
0.8261866177187186
0.8624936652397311
0.9096700789373986
0.9623219063526726
1.0181835424678327
1.0562995001758504
1.0965480626036064
1.135208186378876
1.1694713378444588
1.1994575166966315
1.2292000916523547
1.2645153199146195
1.3085267941260716
1.3598823961899276
1.4146206898190483
1.4683554854160992
1.5174102422905398
1.5591473444541373
1.5918777901120986
1.614659806559311
1.6271805764291565
1.6297519473806972
1.6233291429101429
1.6111190283844217
1.5963241379522808
1.5796930183283024
1.5624003032388782
1.5436729163372025
1.524146698543634
1.50286895548343
1.480575748026934
1.45985309423938
1.4406906698516042
1.4234157915658727
1.4093974170221188
1.4015592651453217
1.4036966342429256
1.417993893541229
1.4428264185270607
1.473306690881175
1.5034037350491338
1.5277293423138727
1.542569990692852
1.5462165141391353
1.5386986378780887
1.5211718949973294
1.4952383128318056
1.462356005568156
1.386427380891468
1.240739820317939
1.0811947057497058
0.9622940184687009
0.9045187452201674
0.8062392255510955
0.7873214729696476
0.8287724743543391
0.8840559519866177
0.9539833427264812
1.0288637607248952
1.0780409148093364
1.1286214897097515
1.1763777109956384
1.2188496893020269
1.257300990668663
1.2966807705220205
1.342328926060123
1.3960007669914125
1.4552403681590205
1.5154618745205006
1.5720230698210698
1.62131055085191
1.660971008350518
1.6896641205300245
1.7067324291927393
1.7120538637730185
1.7061126177964412
1.6901367336486925
1.6688058095881024
1.6458462761339312
1.6216515161963132
1.5976020206633899
1.5724949262378134
1.5471707099274958
1.5204360322130652
1.493241937859919
1.468450765600165
1.4454311147333598
1.4237195981281763
1.4039462029235847
1.3889521144449695
1.3839791448970984
1.3938088893896208
1.4182034294235792
1.4515428500496288
1.4861507923650048
1.514969599676381
1.5329206002879363
1.5374317416997492
1.5282635606186372
1.506835738106582
1.4754081896577658
1.4363902844221295
1.3515960246069865
1.209219119406939
1.0655844987536351
0.9530118956036295
0.8946329898682058
0.7780124861756375
0.7515580738343302
0.7933805289018846
0.8568451512242286
0.9497946859684346
1.0465859895608005
1.1075226132477725
1.1685638748461038
1.2252323369542233
1.2758308941856862
1.3230685535579114
1.3726947831220584
1.4291885206878037
1.4925178379581892
1.5587184666428413
1.6223921839159388
1.6787712607412222
1.7246641876623805
1.7584411040095604
1.7795117327418688
1.7878079891569456
1.7836009705259492
1.7676666879024263
1.7415628649474535
1.7113707981573707
1.68106382437414
1.650550930179092
1.6212847901489813
1.5916672794424853
1.5626326398434283
1.532742670735227
1.502865911697128
1.4756280863403424
1.4496510458479543
1.4236254498886534
1.3972989568556164
1.373114342076266
1.3579968776781803
1.3613102685179352
1.385502636671034
1.4230912573012349
1.463725720807302
1.4984131515133168
1.5206972335968456
1.527156050446524
1.5173186453627308
1.4929631024304804
1.4571279461518647
1.4132209882080615
1.3217408774684674
1.1828606674016962
1.0517394614464217
0.9428369121302022
0.8862700124275503
0.7576594316760132
0.7213849142394216
0.7589105730460308
0.8307831005190418
0.9506708891613357
1.07127673562582
1.1443564668842552
1.2157990257529443
1.281093119161694
1.3396203923950878
1.3956531638595788
1.4554452066323438
1.5221703123265096
1.5936882189801407
1.66435179405585
1.7280004359966188
1.7800475096543904
1.8181842414625708
1.8419679489174048
1.8519162210598035
1.8487679038142715
1.833286644416004
1.8065653470291285
1.7704807859186031
1.7323428057728565
1.696096657351508
1.6610975287917844
1.628740518408774
1.5971090346321808
1.567084448075135
1.5369631575702583
1.507172412154855
1.4796305020046563
1.4523663145107135
1.423496349934564
1.3919310406106005
1.3589821542216214
1.33185239065649
1.3265583362086537
1.3515439088033103
1.3947209044585245
1.4418531724556665
1.4824691918570347
1.509196365782722
1.517967148603493
1.5081068197116827
1.4817077271645533
1.442525027873319
1.394872857100338
1.2984179731418248
1.162383096865367
1.0401564557813594
0.9334901937484208
0.8805849152269256
0.7471859611789301
0.698858726934776
0.7289421354161008
0.8093030715240441
0.9575166387022807
1.1026273544581662
1.1879626592661834
1.2697335308576783
1.3434891357355327
1.4097437732283333
1.4741246262928254
1.5429363049703513
1.6177115502938941
1.6941376337527227
1.7650281823897163
1.8238069957916148
1.8665718973470018
1.8924175275307156
1.902485062567313
1.8986070808176665
1.8823630750221019
1.8549299597421578
1.8175936548122709
1.772440557343382
1.7277654205691406
1.6873054484344938
1.6499087605197427
1.6168452800576305
1.5860068510197214
1.5580475754080874
1.5309124580323497
1.504138102967181
1.4785483461447557
1.4520061459644416
1.4226449615297672
1.388980687935068
1.3508750952341515
1.3128516013144484
1.2963979857764494
1.324451806550376
1.3737560085213827
1.4261480259144104
1.4712410353646768
1.5014457041927503
1.51225280278565
1.5027127965741478
1.4750308600907227
1.4334533175051174
1.3829995802026958
1.282677745545142
1.1482068474406748
1.0316091995774512
0.9267184784467338
0.878879476985016
0.747552368070834
0.6852525130040854
0.7067375648358836
0.7954646955633019
0.9710990400474617
1.1401454980453463
1.2375921487978285
1.329695783682836
1.411977724328486
1.4857461098357347
1.5573793954544473
1.632712407715225
1.7115691374077142
1.7877864073112042
1.8531708837315997
1.901380728003016
1.9298373730272838
1.939509615267526
1.9333350903975939
1.9144297577845908
1.8850151637529262
1.8464014752113125
1.7997770535925122
1.7472024184597548
1.6976563391530322
1.6546592805683358
1.6167761617799001
1.58523720306365
1.557948706825382
1.5351336368835204
1.5141331167520224
1.4929956174391856
1.4712034166060872
1.4470897290154012
1.4195453473101167
1.3873911225337778
1.349659777886813
1.3070893040174114
1.2766197778292243
1.3115970388202143
1.3649852723724192
1.4196420281268538
1.4668218591366753
1.4990483219880242
1.5113866189211467
1.5024253217623857
1.474179023628309
1.4310728667173434
1.378584185792987
1.2750269539860797
1.1405639702206998
1.0269322289685685
0.923930544912462
0.8823856731193306
0.7585984814036285
0.6808491972752773
0.6944056050665668
0.7912744383540434
0.991749757039799
1.1829582615660532
1.292043372610038
1.3944526946464415
1.485402936003722
1.5662679394212704
1.6432539000955444
1.721251632651936
1.7986578393938557
1.8682153397864516
1.9216371866901822
1.9536799603082655
1.9637154783670996
1.9548587528931625
1.9317781472449826
1.898583700100919
1.8577486644706893
1.810299126426442
1.7569121869504671
1.6992456012856019
1.6465507514248134
1.6022821591865861
1.5651665648315893
1.5367950940109099
1.5154828198178254
1.5007245061545056
1.4885876324549212
1.4748630864574435
1.4577997849784825
1.436998674030471
1.412768668341021
1.3848137348469889
1.3521720228293708
1.314019716162739
1.2706703371664931
1.315668677282921
1.36806174142718
1.421665882541881
1.4687808452823052
1.5018789791009883
1.5154921544621458
1.507532275777227
1.4795154769178656
1.4357344037806856
1.3818888075950337
1.2754902860186745
1.1395264381805632
1.0267855811013717
0.9260222900329231
0.891985131314113
0.7789746452982952
0.6848870590372769
0.6926632700945174
0.7974598950495831
1.0190972106497973
1.2295802022700895
1.349363231071004
1.461742220258614
1.5612209535318595
1.648280610047253
1.7279150833848056
1.803736524717723
1.8733241889136951
1.9294565250352715
1.9649235478907667
1.9764656364344264
1.9658209835634657
1.9381975175622226
1.899631694034652
1.8547565110272277
1.80584617053318
1.7532341802136298
1.6966705809340423
1.6369298391380522
1.5828779455992912
1.5379860511888972
1.5017157216500878
1.4770937276158793
1.4639141936479303
1.4601238895746689
1.4586985587383912
1.4526286617357862
1.43993962400799
1.4223419938001176
1.401918781460015
1.379471436561499
1.3543750030781256
1.325622107689058
1.2994081643381292
1.3305460122321089
1.3783678488589592
1.42909290522529
1.47507273507556
1.5086324526079031
1.5237279575073355
1.5174512594429725
1.490582506459829
1.4470261253972216
1.392507039825804
1.2836606256548597
1.1449423991324146
1.03149105466638
0.933308451726773
0.9079156546882212
0.8061050691965949
0.695660524131148
0.7009754659730596
0.8135500360943562
1.0519973373289175
1.2779290778882422
1.406919148962049
1.5283793280906197
1.6356509833455142
1.7273608761549912
1.806368850687641
1.874876936774595
1.9304936049152361
1.9673688839596037
1.9805701428905502
1.9694874204600428
1.9382639520455187
1.8937837857592943
1.84286981790575
1.7901692954951218
1.73741434629082
1.6840236515479443
1.6285933045738537
1.570620680683406
1.5176333735866734
1.4725974074549826
1.4354933361675244
1.4130353527982173
1.4114310193360082
1.4220035061612557
1.4306565819513157
1.4299628884087394
1.4199220489381401
1.4046631346011575
1.387871433698712
1.371275722317303
1.3544819393019645
1.3360833950046822
1.3211598045844282
1.347908719019931
1.391167064291473
1.4387707321573708
1.4834873529354538
1.517660770096431
1.5347416055163432
1.53095905443636
1.5062121197244898
1.4638260655911814
1.4093829906039979
1.2986595250698216
1.156303017181199
1.0409455753775823
0.9455102584848352
0.9295150706266317
0.8363013644440342
0.7108229402007534
0.717865045592046
0.8381228790674269
1.0887287874333207
1.325722038046591
1.4619902579513708
1.5910914537442866
1.704795358781245
1.7990982717609227
1.8740952195654603
1.9306735071240997
1.967418923275156
1.981165821497197
1.97024124556136
1.9369505755419805
1.887453742112282
1.8296067471180202
1.7703587168056747
1.7139667632105207
1.6615050237165907
1.6115607303948156
1.5617249005935847
1.5103075352468616
1.4628648312479562
1.4211817158346323
1.3835013758413701
1.3512516736346827
1.3784529594652752
1.3985836801231806
1.409876046810692
1.409483262543726
1.3995721202899314
1.3856015728901863
1.3721517201470035
1.3614730949801115
1.3531753027145663
1.3450636996546583
1.3384752403970548
1.3648005510688257
1.4042999577294513
1.4489732885462663
1.4925115941972174
1.527476802051819
1.5469402556958995
1.5463114397523148
1.5245489124340734
1.4842590225036927
1.4307169566626388
1.3189676948471571
1.1725609393554952
1.0545888725390782
0.961787410598457
0.9550682048510355
0.8651715180348843
0.7279670862943614
0.7413186116291874
0.8691623179434596
1.1274145324344411
1.3711462027334704
1.5126627762822524
1.6476937680760742
1.7661170359258351
1.8608211018747107
1.9288785717373924
1.970148302896308
1.9850676399111522
1.9742164496292995
1.939789731034682
1.8868508746551165
1.8228575605813546
1.755797126108163
1.6921380609912893
1.635517924851038
1.586472588057602
1.5431220353847335
1.502570035740619
1.4626505051173562
1.427382289519525
1.3988913979515265
1.379106036090042
1.3741007080987018
1.381751996624584
1.3913775135988338
1.395782595737495
1.3910036119133007
1.37928948774147
1.3659967284301955
1.3558617988536614
1.351279983046383
1.3517551768873963
1.354418434760267
1.35531876711607
1.3821125543779877
1.4176386988749674
1.459141431919202
1.501195495523313
1.5366788019488014
1.5584341953290965
1.5611760207772962
1.5429486182701047
1.5055452669939835
1.4537595809958173
1.3421506544424506
1.191942457647125
1.0714139177816726
0.9808297116352459
0.9818533485851877
0.8883775596237729
0.7454887693985973
0.7692900092075811
0.9045092355406382
1.166555521138064
1.4135323664221942
1.5585977171435612
1.6979549545422048
1.8193869272176144
1.91256020496844
1.9716635606251698
1.9959212853361177
1.988217855009824
1.953495274298224
1.8980402635420521
1.829254435212896
1.7550467686583928
1.6827065915713215
1.6177281996196435
1.5630523864208659
1.5189364605329605
1.4834982342332486
1.4538923471570424
1.4279282897348575
1.407668974864884
1.3938169971817493
1.3861345924576642
1.3841822020753454
1.3853757945576157
1.386096916980717
1.382550974593211
1.372283839853713
1.3583112490590876
1.3456816499258155
1.3389858012517233
1.3405761679770676
1.349867705075134
1.3637045662295977
1.378513281996797
1.3999998060251153
1.4308590975620243
1.4685606783842682
1.508330632695467
1.543449309722932
1.5667412525178566
1.5724504908201384
1.5578356607062778
1.5238459430139135
1.4746229450609225
1.3646412999606075
1.2118690254360982
1.0900209230755102
1.0010340987611672
1.006493385518076
0.8604129148814695
0.7634576851381257
0.8002819620600364
0.9423867954146583
1.2055425118019512
1.45375163695413
1.6012760143501663
1.743646726353607
1.8665160613780438
1.956634824831178
2.005848884959135
2.013176332021828
1.9840815178294613
1.9278532198697322
1.8547635205535404
1.774161163464365
1.6936958404934268
1.6192264244847419
1.5548516972822581
1.5028048956329607
1.4633470151276913
1.4349679386092182
1.4150965882708364
1.4012096285827011
1.3925483227821442
1.3875339383821863
1.3847302357138753
1.3830093195475002
1.380713976897874
1.3760379301461387
1.366709703219269
1.3519919831698852
1.3361877205813553
1.3243209179422266
1.3208257862671096
1.3279330385211727
1.344902942696039
1.3680734662502068
1.3917005796143016
1.4140279198239898
1.4413280437264555
1.4749964112389602
1.511556825157953
1.5450117910437895
1.5685095376726244
1.5761728499862113
1.5647254088753515
1.5343370008239676
1.4883733401529613
1.3818708316672283
1.2291486057315593
1.1087078528047012
1.0207820427861907
1.0256442376631296
0.850209143027427
0.7837899963793836
0.8338916573711095
0.9819684678884664
1.2450618910216755
1.4941592268406363
1.6435387520469897
1.7876721693291087
1.9103166727733205
1.9960719148401103
2.035362980707779
2.027456432659753
1.980028036276795
1.9058828667083194
1.8187239381194078
1.729749113655696
1.6461462740270627
1.5717464723919874
1.508736751491993
1.4586155490078625
1.4219627451413916
1.3979634492467006
1.3844344140171183
1.3783920439766815
1.3767953769408559
1.3766635427365088
1.376311098618375
1.3746137668823
1.3703393602448013
1.3623770824485781
1.349174391224814
1.3312012709638217
1.3139296140292305
1.3025138992257705
1.3012594540598634
1.312208831293024
1.334342972201111
1.363360958677917
1.3924882098676863
1.418002795071098
1.4441737066209928
1.4743949081499237
1.5071030763663869
1.537529920895905
1.5596134008964053
1.5678100006553952
1.558672867436544
1.531772223481186
1.4896652373601977
1.3889459387885217
1.2404676891863755
1.1255628752005185
1.0387941112270742
1.036871286610626
0.8564950689604952
0.8092076877671679
0.8710680370664444
1.0239264749246608
1.2873266165934127
1.537984780620527
1.688483591252605
1.8326168045280116
1.952847337911031
2.032778842581147
2.062597679079847
2.0423207696794674
1.9812012916157533
1.8940168905942825
1.796468747901208
1.701501671201618
1.616768188767853
1.5438266068495294
1.4818954035506564
1.4317995167269888
1.395100163465015
1.372131213931195
1.361293507921294
1.3593485623439767
1.3617720216947495
1.364583963462257
1.3658705189376392
1.3644107413768085
1.3591042907645827
1.3491143664959773
1.3332306556299822
1.312683146755527
1.2938574638167388
1.2820676810690654
1.2814964864913938
1.2939544895502353
1.3181290448947927
1.349397812679432
1.3810475734237413
1.408908598203923
1.4349323494798696
1.4622462130524232
1.4906535555658165
1.516831296117627
1.5359076676223882
1.543125152208414
1.535275714194078
1.5115982169883388
1.4739121530169426
1.3817273066564593
1.242988876292042
1.1385045311752278
1.0544765868348829
1.0393477514804588
0.8767804408308602
0.8416946934264502
0.9137578473066333
1.070658284240437
1.3357866267781033
1.588110953102561
1.7380470474637348
1.8794009067735618
1.9942554359476974
2.066542471473788
2.087403256371661
2.0580757251692168
1.988819785106638
1.8948540722936729
1.7917469139789441
1.692470569272538
1.6069658645042026
1.5364041148913528
1.473976400724667
1.4211576388680978
1.3817011083024124
1.3572579086997205
1.3467279854888032
1.3466709315507084
1.3514967906384845
1.3563264898808123
1.3589219889976392
1.3578581890320787
1.3520159938164418
1.340622443923956
1.3225837489786225
1.2995667407890037
1.2786761333911703
1.2653744325685017
1.2637195155790626
1.2752714985055214
1.2984726402509188
1.3286716292931728
1.359624108253467
1.387211526374121
1.4118565812306854
1.4356934512487018
1.4590594147185034
1.479865248915406
1.4945701139238508
1.4994988985536197
1.4920193837165079
1.4713176210445003
1.4386154611454742
1.3578882840625464
1.2348224556961125
1.1452701792143838
1.0681192296677458
1.0339368068331622
0.9074313131840256
0.8816161321107048
0.9639028106712654
1.1254776165004958
1.3936552048669353
1.645550166355871
1.7919057587879108
1.926696915338294
2.032661968658293
2.095283275058633
2.1075904347487224
2.0722870215079983
2.000139849331732
1.9058574232847547
1.8037494078777432
1.7047995187216003
1.6155198208169224
1.547790854491412
1.481137797021204
1.423483454016119
1.3802276439763412
1.3535884336062871
1.3425981512494092
1.3435662349236093
1.3500634079909404
1.3564277632592552
1.3600848289966312
1.3593718437110274
1.3530742829228646
1.340375871378777
1.3201495331427089
1.2942983779016972
1.270565337644533
1.2545565336544982
1.2502025584765397
1.2587883116627245
1.2785060635201653
1.3047409772577676
1.3317480311080707
1.3556982373029751
1.37628735465453
1.3948634910275544
1.4118989486314617
1.4262109906498028
1.435483150612629
1.4371844143756047
1.4294243651482053
1.4115359482496235
1.3842941510864297
1.3175496346786422
1.2152965443867847
1.1435533745981914
1.0808041861062838
1.0224530673750318
0.9500555483588653
0.9357777327269103
1.0328102665117853
1.2025709666849127
1.4739278238273548
1.7192626530675197
1.8563126263495497
1.978100466786095
2.0693547847070293
2.1185073560322767
2.121393766024941
2.0822541705274675
2.0116363277909537
1.9226400788618516
1.827451473197134
1.7352054719919292
1.6506339665440954
1.5722999189569333
1.4996598121008486
1.4379045591453155
1.3919602178102943
1.3640034644834687
1.353053142280572
1.3552079789903417
1.3633175059824258
1.3710569859613149
1.3755438080178506
1.3748725155605022
1.3676704754219198
1.3530224794320398
1.3296438288293013
1.2996102817335464
1.271459152526445
1.2509906328622098
1.2419860165242869
1.2453391441219233
1.2588130489550833
1.2776537212850996
1.2965187253554402
1.3121057196509074
1.3240880916757274
1.333561392490352
1.3412014340839726
1.346624201695382
1.34866194719355
1.3459344738611527
1.3373721608360645
1.3225646385796384
1.3019117395023738
1.253214269265859
1.1791141185713327
1.1286431470913603
1.0963050876987468
1.0033991443053885
1.017461040953933
1.0349352206514957
1.1698855594267465
1.3617537754663136
1.627759110915666
1.8403461019424732
1.948353257895929
2.0367957467695375
2.09590167994293
2.120161524177169
2.1097834042408254
2.070017847668594
2.008823857645448
1.9342686272999536
1.852926193270495
1.7695874814582688
1.6877599372682284
1.6104706668954614
1.541124621007058
1.4837012835638184
1.4418354187878935
1.4174628062645862
1.409824207292586
1.4151027238921619
1.4255535224242606
1.4344935855812118
1.438848957955178
1.4365186908201282
1.42581653719714
1.4057183502384627
1.3745523637678054
1.3348118720439037
1.2968540039834389
1.2669993051424564
1.2488226079081333
1.2422777864847787
1.2436571299001318
1.2469005682219356
1.246624983365589
1.2409042180373129
1.2310243345432597
1.2192543619164298
1.2072669200369726
1.1957845913156657
1.1848451038854813
1.174183738853995
1.163518179638284
1.1526861161810507
1.1416664820782934
1.1213297778725848
1.0940375420054245
1.073811090505926
1.0400584894770504
0.9586642324759753
1.052297798488756
1.1372678205056106
1.3376202199885223
1.558448238789232
1.7781247634892448
1.9113279714518316
1.9677899231130538
2.006973387585374
2.026227375079869
2.02557918594964
2.007483285230234
1.9755877599283074
1.9331784938606709
1.8823813499879138
1.8249775024134856
1.7639939305970955
1.7038912246713045
1.6491144437857514
1.6028408683315982
1.5669763884171064
1.5428323040470895
1.5312550406151864
1.5317169168764226
1.5411284881054312
1.5523135798678767
1.559557250847593
1.5601003125619375
1.5520566332352266
1.5333223271592238
1.5029876554196517
1.4589134499236103
1.404590982813439
1.3534414086954198
1.3130429725602064
1.2874165424903048
1.2754216256868005
1.2692702025665639
1.256556733545363
1.2302843623228195
1.1936415403872926
1.1532018181171821
1.1140782169271328
1.0791682892643684
1.0496035560133332
1.025385715892365
1.0060087938107862
0.9909678571537403
0.9800288893069476
0.9731854898362777
0.970844240071813
0.9821581778162554
0.9876225198011871
0.9558900812755975
0.8941162082575058
1.031372699552189
1.169800915748721
1.404460586895108
1.6170894384267995
1.755244478529923
1.8096268916148655
1.8271473917724097
1.8354594750042006
1.83448246447772
1.8253511705501224
1.810258582969331
1.791575300169178
1.7707486349637183
1.7477191020242577
1.7217995053931385
1.6938086470184894
1.6667413518677667
1.643963410324345
1.6273267710113386
1.6167454489226878
1.6111308936387227
1.6098026746354748
1.6128765777475942
1.6197498005992872
1.6265323136381211
1.6293921412056915
1.6258217797196615
1.6140376162082881
1.5915066898529646
1.5571376802714159
1.508208419798245
1.4480065770720412
1.3907380533724196
1.3447930620502457
1.3159541080619006
1.3068953154543461
1.3173847621981012
1.276527069128032
1.2272859055913015
1.1754970416477672
1.1262776661327105
1.0831781390599442
1.047792579282973
1.019721805344551
0.9969475780365559
0.9768235345059969
0.9575858866725172
0.9394957835566868
0.9245938943475122
0.9128686599848186
0.9326024069274895
0.9550318374250748
0.9236121345565137
0.8862012807078
1.012944565031252
1.1387635789418606
1.3272881766824811
1.4786178190610775
1.5370797130376552
1.5411691310042523
1.5397556294871972
1.5365197782515088
1.5307554392988763
1.522642590849581
1.5138590043848574
1.5069025584396802
1.5038891047226943
1.5055439214835384
1.510764672935278
1.512569400678854
1.516214899364622
1.5241031468801294
1.5362021513846507
1.5495149102278392
1.558594444830448
1.5572124507270215
1.5407711630227925
1.5084229812676082
1.5240413316067056
1.5378637884201585
1.5475080265400498
1.5505323711823955
1.5450204333617858
1.528820427179027
1.498719877260567
1.4542979461603147
1.403928420395451
1.3526452233451747
1.3031198797290833
1.255581838099747
1.2091464883440166
1.1634407860161113
1.1194011741895606
1.0791338263516916
1.0453735797779886
1.0209327853853603
1.0082210284856619
1.0087812912458518
1.022790911065761
1.0485493394818413
1.0821115434662143
1.0234691441796622
0.9757390385522313
0.927656847546007
0.9450450364509663
1.0114890029947563
0.9587043899292259
1.0133362300125408
0.8331018125098658
0.9655609456646352
0.8883669699848307
0.8984291583875219
0.9832273987988677
1.0541158385094713
1.0911280540621449
1.1291974695713547
1.1712509669528548
1.218559560243992
1.270089111857096
1.3232909711459016
1.3754311522764437
1.4247340803810422
1.4708536323136256
1.5144042732342402
1.555559835330373
1.5923495915694208
1.6202783603596385
1.6342590597397961
1.6312124992276738
1.6113358422515083
1.577858345589265
1.5359753498137807
1.4959747493610547
1.4620379307070392
1.433331580265588
1.4109819941160064
1.3941630973109804
1.3845682888558672
1.3838527670781868
1.394991133425376
1.4166432039012453
1.4451332762710496
1.4753728317910457
1.5014637936831423
1.5177549454626587
1.520119669920277
1.4844447691636498
1.4569344236925013
1.4340676644561392
1.411821920739226
1.386605944785391
1.3561724792900733
1.3202595244958069
1.2807298948264014
1.2411396126715557
1.2058884425567926
1.1811939841338481
1.1235816275034962
1.0156490460897913
0.9303464672125418
0.9214071429147387
1.0763070017216188
0.8563836323329607
0.8364524349908471
0.8515455484637967
0.9046970578563217
0.989271681167601
1.029799292704007
1.0368915975228399
1.0433205268676857
1.062737320459831
1.0928849063614996
1.1299900221742063
1.1697358122544617
1.2084473991094462
1.2441440228041696
1.2770532499159368
1.3093964428759075
1.3445908636459223
1.4219752805830421
1.4844366427998668
1.5249074267450686
1.540681905425898
1.5339782673402822
1.510957328103326
1.479764531848635
1.45141484152782
1.4301407782512943
1.4156316707127168
1.4083919377243754
1.4082868440514424
1.4161092529550672
1.4333829156235587
1.4602914675829743
1.491135741153977
1.5211077439747167
1.5457636969077804
1.5619192522348684
1.5682261559967965
1.5650352142375519
1.5534833199489255
1.5345149952741801
1.508694488872853
1.4766595318720155
1.4395059600785047
1.3988008083219798
1.3563510063511994
1.313913657494496
1.2728828461610562
1.2339201075283788
1.1967652305054906
1.130709172884297
1.039280852473203
0.9801722620661673
0.9936668536397608
1.1486479828321696
0.8825216397599601
0.8268747211263513
0.846113395475336
0.8940460624782266
0.946066957230639
0.96226231411677
0.9657985561284683
0.9721428426959805
0.9854664441366191
1.0062992042171819
1.0328880757085301
1.0628768266731186
1.0943775818191304
1.1265634082509015
1.159773530046277
1.1950914661652807
1.2333672696290658
1.2737277786613745
1.3124284220368676
1.3439085295605675
1.363779628061953
1.3708963459701264
1.3674537744884827
1.3579484093876053
1.3486984766781767
1.3431037817223779
1.342127844637986
1.3463767272347726
1.3567394620872169
1.3737578213455404
1.3991450317199094
1.4321794735628517
1.4663951992031075
1.4980543747214208
1.5243671979719629
1.5434500725458813
1.553868528193675
1.5544639400553086
1.544710900308059
1.5251642611306044
1.49749034518943
1.464022999107758
1.4271702103913702
1.3890309820785907
1.3513327735363738
1.3155035991445458
1.2826157379093563
1.2531544803517036
1.2268057481628967
1.1826454759112743
1.1141325881966084
1.0470054744610189
1.0181895781018673
1.0987619524191345
0.904669563842828
0.8547702733841044
0.8777640741138687
0.9118259510201973
0.9344635675515849
0.9348373957037626
0.932879332902657
0.9329267426008473
0.9369429475249531
0.9455314325146866
0.9583754502900605
0.974842115064525
0.9943433640404836
1.0164091250042455
1.0405798986473678
1.0662773403733565
1.0927788807063021
1.1193194027732893
1.1452295442811216
1.1699656460208347
1.1929359694552066
1.2132288106681945
1.229699457554124
1.2418668841041525
1.2501340836874402
1.257079473566621
1.2650916759610396
1.2752887291359347
1.2894383878258575
1.3081892525593424
1.3333184570505614
1.363878957161513
1.3940013572644319
1.421169646922001
1.4444628982462762
1.463496943239455
1.4768591425620086
1.4823538448913518
1.4784811452651438
1.4654518943041166
1.4450979422677874
1.4199986135210696
1.3925741464415315
1.3647983392252545
1.33855975944185
1.3158989728823478
1.2985097047003549
1.2868998753429304
1.2798367345198005
1.2679823686478278
1.2116530433215986
1.1019325523313426
1.0011842452969362
1.0020946206507308
0.9130719461517172
0.8807976655659894
0.9060463214169534
0.9306207692523777
0.9390678066529554
0.9315726050200244
0.9253408798544285
0.9199442404341033
0.9168049229488503
0.9167112465465673
0.920048417837752
0.9270469302203856
0.9378475015863111
0.9524046495816499
0.9703613393265886
0.9910184024419554
1.0134346047504372
1.0366107493567664
1.0596900143654784
1.0821237992393449
1.103755210546448
1.1247449301570311
1.1451924335273076
1.1642489964280425
1.1790093588735846
1.1907126797892167
1.2019128081137975
1.2136651185767187
1.2278143224128004
1.244931692802371
1.2666315815255993
1.2920750382065647
1.316375286125323
1.3381302971088782
1.3598975304213998
1.3825579532061845
1.4026459621005491
1.4164537593347892
1.4215116159820442
1.4172900623028404
1.4051230613272545
1.3874245378420695
1.3667499052487115
1.3453690075803033
1.3256180345984452
1.3101830826824337
1.3012044616383516
1.2991694682370056
1.3024118528954989
1.3077751992384141
1.2548526253378778
1.1160960405527947
0.9792668562958919
0.94859830027561
0.9160199977226466
0.8943565136202725
0.9192466955377324
0.9402224176490387
0.9458618826077125
0.9372576707143627
0.9299949894181174
0.9227872421418113
0.9169239575743606
0.9133356941326822
0.9127294507729723
0.9157134355569031
0.922764022848294
0.9340740011402321
0.9494146967422937
0.9681097074672721
0.989118835829479
1.0111811631402394
1.0329970626255836
1.0534620300126838
1.0719295000799705
1.0884008540564554
1.1035109322001249
1.1182574435033412
1.1368050032071484
1.1518054441439194
1.1655778198771758
1.1788652945999327
1.1934467774862982
1.2097283171067665
1.229140989915507
1.2508492947253032
1.2705408889765848
1.2859209260045177
1.3140182748435563
1.3426169571780378
1.368606565507576
1.3885342653699644
1.3997394559728704
1.4012270508655822
1.3938294524077512
1.3796140638217134
1.360945584634899
1.3398590567622337
1.3184411877107083
1.300366733262331
1.2904742070240824
1.290180676990361
1.2967591610211464
1.3089816550989637
1.2595059726334525
1.1138709649641834
0.9701919833205825
0.9320736344773488
0.9191789789544972
0.9047126101646085
0.9278013621458845
0.947511970780795
0.9544038359647222
0.9471504535827097
0.9401705337364871
0.9326126523455789
0.9256739523065883
0.9203569181060872
0.9175624585764611
0.918152726326141
0.9228564751643938
0.9320681444568206
0.9456854774744001
0.9630756974603061
0.9831424402032097
1.0044367091924462
1.025328464313477
1.0443030752196392
1.0603838997123693
1.073572361151002
1.0852389252191978
1.0986081824225793
1.1144363941020756
1.1299281239860235
1.1446804777463282
1.1585224222202346
1.172903410027725
1.1880196280746294
1.2051101804175572
1.2235262424134765
1.2404401290045741
1.259386839165864
1.288212791275281
1.3204572003695307
1.3511086144585758
1.3763270946382338
1.3930142376225534
1.3995533716676078
1.3961298780502358
1.384328805965953
1.366240979282601
1.3436232901052032
1.3178024208597263
1.2914281768804725
1.2729965179230631
1.2709454227411319
1.279908698974538
1.2976731660821015
1.252565829528687
1.1076810422083718
0.9663197132776535
0.9252019388887724
0.9344024566516544
0.9140185598331909
0.9341332982236754
0.9546675170924344
0.9657273898112256
0.9616111141060476
0.9560180405925391
0.9493613030803932
0.9426768839605171
0.9369212631899724
0.9330861580879932
0.9322403485065468
0.9353752622708598
0.9431242430155193
0.9555436047026264
0.9720679254230987
0.9915837806676218
1.0125376361398395
1.033113219971214
1.051584824590621
1.0668656848727855
1.079088160962979
1.0898829179744052
1.1017918885995959
1.11476747614089
1.1276826146327426
1.1404450700307618
1.1525144203719293
1.1648200844665126
1.177332968608719
1.191016163424052
1.2056288703896854
1.220543500598376
1.2417857298654518
1.2732347108976494
1.309214136415529
1.3447521039947168
1.3756376855849441
1.3982099767663205
1.4100735153641504
1.4106014692813822
1.400778103656787
1.3824395389413575
1.3573345801224788
1.3265502172162877
1.29088880774212
1.2545632314040889
1.2422077516847172
1.2548663684487238
1.2786326262009031
1.2380921607054522
1.0990226873829227
0.9663861448443005
0.922981902839747
0.9488634754129147
0.9220602599807606
0.9391932177895107
0.9630088841368314
0.9799806444836151
0.9801848088340255
0.9770596846375831
0.9726473466253341
0.9676522504406562
0.9628077570842112
0.959087616608443
0.9577608671318992
0.960154175946874
0.9672210706347643
0.9792098370013492
0.9956169666419428
1.0153195681868628
1.0367220231490606
1.0579400821715426
1.0771545486650456
1.0931559716118193
1.105861576014566
1.1164015717495186
1.1264605107232117
1.1360372005790815
1.1449787433332936
1.1535912019197292
1.1615851820774934
1.1695470731614301
1.1774224399012005
1.1858498212612387
1.1951137947587163
1.2071555492496269
1.2304674969674207
1.2658436716109671
1.3065479874788632
1.347707748300349
1.3849014325611213
1.413906947084834
1.43147997560201
1.4360851002018709
1.428044127526059
1.4090053762997463
1.3810380487360696
1.3458438602245368
1.3044841744633007
1.2577279192610784
1.2067804129318307
1.2284657123857068
1.2564907319607386
1.2187382286371167
1.0891314725882777
0.9702312983566354
0.9238530289182375
0.9591834118172401
0.9278013005936976
0.9442478120084111
0.9743523640647854
0.9971337396934438
1.0022545268426526
1.0026984194612494
1.0019465575485083
1.0001203983048454
0.99754070604849
0.9950966294317041
0.9943241199835526
0.9970162741938016
1.0045235127533372
1.0172513365556328
1.0346670743728137
1.0555745507076002
1.0783375296838589
1.1010513882155684
1.12182711746696
1.1392370791704214
1.1527357168069579
1.162736823799722
1.1701933190105163
1.1754336258229492
1.1791805031417746
1.1820211002322372
1.184084537670757
1.1856452700648799
1.186769521143327
1.1876471905224626
1.188964620990259
1.196076468434336
1.2224638344585474
1.2632436114537136
1.3095878977853401
1.356963160802015
1.400911273368118
1.4367310802592754
1.4603567800763235
1.4693292523225567
1.4632802981263915
1.4436945533723595
1.413123650078925
1.3743126165402544
1.329730339838093
1.2819362141153199
1.23663096126649
1.218910297282683
1.2356463753121292
1.1967884068479346
1.079035503010247
0.9773603843673344
0.9269520032563713
0.9623168567911404
0.929285208302151
0.9500877515480088
0.9907493110006498
1.0167925094644912
1.0272679164310246
1.0324732684020201
1.0368069034595997
1.039549682046034
1.0404895427683303
1.0404793019324623
1.0414944084224436
1.0459354129414702
1.055505981418812
1.0705695558202746
1.0903580485625064
1.1134797833940286
1.13822878522194
1.1627119419483671
1.185011671634779
1.203489513997062
1.2171232359919697
1.2256551128479551
1.2294386266890984
1.2293192503271253
1.2268549130073656
1.2227887668809563
1.2176823356421371
1.2114246878265986
1.2042202497836563
1.1955622434700757
1.1857616289958044
1.1834161721356022
1.216066196825355
1.2634401402883222
1.3155583036943077
1.3689505128773194
1.4193682335648727
1.4618188438844377
1.4915706329332854
1.5053207378211393
1.5019868297233925
1.4827843475007534
1.4506180001507674
1.4091646189620686
1.3621628568228588
1.313367615391805
1.2677235802649052
1.2345006431099068
1.2192276283373242
1.174059000835612
1.0695775851788039
0.986948997094152
0.9317747082347617
0.956308448975063
0.9241753220605768
0.9553506827779868
1.0140207734016737
1.0377363932911015
1.0547988354011169
1.0660782060290943
1.0767739967112866
1.0851790883470525
1.0906048795440586
1.0941268399068633
1.098462553873978
1.1066669534895481
1.1204835499491557
1.139807354403412
1.1633342380665648
1.189345071441966
1.2160644830368759
1.2417009800733145
1.264447931978372
1.282616022509501
1.294879925450483
1.3004979894834883
1.299390234973352
1.293067885461603
1.2838144820239261
1.272385100908099
1.259723057702727
1.2452835062417127
1.2294257087762068
1.2109499239229304
1.1894748764424625
1.1662605159727075
1.2140872908595435
1.2664679101024294
1.322682467653997
1.38043558191046
1.435805619383887
1.4837654825490478
1.5192024360549385
1.538141556556471
1.5387370043549364
1.521648611056311
1.4896850359636182
1.4469398879573596
1.397870627644516
1.346755156397124
1.2977710503672935
1.255624524625961
1.2084909908987906
1.1520591492147787
1.0614277093304827
0.9978113103954441
0.9379034868118531
0.9408562008398041
0.9107106610215382
0.9546607240370681
1.0451159565722188
1.0573862612272371
1.0844404296325398
1.1031840484232633
1.1211267705216494
1.1356548244881468
1.145967027663949
1.1539614907715678
1.1635310702826578
1.1781642928805622
1.1989263248113473
1.2245973760178175
1.2529922285839057
1.281970518222084
1.3097709862195754
1.3349077647963403
1.3559602140171225
1.3714960008172814
1.3801992956732556
1.3811280736302722
1.373971130733218
1.3609927822961954
1.3449840693772113
1.326549880794429
1.3069294992045202
1.2851958350377954
1.261995223452439
1.2360850972952968
1.2090762182212347
1.1952508357334537
1.2253948877150247
1.2750517781537507
1.3309682299711618
1.389523779989979
1.446823109082
1.498037930460541
1.5380351374536516
1.562394362902083
1.568416243329072
1.555756825481489
1.5264374753564092
1.4842354356051215
1.433744236388192
1.3795189984617557
1.3256101644069624
1.2755292257064823
1.20311267159532
1.1321244574327316
1.055139512135476
0.997808462647812
0.9450323483844345
0.917434417124674
0.888568773653421
0.9414111846466121
1.0304307841069074
1.0725534758912805
1.1157253355968422
1.143288437200469
1.1687057670337153
1.1888198016892342
1.2035479093527857
1.2167439555015023
1.23395979334544
1.258334620486788
1.28906898646601
1.323069026253081
1.3569577953959666
1.3881676114147659
1.4151636989105478
1.4371182628916392
1.4534116786206548
1.4632889885164013
1.4658322060673101
1.4602177661151716
1.4461053455197324
1.4265103083701032
1.404414400184818
1.3801051749601483
1.3550057451439
1.3279395644208145
1.29999802971848
1.2706174413126912
1.2442706413290285
1.2346039757563578
1.2531636029145288
1.2924992929288874
1.3419733075098168
1.396219436709147
1.451160407152742
1.5024039947917296
1.5451663992760798
1.5748055888718575
1.5876496945540635
1.5818455624071057
1.5578701952225806
1.5184249373671916
1.4677296782224125
1.410548082071697
1.3513594477678708
1.2939182654821495
1.20248289305062
1.1154128108311343
1.05134309577933
0.9961553360565616
0.9531394047509483
0.8889144179621371
0.859237803715556
0.9145437850924918
1.0051559785400621
1.0822115746524503
1.1483077459361268
1.1858271313644861
1.2181140492437683
1.241977709873685
1.2595402212505469
1.2786052032535296
1.3065750997033476
1.3444289404362508
1.3880169839673597
1.4317503847562105
1.4708972087192516
1.502598821580475
1.5259176015700804
1.5411818876736512
1.5490847362224642
1.550002370164298
1.543782989845856
1.529990240550971
1.5084030494024856
1.4826916137788124
1.4556657623695661
1.427146458425206
1.398609573664061
1.3687714306940983
1.339180253114412
1.3100610587290917
1.2869288577979776
1.2793045999628185
1.2907840279193659
1.3184616112032168
1.356896739559543
1.40182326842445
1.4498619605685268
1.4975689378470152
1.5409041921158988
1.5752016666418107
1.5957235353546628
1.5987115508590524
1.5825004614895544
1.5481033849229975
1.4989418684513693
1.4398908572770373
1.3761397479564195
1.3123272749121382
1.2066540829596133
1.1028565160004884
1.05039649673535
0.9947035650806115
0.9625952771815105
0.858844132540126
0.8257628722071445
0.8786500064031922
0.9742607763466061
1.088633813104806
1.18238439196499
1.2305845216306306
1.2684029129668668
1.2927856839276382
1.3103373946751367
1.3364054513909767
1.3790584291692791
1.433842761585845
1.4921535242342778
1.545757658792609
1.5886528205346717
1.618006234306356
1.6339949749147114
1.638682085680202
1.6345758138617088
1.6235485766319138
1.6064495707165551
1.5833637807970353
1.5542410540928986
1.5232414245627408
1.4926739922524215
1.4617911147172507
1.4319903720124798
1.4019796050101778
1.3735941821274817
1.347499592747449
1.3286523271169364
1.3227134579852808
1.329738167019525
1.3477063742881874
1.3741188477960515
1.4070363347903785
1.445000351860118
1.4863173242991359
1.5281726194483567
1.566104109066628
1.5943431755654045
1.6071101139688382
1.6003455500018346
1.5730262064164706
1.527426053254265
1.4682979439701151
1.4015010637752232
1.332721550464041
1.2162065125554544
1.095204334038316
1.0520409599736071
0.9953124708704696
0.9741079639225853
0.8306624431809542
0.7920006753747744
0.8403564430697157
0.9437892099176665
1.0956593913855073
1.2188813389121265
1.278023373331736
1.3199239094368826
1.3406798672036115
1.3538495681379554
1.3895428858108445
1.4510811994413302
1.524573368131635
1.5973621800349926
1.6590128358493392
1.7025996216173178
1.7258057578911916
1.7305127539493035
1.7210423317817272
1.7020576021477192
1.677071319539141
1.6479445482163642
1.6152360111231592
1.5790103846078751
1.5437260789500469
1.5109733837431765
1.4794076951697948
1.450243752310515
1.4222223332413442
1.3971988839446747
1.3758421665156355
1.3617468569233684
1.3575589814711913
1.3617414745789191
1.3724853911703714
1.3886321229007905
1.4100627931949632
1.437460036631915
1.4713197010778112
1.5104621703126735
1.550936492525901
1.5862098103354119
1.6087406580898527
1.6122368630122519
1.5935838566982046
1.553630820007694
1.496631591065463
1.428798361452691
1.3567117687108177
1.2317289089472911
1.1070775486074422
1.0569082098344296
0.9994762274074206
0.9885310088434394
0.8070791526097512
0.761713718777258
0.8059763645865211
0.919405798711082
1.1070003737588685
1.2589720515264975
1.328893297973596
1.3742692660396494
1.3882978021084713
1.39052389961233
1.441206778331629
1.5238619397333653
1.6145720898090763
1.6987062722530402
1.7643350922830485
1.8041575635410776
1.816977119034101
1.8069059272548218
1.7808200950257607
1.7455669465255073
1.7061383715429415
1.6651715377012157
1.6234846090042176
1.5811188218974561
1.5426473675570294
1.5088766527669246
1.4779216795657268
1.4507541344675947
1.4261386148275315
1.4056767566680275
1.3896841165718168
1.38013635199813
1.3774943983556467
1.3796955005796905
1.3852904174314935
1.393931317826489
1.4066212852585371
1.425557755712578
1.4530593561249028
1.4895666730499055
1.5319130522158768
1.5732819966110823
1.6049599951805065
1.618918413524477
1.610137100502752
1.5778462559599047
1.525350680167102
1.4587300935668386
1.3851192162797223
1.2534412353618232
1.1221768496299818
1.0660649193511753
1.008084131966661
1.0066081052320228
0.7897158538755069
0.7378483605628992
0.7803110392201449
0.905385479254327
1.1253394430830406
1.3032054875783003
1.3831512324522912
1.4323626146467294
1.4406604263099998
1.423484831023506
1.496862361108536
1.59756497499657
1.7002791022443564
1.789922863311317
1.8536941750563898
1.8846244073978526
1.8832540128777204
1.856227873461316
1.8129011489627032
1.7619565071540157
1.7094119915271615
1.658263302868433
1.6092817677755074
1.5623149150149982
1.5218808466572755
1.4880766511523214
1.458604544137768
1.4341730292596024
1.4135209030802818
1.3977721869842685
1.3866567370999008
1.3806182985296735
1.378747395952127
1.3791478267385024
1.38102472799155
1.384775676935806
1.3921065338633318
1.405979837598468
1.429711319207248
1.4648732062439314
1.509144255943976
1.55593926870363
1.596100669118531
1.6205182317473945
1.6225982097671938
1.5998592121441466
1.5542349006681615
1.491143227662693
1.417849916994523
1.281044462901818
1.1410662238230578
1.0800730812992232
1.021317958818386
1.0287059843658337
0.7789878993113994
0.7221776642901309
0.7662449330028113
0.904185884685085
1.1518657792898843
1.3508640209583007
1.4391622527677117
1.4924128142661384
1.4990278441996574
1.4576638735285463
1.5580716584094656
1.668785399705518
1.7759560367474967
1.8637699054389907
1.9192559536955145
1.936622871603398
1.9186425947395254
1.8744461873037017
1.815384342264821
1.7513069012050952
1.6886309502711812
1.6302406185534926
1.5765663494133642
1.5271148125960599
1.4861708250543613
1.453268087963132
1.4258520003745803
1.4043606752005098
1.3874310972082955
1.3755781409367818
1.3678629361809362
1.3635346499677985
1.3611393552637396
1.3594106674111852
1.3584182249567074
1.3593028163220326
1.364217607576161
1.376324790029715
1.3991604460665032
1.4347901715869205
1.4815900861359481
1.5335738996261499
1.581784151457543
1.6166622395909218
1.6304298624411118
1.6189167313876802
1.5823756513453797
1.5250887591368032
1.4540164661438029
1.3138187164976698
1.1634439099982457
1.0987262469528756
1.038650192282089
1.0545602220029984
0.7741826096746727
0.7153013151997601
0.7648684138594488
0.9164356951983704
1.1861078466819355
1.3998685130676265
1.4938511609107403
1.5502742719752929
1.5576232130816448
1.5253382579815227
1.6188817755468556
1.7313770019594668
1.8351832364731921
1.9139004786004654
1.9554491478873413
1.956079811123917
1.9210268399132706
1.8614847836895743
1.7900075471378956
1.71679277652467
1.648025930734413
1.5860919128102104
1.530887023831978
1.4814938432917082
1.4417537197518115
1.4107623231498911
1.385833441553206
1.3671095921775835
1.353052631546913
1.3435712352555298
1.3371446973546273
1.3323377730447894
1.327938120809793
1.3235738530427419
1.3202278626608808
1.3196889678376849
1.3243294265296959
1.3371259893552991
1.3613092083153429
1.3989400816015196
1.4488869652925973
1.5059495022547205
1.5618199946790055
1.607004563800255
1.6329375695295765
1.633906869060975
1.6083385737374771
1.5590195813160888
1.4921901162514721
1.35093235376469
1.1884109966194731
1.1211300435158953
1.058903839438742
1.0830613517655014
0.7737614229454386
0.7169087672699885
0.7758396804762093
0.9411219231103215
1.2260497631918683
1.4472424090930895
1.5436842072708241
1.6016183705988782
1.6097601414055092
1.5780891574366256
1.6721686124436637
1.7803257950479625
1.8739415928832563
1.9375591832401389
1.9612372239694251
1.9439221281592776
1.8931892970817858
1.8215870598673
1.7419658377659688
1.6641005433235896
1.5934558106683128
1.531692324534399
1.4781135531692688
1.4313671587440242
1.3946149166992816
1.3665605105735075
1.3444450285036604
1.3280775386181907
1.3157193076280995
1.3068205329181195
1.299499466830534
1.2921981560556501
1.2845907954923785
1.277286920379596
1.2720782803930448
1.271201365862319
1.277006232613516
1.2920147062128784
1.3188469032907681
1.3592672971772826
1.4124857811872527
1.4741638689388845
1.5369175319139112
1.5917087011528155
1.6295884589210232
1.643587062942349
1.6303529480246515
1.5909690182735485
1.5305822416189514
1.3916738393019086
1.2149433872374396
1.1459033112190342
1.0803567497057542
1.1121403662934632
0.7760330347537894
0.7262276825694955
0.7978193641944579
0.9758828559372902
1.2685409314438498
1.4899920856567608
1.5860628698361678
1.6443218438331018
1.65365317883046
1.6128911909010326
1.7172617606452614
1.8154608885977084
1.8931586381976995
1.937343669653585
1.9411321285269423
1.9063763212908793
1.8425220081135765
1.7626359544825798
1.6790430460310328
1.6005201435013983
1.5315292466755994
1.4729467777171172
1.4235298751750713
1.3815228634588304
1.3491883176550319
1.3248221961300317
1.3056124094786643
1.291039975627618
1.2792154159654094
1.2693574928820763
1.2594724534216126
1.2483508162144838
1.2369700964768429
1.2268764185169423
1.220474927789863
1.220203619695367
1.228161766340552
1.2462235753243767
1.2762213691579598
1.319461379375014
1.3754026266118862
1.4405942204640043
1.5087379397449858
1.5715611418895126
1.6201591098980876
1.64673415788119
1.646418986222034
1.618565385036761
1.566924866488856
1.4350325958990848
1.2423407995240563
1.1713756303386351
1.1009073478630265
1.1388501758457665
0.7803099952006095
0.7426019029413189
0.8289680346784585
1.017452809050858
1.3099641250056009
1.5261437957085253
1.6206923312914072
1.6804151386059274
1.6958855770895447
1.6875179819996873
1.7624022765762526
1.842403965543272
1.8988666708357338
1.9206839995490208
1.9040757131236363
1.8534265837696127
1.7793110328758959
1.6945100299507567
1.6102124456798734
1.53386977093712
1.4688538280440369
1.4153109510759887
1.3715432157715965
1.3354232745500907
1.3081711866842354
1.2876688950677064
1.2710872002030391
1.2576656653537304
1.245460134200743
1.2336651488928603
1.2203594435788538
1.2049775936764102
1.1899623221484263
1.177672528035706
1.170913181406778
1.1721058975887604
1.1829321823311474
1.2045008120267644
1.2377411959857398
1.283369035771986
1.3409923089283702
1.4080269567060404
1.4793489613061235
1.5477043575949294
1.6046771330384877
1.6421919620146883
1.6543279628792842
1.6388804587759263
1.5980180684603422
1.4783717970122991
1.2894322578227353
1.1957520702478073
1.1183458980756695
1.1597420488911074
0.7880513092034113
0.7660738404817589
0.8675590294151323
1.0623532804017826
1.3470222965559246
1.5556559861347996
1.650608416931262
1.717036701840292
1.7495925858511907
1.7696460230450353
1.8176354185076895
1.8695791705931428
1.8996391451779764
1.8971965630881844
1.8606873161282438
1.7961168279722834
1.7143023682897542
1.6270736997615078
1.5441230170911986
1.4714736975914107
1.411459922874994
1.363607612340045
1.3258534577162668
1.295713687236431
1.2733432961204092
1.2562625021447833
1.241687209586526
1.2287468695413253
1.215527000922934
1.2013371118766152
1.1844292167031762
1.1650071037808305
1.1469314241600412
1.1332082780709527
1.1268564365709057
1.1301364954443904
1.144242820559996
1.1695009823294522
1.205887775877942
1.2533802682307678
1.3115459886973775
1.3785464068515347
1.450436255688224
1.5211678210890216
1.5832311463692768
1.6288697214638714
1.651706781664798
1.6483482301694063
1.6193641085635246
1.5162828743929226
1.333797707037977
1.2173313788808235
1.1307625675474375
1.171553824265503
0.8026914173217576
0.7976915450554871
0.9126741585594091
1.107878764334047
1.3774081490487213
1.5811557041422473
1.6825853464794143
1.7638282392969384
1.8187392212860174
1.8536679215348517
1.8818424927892388
1.9020830277714171
1.9025454215055635
1.8753301093937516
1.8202926601759644
1.7439694107189976
1.6565795409779813
1.5685459581625039
1.4879374733723982
1.419416222483867
1.364415922085773
1.3219696991463963
1.2897229610476717
1.2648456912256807
1.2465226211762672
1.2320110530283996
1.2186257227248471
1.2055033573156237
1.1908000995717904
1.1740177549254842
1.1536176272075047
1.1305801072296426
1.110020423601687
1.0954108411051209
1.0898366422887902
1.0953249692150364
1.1126071971091243
1.1413242663633003
1.1805738884860006
1.2294939408190244
1.2873184628781347
1.3526549739920963
1.4225973106926355
1.4923839622462325
1.5557344105006445
1.6057497065485276
1.63622687046442
1.6431020632584163
1.625569407417642
1.5412882550627445
1.3696091465827707
1.234893755258636
1.1370356135904127
1.172044829521394
0.8278695758750636
0.8392192621576957
0.9647374792930049
1.1533657567867361
1.4001306179900677
1.6089195503210638
1.72534371151347
1.8245362195628083
1.894762622484165
1.9332380979383113
1.945580384654192
1.9378428403333972
1.9100600090570696
1.8599808728588656
1.7890101166367458
1.7034714025633202
1.6124194371562024
1.5246799001833786
1.44677440430117
1.3821884374588118
1.3316397063632772
1.293800624092625
1.2660899547936895
1.245349409524625
1.229957393665408
1.2170146380854563
1.2039562402377724
1.1900055376827228
1.1733886695836844
1.1538355104987836
1.1300049574929816
1.1035952479745268
1.0807887973254302
1.065350921098515
1.0603180796424525
1.0674524845854496
1.0870941119695348
1.1183747567542013
1.1597256797938607
1.2095097620308175
1.2663728190614103
1.3289170400869024
1.3949244717394214
1.4608167268987784
1.521696635948956
1.5719102691850255
1.6059911113674612
1.6198199764443746
1.6117075373863328
1.5462432835191633
1.391648371524943
1.2482162495233418
1.1371877339286136
1.160616432021337
0.8656393263223493
0.8922208881524194
1.0254287099497046
1.2016142458003645
1.4154174954675598
1.6494617306157102
1.7831124364899216
1.8936363052224927
1.9683189533766274
2.0025169956286866
2.0003882640648225
1.9707096955592145
1.9202831608715363
1.8521546555477257
1.7693986595143236
1.6778338147497096
1.5851707387632925
1.4987232081097208
1.423704498526557
1.3626846439555251
1.315876664490481
1.2817285668845757
1.2574964768625827
1.2397202270262462
1.226147913368007
1.213813123376009
1.2002649702450572
1.1848605790719484
1.1658686620711998
1.1432582185580376
1.1158394482727156
1.0859417391225334
1.0606640440803963
1.0439181606153385
1.0386005331199148
1.0461868863325436
1.0666906200079953
1.0989051072730642
1.1408577408857072
1.1903673940670827
1.2454630929648443
1.304371412959439
1.3650773381244958
1.424850043780029
1.480087733540029
1.5265525488551819
1.5599395416898323
1.5767000018049242
1.5749431106888447
1.5267095156248662
1.396131110121169
1.2584316268860207
1.1322506751549313
1.1383334204198166
0.9155959514869969
0.9568979038431572
1.0966169485705701
1.2593326865575396
1.4243096352758484
1.7104112459991212
1.851379495389193
1.962590089217622
2.0324891740070545
2.0571170362038393
2.041303972424719
1.9955084345118836
1.929848960230017
1.8504583120459628
1.7613555088938644
1.6676462376208057
1.575780508913114
1.4918378719473837
1.4200571008050167
1.3623895777271078
1.3187680947883997
1.2875589005190484
1.265922663811012
1.250125448793627
1.2374345136584488
1.2248851927542599
1.21012250974817
1.1926659977281584
1.1707868395089427
1.1446917046987086
1.113274825119365
1.0794093214626568
1.0510249060167605
1.0320703330287593
1.0252311637492222
1.031669556835445
1.0511005742893305
1.0820860109195682
1.122454155988733
1.169750785030744
1.221584539095952
1.2757382184888502
1.330044783812548
1.3821744755272538
1.429498302333044
1.4691207530083117
1.4981265941358333
1.5140480609136915
1.5154634160549152
1.4820362520332042
1.3808851695257185
1.26788759993308
1.1232514076339242
1.1072538588782568
0.9848848530492758
1.044150934592356
1.1931762232122598
1.3474829459654571
1.5385627097951082
1.7992228605714702
1.9327962364321447
2.0330838310313393
2.089203665887046
2.099022557437521
2.0690845992708975
2.0112367274495306
1.93704509922211
1.8536219208157765
1.7645893073585233
1.6737734260254769
1.5863259726807741
1.5072938663301505
1.4401970392815382
1.3866217104812195
1.3464546618338322
1.3181524907982793
1.29885044857056
1.284523981383404
1.2720099543826078
1.258413112968427
1.2414706751908546
1.2209170125706088
1.1949721342439388
1.1641124853164107
1.1272346478079154
1.0877576083680045
1.0545650753315854
1.0315629032271576
1.0211254304181272
1.024004053632726
1.0395503358944362
1.0660960091884457
1.1013716112101428
1.1428630509849367
1.188031098078237
1.234396690420291
1.279577349918617
1.321351750085171
1.3577443386140284
1.3870827728638115
1.408035257990358
1.4196878754133266
1.4216912771859955
1.402101465533072
1.3373976160184442
1.251735888214177
1.1063902349507777
1.062655665511161
1.1019718659509605
1.198437746764203
1.3751778059458473
1.5399981217238452
1.7428095951528972
1.944625911738184
2.041634960500412
2.1061994617118174
2.130282170824284
2.1152486718425645
2.069830226000764
2.0063355835357224
1.9360467428728798
1.86474672466459
1.7924291120245985
1.719259016017019
1.6484161813348917
1.5838915831743192
1.5285958196894796
1.4841225959058848
1.4509022420312776
1.427951205352255
1.4125313036452065
1.4001592188646594
1.387057491947423
1.3705791221720058
1.348618235776479
1.3213279637718456
1.2867273389956138
1.2457366675025832
1.1970315545169343
1.1448468735749373
1.099911834592356
1.0659960724034807
1.0448487382890648
1.036393803548484
1.0392350126788696
1.0512516773268554
1.0701109992643314
1.093563990053327
1.1194949011061963
1.1458367816842596
1.1705384193140365
1.1917192523395632
1.20800760236428
1.2188822034220606
1.224764423617763
1.2267581731837356
1.2261772125180324
1.2216431326781365
1.2078008057108016
1.1637219847883942
1.047945065925222
0.9724762436178033
1.1599305517522145
1.319078181089978
1.5481814120806119
1.7410632091124756
1.901423565760814
2.0069543995828463
2.049555938403237
2.07061115220341
2.0668927195596356
2.041344001859168
2.00115535117408
1.9546737129680187
1.908677332881563
1.866897998378521
1.8402233602797131
1.8062558998432248
1.7707918535406832
1.7372050011171174
1.7056745108151812
1.6813688198760917
1.6633875561505842
1.6521630323313972
1.6454482327667237
1.6382246417511113
1.625748075576689
1.6059212589037373
1.577021571256374
1.539825596186035
1.492005418136245
1.4350296260146924
1.3670079404799247
1.2932114862160369
1.2274050476161444
1.173275962320573
1.13164801264772
1.1011082539921244
1.0790776780424636
1.062933523627516
1.0507447722954613
1.0413824256876598
1.0341890623283194
1.0285826723197726
1.0238246745152586
1.0190176932434383
1.013343460928825
1.0064687347102967
0.998880049760131
0.9918526344512377
0.9869842504752666
0.9872374165726987
1.0027858280453585
0.9971240920362486
0.9299767646507494
0.8551647782575513
1.0748539563028385
1.2818776113000798
1.5279429845991679
1.7134607265355242
1.8049419781913676
1.8380891225686735
1.8535837119738117
1.864385994230804
1.8671435405165377
1.8615622871598383
1.8507541933856926
1.839305065791524
1.8307481835814674
1.825743273042504
1.8229257382769273
1.8219587798572812
1.8240432623486387
1.82999699861015
1.8389880009368529
1.8490043943114844
1.8585044114303493
1.8670121375378286
1.8731978892076957
1.872978973396959
1.8620746729445987
1.8399324393382308
1.8056425607746756
1.7606620206416412
1.7024690244928293
1.6330038764514379
1.5499799372220615
1.4595068919616778
1.3775178014685692
1.30699258257712
1.2469098786690462
1.1938807508407436
1.1448463982584782
1.0987979055938528
1.0563963645563776
1.0187629959034832
0.9866972438313055
0.9604124665440791
0.9394851433560192
0.922867814791011
0.9090393660748931
0.8964481781318763
0.8842091151965707
0.8726387909154266
0.8631483186795024
0.856689954909432
0.8759236070871292
0.8954183098635226
0.8614473833663473
0.803861750953537
0.9556426350253368
1.1468928551113462
1.3174823637186148
1.4533435063496387
1.4997428142307407
1.4827187300196578
1.4697499967088803
1.5059888957745022
1.532641761530616
1.5504638139050975
1.5625330813076546
1.573156012239186
1.5862421850698165
1.6040815052803623
1.6274996258023409
1.657201314695995
1.6945668695522456
1.7408757820273852
1.7957236593309114
1.8557998708717798
1.9147421700355531
1.9642699066690745
1.9961794661038332
2.004234196036319
1.988282532400821
1.9552973796678432
1.90810083625478
1.8506521140584113
1.7808439215901075
1.7017911009360016
1.6116669567987154
1.5182267235653297
1.4389272823691885
1.3805135443205905
1.315113491812056
1.2459269043992425
1.1769911550874668
1.1120725718342999
1.0539671793978151
1.0043275382319428
0.96383781956656
0.9324634411251226
0.9095617549270075
0.8937754130095658
0.8828213613242835
0.8735705614096845
0.8630009076166991
0.8499230720153661
0.8358981447532774
0.8185377856019471
0.8345128398318489
0.8775327936684071
0.876913469064663
0.8775117530880935
0.7771780565354016
0.8314459684054398
0.8384640915392737
0.8688249525237308
0.9480925013789449
1.0260734314478228
1.0775437391090597
1.1382147199370654
1.2107654110748516
1.2968337695215648
1.3962320149179017
1.5068334011482265
1.6250362249573493
1.7465597547867195
1.8671965079095054
1.9829983096994879
2.0893786681946778
2.179344784428698
2.2429487344416965
2.2703948275389942
2.2571655533708617
2.206794918277683
2.1296178293138337
2.0390153146305945
1.9563874507006014
1.88789121243794
1.8295157733005074
1.7814912300723904
1.739648078529044
1.704612215748839
1.6746084542232416
1.6511932065087704
1.6360627118928965
1.6266013944278255
1.6195941129813818
1.611367255822334
1.5984174276784957
1.5784349393266712
1.5512158121999133
1.5184856452083781
1.482523472793626
1.4449184290693913
1.4062370461456108
1.3663185920906418
1.3248621654821846
1.2821092223889339
1.239314557446626
1.198481573151725
1.1609467668761415
1.0963373946257098
0.9889935748360942
0.8871754921933148
0.8571965425194714
1.0431498116334905
0.8020634457453973
0.7819884403550746
0.7908387667812465
0.8251864409936566
0.8842481050125727
0.9264824492560227
0.9500790602108407
0.9788105688712093
1.018327792226434
1.072779231562832
1.143331766306501
1.2285419777475792
1.3252320284129797
1.4294688337249335
1.5377993646606372
1.648957735837605
1.7658264509726447
1.888749930290887
1.9979989358003742
2.0697831507047932
2.0930271382481247
2.069882629530746
2.012471545038188
1.9374676882444783
1.8679575031083446
1.811674903507145
1.7658434564457008
1.7303720183203655
1.701645549184903
1.6794863767237176
1.662141728180058
1.6501856815069327
1.6443325249728298
1.642829767848934
1.6428070313262577
1.6402538713507728
1.6310022323865907
1.6119741801474174
1.5819545699379542
1.541585525796488
1.4928016631426222
1.4381771989118208
1.3804777328348947
1.3223620951042243
1.2661019385906447
1.2133614325676998
1.1651280140409805
1.1217408716813602
1.0828943292962727
1.0200727754968144
0.9361076242845026
0.8701598082404025
0.8692615873851898
1.0757710710010309
0.836272751867554
0.7570535353894225
0.7517953588248981
0.7778635050203333
0.8184773982492796
0.8415584383699406
0.853140348795534
0.8679406643547949
0.8903746676136195
0.9241900123344604
0.9713472178546478
1.0319762865600957
1.104831920355087
1.1877101087421447
1.27770980532415
1.37130267078653
1.4641024341494495
1.5503421604770118
1.6226451842903509
1.6732220156436783
1.696664380991455
1.6925472204549128
1.6659276649394588
1.625589176048581
1.5856145171726126
1.552344803819934
1.5254343270083492
1.5056698856225015
1.4916815840206203
1.4839328840298462
1.4823029826002108
1.4873334284567312
1.4976361225882784
1.5111925559288948
1.5249843025786631
1.534540488071417
1.5347663540360497
1.5216800771758416
1.4939862407830626
1.4534972633560883
1.4041568079473163
1.3502527290466948
1.2947412757412153
1.2388076098825815
1.1837534786473807
1.1322751356457352
1.0869528199021845
1.0490567602544174
1.01840926671112
0.9763171432298675
0.9281960390197237
0.8883123987300905
0.886434093694588
1.0424570193783889
0.8765107801606165
0.7667794879571781
0.7516233541223649
0.7707509512924536
0.7977226946645234
0.8073219109482813
0.8105482173700346
0.8154163284195323
0.8247926317299837
0.8410230750305645
0.8655441107928825
0.8988396710470244
0.9405096719300858
0.9893078681820837
1.0431598524272758
1.0992485454579677
1.1542513887289896
1.2047528190573762
1.2477560189453119
1.2811199976448895
1.3037319116135002
1.3153804231019055
1.3166142039213227
1.309018851543805
1.2972253708843644
1.2856023524569222
1.2759601431668768
1.2699609888781096
1.2683076227111612
1.272046104580932
1.2822189906354167
1.2987412188931637
1.3181245302152194
1.3385486328161367
1.3584488620787691
1.3748647000957452
1.3832153447168567
1.3789795125967386
1.3599081525167418
1.32723387759354
1.2851505557067011
1.2389958188681989
1.19327252868702
1.1504674142504105
1.1066171470845259
1.0659121495985675
1.031833883208357
1.0062621015313993
0.9891469551089462
0.9729826060317583
0.9519914353309733
0.9136751775569624
0.8878569723737537
0.9727235185823967
0.9037537690089458
0.7963147719858414
0.7809758592219278
0.7980482564826813
0.8182972558908944
0.8196870713470462
0.816870445320219
0.8139858210697375
0.8131901403188022
0.8162439033022316
0.8243758342578764
0.8383080101897501
0.8582601323474986
0.8839007048574866
0.9143079136786662
0.9479995154563987
0.9830501721167599
1.0172954376214178
1.0486207248199688
1.0753041906699172
1.0963060864176286
1.1113342517481137
1.120596334536654
1.1245327842082447
1.1244074556918022
1.1228833705421173
1.1219528562778216
1.123077913097208
1.1275310051672005
1.136310386963546
1.1508391758009453
1.170911148188883
1.1928409223838683
1.2158783901927226
1.2399628238909879
1.262920239091941
1.280178465451344
1.2866017928120712
1.2787541754674858
1.2564338088583717
1.2227088804089512
1.1825356119361448
1.1408702008478855
1.1013595335287534
1.0663032578396112
1.0372023086563384
1.0148642714199811
1.0000131440687619
0.9924211965578792
0.990263267364076
0.9770297299379838
0.928843332040575
0.885658843788931
0.9320542568787827
0.9201124980152365
0.8203110297406497
0.807418993770538
0.8246240519337982
0.8428083259185691
0.8409156863069318
0.8353014188145016
0.8285814643049507
0.8226461310071923
0.8191116454240998
0.8192570785173025
0.8240427213980469
0.8340605706740591
0.8494325018200246
0.8697408162689083
0.8940317723186975
0.920872805626255
0.948451064657926
0.974754998503695
0.9978908473786374
1.0164957362160527
1.0300709344645451
1.0390129144614595
1.0443108220367454
1.0470608576764553
1.0490039574598145
1.0515714096062367
1.0556931461758783
1.0625846985525849
1.073054585987307
1.0886440369665615
1.1094828588615178
1.1327597423172555
1.158677676983033
1.1871976968612727
1.2157710632283805
1.2396875976998838
1.2536259467519049
1.253598008128167
1.2385260123837218
1.2106283010195713
1.1744312643464019
1.1350665565147384
1.0968524871247618
1.0628802624282552
1.0355438234509255
1.01643026693771
1.00548416683378
1.0014694223824507
1.0037693417184317
0.9911688243764821
0.9378026739960846
0.889190474998859
0.9198345488260684
0.9375649454342387
0.8436624830335738
0.8335791544597815
0.8518998098941093
0.870000876290217
0.8667472186083174
0.8595537718173738
0.8503951480564181
0.8409908530083688
0.8329070522781987
0.8275225908697186
0.8260191329573395
0.8292753186655091
0.8377179412348885
0.8512336697005671
0.8691681788767863
0.8903617116956548
0.913194367695188
0.9357067698868591
0.9558987728624325
0.9722121137638365
0.9840197428593972
0.991825877452056
0.9969791897466931
1.0006758270250926
1.0041509148695131
1.0083969326545077
1.013937443398416
1.0218443416194811
1.0327724159312597
1.04834005494863
1.0692376768701448
1.0939178687736886
1.1231331282860244
1.1561844328108413
1.190097222350858
1.220167990496857
1.241022217653133
1.2482457807945664
1.2399736073478094
1.2175723770947668
1.185029753339347
1.1474635989174218
1.109633732961483
1.075205209840082
1.046966172970376
1.027166664811441
1.0165109571019992
1.0133989400711574
1.0168349686702314
1.0031073558407548
0.9469851851299871
0.896810780719484
0.9157238096305493
0.9604193220644873
0.8687416196836001
0.8613325749589056
0.8820122867655456
0.9020885299444101
0.8991451090146586
0.8913562373215609
0.8808058294929305
0.8690635620805417
0.8576648786568111
0.8480943702382782
0.8417414620728783
0.8397345231464909
0.8427421279207958
0.8508687923290009
0.8636640006135409
0.8801624963704834
0.8989092433313699
0.9180450381926092
0.9355846465850294
0.9499169073800333
0.960343724158043
0.9673202893551033
0.9721594660334038
0.9759520136201505
0.9796937543663118
0.9841791041392617
0.9897573050800799
0.9973725538573314
1.0076240018358171
1.0222275109943988
1.0426497559495393
1.0687426467974046
1.1013995911928067
1.139099140129495
1.1785341509163416
1.2150495982262048
1.243220073887967
1.2581876506550476
1.2572412551537355
1.2407765784020812
1.2120809005344122
1.1761066797420143
1.137969591759015
1.1019392267572194
1.0712755448305957
1.0485606495879352
1.0352850916425465
1.0304623254358687
1.0318795044382743
1.0153081477200399
0.9579887817335596
0.908539928281761
0.9163692384078558
0.9882172447867429
0.8945953092133118
0.889162447345634
0.9138811052680714
0.9383687031336393
0.9375441488838847
0.9302779830317355
0.9195614589998905
0.9067934801437055
0.8934456431747634
0.8810761727356692
0.871258092276001
0.8653478198566165
0.8642225898853277
0.8681526511415774
0.8768299598798251
0.8894381268200856
0.9046864511881714
0.9208783832614412
0.9361545759408091
0.9489478771186881
0.9584747387186945
0.9649495921069884
0.9693412369596238
0.9725237988020887
0.9754500743949561
0.97887255923371
0.9831624332238365
0.9891645962077684
0.9975416988618211
1.010135169558293
1.0293602194533011
1.0565437204226036
1.0924868326782164
1.1348168774094731
1.1799175979206211
1.2231564974447657
1.2590218929123922
1.282183661683001
1.2890410896863624
1.2789281301030484
1.2542942798929877
1.2197877277449674
1.1808020661126464
1.1422458720350643
1.1080034209727874
1.0809959132002016
1.0630763393673075
1.0540134282783293
1.049604571499776
1.0279127416525304
0.9704687588463814
0.9230226251286052
0.9209039757844553
1.0174827665743607
0.9197670271958593
0.9156748316500398
0.9466614851370504
0.9781619551914285
0.9811949193673484
0.9756235838018328
0.9660713913873049
0.9536918586499191
0.9398132347237474
0.9260196605713328
0.9140607895932015
0.9055316858229094
0.9015094969198927
0.9023846666033646
0.9079251240382409
0.9174095049870157
0.9296998042937218
0.9433024172622111
0.9565546879680935
0.9679825566046756
0.9766900160015689
0.9825432026830657
0.9860404400899254
0.9878683982199521
0.9890530678062525
0.9903501068364983
0.9922562759104282
0.9955058598037485
1.000901021194194
1.0103970307933023
1.027483510513296
1.05518225410785
1.0941428581879686
1.1410355150183649
1.1918712304925139
1.2419865554846026
1.2857528421906472
1.3173716685066212
1.3323653863108376
1.3289777758218313
1.3087236615019056
1.2758080452416467
1.235784273513077
1.1941618412582982
1.1555229292231057
1.123242616581712
1.0993861827152958
1.084176994275463
1.0701179221190562
1.0406535841466162
0.9835950563422028
0.9383972025104721
0.9287863522895817
1.0431568669147984
0.9419634990212418
0.939433807895604
0.9794696397801284
1.0205450674239198
1.0290270149606349
1.0263560274199208
1.0193479919808446
1.0087795816610445
0.9957404501124548
0.9818256916118929
0.9690131600867206
0.959186517046718
0.9536018838999769
0.9526712384545306
0.956114051109459
0.9632109947358799
0.9729446091219801
0.9840514082012776
0.9951263518569295
1.0048474252483413
1.012240558037479
1.0168396125620556
1.0186865370948648
1.0183838303119463
1.0170667554978179
1.0154595225908216
1.0142105252018625
1.0138974436231527
1.015480738319593
1.0209695584672422
1.034942914810104
1.0623363606561051
1.103761949724217
1.1548586686997042
1.2111596140575014
1.2679028054618011
1.3193377181230617
1.359266573716577
1.3824404575537255
1.3860756165269563
1.3707034956311905
1.3399235944814354
1.299238479446722
1.254587255277532
1.2111870081891067
1.1729335411142456
1.1421797688180797
1.1194969126642524
1.0927192935983077
1.0531006822875921
0.9965032985558754
0.9531578787626993
0.9395975719693763
1.0601789852240597
0.9580692686776175
0.9584477044940153
1.010377008298645
1.063645349875584
1.0794485337421396
1.0810460102187462
1.0780028710275031
1.0705652811159172
1.0595472700140396
1.0466594734447716
1.0342751178110268
1.02463988889408
1.0190765951990521
1.0177868953626477
1.0202225547046582
1.0255394102130047
1.0328182100464294
1.0410827791816235
1.049285755500707
1.0563708833995846
1.0614021830970506
1.0636979149450114
1.0629456771768584
1.0597927061346017
1.0554434714814729
1.0505032413916875
1.0457422706387152
1.0415303278776054
1.0389721094795012
1.0400693174161078
1.0503251912680858
1.0763934779751376
1.1191269923116784
1.1733910330105148
1.2341797046577283
1.2965597183719226
1.3546914337742328
1.4021327870029598
1.4330846860471744
1.4439045701275826
1.4341400890583944
1.406580703405735
1.3663422631788662
1.3194591210202187
1.27157536248857
1.2270989781532653
1.1888275843364189
1.1578187226624332
1.1163980957680604
1.0650645736766065
1.0086216868848457
0.9663601585973054
0.9528718010144686
1.0647190250592713
0.9647144508391268
0.969725263034535
1.0348588996430064
1.1036105170257455
1.1302242783257388
1.1379362680663712
1.1403697423331443
1.1371593982892056
1.1289842300640947
1.1180227597704766
1.1073887443356314
1.0997207718589388
1.0960826890019681
1.0960396293913828
1.0984761286071163
1.1023108378866324
1.1067641835822626
1.1112818676498244
1.115345703508107
1.1183418626896044
1.1195483702656583
1.1182404566225908
1.113896446228075
1.1073291678328014
1.0997073629657421
1.0914018432542372
1.083240435570744
1.0753582140298799
1.0689897471376475
1.0661258450439115
1.0728648244479597
1.0966850073849526
1.1388729013201169
1.1943158256627524
1.2576172208484993
1.3236416776351903
1.3865462724318374
1.4398898916322822
1.4776541155424026
1.495601967609686
1.4923390734453175
1.469602125728095
1.431672167279829
1.384200550797812
1.3329269755409272
1.2826905291842243
1.2368879919164646
1.1972978170944948
1.1405427647778337
1.0768367356558401
1.0197793364723613
0.9776736114157722
0.9681143761397861
1.0550416942156766
0.959271061061577
0.9699270893095173
1.0469560172997114
1.135426955224666
1.1788874803679557
1.1952710798643418
1.2048436435695349
1.2066551793903
1.2016560110275598
1.193226121720483
1.1857712164173748
1.1821658530675807
1.1825642878579465
1.1853055096007188
1.1884091462628337
1.1905269724481702
1.191170888060247
1.1904460678381894
1.1886083657678213
1.185702549605789
1.1814118231060962
1.1751441838816123
1.1663131153415713
1.1559847455183936
1.1451440974274736
1.133808747353031
1.1227854606039611
1.1119839349549487
1.1027590437598593
1.0971257936479712
1.1013473186725073
1.1225254531020283
1.1621643766632066
1.2160823349918528
1.278992252452354
1.3457003211921565
1.4105426216148849
1.4674034346688745
1.5104454792143789
1.5351578569533721
1.5392813141386676
1.5232602371138066
1.490055998710913
1.4443894970766888
1.391682383025472
1.3370418063893945
1.2845435876467517
1.2368822349099686
1.1652792859212358
1.0891628584153303
1.030238651162105
0.9874908491622386
0.984944720851286
1.0318282210261576
0.9408698274057701
0.9572033090420535
1.0443809893926927
1.1570328610939429
1.2239156393238093
1.2518740529913586
1.2703605469536141
1.2777712393033176
1.2758808285138543
1.270382879107286
1.2676498638146094
1.2702864868989319
1.2766214115312586
1.2831875217449695
1.286950186888157
1.2863875281159303
1.2815721801894546
1.2735951339936489
1.26377275602769
1.2530197892625532
1.2415804123817957
1.2291249217405
1.2151064851343567
1.200884653556514
1.187099114259951
1.1733124206134868
1.1602332117433243
1.1475777456842242
1.1367913179658429
1.129903661519077
1.1328908457748832
1.1516473159641833
1.187431565377731
1.2372690536324582
1.2965973390346544
1.3605707204999204
1.4240376868702844
1.4815910332986941
1.5279821505718503
1.558748313298978
1.5708791036949226
1.5633657878620777
1.5374518811359739
1.4964255865771905
1.4449502150909017
1.3881404729589892
1.3306905833462788
1.2762747768037646
1.1913242617535154
1.1030556897559483
1.0407402521436586
0.9968539394335724
1.0032107607186806
0.9978592999602639
0.9109551200947921
0.9326190183025721
1.0297399909017435
1.170460978099405
1.2655085621842599
1.307478335321245
1.3365574088880792
1.3502302542316396
1.3514648419380622
1.3493398911460581
1.3527179843965957
1.3631976799949848
1.3764752721742242
1.3869188780427957
1.3904012599617666
1.385423149970128
1.3729578645220515
1.3554358548781766
1.335500241616216
1.3150910451900468
1.2950947578575167
1.2754966280861317
1.2558304536162106
1.237740316661971
1.2213749497147843
1.2057684942555085
1.191466123765704
1.1780192007562125
1.1668961366180177
1.16005751545716
1.1628383657099217
1.1796547168209834
1.211209538457114
1.2553906592311697
1.3086348416940519
1.3669141097577255
1.4260141887834492
1.4816197509427402
1.5294157388545255
1.5652642902259586
1.5855652436333223
1.5878544814133517
1.5714689515230995
1.5379226937032238
1.4907187039170458
1.4346263863262898
1.3747255098785143
1.3155600208682994
1.2195497535333406
1.1195580814044914
1.0524355416285147
1.007126115221655
1.0229701845099373
0.9572109163832935
0.873083878171377
0.9000792861605491
1.0082800050434646
1.1796019930370012
1.305043337445573
1.3623584952347685
1.4032087363566261
1.4240210004523968
1.4290163743430144
1.4309431067148064
1.441124333852414
1.4597085206746718
1.479496576655339
1.4926316832329953
1.4939864589900456
1.482333027322829
1.4598725405587936
1.430659614942124
1.398831927736562
1.3674095220788396
1.3379120574722312
1.310613175354026
1.2851046328329159
1.2632673597136068
1.2446544377783468
1.2277310023102448
1.2128315441609627
1.199349088656931
1.188685699869758
1.1826163013677071
1.18565352771827
1.2008364532474192
1.2282716681616375
1.266293442400164
1.3122472694616996
1.3631632780003147
1.4160646600769344
1.4679776700239728
1.5157225516864636
1.5556815220782556
1.5838773483894335
1.5965834532966154
1.5913116657091066
1.5676919410815353
1.5277671509783022
1.475561770973893
1.4161628942463542
1.354712237103343
1.250487842192098
1.1394703484436095
1.0665748055206556
1.0195601429400232
1.0443469642698522
0.9142915541924679
0.8320543614164954
0.8651026454329211
0.9860478858228052
1.1886187538476807
1.3440569450692608
1.4165980792117896
1.4693693642639423
1.4978960470665157
1.5075870046432267
1.514210859414231
1.5308559723103103
1.5562804881348766
1.58070907866122
1.594295180472977
1.5911487858878781
1.5705810179508357
1.5362470049641885
1.4939402992128976
1.449290023739943
1.4063206449868049
1.3670888039784204
1.3320701669186121
1.3008489346811918
1.2754735641881187
1.2548584505253464
1.2368964525526354
1.221687701059154
1.2084501615152135
1.1984384821204876
1.1931365351108558
1.1962110184164036
1.2096149473230209
1.2330020695523978
1.2649666720863904
1.3035998179519104
1.3469780825877715
1.393388039712241
1.4411861028178041
1.4883143984846237
1.531753550621545
1.5673821567862611
1.590557577120695
1.5972813317595589
1.58541855281228
1.555399869876579
1.510137056895709
1.4542824103181187
1.3931992027502695
1.2839528896677421
1.163056683783255
1.084059376907082
1.0349458504185074
1.0673419453380504
0.8730430174419952
0.7927813977237157
0.8332990411467265
0.9685547137462448
1.2010262118152
1.3834947255259789
1.4695451066777485
1.532944464862184
1.5686743557814917
1.5832478529569076
1.594460882955237
1.6161930648946286
1.646012312784026
1.6721887674427487
1.6834136227760395
1.6734494635592956
1.6424056687450868
1.5954450327122978
1.5399737637080655
1.4828958479268677
1.4290232565652738
1.3807782385068226
1.3387176209998122
1.302339164691213
1.27378547679432
1.2513672109226304
1.2324477819470494
1.2168974139783977
1.2037318446148793
1.1940062680765955
1.1888349702470205
1.1911193413526977
1.202112244383521
1.221248630857226
1.2474076989770362
1.279349439643447
1.3160759059346157
1.3569448780481985
1.4013895797947586
1.4482555225316092
1.4950709710862242
1.5377647013320541
1.5711721940870143
1.5902183028767742
1.591283622395555
1.573192931399147
1.5374872094473029
1.4879788201586377
1.4298506686668888
1.3189315015082104
1.1898574325728661
1.1051056787708
1.053426670898727
1.0916648701443479
0.8364831529875204
0.7593862799742694
0.8092379982521745
0.9599263780783672
1.2191155083355945
1.4233559884981497
1.5197024870012756
1.590930100488445
1.6319017843126613
1.6501356834198995
1.6645675920778187
1.689008678970884
1.7199556123850686
1.74443130898415
1.7504227871906384
1.731900929291729
1.6899779587612807
1.6311683187733168
1.5641101169172886
1.4965582492094134
1.4337679986292338
1.3782977716527327
1.3306519708936237
1.2901754538469778
1.2590399618402288
1.235070185172375
1.2151966702005552
1.1990933910283612
1.185554555913752
1.1754177765905378
1.169380054464699
1.169715417226151
1.1773959115148602
1.191893148660675
1.2124869345794043
1.2385893923906888
1.2699808535048973
1.3068134264048181
1.3492437779534767
1.396710061299495
1.447155663178857
1.4966802523038618
1.539937595519483
1.5712047796470263
1.585727973217953
1.580867683312916
1.5566887052780127
1.5158706044224965
1.4630526911798831
1.3538451731676018
1.2187899110730287
1.1291709047100318
1.074473145473395
1.1166087681603554
0.8066041177632093
0.7347525703259077
0.7959630287312821
0.9625966306713484
1.2437437239102525
1.4627567907293548
1.5651044869465722
1.6402581014883442
1.6833649347816737
1.7028053180430822
1.717934758869855
1.7418711147127344
1.770166144178832
1.7893448492657866
1.7875647042050393
1.7595952863116313
1.7076501790410354
1.6392442530035671
1.5636684153136582
1.488958480809922
1.4203864013677614
1.3603865901749246
1.309283069377329
1.2662289088987513
1.2333732602339187
1.2082398101325733
1.1874724848672529
1.1706067354475476
1.1562190207840544
1.1449412990672998
1.1370433466372156
1.1343372737544564
1.1379033514463566
1.1474696164892932
1.1628151938119446
1.1839689307950194
1.2113215715201764
1.245542885830702
1.2871893811987212
1.3360162494645698
1.3902500289724984
1.4462266415903857
1.4986679592728827
1.5415635296920398
1.5693848015600746
1.5782729292259596
1.5668683061880972
1.5365648549579654
1.4911591621800957
1.3871313787830943
1.2485837095347452
1.1551026581142003
1.0969425493272242
1.140964012867387
0.7845392075310367
0.7205260011962781
0.7950293216150003
0.9773986514274522
1.2744692427422843
1.500368229758512
1.6040684610160116
1.678973934928695
1.720807421524864
1.7385405311787463
1.7512782717601618
1.7710575180114356
1.792788167227342
1.8033100170733745
1.7918110928766942
1.7543569006248187
1.6942209447543959
1.6194369793690282
1.5392843037228616
1.4614699178045236
1.3908461857537653
1.3294719511013438
1.277384399917211
1.233535491160937
1.200010915795523
1.1742487010202913
1.1527811983723055
1.135075923978382
1.1195242584735077
1.10658789815242
1.0961440835277574
1.0897173607810369
1.088797428233136
1.0935110431882504
1.104156828798513
1.1212791082176203
1.145681986178117
1.178305016610866
1.219861985965426
1.2702429122052235
1.3278786206169393
1.389390829971376
1.4497531989861865
1.5029680486708479
1.5430970300811
1.5653996667201167
1.5672924431206006
1.5488659588330427
1.512830187392475
1.4177739447521098
1.2782693126430262
1.181332582602382
1.1191547025870197
1.162985587984382
0.7708855414213167
0.7173894013434445
0.8068005090652138
1.0038439673222541
1.3099283176223646
1.5350487775610224
1.6360004729699595
1.7072137527638198
1.7450577931220868
1.7585849392080124
1.765921974104422
1.7779160988457228
1.7894567063696858
1.7885615063785452
1.7661515301865123
1.7198719139096046
1.6538624419530958
1.5761534096623842
1.4953963777500858
1.4184421638726612
1.3493617366273873
1.289639299853053
1.2389523805009115
1.1960629118034054
1.1629549373544132
1.1371795138091398
1.1153289819052632
1.096872200911392
1.0800712684104363
1.0652686697476061
1.052025814412095
1.041749938782428
1.0365265196434659
1.036932643772706
1.0437179815125033
1.0577759762146757
1.0801054979615123
1.1116984134191956
1.1532533389125459
1.2046908260645917
1.2646158357259123
1.3299862039637178
1.3961790575655022
1.4574873850895878
1.5079591777672203
1.54241139018785
1.5573807674536277
1.551760087940998
1.5269685393955899
1.4451349763383794
1.3071176980120887
1.2059356476927976
1.138977946348793
1.1804633235832933
0.7660789412828335
0.7254442749289107
0.8307987868016036
1.0404351111052512
1.3482803980512146
1.566348470517538
1.661792444360302
1.7273524687620534
1.759805466836589
1.7675162064621788
1.7669030891502524
1.7678875273516463
1.7663070738440882
1.752175791102036
1.7185510123095127
1.664643413101808
1.595125816053042
1.5175474897327705
1.4394747608047551
1.3665546856497441
1.3018570734604036
1.2461803995406833
1.1988110542439678
1.1583395812500548
1.126603052018038
1.1014067220851969
1.0795391800282732
1.0605257687290985
1.0425637689713463
1.0259344070267047
1.0099864790253652
0.9961672960459013
0.9872454010450546
0.9842285388328543
0.9881905855817034
1.0001762812854438
1.0211600988411769
1.0519922788809342
1.093217700136413
1.1447114630154507
1.2052319453085985
1.2721107738226367
1.3412585943069382
1.4075324129352431
1.4654009694356462
1.5097669142460928
1.5367496463443306
1.544249797484094
1.5322292040944319
1.467777508674545
1.3336771898991777
1.2265894062561744
1.1540120589475964
1.1909617318067955
0.7707175587294715
0.7445939951986769
0.8660224323537876
1.0849379467272318
1.3875139098775604
1.5945512286337562
1.6834489137643498
1.743000737846377
1.7698540878221927
1.7708810995993767
1.7603453000899345
1.747880363007217
1.7313825893746757
1.7034658811207728
1.6593393209460408
1.5994613265663393
1.5286158941127364
1.4535059052771147
1.3803709661364119
1.3135274183819778
1.2549929989996664
1.2048722093402182
1.1620731021753774
1.1250321200729507
1.095380136540106
1.0712385169030947
1.0496727388514688
1.030298133761035
1.011303745670545
0.9929662712218507
0.9745282729023528
0.9576166915349049
0.9457182133611511
0.9402195287724088
0.9423818785224481
0.9532171733189113
0.973482138260797
1.0037113141936524
1.0441577970898537
1.09455484987698
1.1537599795054163
1.219479572210497
1.2882568916147648
1.3557688510467438
1.417340976608403
1.4685105997754608
1.5054747682696954
1.5253868584245638
1.5266437541570848
1.4822657256171197
1.3547779633232628
1.2407447446282756
1.1619819047789925
1.1922519081636667
0.7857168496476954
0.7748614381532585
0.9112285969699799
1.1346068186942764
1.4254685379740457
1.620146942602494
1.7029995622636684
1.757240599149335
1.7787494874312522
1.7725011705620006
1.7507697033738865
1.723696184001624
1.692080479474886
1.6513545892673007
1.5985235187674913
1.5347643011544148
1.4645510604529566
1.3935306872233215
1.3265893619183318
1.2667851026021302
1.2151819604579623
1.1712751322319606
1.1336480533095332
1.1005954131046374
1.0734661531271181
1.050681496566743
1.0296054992089787
1.0099561231823526
0.9899513921586838
0.9699145038613578
0.9490691326460119
0.9293405835342773
0.9149665863538695
0.907664649557485
0.9087778058336319
0.919153961520885
0.9391945130355024
0.9689781262542272
1.0083215325976909
1.0566732373047554
1.1128697824279001
1.1749321071210022
1.2400869599118436
1.3050420353235113
1.366355056701241
1.4206548970366268
1.4646000551710578
1.494789246181829
1.5080775110101032
1.4836688993996299
1.3660496585258064
1.2462740575446716
1.1613227860793935
1.1828416044092638
0.8121908616587011
0.8165538404194125
0.965200599184198
1.1864373598940463
1.4596340064793876
1.6430357300991825
1.7213093519660765
1.7711878534217262
1.7874010663296838
1.773343562997694
1.740085107861293
1.6989293644701797
1.6538475448979348
1.6028475895124783
1.5441085069895941
1.4789318116317554
1.4111555292581786
1.345328903247578
1.2851268133873208
1.2325575638742543
1.187928402787596
1.1502742583606897
1.1179377085982847
1.089075781133285
1.0646614183433851
1.0433405402008376
1.0227516839553175
1.002717618473652
0.9815012295254187
0.9595191173537508
0.9360307600694421
0.9133556204778006
0.8965426770140943
0.8876090439911914
0.8879197605694006
0.8980972623376117
0.9181299214884521
0.9475694020430239
0.9856844905030563
1.0314755582257822
1.083570242170885
1.1401546399703029
1.1991007135996876
1.2582676648358055
1.3157007797864664
1.369381138519767
1.4165644737086147
1.4533881431231404
1.475457616985011
1.4678307751982616
1.3638603188415261
1.2423412276208552
1.1516854238833234
1.162382411801041
0.8510250604203657
0.8701461121536254
1.026983512378074
1.2376253187605426
1.4870258363822488
1.6620823236253517
1.737619984805038
1.7838605502093086
1.7945611265628971
1.7724667577836135
1.7284775576949356
1.6754266490958765
1.620187511371002
1.5627173143202395
1.5016020013607456
1.4377271595357404
1.3741171759381354
1.3143273141319913
1.2610642482337158
1.215556227403344
1.1775905334052124
1.1459201527621548
1.1187431766527705
1.0940652827728399
1.0723661150616937
1.0524129687624262
1.0320752499417845
1.0112913242121946
0.9883703601190281
0.9638715169827857
0.9371086573121598
0.91086745158742
0.8910996457646322
0.8800988666237273
0.879224170713061
0.8888655422352499
0.9086156638589112
0.9375199956538031
0.974284949450026
1.017375237039479
1.0650390604643125
1.115407221031992
1.1667970591390893
1.218129707421301
1.2689815717231547
1.318690770841434
1.3649753660330517
1.4036238041428957
1.429698359979416
1.4334517140192837
1.3468573684518168
1.2296898223873438
1.1339378297712592
1.1317222774787432
0.9021987885221626
0.9357739321059162
1.095984641914804
1.286458069262804
1.5044961031228836
1.6755570552040482
1.750225629027873
1.7933183480744563
1.7984189737619896
1.768753024101293
1.7158965670940465
1.6542983703557497
1.5932471435637652
1.533851168872217
1.4742681468077343
1.4145223823416793
1.3567956967377
1.303852207163752
1.257706726187337
1.2190734525204756
1.187447954545694
1.1614780288781317
1.1393045639047865
1.1187304916801408
1.0995952528190147
1.0806968616697314
1.0601080079025427
1.0379247875313247
1.0124988991117276
0.9845884715741466
0.9535460191981325
0.9226713079732028
0.8989304208956537
0.8848635751129151
0.8818038022413582
0.8899230756819888
0.9084738098389094
0.9360815377606913
0.9709840173419223
1.0111786827243443
1.0545360706097748
1.0990114873398018
1.1430646131361775
1.1862121832752266
1.2291162145740278
1.272131781145713
1.313277332895806
1.3484780096234732
1.373330916627572
1.382367381900292
1.3157849621417117
1.209609071191383
1.1094512218738646
1.0925630199285612
0.9750667087355369
1.0260122072504045
1.1849441505799785
1.3416286286303138
1.5091378429575115
1.6832098671789812
1.75881703021879
1.7986147714797305
1.7976492337780148
1.760825509279765
1.7009336546384595
1.6340794815973936
1.5719989486843524
1.5163113976939233
1.4635043799664202
1.4121127504710864
1.3634612747969082
1.3197140797629807
1.2823972049542018
1.2518920129252287
1.227585596284244
1.2081940207561999
1.1918536272348588
1.1759732524808384
1.1594313579342526
1.1410430406653436
1.1191549680472332
1.0941603217383207
1.0644504228433302
1.0310900956102305
0.9934121853487788
0.9553411058431555
0.9251751161423961
0.9056873894786105
0.8981484045272173
0.9024905698674879
0.9176398993826953
0.9418575541511511
0.9730106014766935
1.0087698631029087
1.0467991301990427
1.0850133472665124
1.12192543347972
1.1570063798230357
1.1907326454960263
1.223489261552562
1.253967668333989
1.2795697540268507
1.297737045539782
1.3064806993957574
1.2635292549692108
1.176472720525468
1.073446889559599
1.0389095627799587
1.110975874489416
1.196660586569188
1.3506493418900734
1.4518793797283738
1.477905908558206
1.6926500469214043
1.765894099128785
1.797823894395101
1.7887132650856659
1.7463442170663017
1.68399301821356
1.617923260222721
1.564607526416724
1.5281243257266475
1.4978542066393583
1.4685566049855068
1.440988301189408
1.417073216936037
1.3979196119308543
1.3835573118338143
1.3734363361420623
1.3666515108058332
1.3611290951427393
1.3528455080692414
1.338833878749374
1.3185225357455348
1.291052098186633
1.2576776772397777
1.2167431396459258
1.1699465351040934
1.1162756318999687
1.0606496678196673
1.0140136048952235
0.979404685027059
0.9579245788089761
0.9491350581556002
0.9515519721527035
0.9630693253196564
0.9812793469963318
1.0037366367035008
1.0282161226762232
1.0529352090950919
1.0766119967653551
1.0982394483069897
1.1167385210076037
1.1311101932122414
1.1411314267164865
1.1474294526320676
1.1509020617875652
1.151995793685422
1.1388623212855629
1.0870341720444905
0.9934725355336851
0.9371330909794661
1.2173700998919985
1.3596244360622307
1.5256651927837435
1.615668920932833
1.6618866491050124
1.738645839073378
1.7731301878918702
1.7843370327920214
1.7707014223566413
1.7382544960423865
1.6972116202512517
1.6589953664787471
1.633667164557
1.624404209248154
1.624772409193527
1.6295997824908963
1.6383013495295013
1.6512969320435704
1.6678874828585495
1.686076254947899
1.7036268055937798
1.718673772079966
1.7282177176100653
1.7270042566376178
1.7117475777292572
1.6841159287717549
1.6444147129620121
1.595140816869053
1.5340631073784858
1.463523391077674
1.3812156273848786
1.2928712331936898
1.213587776329555
1.1468152295585856
1.0936820337675937
1.053669083428845
1.0252661847046745
1.0064379024654526
0.9949321545362888
0.9885306043442952
0.9852769437251028
0.9836217708886716
0.9824015722108326
0.9806795522450374
0.9776525178108111
0.9728443143155969
0.9664689614961848
0.959511016974331
0.9533232098029498
0.947226940573962
0.9472505451942135
0.9312980526530672
0.8770547866338855
0.8192480605206162
1.1671248971163144
1.347254684164065
1.5214052095888333
1.6180439623016998
1.6451525678147143
1.661378044424296
1.6706582364627225
1.6735672013316694
1.668237292339965
1.65745516648063
1.6471792930597677
1.6441954216740808
1.6534726962486848
1.6760263446443089
1.7096522531231413
1.752230280629812
1.803068481147955
1.8616021853645672
1.9257163217293707
1.9909940923561429
2.051212842987121
2.0996950336758577
2.1304583174098064
2.138383643604142
2.1223771310167754
2.0879699641344174
2.0370903662710624
1.9734108633299272
1.8940125028943164
1.8015069175638811
1.69185326993454
1.5707129197121972
1.456668942285718
1.3535432239155298
1.262971489619724
1.1852825726222194
1.120044731027233
1.0662539685251535
1.0224243596998077
0.986761173070778
0.9574133660651069
0.9327124572048312
0.9113289449908116
0.8923449162988184
0.8752721021687
0.8600144230427037
0.8467494688602262
0.8357515110394464
0.827246141955024
0.8185355136783476
0.8218825614190529
0.8353095572731037
0.8259211091566077
0.7764562420236912
1.060055612520694
1.1912451762711267
1.3129608719558215
1.3997224482000807
1.4263849127929662
1.4224132584401723
1.4241942014337357
1.429358584292586
1.4362914936005624
1.4454872171256357
1.4598950254999794
1.4836663159252486
1.5200065513086791
1.5692221043592167
1.6295642793289222
1.700141120016161
1.7818948264069618
1.8762573655681285
1.9830212045851083
2.098418782507708
2.21410996690971
2.317674752451644
2.3948286964933567
2.4328251963203105
2.4269251595221046
2.388832109083001
2.32572475617858
2.2452415136185877
2.145928062385361
2.0329063728882595
1.9030064047538506
1.7639421787223388
1.6348274539624992
1.5154993450808787
1.4048710187190958
1.3034248995095208
1.212691482240409
1.1339174604615616
1.0673515423876225
1.0122114632297161
0.9670085959042978
0.9299606561339891
0.8993554205546684
0.8738129277033693
0.8524059070779714
0.8345960917668909
0.8200138450230193
0.8082366599151363
0.7987731393990549
0.7868000734168022
0.7893359317946008
0.8269556641631316
0.8631165505293552
0.8428868134282639
0.7620914508553567
0.8266118514475798
0.864772760624312
0.9121702501069043
0.9859768246126468
1.0620279249663231
1.1178642562705887
1.1878491645493545
1.2751780823779497
1.3824180255918417
1.5109242077710154
1.66033237238797
1.8282053966551457
2.009937532309607
2.198962441348355
2.3870529022762903
2.5640708171724085
2.716689064894902
2.827918011326143
2.881385064120376
2.8693861564504792
2.797726990712879
2.683601652302062
2.5487998740575755
2.4258580834421104
2.3233358709072442
2.23410689905831
2.157286860139095
2.0847328585392213
2.015868331376098
1.945713638410881
1.8775447532113188
1.8210967405912342
1.7760557597595827
1.7395735057921793
1.7072723280795126
1.674689586202538
1.6383310634185118
1.5961365727916312
1.5475863130308725
1.4937045087521763
1.4368373182172707
1.379928432077589
1.3255039140942462
1.274964149501807
1.2285325870352992
1.1857510414451295
1.1461103907641326
1.1093328316448086
1.0478127234727133
0.9591175442967725
0.8734955456129866
0.843992635913495
1.0326160415496883
0.8040823954115904
0.7967021532219952
0.8067055910667149
0.8268828192676043
0.8580106513954473
0.8897920819878767
0.9154757489934644
0.9514493459486728
1.0019431702363142
1.0711184328897252
1.162274129194667
1.2771042399129626
1.415112415513825
1.5732956642853069
1.7464041456729658
1.9285327093287075
2.1180290453313595
2.3142993729343373
2.4865818351395874
2.6009091866481464
2.641920216029359
2.612766318400988
2.5315986878648418
2.423622869718755
2.322918616586207
2.240432879697041
2.1708458534273856
2.1117935146744653
2.0533278428210457
1.9901969918989
1.9168151411350103
1.8436885025713314
1.788994431856379
1.7530348891361414
1.7293854928600443
1.708811630558859
1.6826257383951762
1.6452192314153464
1.5950741104614385
1.5339431605819784
1.4648799301294477
1.39066016837971
1.3139891383870883
1.238429228094439
1.16781472736635
1.1049476110193386
1.0510169940448535
1.005807930828958
0.9682521468694745
0.9144034256793285
0.8542762742799566
0.8080891877453831
0.8121309660503168
1.0361591405616606
0.8516563111055748
0.7693466712499822
0.7507044688584744
0.7559196544538602
0.7722347241838168
0.785962735067297
0.796699074668811
0.812996488054236
0.8386229367123255
0.8780741261259488
0.9358088460814843
1.0150089583077855
1.1166580360367273
1.2392847529394537
1.3788520127180321
1.5285623476252588
1.6787882746146805
1.8174490375941597
1.9313025992631028
2.0085967268460103
2.042621100025949
2.0343419809828647
1.9922595252907533
1.929342440559532
1.8657725525775861
1.8098888478978412
1.7596304786930117
1.7152520467139976
1.6725195994536695
1.6320133318221415
1.5931173568062396
1.561658711574784
1.544704801871056
1.5403191027881822
1.5422909015040986
1.5417197557479645
1.5296958787074728
1.5002972746624768
1.452569844465413
1.3903760074981801
1.3202053741198587
1.2481574804389513
1.1774279071572065
1.1082870481444316
1.0419999470041765
0.9818742169585064
0.9307161170525288
0.8896832565336094
0.8584138227856895
0.8216326170442629
0.7963842865115377
0.7883382220976544
0.8144137059067355
1.0156420900016074
0.9054362030278955
0.7630328827761595
0.7264580371010785
0.727275228107399
0.7396027883105495
0.7438738118595973
0.7460623495710436
0.7510951977508976
0.7620935204374754
0.7822151336925829
0.814062614751997
0.8591810229486301
0.9177416333532127
0.9883952110720078
1.068222615135062
1.152791893844222
1.2364341394212053
1.3128635042949777
1.376150782711229
1.421841958925207
1.4478207876064888
1.4545371486635574
1.4445456371320893
1.4217448755772648
1.394150852236702
1.3671791990647992
1.3417746289583963
1.3198498660252003
1.3009355935767768
1.2865878324175675
1.277600102028862
1.276563056952318
1.2843255413792267
1.2989496074759381
1.3163168128729563
1.3299685974395548
1.3323360229837342
1.3171913088442817
1.2821949601450535
1.2300009347999479
1.167147405704474
1.1014239578686487
1.039187314740711
0.9833858605259954
0.9326170936592513
0.8860218519417127
0.8460747595859772
0.8149753879757183
0.7933997356555843
0.7754106670522188
0.7774660566696172
0.78860335018041
0.8154085154050155
0.9655452595582159
0.9491436428900639
0.7836017328076185
0.7440742204688572
0.7474655992469248
0.7603465438257931
0.7593274397507169
0.7560573468849446
0.7535187474507671
0.7541896629622061
0.7602481973195375
0.7733326230031498
0.7944351641038407
0.8237943503462215
0.860795758919922
0.9039505400938227
0.9509756727521165
0.9989544892792056
1.0445758024144058
1.0844944260161242
1.1158357641763235
1.136748985500806
1.1467841828446355
1.1468922811048559
1.139110443653858
1.127710758014908
1.1162539244613494
1.10604243589276
1.0984875581432505
1.094011788500125
1.093635363286435
1.0983946937646776
1.1095474335600137
1.1264453716578589
1.1484833098161984
1.173383685065588
1.1963188592445373
1.2105614554955078
1.2095081204669247
1.189267772047745
1.1504479693879255
1.0980167652653765
1.0393258451555827
0.9815265629010456
0.9296677323434116
0.8858966024119945
0.8498338773862262
0.820833340656402
0.7993704718630531
0.785873771605803
0.7793539320557128
0.7908251929438295
0.8008427369093665
0.8169833397284726
0.9347959743206714
0.9788384138977795
0.8069677991831861
0.7690051888412808
0.7755471495772287
0.7899047716599713
0.7865845229420674
0.7804879522276483
0.7738098082667514
0.768738185848216
0.76713493746852
0.7704555840460564
0.7797378870766973
0.7954936215866768
0.8175674343412068
0.8450927339102392
0.8765737914348254
0.9100177214711096
0.9430592026953613
0.9731279694763985
0.9977639989094159
1.0150992785130104
1.0243511873408477
1.02607819708542
1.0220681470437845
1.0157351051253627
1.0098124175278504
1.0053815087594415
1.0033761114924407
1.0043791538305726
1.0091406947738308
1.0188594667159496
1.0346340023229763
1.0558002587012278
1.0824027860846857
1.1125580251028357
1.1418034676486024
1.1637120336869464
1.1715937437435782
1.1608633379706426
1.1309757438645744
1.085769083480587
1.031983338893943
0.976886136557038
0.9262852239267734
0.8836029168646838
0.8499182441855943
0.8248050838760663
0.8076101814536333
0.7978281388186644
0.795751084614174
0.8085470922616811
0.8149211768376082
0.8236979191061792
0.9277612108183177
1.0087031240248991
0.8332890933603304
0.797692988945284
0.8077918462328968
0.8244923573179695
0.8200762129865562
0.8119926796943457
0.8021687301588818
0.7926253508419239
0.7851056052348324
0.7810808339915516
0.7817569723978441
0.7879218287175226
0.7997498158832161
0.8167406310615862
0.8378216897312848
0.8614923280233878
0.8859090394796334
0.9089618995178518
0.9284891032121405
0.9427053818631606
0.9507259422570508
0.9529158078650615
0.9508446424833172
0.9472777395053459
0.9443424069760252
0.9429379407963383
0.943723449042186
0.9473556277846357
0.9544923366291028
0.9665952182222742
0.9852435246164012
1.010200561790848
1.0414282113984816
1.0767511782109502
1.111804802039755
1.1404438789133184
1.1560491038876857
1.1536146616972558
1.1317044978394348
1.0931412283237036
1.043976970316762
0.9913855121707287
0.9416449841994299
0.8990081294616179
0.8655149199202362
0.8414067175137755
0.8258868586512906
0.8178034961218916
0.8174593577035819
0.8292059685878432
0.8322420927455637
0.8351449980189926
0.9284438130029844
1.0433871989121264
0.8647069561699521
0.8316124287256003
0.8460908092534332
0.8666539498614924
0.8623563631257543
0.8528980162231395
0.8405166845478653
0.827142707067009
0.8145099371587203
0.8042054333109758
0.7976581829682838
0.7959254767614146
0.7994425035217313
0.8079534439787182
0.8206506042960381
0.83635303256719
0.8535852079951821
0.8706058243414174
0.8855560129194703
0.896826859017148
0.9035456544548416
0.905916198631842
0.9051870611012071
0.9034537752555838
0.9023374346606581
0.9026059110590823
0.9047713086948055
0.9095383168122425
0.9175706834344208
0.9306474497333973
0.9512585116671163
0.979893601750622
1.0159000904450746
1.0565002953899978
1.0973724929316246
1.1326697172245328
1.1559160853927868
1.1617963215249836
1.1480656594462548
1.116513460247093
1.0723755458075646
1.0225496307283939
0.9736122603476338
0.9304909073199018
0.8960192759618187
0.8711122916432209
0.8552480455504177
0.8470597320241313
0.8459545803243264
0.8545418068481115
0.8543574540547924
0.8571702274017706
0.9341144050988377
1.0820848463879809
0.9001025262324716
0.8689759179449567
0.8887409826130497
0.9153021690166916
0.91273571107551
0.90270472239331
0.8885469283338056
0.8721687767157236
0.8553630626649807
0.839879543914869
0.8273861724294473
0.8191927629051629
0.8159457585666554
0.8175559901125122
0.8233830326508458
0.8324596862700931
0.8435834289603721
0.8553253360023275
0.8661321742222863
0.8746222046436108
0.8799858794988741
0.8822643027878436
0.8823295042138315
0.8816656117105176
0.8814946727662828
0.8824882636700982
0.8850978073389215
0.8900660439403077
0.8981379024820171
0.9114203308465562
0.9332873112450255
0.9649004463955623
1.0051398418012685
1.050658546665509
1.0971027056511713
1.1388597582699211
1.1695946533861847
1.1837461992082605
1.1783390412974617
1.1541418746395296
1.1154776771145825
1.0687915626591218
1.0207718607983263
0.9768735200044251
0.9406199056359604
0.913561510548051
0.895598940146184
0.8854733073153142
0.880787853534163
0.8838171113216073
0.8801036520238589
0.8812992490850047
0.9434898672040636
1.1219988749182206
0.937652719910422
0.9077331066948843
0.9338148351236254
0.9691513452001651
0.9702886608476287
0.9606333028263729
0.9456223259162775
0.9271892545073674
0.9072113517307376
0.887613483293518
0.8703129051885574
0.856874747141479
0.8481348235883334
0.8441170681647143
0.8442718404475086
0.8477603988737684
0.8535767755326575
0.8605566792093918
0.8674443976266875
0.8731084919329563
0.8768338194289588
0.8785219273777921
0.8786912727165194
0.8783469854183695
0.8783964645202947
0.879414347678486
0.8818331350089685
0.8864126958321139
0.8940140103512503
0.9070349482124505
0.9295394763619576
0.9632063873583442
1.0068264435920817
1.0566691154947734
1.1082759318840998
1.1561732816501136
1.1941319779853568
1.2163938155864424
1.2193486471155401
1.202801912039137
1.1701105109201815
1.1271023728958431
1.0803680180811546
1.0357120085264189
0.9972400426208601
0.9671054415268375
0.9456946168097088
0.9320444706743503
0.921003247335873
0.9158560488326547
0.9076709867261898
0.9057546010855209
0.9556086808900084
1.1585183665606007
0.9744646278933421
0.9454692652910175
0.9790529087425639
1.026476814115776
1.033638200298116
1.02543119252899
1.0105913564656916
0.9911051231188279
0.9689262872640511
0.9461693990410149
0.9250532902418971
0.907445962668583
0.8943591731160485
0.8858511303663094
0.8813582077581273
0.8800745873903695
0.8811236702725745
0.883575222355039
0.8864748279972758
0.8889695414939254
0.8904826197137615
0.8908353889569558
0.890268835229775
0.8894761507114393
0.8890998042031792
0.8895814686005533
0.8913387275287098
0.8951040284584959
0.901841105983591
0.9141461749645854
0.9366030171739745
0.971388765819086
1.0174581658593653
1.0708691630310998
1.1270242790696545
1.180510921589379
1.225181550143136
1.2551504131116358
1.2663095912946167
1.2576161697026231
1.231457503050861
1.1928931865286703
1.1481749848158225
1.1032234068053204
1.0625724466581496
1.0289250381787514
1.0031934796879138
0.9848381417638108
0.9650947513897351
0.9492665688775348
0.9352864691083858
0.9291671392447183
0.9698060447374269
1.186076186855057
1.0063938889861028
0.9790788367135804
1.0214493098096191
1.084380998158022
1.100421162131604
1.0950538116361788
1.081626594625537
1.0621477306616063
1.0386395775570991
1.0134969655239332
0.9894097367928769
0.9686574514650175
0.9523673197088709
0.9404624234160748
0.9322050748800158
0.9267257546617995
0.9232462111187014
0.9210867707195369
0.9196343147453627
0.9183610288954455
0.9168819857635139
0.9150100692209467
0.9128013362402332
0.910807666888395
0.9094280640746452
0.9089130920919009
0.9096446757637835
0.9122668882117778
0.9178016954660944
0.928921807810948
0.9505779488042588
0.9854887765103401
1.0329345530763372
1.0888953281990539
1.1486321185869535
1.206752970431651
1.2572079018342779
1.2941007246905372
1.3130198023370576
1.3122496320199022
1.2932519890812233
1.260178613884913
1.2186677278706834
1.1744570226280613
1.1322878419552382
1.0953147351371273
1.0649923696121069
1.0413058686285825
1.0112960682323897
0.9828045083255431
0.9616266573188833
0.9505395449647406
0.9855209746811774
1.1994199326924002
1.028406081260818
1.0045311516727709
1.0568405408860058
1.1379299366727873
1.1665145736000184
1.1662853491692031
1.156217941559758
1.1381208366163384
1.1141128548616472
1.087146850032742
1.0607843692983987
1.0378925833306831
1.0195300025382612
1.0051939305119886
0.9937878645690883
0.984329515406512
0.9761865407221381
0.9690190950597314
0.9626357346914624
0.9568822380284076
0.9515966891170428
0.9466304300451079
0.9419320232744082
0.938065823637352
0.9351965758924935
0.9333231003265442
0.9327619629054158
0.9340076472548011
0.9380865828500004
0.947623797086322
0.9677591616925434
1.0017197061766545
1.0492214579792551
1.1063181848023436
1.1681736324497554
1.2294287442341831
1.2842054496817732
1.3267742549437733
1.352669757500073
1.359727908971268
1.348564281983959
1.3222952333201474
1.2856500530080568
1.2438350714601416
1.201516184938349
1.1621469741760218
1.1277014035566675
1.0987576711750202
1.0579813487897782
1.0156500558028432
0.9859319046899595
0.9692637019769813
1.0021769537741942
1.1949280813664487
1.0356397069230168
1.0174001592843243
1.080551658305633
1.1815703374205315
1.2269179095114002
1.2350992774447858
1.2314390708625944
1.2169420141107596
1.193660203798468
1.1654420911649763
1.1373578352280898
1.113144569130943
1.093537367678725
1.0772895897695134
1.0628105693481256
1.0490442825795052
1.035649389100695
1.0227874349920547
1.010788856674464
0.9998881751200421
0.9901170270003145
0.9813558252543269
0.9734884392366916
0.9672179362242936
0.9624882078803183
0.9590016591193601
0.9569859807207461
0.956742590319355
0.9592611087539937
0.9670205284351471
0.9851302215653073
1.0171022912364232
1.0631145407885565
1.1195178548495428
1.1815106200530043
1.2438495387323645
1.3009652200745243
1.3475209813218167
1.3792776710989079
1.3938644842427723
1.391148786631313
1.373107693918977
1.3432838999199581
1.3060002900585224
1.2655343977087705
1.225436896083306
1.1881208049812098
1.1547672441660135
1.103926446610981
1.0474800876186832
1.007996780831411
0.9852089907196682
1.01919066664054
1.1715661868244809
1.0249024006670733
1.0143444638055792
1.0892925996877816
1.212227467661408
1.278512542977188
1.2983104564932972
1.3044471009719527
1.2965738564621718
1.276245028903848
1.2480857616543377
1.2189407372180439
1.193760824614343
1.1730039355612996
1.1545694904761967
1.1363371636587256
1.1172899416157498
1.0975899093955575
1.0780996373625265
1.0597599623244784
1.0431536869787144
1.0284056762395415
1.0153576906071362
1.0038360142126548
0.994778594011418
0.9879308311880733
0.9826768346725843
0.9791466431954824
0.9774335794357416
0.9784752985255263
0.9845515626542
1.0005061702511384
1.0297261916229572
1.0727250459145121
1.126406482384774
1.1862462398716231
1.2472840550832036
1.3044447128226493
1.353022496338531
1.389266282572411
1.410817719107978
1.4169013096341334
1.408304000354833
1.3871842246875385
1.3566966533714844
1.3204397666566294
1.2818293314928204
1.2435691700160103
1.2073684238563804
1.1483191867406488
1.0783548931773397
1.0281126075968499
0.9987641734925023
1.0360350898443942
1.1311581203634902
0.9959502099418303
0.9947159533200289
1.082768624757179
1.230000508481274
1.3205692858935758
1.3543409869139917
1.3729205861252178
1.3744358601098448
1.359712343202284
1.3338031196128104
1.3048537934512947
1.2789490773591148
1.2566136163877508
1.2351254585020819
1.2119507000391287
1.186275464106366
1.1589832059543912
1.1318155440592736
1.1063795692619154
1.0835381049833255
1.0633925884526458
1.0456668570805825
1.0301200824170473
1.0179908256234278
1.008841985803065
1.0017288949466305
0.9966862998919256
0.993605782713464
0.9933768904915443
0.9980592782478435
1.0120397462578692
1.038182264505784
1.0770754116940624
1.1262951765735314
1.1818700332637702
1.2393550335023162
1.2943716034245356
1.3430432106940922
1.3822961832315386
1.4099473932602644
1.4246928232014497
1.4261705673770055
1.4151026385162928
1.3933294784739443
1.363559511367699
1.328843959515311
1.2919689976237236
1.2550037071851807
1.1905479992128176
1.1084833900492697
1.0469107774021256
1.0107023883138084
1.0522678850717937
1.0778922263697086
0.9518707013979066
0.961217203374715
1.0639110063285226
1.237374109762192
1.3538828008047223
1.4026709965066446
1.434949982487137
1.4473912149916401
1.4400935377446749
1.4183520909354066
1.3910925512562309
1.3650756809968152
1.3409779496972132
1.3157587295610362
1.2867030363612204
1.2533785071906556
1.2175304593447047
1.181857390218915
1.1486414119212056
1.1189945741541139
1.0929634244605373
1.0701410951521513
1.0502224964798919
1.0347788943650513
1.02317703272378
1.0141249819592033
1.0075636550073102
1.0031889978675756
1.001843778121888
1.0053473768333767
1.0175364830192566
1.0405924712594963
1.0749450159816551
1.1187375381503875
1.1686976357048675
1.2210997491572482
1.2724196557109082
1.3197128498038864
1.360657899730135
1.3933350727877438
1.4160415803761588
1.4274232791317865
1.4268913399185974
1.4150031572726096
1.3934887601637824
1.364850940134227
1.331726999464488
1.2963101375563335
1.2298886819703294
1.1379299242467291
1.0650686222375814
1.0218828334956451
1.0674989438626357
1.0172877421063322
0.8983249224484059
0.9192108711025343
1.0378583584501757
1.2381203882821148
1.3799365138677762
1.443158430177421
1.4886482343220544
1.5118478719700634
1.5122779356690725
1.4954412132024508
1.4707553199992078
1.445264182836147
1.4196462586741587
1.3906827087366875
1.3556636313627342
1.3146284530638601
1.2701620762474817
1.2258355679808564
1.1845474577177648
1.1476878643778847
1.1153441288251227
1.08706666826565
1.0625169945995268
1.0435955927870217
1.0294312135580113
1.0183566827355928
1.0102140603529515
1.0044957898137012
1.0019873859565185
1.0042387681975367
1.0145490618283701
1.0345144972376537
1.0643281884961056
1.1025247537732745
1.1465123138367344
1.1933611797337824
1.2404386317525955
1.2856933652812734
1.3274929080491567
1.364183565133985
1.3937953960696372
1.4142277119525704
1.423851596061451
1.4221308194681554
1.4098635862108846
1.3889116085903075
1.3615740553049502
1.3299270332733917
1.2652622022652262
1.1663601186378516
1.0829815437388053
1.0329453837698028
1.0813321598974766
0.955031172123915
0.8420308560382458
0.8751516870589794
1.0103828768634229
1.2361041649614244
1.4001687279659725
1.4755904006841916
1.5320262530389177
1.5640418245666254
1.5708481161059373
1.558228497451412
1.535958437083261
1.5111282331221356
1.4842734997689249
1.4520455617779755
1.4118235624378255
1.3640701162069728
1.3120147897027241
1.2598695655173493
1.211019741513069
1.167169107581959
1.1285870533175422
1.0949087901340468
1.0658044146868324
1.0434674631525658
1.0267580078303842
1.0136242191408895
1.0038074542983606
0.9965833399592432
0.99266678555731
0.9933097445533784
1.0013477439195442
1.0180189911039768
1.0433424512774705
1.0761576096200893
1.11448828908852
1.1561668003105408
1.199362998367911
1.2427488093802033
1.2851973748498209
1.3252373638189108
1.360724752132757
1.3890672070360526
1.4079166117778672
1.4159161362661694
1.4130864215920658
1.4006731396945686
1.3805559654258006
1.3545257831612718
1.2952562288895768
1.1929896685492483
1.1006078446815961
1.0441560690938614
1.093322841597882
0.8960595244455221
0.7892182412384563
0.8350028221942678
0.9865250713046624
1.234385014781826
1.4155679289586829
1.4996359885371948
1.5633567216061617
1.6008428485381252
1.611333500065058
1.6010196004695343
1.5799676327886254
1.5551860509870967
1.5270195463219036
1.4920614541456603
1.447823780391109
1.3950591510529202
1.3373467401342995
1.279224277824895
1.2243689587242645
1.1747657073240336
1.1309340443406442
1.0926663343943899
1.0596616253297957
1.0343429532551205
1.0153287013874228
1.0002269255474314
0.9886947488207185
0.9797914178112638
0.974155414939108
0.9727218866184896
0.977948742902405
0.9909593543767226
1.0117208159780084
1.039387011670814
1.0725619842290852
1.1097704757526958
1.1498430142310854
1.19195894533216
1.2352737480788853
1.278368070947178
1.3189548951580365
1.3541353816544832
1.381109436596394
1.397962496037222
1.4041401646765603
1.4003992252616129
1.388251310691397
1.369157526057297
1.3185438816500452
1.2168903378332792
1.1176232588171044
1.055440326054258
1.1029578219581466
0.8440770222150188
0.7446340405811208
0.8032638746501097
0.9698804113418206
1.2348956738146444
1.4267603428342028
1.515242310678424
1.5819300174901763
1.6208902259039468
1.6317005082372924
1.6210563042608075
1.5992548042399362
1.5731783668380297
1.5430587677968373
1.5055918165774838
1.4585007479908558
1.4026976158950017
1.341803373266669
1.2803358007633427
1.2220016102726705
1.1689209284474513
1.121800531521827
1.0805641972989302
1.0449245863499685
1.0174523671175633
0.9966259520650995
0.9798246926512116
0.9666627178740071
0.9560099603914238
0.9484345343303655
0.9445537892709571
0.9465240817616906
0.9555508448174239
0.9716636944799213
0.9943652828645718
1.0228141483676911
1.0561500577964098
1.0937300028970907
1.1350648458156525
1.1794219472980263
1.225328937682303
1.2703561579306675
1.3114031677550915
1.3453927726781783
1.370053625189995
1.384452199127177
1.389034039471708
1.3850855719264836
1.3737926392783975
1.3346113833041091
1.2375876346671848
1.133777613088724
1.066496857971059
1.1096386885230278
0.8014854049428823
0.7112475979069797
0.7827243785876624
0.9625422752490703
1.2386808770727376
1.4344896990432523
1.523246003050845
1.5887885799301786
1.625432807202459
1.6332746020872038
1.6195088327874676
1.5945969038965668
1.5653584982649689
1.5321294531595457
1.4919573397548191
1.4429020589628767
1.385946568517966
1.324485473845587
1.2626797357071649
1.2039556161736962
1.1503247819904268
1.1025083791331958
1.0604570847670267
1.023856023657301
0.9953342349804737
0.9733850124588824
0.9553191886862408
0.940767183450125
0.9284635802651113
0.9189240089392933
0.9124729292111178
0.9110325536608649
0.9160152460342684
0.9275814527937325
0.9455807661918126
0.9696659681663461
0.9994935349307348
1.0348313870542771
1.0754129906148993
1.1205388821563935
1.1686522243524573
1.2172041785187098
1.262971004597821
1.3027260759657127
1.3340070768410346
1.3556884712839288
1.3680915725188652
1.3724269553912891
1.369643195316592
1.3442738883512162
1.2554210561884536
1.1490461049604868
1.0768194190918736
1.1126590504812723
0.7695896987233319
0.6904570791812411
0.7746915636820907
0.9654291174114161
1.2464168477175739
1.4401133688071364
1.5257269651935186
1.5868525672059342
1.618181873428639
1.6203398428681248
1.60091785675028
1.5705176779595797
1.536103032425746
1.4984362964237385
1.4551755532625983
1.4048197018681505
1.3483470833449713
1.2887116141782686
1.2294339184736724
1.173366460621471
1.1221466952226125
1.0762997435441333
1.035670211608947
0.9998663553814512
0.9714845658120654
0.949194335155136
0.9304089018307319
0.9148363225140049
0.9011459257934342
0.8898267761782543
0.8809630008557732
0.8763114344458657
0.8775495840620031
0.884983638569269
0.8987481335473713
0.9188716202475363
0.9453913263553119
0.9783732863330457
1.0177114277600783
1.0627334774078048
1.1118369635741405
1.1624259366037852
1.2112601922458666
1.2551168733066742
1.2915457450512464
1.3194595381857521
1.3392557350469931
1.352144271577154
1.3586893261781057
1.3490531714217255
1.270831007315606
1.1631533719718812
1.0855452988086285
1.111204402000782
0.7489272631296963
0.682503791909502
0.7793690190999286
0.9786641100134272
1.258779407848152
1.4456190702311669
1.525636217754371
1.5800643546013728
1.603968269401021
1.5984165176441887
1.571287634341709
1.5333981620883874
1.4921749557011428
1.449127700910403
1.402665932564541
1.3517075900238702
1.297113440123683
1.2412375549985928
1.1867775730909231
1.1358159183957717
1.0894207645385363
1.0477547136140533
1.0104465724311762
0.9769854128269443
0.94984172033469
0.9279798093032329
0.9090565023636822
0.8929025214883684
0.8781910526395879
0.8654112397636484
0.8544786078264855
0.8470645809357138
0.8451378470129669
0.8491330214079325
0.859358660026308
0.8760446442307703
0.899427213999414
0.9297381300263545
0.9669802133628287
1.0105330927284737
1.0588244606374428
1.109321176793249
1.1589183082080525
1.2046126549345924
1.2442530078945608
1.2771056200045114
1.3038640381831827
1.3256613815301441
1.3422225289485992
1.3491227110842612
1.2826469829473526
1.174696402573701
1.0912708598391239
1.104429884534837
0.7396128022584026
0.686897137082614
0.796179646137211
1.0017591132514116
1.2762964281368112
1.452913870415312
1.5256734882911227
1.5718548188216592
1.5868775486845514
1.5722120432690225
1.5360079662930861
1.4894503319610284
1.4407345145677544
1.3922972385719303
1.3432263303583403
1.292669243813167
1.241205842255569
1.1904955935669854
1.142360599923728
1.0980619074967743
1.058031224085899
1.021998454177884
0.9893256710984233
0.9593598519629395
0.9343495495081111
0.9135974235563995
0.8950862184492275
0.8787835291401144
0.8634168466638392
0.8494943340120138
0.8368375607769997
0.8271294573548374
0.8226752030577567
0.8240278899495829
0.831547321841906
0.8454576930371389
0.8659665178901382
0.8932946757976641
0.9274741092008928
0.9679520975685434
1.013267167489456
1.0610750870855408
1.1085895830436086
1.1532952147752482
1.193696836236082
1.2297861852259433
1.2627184123309951
1.2932185609745912
1.319503908514847
1.3417335136217292
1.2872303714070192
1.1808392989682719
1.0921200861539881
1.0916481012391817
0.7416396196970488
0.7028010523887033
0.8239882124582577
1.0335281478448686
1.2986854914003623
1.462732452956674
1.5270617547809142
1.563891975517441
1.569066140201138
1.5445408502041702
1.4988264761763168
1.4436189578793373
1.3880420477534796
1.3354193787091753
1.2852200291543618
1.236493718976287
1.189360868576739
1.1447696280555872
1.103738756963656
1.0667925804321212
1.0337856612202514
1.0040494960062512
0.9767005382206339
0.9509505197648731
0.9287307634971745
0.9096422049464185
0.8920047094474008
0.8758994901353616
0.8601274585434177
0.8452223970367733
0.8309726433242198
0.8191862156180404
0.8126138628736652
0.8119610539921238
0.8175536048973073
0.8294180303576149
0.8474812862028454
0.8717146906103798
0.9020261900504628
0.9378938068053089
0.978026605057286
1.0203981724606133
1.06274105262891
1.1033219929126914
1.1416884999461063
1.1789075100837132
1.216541881306422
1.2542554767368987
1.288278971118519
1.3224056807974511
1.279808979617281
1.178160687227074
1.086209031212728
1.072580144224772
0.7550917914908072
0.7294241745747524
0.8613077117213419
1.0718826434314341
1.3241405352500897
1.4739287540415933
1.5290542547118107
1.5559016669159882
1.5508899278352293
1.5166253643162395
1.4620894583606308
1.3995406521148648
1.3390289736712542
1.2845497888012565
1.235491239928431
1.1904048484455576
1.148806089993633
1.1109978257119595
1.077357555164416
1.0478422611194933
1.0218694574245626
0.9984836076049367
0.9766421478508662
0.9554645569082374
0.9364753770676875
0.9194599722640081
0.903017622930029
0.8872860948005459
0.8711251873694373
0.8550943815706142
0.8389868797637815
0.8248602291595473
0.8160964413041994
0.8136358093450118
0.8177556400995108
0.8281714271745133
0.8443249433660811
0.8656737069976082
0.8917493421623492
0.9219052893451364
0.955001958011201
0.989430543873839
1.0236401605890262
1.056990864042636
1.0905066605629303
1.1266235889380658
1.166813060681614
1.208773436833444
1.2469378478610276
1.2878681011384527
1.2568914292277793
1.1641007280422873
1.0722988859497864
1.0475383377833702
0.7802013221094364
0.7664210711828643
0.9066271608341392
1.1138556252707752
1.3491963153972164
1.4836869323576976
1.5294498638406506
1.5464713792307998
1.531889566480027
1.4890792448458026
1.427512473332864
1.3599515623827165
1.2973405303713141
1.2441222028276784
1.1990264131070807
1.159655725670107
1.1248396602018285
1.0943817831305862
1.0682278848880227
1.0459596240074742
1.026717321578961
1.0094026181755116
0.9929468158651359
0.9764565886523879
0.9609657494246144
0.9462722186384138
0.9311403436613498
0.9156920813292502
0.8988119098144889
0.8810995566792641
0.8623714696227769
0.8450599184535473
0.833414455637041
0.8287045356893388
0.8312009894431723
0.8403029595839399
0.8548965012071666
0.8737602648841192
0.895792101636044
0.9199436702393247
0.9450347671944894
0.9698140223333312
0.9935040725816726
1.0168058925042431
1.042904946185368
1.0760603252495076
1.1162664051356137
1.158396938271456
1.1962245149334423
1.2381540983027515
1.2179843049198944
1.1379988030264843
1.0502145933243192
1.0174057714949296
0.8171657850190466
0.8141306916517623
0.9589108412133134
1.1562311311006601
1.3695373155294963
1.4886222212598939
1.525780917610031
1.534220637818311
1.511836333368896
1.4627464997471933
1.3967656028731117
1.326995255949513
1.2654464885386714
1.217063396516564
1.1791368539768485
1.1477374278713617
1.1210324167201868
1.0985673552634907
1.0800836407832064
1.0649505612578358
1.0521535695523898
1.0405800201258029
1.0292889887806669
1.0174850155057789
1.005620510729897
0.9932875262226607
0.9792702734922628
0.9636316913150439
0.945259704786264
0.9248509619023156
0.9022467058811746
0.8803616186229594
0.8645522137225581
0.8564758236689973
0.8564489111058456
0.8636197019217128
0.8763838866959505
0.8928610115488296
0.9112374694030958
0.9298782775207765
0.9473212225867206
0.962406536410452
0.9747349191810455
0.9857667940513255
1.0018409451286185
1.0311995099602482
1.0685248796349793
1.1061943853763436
1.1392675153296912
1.176766538572119
1.165780682366672
1.101147764098779
1.0207701392631177
0.9834043531660064
0.8748087395766428
0.8842855747618961
1.028568356531289
1.2035055283267737
1.382771529654891
1.4852572853485695
1.514657737497946
1.516069819210339
1.4881582677526375
1.4356747355740151
1.3683767516331078
1.2992358525082914
1.2423543479697547
1.2046977399181857
1.1797306343828662
1.1605533775967016
1.1450376900001362
1.1329423724381513
1.1240444974248842
1.1175708164306106
1.112357393984386
1.107340325931939
1.1019034067705256
1.0955305003823075
1.0878307756703829
1.077845085198932
1.0642515385891118
1.0471355124198947
1.0254186356605743
1.0000383182895334
0.9708192860234501
0.9413127443107899
0.918419768465972
0.9042519931166875
0.899219099649707
0.902281611328167
0.9114245188058477
0.9241772377643775
0.9380439003498833
0.9507940360353409
0.9606808243232949
0.9666817462576901
0.968736743738647
0.9678263296536852
0.9657551071172782
0.9923827549916489
1.0204209763414471
1.0472985210496117
1.07058975829355
1.0979107096264664
1.0944487173327266
1.0479628912426069
0.9790211070814739
0.9405741006064983
1.0007521238762456
1.037974655833042
1.170304858377182
1.2859035673658974
1.3835881381015904
1.462904779652974
1.4862998446628575
1.484708955528326
1.4578942731794007
1.4111280645077509
1.3529708672505107
1.292677860591397
1.238041853143872
1.243702072732639
1.248551946176384
1.2536129019598627
1.260223785629065
1.2692359613288249
1.2804262789494545
1.292423908135608
1.303265772162545
1.311440710989629
1.3167696405876792
1.3193111810619584
1.3167149739078925
1.307129414511044
1.2895849807998552
1.2649526559014694
1.2321993335866792
1.1928733109900957
1.1463602631319012
1.0971925045764028
1.0553745446152993
1.0236887406303494
1.0027749344450856
0.9915326990892807
0.9876596344417806
0.9881858258099452
0.989989362689132
0.9903280652821596
0.9873801694804303
0.9806824427003263
0.9712886594486756
0.9615418386186106
0.9544599810169417
0.9522757429649915
0.9542632608767608
0.9581318788198647
0.9623656102047781
0.9686708783649942
0.9681327513518615
0.9446669045904454
0.8975457077685075
0.8653967802400391
1.1585493442644836
1.2443311309920966
1.3572215397112553
1.4123240933291439
1.4271437576541708
1.4611291472977799
1.4743275724243006
1.4737294346856218
1.4594498933583913
1.4363798028851655
1.4123008961998345
1.3960406285376787
1.394775900211928
1.409827409404184
1.4370005551648202
1.4724258862489374
1.5144555001182773
1.5621270630193265
1.6135768700682185
1.6653180212897236
1.712580128579137
1.7506304348612574
1.7763189257365084
1.787783272494863
1.7832298760883125
1.7646015394335681
1.732674137237302
1.6897679166950652
1.6340323105602579
1.5674989256120695
1.4877193652238654
1.3998138923684607
1.3187609954070645
1.248407287405606
1.190193398919677
1.1436201463686964
1.1067849689500397
1.076914629613965
1.05095409734862
1.0262307979919778
1.0010684873047815
0.9751209455490886
0.9492504943894623
0.9249775221783241
0.9037397367306523
0.8863050515132216
0.8726302943695234
0.8621688486167158
0.8542565800398241
0.8443640004091796
0.8351861582252633
0.8257546792286272
0.8077085359224102
0.7873655602492459
1.2076182262089201
1.3154018067458835
1.4080005048612285
1.441013953596453
1.4312799843352828
1.4318091568666729
1.4337591499722082
1.4327840104613614
1.428860985355603
1.4250131521782292
1.4264473582692632
1.4392127898755207
1.4682505187738644
1.51514944681866
1.5779195897259248
1.6536732557911806
1.7404821562438964
1.8367699882437583
1.93970957861145
2.043927756377127
2.141277761522359
2.222079867661648
2.2775474701527956
2.302068000093446
2.2958914576252623
2.2678393997411557
2.221591894951063
2.160917824966821
2.0827360656752476
1.9888864840007479
1.8741751553893427
1.7433023093298432
1.616432413396533
1.4991730878723772
1.39471212137335
1.3041042732565264
1.226707508056987
1.1607040454358535
1.1037051658187735
1.0533760219914232
1.0079375052195674
0.9664045114387272
0.92853488134505
0.8946129760056659
0.8652205479353821
0.84100620119695
0.8223542665493352
0.808971179973594
0.7996558484425077
0.7874749566786006
0.7758106151282138
0.7852504029113435
0.80294280170403
0.7767229636901136
1.1422164270324628
1.2069368941966887
1.276218772766345
1.3185743318624736
1.3158826926459333
1.307100928757664
1.3064284529199142
1.3080182877567301
1.311945339598025
1.3200092748895984
1.3358507914060658
1.3646634693791329
1.4132653622822804
1.487486751460925
1.5806925918136652
1.6865228816385598
1.8042249498353642
1.9343657723970469
2.076217984043104
2.2256204840111464
2.3736365983527907
2.5068570021804835
2.6098470120671933
2.669172334972573
2.6787996773615745
2.6520834751415667
2.5979357968456473
2.523872484758608
2.4279889801429944
2.313381111700798
2.1735616713419965
2.0128525513308513
1.8539862357829078
1.7028201954631772
1.563490559696787
1.4385934616882843
1.32931024752334
1.2355744313644992
1.1563421351632086
1.0899258451996736
1.0342995444680443
0.9873308106246764
0.9470357357854724
0.9120254934416006
0.881957357883941
0.8573711365219888
0.8388509367759954
0.8261436381397647
0.8177275271980242
0.8060586338524716
0.7965731432292158
0.8322652506034246
0.9076695834486957
0.8588867417567381
0.7760905959588108
0.8683010392398696
0.9242551219654513
0.9766213696446893
1.0417598226816083
1.110447560262938
1.163776369480559
1.2329479223564472
1.3216997022005883
1.4334895101341274
1.5710370438238186
1.7356814740715392
1.9265900807125593
2.139991257696223
2.3687261462569937
2.602313701821219
2.827135456998675
3.025708814797048
3.175996325207119
3.2559879639612075
3.2540128228277694
3.175593414982093
3.041243414203287
2.8779469941187656
2.7263900397938183
2.598138547374531
2.484733638338482
2.3853053145792673
2.289635851625584
2.197687214358001
2.104289857990312
2.0154790488020087
1.9438466006519892
1.887045478098042
1.839562610922619
1.794990116823398
1.7481256414440198
1.6959970224367842
1.6376240575763104
1.5731260145519248
1.5032654300324795
1.4299530350623684
1.3566987391589744
1.2877061855659415
1.2261876191790304
1.17336196244658
1.1286028080752006
1.0903149213039074
1.056897397326607
1.0047866692157608
0.9391720361331525
0.8771057918512137
0.8569780598749213
1.0398866398228952
0.8270187751065544
0.8415234460044732
0.8510474162018846
0.858210967736258
0.8677049878263632
0.8880542030367868
0.9110003654936646
0.9470759532147497
1.0005148983658023
1.0757683076696603
1.1771151415407954
1.3079467150506443
1.4697316094791835
1.6608236265452703
1.8754665279957814
2.103527914356343
2.3314435030672374
2.596044550140213
2.8150555739024457
2.9600616866441185
3.0155336329204907
2.9849418807573165
2.889258391925979
2.758587232938745
2.6350998252949984
2.533738078699593
2.4497518984311446
2.3826566264256437
2.3246300130524054
2.1949121652665093
2.0705592636528873
1.964324899071454
1.8907282465605681
1.8426471511779088
1.8088492844141795
1.7769165698217393
1.7365944276436998
1.6825055557857826
1.6148683596009257
1.5377199670608201
1.4554382370404317
1.3693846478887581
1.2797519577213683
1.1910520192763283
1.1093868124605017
1.0388749464049867
0.9809858707450182
0.9350481196231633
0.8991681437958384
0.8522390144150349
0.8085031501191259
0.7801981206677941
0.7942416865895477
1.0237604954904318
0.8809548000113695
0.8069861408759003
0.7794432749481656
0.7687126331191182
0.7650955381249779
0.7685634294366908
0.7764483569295585
0.7919116834209537
0.8183528385060818
0.8601544046789898
0.923370511600396
1.0146242204184361
1.1362188702679326
1.2861150504456433
1.4595338086586347
1.6480527792304096
1.8389456486869986
2.015853032048652
2.1611547566449762
2.259890721960177
2.304081002458276
2.2954068296084493
2.2445561861840635
2.167282571000378
2.087924336516245
2.016167966815753
1.9481979845970123
1.8832514044518656
1.8155573965507419
1.7489346677857949
1.6855650456218503
1.6351384354949265
1.606297809013236
1.5940527143090693
1.5890596117983427
1.5797879839730795
1.5557215892838785
1.5107880221322822
1.4453127518620053
1.3652383517824298
1.2790340833289762
1.193988256832041
1.1133567371637005
1.0366141676028255
0.9645668526706963
0.9005118592927006
0.8471824856177604
0.8054994540602445
0.7747898909149035
0.7414515133771865
0.7269477335250706
0.7355247372289597
0.780092202506619
1.0095473132755055
0.9419721998393392
0.7853491993916352
0.7367741570077105
0.7244837374878864
0.7229049584971791
0.7205432218512902
0.7210884854719031
0.7260296306552971
0.7385549041442692
0.7621264437242158
0.7999378270824993
0.8541165231725222
0.9251086803298828
1.0114865379228304
1.1099076173584541
1.2150897942564853
1.3199911722564726
1.416455163822745
1.4964364644883523
1.5536124687344628
1.584832972679823
1.5907367256604463
1.575156791299885
1.5435205672397891
1.5056827946227274
1.4674504959256038
1.429330861496267
1.3941809620391312
1.3614716336670623
1.333999447120272
1.3130290483644949
1.3029232300404636
1.3057202071082874
1.3179512518800802
1.3333608435402822
1.343365510284167
1.3388167835674862
1.3128807033513736
1.2637642638083788
1.1955900021343164
1.1167179267875913
1.036526643626291
0.9624388227622307
0.8981377456102497
0.8428367578014023
0.7941071707884064
0.7524635917702337
0.7196256585872073
0.6964238322829428
0.6772710253531148
0.6877049688892325
0.720213035222669
0.7742480428817874
0.971563229274556
0.996894466794617
0.795204111824684
0.7423238502192825
0.7360557802239721
0.7399998136901941
0.7352068749716539
0.7314788438595161
0.7298313475734995
0.732757533275053
0.7424504837712267
0.7606652469120011
0.7885615346390391
0.8264262086577683
0.8734292086272967
0.9275848031908723
0.985918781965246
1.044730884548246
1.0998963226419252
1.1472644064008473
1.1832349971406981
1.205460445089254
1.2134189724618323
1.2085350196781774
1.1937231786546922
1.1749279446322791
1.1563113622550105
1.1388801730292815
1.1243008203998865
1.1126288205239099
1.1052987817778062
1.1036382195623025
1.1103692748683611
1.1258953616965761
1.1485142863355464
1.174176294982964
1.196268723198579
1.2066287172835692
1.1978827893850594
1.1663044927542927
1.113612142508667
1.0464728918491009
0.9739664727334507
0.9045544582631119
0.8440186296767381
0.7946515530258771
0.7552928909032952
0.7237102470220406
0.6995440365483898
0.6833478485236498
0.674016564836964
0.6946771049370064
0.7308723512410014
0.7761369257524512
0.9476114542416778
1.035564626521236
0.8146835810931506
0.7623496436672489
0.7612865189273046
0.7695223539741869
0.7639434384581949
0.7579671569195142
0.752568698437104
0.7498733915724425
0.7516458444584132
0.7593562735064411
0.7741371139262649
0.796500048828073
0.8260286802699427
0.8613226192062006
0.900229975194698
0.9401599870221341
0.9782979347970077
1.0117588155879225
1.0378515093782643
1.0545518895024377
1.061064882035145
1.058186288975333
1.048231714183277
1.035978759871292
1.0247247275996623
1.01530866138941
1.0086908916476238
1.0050214623524893
1.005155667276264
1.0105389829086713
1.023813635782793
1.0452668666714564
1.073760171318789
1.1057757926649312
1.1352890920485434
1.1545548569174433
1.156093715741772
1.1353700641333968
1.092811652038393
1.0338632896447508
0.9669660560081278
0.9006944689714248
0.8415346076900889
0.7929235685743803
0.755282544445204
0.7270885561753049
0.7069471158187534
0.6943831314082515
0.6896986820906348
0.7130203725355921
0.7476639902070775
0.7855881579032022
0.9446933150335315
1.0733643043447025
0.8396835513230851
0.78876660671699
0.7928810049541808
0.8057102134982908
0.8001524086160187
0.7925204161340423
0.7840750454756228
0.7767194713192408
0.772057832795457
0.771561519828982
0.7765313342801615
0.7877542479792489
0.8051254954551963
0.8275836948155156
0.8534142570336013
0.8806276595583472
0.9071470783896348
0.9308407572477919
0.9496273780610274
0.9618197253338462
0.9666411856605169
0.9646396188913535
0.9577102509257188
0.9495648729008128
0.9426471228820246
0.9376113731605872
0.9350792374731798
0.9353134122251298
0.9389269724423727
0.9476700731499266
0.9653756741061085
0.9922545434297348
1.0264951998726746
1.0644941590250965
1.100549663665247
1.1273061017603152
1.1373867431229814
1.1258186154145593
1.0920910833570447
1.0405766987063156
0.9789774910853267
0.9157240405765824
0.8577090049790238
0.8091430978328672
0.7714794243460926
0.7441175738496417
0.7256859569840687
0.7150532484272754
0.7128858885020077
0.7366060354117367
0.7689353472962065
0.8024572710845531
0.9496087122259306
1.1150914701251369
0.8718916314703504
0.8227281574167297
0.832577909088685
0.8512263080723388
0.8466547662859216
0.8377634507491347
0.8265752709467172
0.814875642582058
0.8042706942510038
0.7963859705164998
0.7927844488016276
0.7945444878240645
0.8018143790296252
0.8137558983416664
0.8289360757642897
0.8457756150462733
0.8627215918465976
0.8782052184218886
0.8906543504486696
0.8987442214475436
0.901832989022167
0.9003239009433488
0.8956838960205872
0.8906014401402061
0.8867543724352
0.8846333929914717
0.8846409008682901
0.8871187808937677
0.8925166223659685
0.902605742292929
0.9234257123767435
0.9557862956007783
0.9958638866665168
1.0397708022915968
1.0820965920735
1.1159018666595188
1.1340315325031793
1.131261264960323
1.1062976743007245
1.0624644059710031
1.0065951346884083
0.9467687582033737
0.8900939451611877
0.8414036135484607
0.8029870247126758
0.7750621061416915
0.7566519158229271
0.7464349202756753
0.7447497745938761
0.7669118907662703
0.7962810027610536
0.8276597893551444
0.9600490766905094
1.159320833150412
0.9103419063407883
0.8629445329810415
0.878978526393001
0.9050792188385124
0.9028064190520185
0.8932113674767075
0.8797514080867678
0.8641958015068005
0.8482673534519609
0.8338300816764017
0.8227472695704108
0.8163838037774097
0.8151010437296721
0.818223446979587
0.8245242476272598
0.8327262756631488
0.8416554152850004
0.8501586460442517
0.8570732391877204
0.8614100286207071
0.862690520348817
0.8612156999548396
0.8580627491866195
0.8550791485598055
0.853326397607265
0.8531643685585438
0.854867599544706
0.858897229672041
0.8657739070722149
0.877601333563127
0.9004432500965827
0.9364686577382038
0.9812749510728578
1.0303120801624681
1.07823860759696
1.1184382558715162
1.1439996981573808
1.1495668048802723
1.1332059413446167
1.097252371355919
1.0475911962245865
0.991761195338919
0.9368768004473799
0.8882193296474528
0.8487618452310286
0.8194242088812693
0.799715322471497
0.788431416262439
0.7848404830893498
0.8031147280159244
0.8285384256276708
0.8574450583892856
0.9742184023284179
1.2033534606628549
0.9533231438536401
0.9077274883072476
0.9302725426560501
0.9658710684785582
0.9676147268575473
0.958026184366083
0.9429144400237646
0.9241279866135387
0.9035681314062423
0.8833691836253351
0.8657139051028998
0.8522673615366189
0.8436001109424981
0.8391786229789094
0.837941860400683
0.8388301124350271
0.8409216073120903
0.8433481706826097
0.8452596572130254
0.8459580317139495
0.8451346123184622
0.8430389282943149
0.8404528464170831
0.8386234434078517
0.8381256965554587
0.8391909057036685
0.8420108061773453
0.8471631397299428
0.8553157978033306
0.8689916225586931
0.89375465525061
0.9318496527321313
0.9799216415151314
1.0330094594097956
1.0856703356443582
1.1314942850261218
1.163794108139254
1.1771663516964936
1.1691779680696148
1.1412747491249782
1.09836534853399
1.047287345394151
0.9949356734708901
0.9468300532852693
0.9064665419894474
0.875364337597063
0.8535245286594227
0.8400134970986719
0.8322132164819981
0.8439598721392851
0.8639207179945299
0.8886761371124899
0.9905333320952997
1.243153412928742
0.9979236026496271
0.9546192867017829
0.9840075575498511
1.0315661038257082
1.039615048167616
1.0308923215947217
1.0148326362535325
0.9934933581884497
0.9689707019868463
0.9436768692277939
0.9201672596530803
0.9004779405243817
0.885399683673066
0.874498153029054
0.8668126029436585
0.8614053519908677
0.8574954217550661
0.854401603519616
0.8515211103156769
0.8484208950838042
0.8449783394800591
0.8414555285540766
0.838450200263006
0.836848039810331
0.8368306117290738
0.8384717425504697
0.8418876432993582
0.8477159202654885
0.8567241202442794
0.8716793128336201
0.8978305350659428
0.9371798076600415
0.9873340631804182
1.0433726349057078
1.0997943321997516
1.1503494771867886
1.188572388216603
1.2090986612047292
1.2091500622149656
1.1894192542345872
1.1538598010928256
1.1084788895615816
1.0597212820730117
1.0131009344032351
0.9724442451064329
0.9397533564327116
0.9154937849056377
0.8990707128129981
0.885238766491087
0.8878109962388053
0.9004569664694148
0.9192472612030195
1.007825754026373
1.2736190174073536
1.0395725255696597
0.9997602609102343
1.0366006960981478
1.0988245405963843
1.1162820117356322
1.1097268837211645
1.093555765133837
1.0703390113976108
1.0423926678382025
1.0124435713298823
0.9836077971178386
0.9584554457361915
0.9379190270753477
0.9215093004110537
0.9082584118312557
0.8972686263857059
0.8878414480812795
0.8794506281650036
0.8717264536230548
0.8644972633895315
0.8578399551644915
0.8520763359756759
0.8477086407816938
0.8454668184429007
0.8452063108782204
0.8468004846392071
0.8502798899019223
0.8562599527699916
0.8655322503380428
0.8809271311525265
0.9075091694761775
0.9472294105256778
0.998359449716132
1.056173085229206
1.1152008143973826
1.1693692093469905
1.2124722918461504
1.2392971196706177
1.2468973107915584
1.2353791430819234
1.2077999146050862
1.1692364472008967
1.1254565008109865
1.0817008139118443
1.0418987651204503
1.0083879003680796
0.9820360546635125
0.9626019135425642
0.9417166871545752
0.9328776942773944
0.9363162370984219
0.9475705247487937
1.0252142708740397
1.2893395225981914
1.0721084318515113
1.0375945693549014
1.082972565522485
1.162263746371934
1.192202517563303
1.1902637587605351
1.1760114428543718
1.1521490409744248
1.121363538687696
1.0869084090200096
1.0530349300364035
1.0231798094356763
0.998078177808668
0.9769254224134455
0.9586566276755348
0.9423956500431726
0.9275602019571183
0.9138318132148893
0.9011043149044555
0.8894569847388334
0.8791345355626498
0.8705080557542844
0.8640233037905861
0.8604129518218543
0.8592695988837451
0.8602317712368266
0.8632347211329717
0.868787271016784
0.8776328915238544
0.8924978427763313
0.9183050803199198
0.9572301762123071
1.0080547325536513
1.0662461096120401
1.1264303771966873
1.1827642640546323
1.2293859015831659
1.2613826458067923
1.2758398504845123
1.2724605372454163
1.253483670578364
1.2229772562913055
1.1858187940258356
1.1467049015091815
1.109421070191108
1.0764637617864172
1.0490040129711256
1.0271197141950008
0.9991935873279499
0.9774934773189844
0.9699880945301386
0.9724324749993584
1.0419274497801694
1.28580261255444
1.0888322912319235
1.0616902903593604
1.117216372928953
1.2155754210988703
1.2604836471997498
1.2657200611834811
1.2567519973651604
1.2353306803176083
1.2038703546052498
1.1659510508478528
1.127158561480764
1.0926074392111964
1.0630872518459997
1.037290454198327
1.0139213686434667
0.992138723707763
0.9715963744614894
0.9523141811991036
0.9344977430323153
0.9184107305344955
0.9043356723956261
0.8925907757082416
0.88354664717196
0.8780529316843141
0.8755211936667128
0.8753495808015064
0.8773818537004637
0.881952681656483
0.8897023252961206
0.9031021993911347
0.9268839397802674
0.9636465958921835
1.012648582739878
1.0695444523042854
1.129112511713635
1.1858219348123429
1.2342783883916943
1.2700470573285312
1.2904538672973485
1.29497799436494
1.2851191325853601
1.263875966404929
1.2350530043493269
1.2025596699519512
1.1698026741231307
1.1392522351549197
1.1122541309498406
1.0891227267183292
1.0552922183519253
1.020309055426224
1.0004087328935884
0.9930698705554911
1.057224367615898
1.2607124483744063
1.0844250181255544
1.0666704458601737
1.1344416147773344
1.2539593183472681
1.3164880646291683
1.3311774591118604
1.3303629437744946
1.314652317639505
1.285787061417913
1.2473199070283887
1.2052101448149848
1.1657009186478828
1.1309571493098485
1.0997227407970505
1.070412775343137
1.0422534684881175
1.015314574219671
0.9901442999145622
0.9673063957843524
0.9470958878697203
0.9295811445140653
0.9148363686613992
0.9031015434564987
0.8954319933971717
0.8911649082130257
0.8894863702646344
0.8901711778756868
0.8933470809807817
0.8995317970739657
0.9108438492240772
0.9316725204757472
0.9649647339910694
1.0104978191776846
1.0642392798206646
1.1212155033167228
1.1763064960307692
1.2247191447508186
1.2626696028521263
1.2879110533705838
1.2998516641666984
1.2993239800970462
1.2882266144138625
1.2691702089490688
1.2451045242818257
1.218876650641211
1.1927684718025662
1.1681604578508937
1.145477099385342
1.107902418333799
1.0603322524209844
1.027039925004884
1.00929393762423
1.07040594490669
1.214868342991815
1.0569284381851927
1.050308167152496
1.1326865086834064
1.275540086207742
1.3580172066763478
1.3839233216863611
1.3933518140667382
1.3857005280632106
1.3618782112612475
1.3252713408918453
1.2820509379963687
1.2388808042399302
1.1989549215984245
1.161671619064037
1.1255550879519547
1.0901111645821127
1.0560484344004526
1.024650051280839
0.9968945102320375
0.9729410131407208
0.9523723298453791
0.9348309342503613
0.9203828730185004
0.9103650910096786
0.9041379740891539
0.9007136993984718
0.8998310795904032
0.9014185913776602
0.9059018294233205
0.9150485844872175
0.9327140710261118
0.9617050296220325
1.0023020653038779
1.0511235454605095
1.1036309749821627
1.1552147367003989
1.2017810767084658
1.240312003831336
1.2691090269312493
1.287615766078768
1.2960706334258183
1.295301663810807
1.286709591746368
1.272227822073298
1.2540578097574442
1.234187787424514
1.2139062792587156
1.1935916632020933
1.1551835376938753
1.096810734340999
1.0498031228663962
1.0214555190566805
1.080849501646555
1.152161840403544
1.00874259822422
1.0146039489502412
1.1137325016563164
1.281529222222046
1.385050610617442
1.4228909393151616
1.443441146844131
1.444928096109312
1.4273963797925093
1.3940179462429787
1.3512189686946083
1.3060081622474202
1.2621016328388333
1.2194141219501788
1.176806427440924
1.134249826939545
1.0931773078121851
1.0556290347731145
1.0229941489612135
0.9952839288276262
0.9715851252337508
0.9511108658431234
0.933767164998875
0.921213826093585
0.9128578720145235
0.9075431403490459
0.904994192010186
0.904964708022924
0.907839648029408
0.9150998078074477
0.9299731301249378
0.954620260637696
0.9895740025095817
1.0323660286656313
1.0791430947123777
1.1259137414448992
1.16931968122452
1.207119192515082
1.2381784839962502
1.2620248520408417
1.2783944208645135
1.2871685780086584
1.2886607923641804
1.283873810960292
1.2743960886803263
1.2619020322808647
1.247508312672645
1.2313903769358368
1.1954364115546954
1.129012424919585
1.0688161337936226
1.0301871055937297
1.088026315683306
1.078663742555796
0.9460504327029511
0.9652330210290705
1.082427082173113
1.2753572005522968
1.3990751301198894
1.4481367344247569
1.4791131555827317
1.4892382263979995
1.477820126118454
1.4478975526659656
1.406242342489078
1.3602534863089037
1.3139525253945243
1.2675248866205358
1.2201076957399943
1.1720820001184336
1.1254165536577636
1.0826270792450827
1.0453458824914992
1.0135748828773028
0.9862391720007303
0.9623808150936091
0.9418301344277011
0.9265613434009273
0.9159661675044521
0.9086839290840081
0.9044223942942702
0.9027695453700323
0.9040938268936463
0.9096250287389226
0.9220249919769898
0.9427790410181931
0.9723835983259109
1.0091469277953993
1.050011736615189
1.0916862709006128
1.1315185449363419
1.1679359413241253
1.200262626451307
1.2280892372778405
1.2507604175971196
1.267428299617877
1.2775686330489722
1.2814644122575398
1.28023638566679
1.2753302228364756
1.267703816229564
1.2572249587191975
1.2269950821594764
1.156033060207932
1.0840680006585799
1.036076628078775
1.0915107410044516
1.0012129308787214
0.8769801645895168
0.9097268513397566
1.0449967432060598
1.2612279971972375
1.4021275752348081
1.4602536787505085
1.4994241509287205
1.5161764068401797
1.509350584721284
1.4820467142005838
1.4415003611497386
1.3955262431150242
1.3483187161894892
1.3001328611470204
1.2502097430022099
1.1991133654657857
1.1490090886530002
1.1025281584048054
1.0613666343333619
1.0256574873364415
0.9945135456504511
0.9671044172361964
0.9432987474665343
0.9253509184685366
0.9125664949964002
0.9033488139142642
0.8973767020982729
0.8940685048678569
0.8937724732956073
0.8974717200629806
0.907397241055421
0.9246276831976681
0.9495499664487215
0.9809929943825731
1.0166175079222812
1.0538180973386244
1.0905520601764729
1.1257197008840747
1.1588937951318428
1.1896289815817231
1.2169618807117513
1.2395521913230938
1.256329703629388
1.2671188940910314
1.2727847607346672
1.274734896503024
1.2739259894058104
1.2699396304524722
1.24833405553851
1.1768296586678613
1.0953098335170706
1.039495779047488
1.0910003065670024
0.9260835695591505
0.8094703197054706
0.8554085654166736
1.0072913661382215
1.2428154409124186
1.3960814467246014
1.460097232350753
1.5042210556897302
1.5246388321114561
1.5200540062134786
1.4938561727534765
1.4538271361158777
1.408155672066618
1.3610879427723146
1.3128108720669702
1.2625131101702418
1.210698384329906
1.1594101207307292
1.111123254281628
1.0674882022600576
1.028827802757518
0.994593898429773
0.9642301350057457
0.9377110817545029
0.9175137417371094
0.902845878335816
0.8918972827380427
0.884319491385196
0.8793685303105776
0.8773643950575912
0.8790432284019618
0.8863202503750108
0.9001313772149988
0.9208187136598012
0.9476055161031276
0.9787713566535037
1.012333975519091
1.046743353979206
1.0811731870756807
1.1152205102767383
1.1482610877837338
1.1790371419938994
1.2058718393968206
1.2273654687627624
1.2430877904764477
1.2538373563037113
1.2612260547373084
1.2665246518721454
1.2692418799802165
1.2585460934377493
1.1906605717942562
1.1023858860026199
1.0406779108372624
1.0863399832354628
0.8581383530378992
0.7497481551929889
0.807986420910494
0.973709686191201
1.2226696945961277
1.3825645266187436
1.4490434595082395
1.4947491164697377
1.5157997707665587
1.511037639395456
1.4842894496748666
1.4438593265202626
1.3982120648327827
1.351591699529449
1.304115647480905
1.254885707088383
1.2042067391810176
1.153787968325101
1.1057593738986617
1.0616132138847383
1.021798907085501
0.9860667035613724
0.9541170051440876
0.9260238748104677
0.9043979194536015
0.8884079091232262
0.8761183953876319
0.8671788314387895
0.8607155728374286
0.8570193574520645
0.8565862518951154
0.8610811380460545
0.87145970291959
0.8880939335162251
0.9105639408940607
0.937708303902767
0.968113657959008
1.0006431513335385
1.0346220269556794
1.0695320263186814
1.1044669954842772
1.137853432679034
1.16773922749448
1.1924966974462103
1.211534257620333
1.225670443853097
1.2369001379709672
1.2471874744392089
1.2563530321736218
1.2581511802912029
1.1978648046887572
1.1059042648442556
1.0399235447215904
1.0775227885626448
0.8005606934290396
0.7017628800352409
0.7710907922379565
0.9470064072611333
1.202497248629382
1.3635229050269857
1.4296158692924308
1.4742543913071353
1.4936090900964925
1.486784262700506
1.4580389047079223
1.416068037678285
1.3695482285857432
1.3228349179984522
1.2761509930854686
1.228607562648361
1.1802838840492968
1.1324400275630704
1.0867157313810405
1.0442921364040398
1.0055773277793147
0.9704543652096459
0.9387582352491388
0.9106017255208492
0.8886162578196003
0.872036265130931
0.8589353066986187
0.8490045338503122
0.8412975408980659
0.8360847018674433
0.8336444509523288
0.83542187084014
0.842452485126314
0.8551659311058828
0.8734641229048252
0.8966888780872346
0.9239480770577362
0.9544807716006515
0.9877325632317032
1.0230446416641434
1.0592162830405871
1.0943685521316178
1.1263129186982515
1.1532520924637693
1.1744834383724514
1.1908649396676299
1.2048221783080657
1.2192475585190516
1.234580717040172
1.2496900077715707
1.2002477514194518
1.107478003151559
1.0376529528248624
1.0646534800764071
0.7550197076187172
0.6673654177274895
0.7465000647712836
0.9287173793230514
1.1840136761490603
1.341957746679339
1.4058609831393085
1.4478439686687639
1.4640830512032261
1.4539316317407904
1.4219709415377557
1.3771382604013285
1.3283807792302391
1.280456737740432
1.2339691298099396
1.1881642195012319
1.1429011756591405
1.0989267825711253
1.0572811825165938
1.0186788590379072
0.9832878346288424
0.9509182194448512
0.9213796482584546
0.8947386394247285
0.8735231149937949
0.8571437577393789
0.8438284563857675
0.8333588911104791
0.8247865612046257
0.818379263280146
0.8142415735724455
0.8136218332117492
0.8176219476460983
0.8266995870800948
0.8409990179402921
0.8602738018516088
0.8840872615465684
0.9120355837093282
0.9437140772050963
0.9783837270213892
1.0146192015622284
1.0503068343350221
1.0831020578882653
1.1111420841605455
1.1337356951084032
1.151880416326892
1.1684522454047568
1.1871593929801505
1.208733342580355
1.2367174266106407
1.199753402955852
1.1084951211984075
1.0341059772503045
1.0479022483391114
0.7220478302383614
0.6468194137929208
0.7346322845425027
0.919743400268947
1.1696228852969477
1.3219302666760908
1.3826587449045105
1.4210496483669226
1.4332234276493143
1.4187724617757445
1.3825215907673751
1.3335690094479415
1.2812607629421868
1.2310745970750496
1.1842185709496333
1.1401165099159896
1.098371213290323
1.0591732857028207
1.0229106287030112
0.9897376653716919
0.9594381067780209
0.9315837676143699
0.905819908540071
0.8820841671359317
0.8626732947268869
0.8472509920832074
0.8343206029441826
0.8237916665552287
0.8147824944960829
0.8075794852125117
0.8021761975025072
0.7996664348347222
0.801183174152661
0.8071448803188689
0.8178002234861306
0.8331596675206457
0.8531315589250201
0.877642656631355
0.9064953807139935
0.9389780691498241
0.9735618593264582
1.0080200188668218
1.0399884766296197
1.0677175721122794
1.0907628953727035
1.1105163430982796
1.1303817825808193
1.154276838911691
1.1820056960402217
1.2206075475082292
1.1959314533776664
1.108274049989949
1.0288663499568351
1.0275018277476453
0.7014607126040773
0.6393263998853057
0.7349980951414009
0.9206805761043582
1.1621202470016667
1.3072965424076535
1.3639782217424594
1.397779769750098
1.4048658486417611
1.3851832301082718
1.3438375991279146
1.290063997348021
1.2336417478131358
1.1809051868300853
1.1337310838112937
1.0916390712304045
1.0538820507008981
1.020073046949933
0.9899715286115957
0.9631801264042716
0.9390590004805781
0.9168668933148765
0.8960069790762202
0.876230062323274
0.8594774453013091
0.8456820804639915
0.8336936213944225
0.823559823388981
0.8145155398257754
0.8068800957000146
0.8006050821695851
0.7967101182848861
0.7963741568276315
0.7999215820203038
0.8075251473588922
0.819213468288559
0.8350460681548021
0.8552114551857521
0.8797823373142096
0.9082103282810092
0.9390143071643103
0.9700084382956713
0.9989856383799446
1.0245367964391272
1.046756128682362
1.0677182334129058
1.0912621451685538
1.1204180774399788
1.1530285012736465
1.198830549969017
1.1854464237109772
1.103916593665172
1.0206932013379257
1.0038195800643879
0.6927381934632534
0.643465804431356
0.7465200597466138
0.9317276774705826
1.1634551712008796
1.3000503198760938
1.351449376291298
1.3793273668664912
1.3801753261175385
1.3545172047482654
1.3078473177910217
1.249506249329581
1.1895674065663062
1.1351038738287456
1.088544783975126
1.0493183008717122
1.0161966834492904
0.9882249134992994
0.9646320867903536
0.9445728908568423
0.9270486276695808
0.9110297063613667
0.8956786780610422
0.8805447535792734
0.867102325133595
0.8555006805531463
0.8449423415371893
0.8355847449692343
0.8267936133055915
0.8189174713346284
0.8119215057568265
0.8068736812740718
0.8051314524301375
0.8069518193259028
0.8122751968656017
0.8208454136582479
0.8325475057053753
0.8476412388756913
0.8664912940251015
0.8888747838916131
0.9135499342230943
0.9385579543733069
0.9620496391065384
0.9831948689463681
1.0028916822409975
1.0240273112659486
1.0503661713088457
1.0830275315571656
1.1180751953881884
1.1674002182361445
1.1641651630659453
1.0917887627190563
1.0079248160779677
0.9774684320706039
0.6953469257071077
0.6576452882066519
0.7678013407391598
0.9523363664272818
1.1735715134868647
1.2996338469475432
1.3442726300805359
1.3648911340444436
1.3586492724983414
1.3268587241161625
1.2754669584223923
1.2138254087510665
1.152045882790973
1.0976767015411202
1.0534784445360506
1.018516406423252
0.9909207894133683
0.9692105167839817
0.9522363358572824
0.9388659195119035
0.9278708756102205
0.9180331413011847
0.9083531468316894
0.8982212674598534
0.8885588975742073
0.8796147470806125
0.8708808125859558
0.8625499270109679
0.8540880676572056
0.8458507632608817
0.8378472020805331
0.8313460922864397
0.8281448014459458
0.8285682571882856
0.8322899057458792
0.8385353252406428
0.8466174552757619
0.8564590535056928
0.8685301524304875
0.8830446622365776
0.8992554759559062
0.9156890889256072
0.9310937337744445
0.9454573258389821
0.9606849445681548
0.9803541601640215
1.0073279873510945
1.040461494323534
1.0749778963683143
1.1240278905415073
1.1294548696045286
1.0691699912025696
0.989211543737101
0.9493556469913699
0.7089848101732689
0.6807338701200651
0.7975160046130856
0.9809907386230076
1.1901682298851952
1.3034152280253037
1.3400638878252844
1.3526654582330533
1.3393029861940438
1.3021546143286962
1.2475563289795313
1.1846930495048686
1.1234447687614997
1.0716279108209015
1.0321434780932057
1.0033055965915665
0.982383936626391
0.9674588499101152
0.9571940127537799
0.9503407416660531
0.9455773187475212
0.9416273316821855
0.9374681340529478
0.93244380498057
0.9268779240999017
0.9209452461552083
0.9142878604964377
0.9070161985653292
0.8986311044658347
0.8894835845053302
0.8796444017711772
0.8707418826069216
0.8653331835020992
0.8639827925364352
0.8661929698514648
0.8706570923583367
0.8759185609424768
0.8811286067082674
0.8863387853829009
0.8919448244064004
0.8978443695698403
0.9033854702655397
0.9082378449038074
0.9134896846793362
0.9222552959831334
0.9384632099190703
0.9632039630076318
0.9934274208928697
1.0244650342528183
1.0694813540028483
1.0814814174194374
1.0353286086848665
0.9641074686252665
0.9205731246753981
0.733670119252086
0.7128565957206944
0.8350135729332532
1.0154646494406947
1.209433250040024
1.307795040253004
1.3359553322628535
1.3408011366139159
1.3214035448005588
1.280700640769883
1.2252151023289293
1.1637321769696893
1.1056887812155438
1.0592121630862972
1.0272990370525434
1.0068159852834468
0.9939095741704155
0.9864535289107158
0.9831587116998899
0.9827879307479259
0.9839998133127947
0.9855548668844221
0.9865748517535105
0.9865598767607142
0.985263339339461
0.982548626059523
0.9779742585838169
0.9714368600339824
0.9624253530034361
0.9513440844077998
0.9383429206655961
0.9255322744334479
0.9165083965686759
0.9121880650230393
0.9120320557132746
0.9143502833565789
0.9170251770085056
0.9183637089460494
0.917604323263293
0.9147408976158673
0.9099596411395392
0.9034669937603251
0.8960676331190452
0.8901853091924854
0.8904431645387568
0.9008635161955855
0.9202858380513385
0.9445439199086003
0.9696362678377161
1.007393401207335
1.0233309979311953
0.9917774103672133
0.9332357146720127
0.8921391947326128
0.776619384177135
0.7640896456019051
0.8894025778655825
1.0602445487875847
1.2300802275044018
1.3093934028343162
1.3282957813986696
1.3258984785204826
1.3022303224563496
1.2607826121963372
1.2079555186241433
1.1517995588222183
1.101099531652526
1.0648961892635662
1.0460833843759405
1.0380507298499433
1.0359960511123412
1.0382701761345856
1.0438855742550794
1.0516064266540581
1.0599644032999749
1.0676955245031192
1.0742156770283626
1.0796214138785012
1.0832800305719694
1.0842355415185716
1.0814903523823596
1.0746769612896228
1.063363002490264
1.0481975604570088
1.0293821690413016
1.0096195653582156
0.9939533350270154
0.9837518885837788
0.9785632214916508
0.9764859649293184
0.974920266810463
0.9714276143603705
0.9643430422559742
0.9529261153215468
0.9372175051807917
0.9179965557541275
0.8970514887688408
0.8777715520070971
0.8657888825504764
0.8657229548195065
0.8752478387508207
0.8897661508595365
0.9059669492081066
0.9326271145583395
0.9495058995544077
0.9331164830889382
0.8919720463900954
0.8603277014479793
0.8830943419555659
0.8935058157988216
1.0139165355203077
1.145225012340617
1.253396145276525
1.2990657847175144
1.3067718911083035
1.2994340329166356
1.2777396412808546
1.2452443353865985
1.20774854995562
1.172488079456552
1.148006985199425
1.141090142069413
1.1477477707410897
1.161511576798818
1.1800825079952386
1.2026419037696296
1.2280941792954385
1.2545458540473373
1.2795356824210193
1.3007949550188922
1.3172536813633275
1.3300886673599466
1.3401905653834716
1.344110574046611
1.339577891281225
1.3270375998639046
1.3063790083775977
1.2788176214736806
1.2440618525503613
1.2054971026380443
1.1710202047044709
1.1427638214843352
1.1207375261413348
1.1032521284895376
1.0875798784211645
1.0706845731347074
1.0499143336006158
1.0235886360573478
0.9914231595624651
0.9547167274248168
0.9162241562834956
0.8797261963299633
0.8493950876066148
0.828646390152198
0.8178846632728645
0.8143806565655173
0.81525154348429
0.8221888562212737
0.8323953356937677
0.831477758729657
0.8182705595504953
0.8110477815131097
1.0527027275210556
1.1088084992444853
1.203971995173525
1.261972230754765
1.2788193816757367
1.284645293577159
1.2860833113269945
1.2835914615601682
1.2773273830918113
1.2699474712460495
1.265869346547555
1.269987556995177
1.2858248507906291
1.3140533447618437
1.3531495672267002
1.4013034568677785
1.4572265558290889
1.519667054639353
1.5865266851046074
1.6542568856153446
1.717948961064549
1.772263883866988
1.812941982442917
1.838115985280757
1.8471163293143713
1.8422061919878736
1.8240169666786796
1.794201260880534
1.7516494930166173
1.697800877145944
1.6302599853806703
1.5525608969093194
1.4774619184473214
1.4084596935568745
1.3468811228603885
1.2921664464791234
1.2423129656840814
1.194494918690989
1.1458909797309618
1.0945941595507942
1.0403014291863268
0.984472928858153
0.9298796657065396
0.879769942712275
0.8370244103359478
0.8035316482774385
0.7797558819030476
0.7644782646181645
0.7552017785274514
0.7458942235623491
0.7387609977093373
0.7403222259360938
0.7517734735508943
0.7678981889577893
1.163609677068753
1.2349970745205698
1.294105948077624
1.3067436554156846
1.2827953271067403
1.271857855489958
1.2717486483996037
1.2740605360464503
1.2788854745088944
1.2880974377866214
1.3049453617036282
1.3333218367845767
1.3766127490617386
1.4364033140500865
1.512072180089922
1.6017814968313462
1.703566776449069
1.8153260707598287
1.933895307476004
2.053974665316333
2.167680951351286
2.2653206491002353
2.337489303259581
2.377814487004515
2.385465823192277
2.3702647169942934
2.3368002714028195
2.2882084610669566
2.221923452260505
2.1391447505237013
2.0346409597927964
1.911703089357446
1.7888004669071187
1.6714120393747585
1.5626856857023672
1.4635853928323912
1.373344562502019
1.290161183371452
1.2120467246435123
1.1376323322771213
1.0666653873941738
1.0000101575547478
0.9392030443875611
0.8858614187814287
0.8412913647766342
0.8063777693078337
0.781466434171737
0.7658458667958636
0.7569189024308403
0.7451846209058174
0.7294318141019398
0.7394555840171836
0.7752588368621947
0.7803853561227505
1.157969824619482
1.1894263520360422
1.2372737366945372
1.261769587584929
1.240495500847049
1.227682539342
1.2277095345136702
1.2318023861603409
1.2401378303071977
1.2540924727450755
1.2764266075864517
1.3110449248537168
1.3623383712419561
1.4342568362787145
1.5434797406036094
1.6650920424951412
1.7983368024405466
1.9427416125667587
2.0967457294739753
2.2559695432261413
2.4119664602079323
2.552437087463053
2.6634828339461367
2.7333741946400343
2.7558882961788305
2.7437142301791226
2.7058010745350853
2.6482889711929327
2.5691851372869916
2.4697575084162193
2.342550771038091
2.189495318114163
2.0319900722874893
1.8769215643698496
1.7293686139685764
1.5925444030775104
1.4680805175273146
1.3564748688076722
1.2575562774429672
1.1708583489638114
1.0958315597414237
1.031854323927036
0.9780225419739879
0.9328328653854158
0.8947237963351731
0.8638500699645791
0.8414604103090088
0.8277576073092299
0.8205037727138692
0.8096755008349205
0.7965869670045971
0.8314061521769721
0.9498884277771876
0.8740381307671635
0.8032975335724393
0.9164556386296798
0.9809460434245425
1.0326735942647935
1.0895038564634696
1.1511975209012504
1.200847470218854
1.2665719692102502
1.3523685730520434
1.4622601353310545
1.5999063723697835
1.7679033355574372
1.9667569461070227
2.1936868579751367
2.4416636747809934
2.699207653851907
2.95097314877541
3.177723387410759
3.355058321465128
3.457131573877741
3.468489142194865
3.392701897674122
3.250622687793277
3.0714285287593017
2.901142235610272
2.7546799040547456
2.623933659103366
2.5092774245972214
2.4003813996578067
2.2986101345631598
2.199189562847716
2.1083093691578396
2.0366587245274013
1.9791193941200471
1.9280905550963032
1.8761007346191076
1.8181744052706885
1.7527438814830205
1.6807222509660624
1.6035417690200926
1.5218916094305197
1.4366451484192535
1.3509355556279914
1.270039897360463
1.1988032419710468
1.1395674600131347
1.0919269997069476
1.053716430158589
1.0223694601935327
0.9770107155563269
0.9292667477519485
0.8897635982028681
0.882892220833443
1.06017982513964
0.8523245219804392
0.8848933987432382
0.8923455999593397
0.8883138655828376
0.8827993923364557
0.8959288046198887
0.9171217060770909
0.953160493548847
1.0083890408549199
1.0875769002521405
1.1956921017696163
1.337258438215066
1.5152344477385167
1.7295219193906277
1.9755590196567363
2.2442690366615077
2.525524295277781
2.802850115580872
3.038560407219445
3.197142108245162
3.259607255226764
3.2274452019712525
3.1208971476622147
2.970594669588032
2.8228763013056573
2.695016535384848
2.580227809427666
2.4760520748430994
2.3683002214120945
2.257319223277042
2.1445494327608547
2.0452148017238527
1.9749128574024344
1.9268377725706323
1.8891863259286013
1.8490450706017294
1.7964426604844075
1.727387292800222
1.6443506391647738
1.5538953998098626
1.4626558093552666
1.3710932025421538
1.27188625999403
1.1728476129736845
1.08279532402207
1.0065767239876102
0.9457439280259942
0.8992494049643814
0.8644865524870279
0.8210826359423199
0.7841642638040652
0.7683965824366908
0.7935676017798005
1.0251791549027134
0.9039175878878749
0.8392207340135466
0.8061999011145395
0.78460392108263
0.7682349833614498
0.7658318054319484
0.7727484583678276
0.7891013759870644
0.8181532368224023
0.8635891642314262
0.9295146449009419
1.0376532713649669
1.1762510501557975
1.3451415390971084
1.5405609534323232
1.7538243802614155
1.9707035373714517
2.1723529030186266
2.3383296995020673
2.4513351426690497
2.5020984923867613
2.492160846014955
2.432976778095837
2.341562157749344
2.2455915544850718
2.156688442757632
2.0711238861808385
1.9902637279654258
1.9095180491695594
1.834055952003659
1.7651477159229192
1.7116518557872946
1.6808808813898821
1.6660776428189135
1.656397905462856
1.6392369143169008
1.6037726344591428
1.54461655566103
1.463593471000423
1.3684087898584372
1.26896383691189
1.1733603701363353
1.0850805666230812
1.003145367102715
0.9275562965201346
0.8612549728838791
0.8068395063178602
0.7650247214489209
0.7348016703426914
0.7026047479879325
0.6898037058711394
0.7053058962185121
0.7627738072490217
1.010978876901622
0.9647652917289492
0.8024345412488267
0.7482850477398469
0.7287349131798676
0.7192171781601915
0.7141100178347396
0.7151135747078066
0.7221013765090698
0.738199693330689
0.7668261477501683
0.8112937540353083
0.8739051783941839
0.9551896136803709
1.0537030492171409
1.1659414231738654
1.2862032738442748
1.406671336701543
1.5180273172855043
1.6107749809911045
1.6771247778695513
1.7128555654889637
1.7183175658982996
1.6979627937164847
1.6583362807034756
1.610853504207992
1.5617677079439602
1.5125929066751678
1.4680558439567744
1.4275453509107978
1.3941831413889845
1.3690232321313611
1.356603189343817
1.35851690771705
1.3700044899739825
1.383437643906195
1.3890326305496294
1.3769415289039164
1.34040286369982
1.2784921216080398
1.1966953795923694
1.1047574888094083
1.0130934981603494
0.9297385861523519
0.8588433235818423
0.8001831627700118
0.7503563559797934
0.7080116578973467
0.6742787184755835
0.6499685629355731
0.6287850363585662
0.6393682535645379
0.6793666729296882
0.7492199278753146
0.9797818178624758
1.0255184278676295
0.8024815067583602
0.7431869243026962
0.7324595875103274
0.73226994287666
0.7273280311899786
0.7253156640972157
0.7267037111148169
0.7337137058247115
0.7483168499363122
0.772293964243322
0.8070117624983827
0.8528985746742169
0.9089794322801245
0.9728197905568507
1.0408390292718033
1.1087210926526077
1.1717786816997402
1.225344407554114
1.2653391242641832
1.289034640130675
1.2957676775409466
1.2872011148840508
1.2668321079603095
1.2416964951556466
1.2158416209523528
1.1908121168026937
1.1698921324100582
1.153067896946292
1.142018079134528
1.1381141829195212
1.1444181207357493
1.1609152618997887
1.184776254527546
1.2106859333236943
1.2308467350275878
1.236265347133339
1.2193797342537984
1.1770547393140938
1.1122212868071977
1.032967058074431
0.9495638548621573
0.8712116080212724
0.8040476119191581
0.7506655613742895
0.7098719196801655
0.6775275645745866
0.65206436279575
0.6341476742046259
0.6217681292196432
0.6428575118623797
0.689118324664785
0.7517693373054203
0.9606883422805766
1.0696126429725878
0.8178383282107843
0.7580877686587669
0.7540629244750663
0.7603796522321852
0.7561944533073677
0.752675770938513
0.7508260690925993
0.7523774702654008
0.758863553841815
0.7718215031993769
0.7926212387420787
0.8219136358748425
0.859063266080462
0.9020810943087806
0.9481172573623367
0.99403544718333
1.0367103153193995
1.0731172225942465
1.1004917765163387
1.1167473586804113
1.1210687536062804
1.114360605721512
1.0992376177790903
1.0815759488544605
1.0652652571418302
1.051087898742118
1.0402377099791145
1.0327441481416337
1.029943289899154
1.0338050975135515
1.0475229884905974
1.070804692673961
1.1013985270416788
1.134609193061747
1.1632665433803213
1.178758037382572
1.173327321041377
1.1429376435881733
1.0891770742170515
1.0189118897128793
0.9418046073469875
0.8671808804361922
0.8018161547999914
0.7491606502255697
0.7093804832598964
0.6799756837167871
0.6584930582392524
0.6442807813443997
0.6368655363293371
0.66160717153561
0.707754003339539
0.7639593506122263
0.9609699721518301
1.1120285645069239
0.8404571252962179
0.7812640166337406
0.7836188095335809
0.796374904365908
0.7934936756686796
0.7889035268698977
0.7843342021493492
0.7812148446332071
0.7809542797657097
0.7851501487935794
0.7953796240278952
0.8125796419780702
0.8363729880590188
0.8649961043046042
0.895977621491344
0.9268624872105067
0.9554556608552635
0.9797287210443361
0.9977725726084528
1.008047490301515
1.0098983361698657
1.0040425078317956
0.9926730912992984
0.9803722555709065
0.9698727916434605
0.9616034766417673
0.9561440821767154
0.9534212348958282
0.9542152814096941
0.961737439429543
0.9810189627002459
1.010490440944387
1.0474381399258044
1.0872773199706796
1.123205632665378
1.1469781633756866
1.1508980652207839
1.130454594683736
1.0862807082307908
1.024169645804063
0.9530418560025211
0.882050259781972
0.8182935770072088
0.7658178327963647
0.7256628715923139
0.6966039468920011
0.6766762720198214
0.6645541717896861
0.6603904333392348
0.6868901020271271
0.73162678318724
0.7835593608137048
0.9693260054974848
1.1573165097167881
0.8714533557316353
0.8135696166549798
0.8228056396197977
0.8430542671892504
0.842265003807888
0.8368637434188827
0.8296992524683036
0.8220317911617679
0.8153373863428802
0.8114363310620045
0.8122099725005686
0.8189043892903772
0.831345880470951
0.8478890732951428
0.8663318232590261
0.8847572422962766
0.9016763223277282
0.9157967818121614
0.9258732946548971
0.9308710999876437
0.9303960925218994
0.9251066856211686
0.916768266386142
0.9086686008036124
0.902489872659177
0.8984175428569523
0.8966923111303328
0.8972617126185708
0.900112292124413
0.9050660152415989
0.9316443328677296
0.9677679773691616
1.0110953112882195
1.057311867366849
1.1000019612823337
1.131343012608477
1.1438537826291948
1.132775204687252
1.097967904634315
1.044180133069909
0.9794444618757181
0.9125072509213094
0.8505901815098025
0.7982462288567322
0.7572950876251486
0.7274807326705742
0.7075165216048965
0.6960275555648311
0.6933471614096789
0.7200558165350384
0.7624360352872789
0.8113141639749335
0.9838509980567585
1.2034919724243447
0.9100494237344889
0.8543663743795502
0.8708402722134405
0.8997514479617343
0.9019544494626125
0.8960729146805818
0.8865671053437574
0.8746370711681629
0.8619499822314082
0.8506263958779978
0.8428775951009935
0.8402503721964659
0.8427374986480707
0.8487881524347457
0.8564890804164647
0.8644085483344627
0.8715849230639986
0.8772301313073662
0.8805692426081094
0.8809680870762285
0.8782710021594341
0.8730939826286513
0.866815776514173
0.8616958247056067
0.858614354777428
0.8576010032144118
0.8587198470823998
0.8621465287104743
0.8681041731297883
0.8786116519431311
0.9037242898935928
0.9437365281255948
0.9919767889494739
1.0434566889889927
1.0918844326946984
1.1297789079391762
1.149924327484938
1.147462136419203
1.1216433947652984
1.0762387668695466
1.0183092129738918
0.9560011798401735
0.8964581498021109
0.8446044477353297
0.8029204348957388
0.7719170865672433
0.7509175085856544
0.7387710131489229
0.7354078949748627
0.7602809534516062
0.7991639583977229
0.8446146306380525
1.0023960604630664
1.2480272476360346
0.9549064234203479
0.9026543645045653
0.9264433295058785
0.965168506644167
0.9714163961708935
0.9654848666851329
0.9540699679600002
0.9383447623033601
0.9202192161933072
0.9021241899254429
0.8865890541497112
0.8754669696765206
0.8689324765762998
0.8656016308697054
0.8639365908904096
0.8629183739532748
0.8619132410609226
0.860415706197358
0.8579421557149546
0.8541474206685311
0.8490727720579595
0.8433215837733375
0.8379982122338371
0.8346641316402147
0.8336039818502603
0.8347174739735448
0.8379613783993666
0.843742395776574
0.852549949848557
0.8670622288817049
0.894125782084507
0.9356360399977719
0.9868762376779505
1.042151932606982
1.095065346758933
1.138372121558483
1.1651267926351376
1.1704756200605302
1.1532109645783277
1.1162286534876231
1.065595308864257
1.0087083237463752
0.9524271657215274
0.9018569923593879
0.8599739870662029
0.8278968987857309
0.805469063245426
0.791841402887398
0.785814640948392
0.8063629878472546
0.8401941311032224
0.8805523180870737
1.0228544775120954
1.2877229412889848
1.0035730880927705
0.9562992782748571
0.9872469884669411
1.0370621289769952
1.0489385972141811
1.0434504355852832
1.030720098058232
1.011790770848209
0.9888203970777234
0.9645171017344552
0.9417240881935852
0.9226967810245004
0.9078583257021816
0.8960784654329574
0.8862239470384758
0.8775462938836768
0.8695461864088755
0.861830552056618
0.8540827286402984
0.846173415352348
0.8383241389589831
0.8311762383059632
0.8256827171852439
0.8230066794408554
0.8229822441479122
0.8253607641827493
0.8300088504276844
0.8374766324232982
0.8483840463749784
0.8656570188631182
0.894882340641463
0.9374983653815003
0.9904301015085744
1.0481450136264896
1.1042731100068095
1.1518131597383883
1.1841211149658042
1.1964476607156775
1.187277535674433
1.1587615447295194
1.1159980130644986
1.0655276057001826
1.0137254490474863
0.9656545559833802
0.9245872524103023
0.8920907444817461
0.8684329176113236
0.8530631112354935
0.8430075690364646
0.8566294269332969
0.8835260844013274
0.9167190253499676
1.0435579629593532
1.3184491009996167
1.0516333619668525
1.0109299643866434
1.049023292299722
1.1116299478200649
1.1320103006751172
1.1276687115665074
1.114325495221886
1.0927585266618771
1.0654651745154833
1.0353210133128643
1.0055315910388603
0.979192158502917
0.9568427203137949
0.9375420263071913
0.9205123538831211
0.9051341519301281
0.8909238872034089
0.8775190555131053
0.8647153802721897
0.8525660518754835
0.8414668123106583
0.8321336949284852
0.8254556292280679
0.8224306573510873
0.8225425666203097
0.8253566454668677
0.830646644616625
0.8389951658453079
0.8510430550555604
0.8697532421022331
0.9001046712662096
0.9431536425259214
0.996677432058757
1.0555312986054122
1.1135499433463527
1.1640517112382123
1.200764256448789
1.2191572445588754
1.217565199612436
1.197538518182559
1.1632627087344145
1.1203466663322648
1.0744978320745384
1.030508352744479
0.9917309110409905
0.9600092583205344
0.935919594090487
0.9191537405726898
0.9045784737043245
0.9090126541376969
0.9269922729784897
0.9510830492533177
1.0632430195212392
1.335188825383589
1.0923287428149628
1.059615669338106
1.1054890516590172
1.1830066390984502
1.2145417460443353
1.2143425909123415
1.20131327235623
1.1779480258165687
1.1470192484635913
1.111349429380893
1.073882686732986
1.0416668121709987
1.012602938628272
0.9865804453420685
0.9630976293827892
0.9415838352800614
0.9215589056683101
0.9027053705965131
0.8849345573245754
0.8684579990125338
0.8538076023774526
0.8417548563598695
0.8331493169498873
0.8289801308161432
0.828462637021645
0.8309456165284209
0.8361068247528043
0.844451567317449
0.8565545706333789
0.8752374183037402
0.9051596163064455
0.9474198533176641
1.000248112488313
1.0588043105832967
1.1172157273794476
1.1692110437504575
1.2089905752617804
1.2323797041600084
1.2377291967342055
1.2261371463849782
1.2009409912284303
1.1667617280899654
1.1284777709722853
1.090397950568354
1.0557466765823975
1.0264688152709065
1.0033111179227365
0.986104903796499
0.9675329482372658
0.9612749926048118
0.9684489696621084
0.9818414204376689
1.0808693255833255
1.3328674572893928
1.1175244804521387
1.0940720296822117
1.149320238082817
1.2441848787581165
1.2886363627269268
1.293715172107571
1.283983824462594
1.2614729878851572
1.2290071149746666
1.1897383760826747
1.1476096810589123
1.1075544435043203
1.0716050529159629
1.0391279865628311
1.0094024705892781
0.9818361078419624
0.9560341367948515
0.9318304835126333
0.9092924002103223
0.8887270284698672
0.8706722673310325
0.855837211205461
0.8449854433740763
0.8391854485760981
0.8374790314968205
0.8390008852176273
0.8433415768448421
0.8508359605193182
0.8619141001806222
0.8790590715334321
0.9067440287129708
0.9466604341379083
0.9972958222550062
1.0539354803765653
1.1110323834514404
1.1628197250958507
1.2040943152587038
1.231195063307497
1.2426635871817873
1.2392897814038055
1.2236232550794288
1.199249065002894
1.170079951641679
1.1397635901489973
1.1112205498634855
1.0863407725463066
1.0658979724714146
1.0497237520890712
1.0286834160495768
1.0112683950150563
1.0060053762859493
1.007517109483258
1.0954975054974305
1.3079309039819869
1.1200122601636888
1.107037857805031
1.1741544531533856
1.289064419736982
1.3483468083340964
1.3603015222864323
1.3560049141953903
1.3368681094554697
1.3053098036744726
1.2645251056894558
1.2187610739857457
1.1729089471439018
1.1302261217157972
1.0910896371136602
1.0547792956263438
1.0207467438290927
0.9888709714440947
0.9593606053772586
0.9325313383150854
0.9086393789146349
0.8879306159682474
0.8708045432683097
0.857845806774757
0.8502622811137776
0.8470557701504035
0.8471967213152435
0.8502172283726224
0.8562261431386022
0.8654467229329085
0.8798031852326552
0.903520977710032
0.9395057104156135
0.9864143216337272
1.0394505805162118
1.093423674583704
1.1431649394319092
1.1841932224122027
1.2135202960067744
1.2300494917876914
1.2343969800752133
1.228378154673223
1.2145049739462623
1.1956241872125069
1.174600533853982
1.1539362069667725
1.1353589508574708
1.1195459149265505
1.1061725618873188
1.0849978848118955
1.057111195397622
1.0382753068632837
1.0272254639328091
1.106274251477223
1.2599211961802095
1.0961405459315696
1.0948093589142904
1.1767188172666405
1.3142982951608042
1.3901723004947149
1.4104041527711555
1.4132889811626277
1.399508510141702
1.3708545668896681
1.3303439864635869
1.2824817864695146
1.2324964329562416
1.1842026164551853
1.1387111285186968
1.0956597991178991
1.05478717491037
1.0165026116299998
0.9817315488529916
0.9512828031407577
0.925178458275286
0.902900430417947
0.8842293109469993
0.8695176240549077
0.8601953267677742
0.8553754303087865
0.8539410282973064
0.8554128260549663
0.859683984358159
0.8667897087888046
0.8780130807787125
0.8969247134546515
0.9276348136206288
0.9692989507620842
1.0170978066499032
1.0662372269240987
1.112186741477565
1.1512541114352226
1.1812320218493204
1.201518875293033
1.2126718715860452
1.2158292577884255
1.2124272231940263
1.2042122363773127
1.1932301246302939
1.1815399450429473
1.1706783524311735
1.161150923919163
1.1523250878379694
1.1337945788529442
1.0972205945607632
1.064478240132282
1.0408121518038616
1.112474649598541
1.1921075964543968
1.0474017009416356
1.0587002808172759
1.1580026070009843
1.320107529036332
1.4134174284603245
1.4425546112944194
1.453448283769408
1.4460378454790719
1.4214089143551671
1.3823229090211762
1.3335688714907632
1.2808839754268535
1.2285526085688856
1.1780901319313313
1.1294383602967724
1.0826925573467077
1.038829018072868
0.9995038860850931
0.9660681978772143
0.9383114904436053
0.9148761206876179
0.8949009665493612
0.8785335762309218
0.8674705465207928
0.8609945680168732
0.8579403064096885
0.8578582642593301
0.860491687295492
0.8658209879692216
0.8747735600814738
0.8900081214085348
0.9149250281590564
0.9498991165751235
0.991068267843931
1.0340853732075643
1.074969679282946
1.110748943525074
1.139976044143539
1.162581381886027
1.179137781256635
1.1901876371661275
1.196168290797454
1.1978021511523917
1.1963955657442487
1.1936503471183468
1.190987651893504
1.1887457393106533
1.1858583922758956
1.1727757001265466
1.1302171008548034
1.0842541572213238
1.0486696641286501
1.1135488994912646
1.1107823121459466
0.9800959468408293
1.0046189972349695
1.122800702958583
1.3097203756381457
1.4196806592727689
1.4571483097637123
1.4755441162604828
1.4741789716670137
1.4534994947348767
1.4160722725110535
1.3670772986172155
1.3129048709787863
1.2583142007597266
1.2050364847182244
1.1531617598881208
1.1030436360045204
1.0560220709387635
1.0140105541367148
0.9783342726170094
0.9486580662434679
0.9235003225638047
0.9017961568371149
0.8835491847454005
0.8706627121799536
0.8625130626839874
0.8578598472535036
0.856290123226244
0.857441643347391
0.861329890377944
0.868747166798459
0.8816613010528972
0.9019002116058247
0.9303241972065326
0.9646684984022419
1.0013630783423857
1.0369575377250433
1.0690528643379487
1.0967861238132923
1.120500371601807
1.1407829856013985
1.1577028690445732
1.1708988998598953
1.1802836513324808
1.1866161433808893
1.1914299108377682
1.1962346842514178
1.2013370943856694
1.2051724462105033
1.2000066225387687
1.154807711340757
1.0973186043093845
1.0513673147935445
1.1091616140469531
1.0236255945304211
0.9032912115858706
0.941024850806457
1.0779054744845566
1.287781447245338
1.4116726529839252
1.4556242147724097
1.4796868927624782
1.482768279939751
1.4648639767933425
1.4285115731911577
1.379438230805562
1.3247897984616757
1.2697337088814695
1.215999443044631
1.163599704917097
1.1129064024561468
1.0652801310214626
1.0224746006966736
0.9855367865603558
0.9541370442877012
0.9270859666533434
0.9034891093247528
0.8833446171839862
0.8687220089696784
0.859012845071544
0.852870956439605
0.8499049671978989
0.8496499684644461
0.8521488953286916
0.8580521495635224
0.8688808253929258
0.8856060168995082
0.908984832681822
0.9377379575065324
0.9691721482281834
1.0004363047955183
1.0295841852122312
1.0560769919155597
1.080399384006862
1.103033509686177
1.1236883229802586
1.1414801923333373
1.1558027485681397
1.1670925357663215
1.1769341427400672
1.1872641185657447
1.1987331611509648
1.20936109247014
1.2140186324630071
1.1698349779436445
1.103293353077004
1.049394780463619
1.0992303041668812
0.9379590761706743
0.8262162719387803
0.8764243859408724
1.0299745902775552
1.258590980276058
1.3920402840219477
1.4397646922897012
1.4668703726222345
1.472123152100348
1.4552949110613547
1.4190791830182674
1.3698676443120619
1.3155575706922416
1.2615492846967848
1.2093321754479474
1.15864121674405
1.109644340296
1.0634567032610474
1.0214955057119437
0.9845551783965717
0.9523910117865952
0.9241563235824732
0.8992335261442717
0.8777098200012736
0.8617903620888373
0.8508696272270024
0.8435128784967592
0.8393422866875621
0.8377939271557355
0.8389098814821292
0.8431667387797895
0.8517908007846037
0.8654525390510877
0.8848371904807812
0.9092213313835735
0.9366216450235512
0.9647564414490516
0.9920316030289292
1.0180081678391266
1.0430315724155623
1.0672922667565516
1.0901639205779037
1.1104384275218329
1.1272088139685459
1.1407075331403655
1.1526427704898365
1.1657095466219052
1.1816370091709305
1.1984616945773432
1.2142073305950793
1.1746970163437704
1.102069116633453
1.0432009084199754
1.0839529246622814
0.8595488229698969
0.7562834622350714
0.817565545638053
0.9840794188623501
1.2250116336441526
1.3628143125943393
1.4115771492057272
1.4392907491508362
1.4447311583446452
1.4275923652192148
1.3908109127982549
1.3414088674730702
1.2878945436248026
1.2357368707427694
1.1861063991612986
1.1384374090378357
1.0926219309435488
1.0494146608079822
1.0098311066035484
0.9744144515757175
0.942967277823015
0.9148980851023525
0.8898242032754181
0.8679302768034234
0.851487686262278
0.8399333172020708
0.8318141492921403
0.8267759154938342
0.8241828787699199
0.8240566190988269
0.8266848352124052
0.8330503843288009
0.8437650922108592
0.8595525399569579
0.8801176376932045
0.9040698658711025
0.9296451038479993
0.9555441388347228
0.9813200618931274
1.0070335790358282
1.0324661769758208
1.0566367730890758
1.0780956843225606
1.0957412070052954
1.1096020483547837
1.1213218094017334
1.1342803160116262
1.1521714630521804
1.1741367612700029
1.2015889995321722
1.1701772104661352
1.0948430393725024
1.0334411378164086
1.0637986390485208
0.7921671136965588
0.6982694130524304
0.7687762132815785
0.9433477065657132
1.1885537728004316
1.3258673152387723
1.373942081455457
1.4010450440014872
1.4058389087600545
1.3879323259579217
1.350428412750742
1.3007298632112148
1.2477564784759596
1.1971560056239574
1.1500389494332894
1.1056974972997005
1.0637716216153665
1.0246104297139558
0.9887726240810134
0.956480433780922
0.9274598670673151
0.9012199021893217
0.8774981113797091
0.8565262179728265
0.8405357638546691
0.8290720008068961
0.8207692153429151
0.8153224788632576
0.8120756463937414
0.8110228892710293
0.8122672450427715
0.8165357725766478
0.8244244983198391
0.8367374392283035
0.8535611972266174
0.8740364702785063
0.8968882422684806
0.9211100105774879
0.9462508652072373
0.9720838167521216
0.9979751966315641
1.0226003963045303
1.0443208500901735
1.0619318583231994
1.0753183891216218
1.0858970306229372
1.0971811259170698
1.1149349658832484
1.1408609210738152
1.1795425476695025
1.1589596295302445
1.0846673909070228
1.0210953146288555
1.0394518228337934
0.7377466067260284
0.6544585662564224
0.732192084892877
0.9095045049915618
1.150770604055317
1.2844392085050669
1.3316541401282689
1.3583739804526722
1.3628091609342525
1.344428411664818
1.306352034145413
1.2559852433582543
1.2024845915865943
1.1521400623502491
1.1065756717326969
1.0651566898100593
1.0272664727120921
0.9927919618932955
0.9617710653839624
0.9340132114403855
0.9090256956273474
0.8862503629341261
0.8654058890705112
0.8466908974333494
0.8321697831380622
0.821561503891617
0.8137024159574737
0.8083699884009834
0.8049551472596677
0.8034323974748879
0.8037510715453066
0.806351264093203
0.811730839371907
0.8207269503096954
0.8337407259932496
0.8503868743731955
0.8698643951513563
0.8914988840616279
0.9149156740424651
0.9396892130966858
0.9648427872240684
0.9887650243964273
1.0097020408184791
1.0264794422889856
1.0390531072113673
1.0488509683339975
1.0594201831875234
1.077446081375384
1.1061080685508182
1.1527972851562598
1.1439341806847414
1.0738966574940667
1.0071302596927978
1.0117373154350515
0.6968273557461286
0.6252391570074902
0.7083595699125651
0.883757570510166
1.1150588519290043
1.2442073511441474
1.2910958822968301
1.3179164458017023
1.3222815803556816
1.3035897993165995
1.2649374127812862
1.2134637029189255
1.158325329136799
1.1067912735235745
1.0616403410079245
1.0225578247651654
0.9886153651328359
0.9591551641537676
0.9336465128053819
0.9114332278342459
0.8917097762697217
0.8737239304142365
0.8570538772096431
0.8417797288148736
0.8296622273841348
0.8206325660927617
0.8138266591792979
0.8091325588148707
0.806058578267028
0.8045798824773802
0.8045546672585645
0.806134352268393
0.8095826510942105
0.8156343374391062
0.8248632477978186
0.8372609421153993
0.8524802960722925
0.8702488114152636
0.8904002768315807
0.9124502374956722
0.9351914537160043
0.9568163954005338
0.9755574120258779
0.9904311335504649
1.001742412884787
1.0113882454161547
1.0234002910037594
1.0438381848694345
1.07370989684114
1.1233617379288445
1.1251588822953387
1.0617615122642314
0.9918688767240171
0.9815771810729573
0.6690544595328467
0.6097246564191959
0.6968183316977706
0.8673828802027927
1.0864610328138855
1.2112077404824633
1.2575558034785796
1.283966755630383
1.2876710286880022
1.2681914929708833
1.2287094927459645
1.176067839315275
1.1191400106974874
1.065919690533194
1.020640371415263
0.9836254066405234
0.9536154563896756
0.929332830333886
0.9096752513344483
0.8935434935107276
0.879810345896734
0.8674779897250644
0.8559118347378655
0.8450048814612198
0.8360779684133518
0.8292673694049313
0.8240675212332377
0.8204859371815564
0.8182031777240352
0.817216082259876
0.81737581164504
0.8186202327008363
0.8209070204370679
0.8246851078353986
0.8304309385213684
0.8383003538734017
0.8483361644300573
0.8607702628350837
0.8758368188106638
0.8931658402902773
0.9114448482779564
0.9287794318542092
0.9435111973490105
0.9550062768449263
0.9641300733915305
0.9734689066933759
0.98733907570122
1.009859274388352
1.0395453656195868
1.0891017225667106
1.100127612494099
1.0456601116806126
0.9747050747035884
0.9500064080251162
0.6536093524242376
0.6062248392499612
0.696518566202722
0.8616358166141967
1.0691164559131623
1.1888291887888858
1.2333545262418566
1.2578872607808724
1.2596679444796897
1.2385870894991906
1.1980686137982433
1.144743890619711
1.087006819367768
1.0329604456070636
0.9880138398445549
0.9533899365021717
0.9275678347584849
0.9086076010937
0.8948869847324837
0.884963948203203
0.8774659072450486
0.871179807244345
0.8652517905560295
0.8593554279890643
0.854246298046424
0.8502051689193464
0.8470912768680879
0.8450061369254253
0.8438198695533675
0.8435507354101317
0.8441158807556033
0.8454091727571977
0.8472267704227398
0.849645200858864
0.8526670047707631
0.8561574460469407
0.8602899733758821
0.8658959569848362
0.8739141059655007
0.8843242488031426
0.8958401335931604
0.9066023812501793
0.9152012060780149
0.9214899883413653
0.9269844411929578
0.9348365796760455
0.9490055796553264
0.9715023109285645
0.9996289352732812
1.0473312144152611
1.0662047035161455
1.0228473540405514
0.9544886995418638
0.9182150124418544
0.6495611105819964
0.6126414231877376
0.7061459301984391
0.8671961761439015
1.0643970398347156
1.1772660018805086
1.2181618577191393
1.2390876643348747
1.2376951556452391
1.214453085610212
1.1731240686438482
1.120170696969193
1.063389725764607
1.010435862388144
0.9672513832884573
0.9359889374524525
0.9149666444888227
0.9015666611797828
0.8937539824946961
0.8899030796800836
0.8885282811261194
0.8882944356659189
0.8881886238937182
0.8876847505794256
0.8868723342762554
0.8860643145859096
0.8854289666016948
0.8850889528956267
0.8850657066647485
0.8853656740979508
0.8860088011035245
0.8870734795578923
0.8885703461684458
0.890356126962387
0.8917661574723923
0.8918236568334827
0.8901380813642497
0.8878346019178477
0.8868995431178409
0.8880917080976547
0.8903761196632507
0.8920984689626495
0.8922574783144267
0.891303145186069
0.8913836161189119
0.8959241594722211
0.9080731662582326
0.9282119165707996
0.9532800110913578
0.9973032102019496
1.022220847088724
0.9915220016971594
0.930246067500318
0.8875303381949406
0.6561606940054638
0.6270675386409046
0.7245459540578171
0.8837151109341177
1.0709020661521607
1.1743915794864792
1.209948944837443
1.225940568402395
1.2207334374648082
1.195475004042407
1.1542434300730777
1.1032810569584401
1.0497068633595512
1.0004064296990447
0.9612126050811023
0.9349120463425478
0.9196454571363262
0.9121683521571663
0.9102347123072511
0.912222368785011
0.9166663838326747
0.9222247640484194
0.9278405036437347
0.9328743294326524
0.9366933666534317
0.9394830185772315
0.9415907676892508
0.9430341444838554
0.9439003793077984
0.9441607506240098
0.9439736246348264
0.9438214381048544
0.9443128545005036
0.9453169908003417
0.9456622602153693
0.9434890590831962
0.9373432623086762
0.9276052612751293
0.9166652122845975
0.9065057110688985
0.8970036065292644
0.8871093014314437
0.8764442756261491
0.8661354511119302
0.8588785487008236
0.8580815155542405
0.865916736279921
0.8816426560723705
0.9022075121897192
0.9405756121966579
0.9691380536168609
0.9515452028379867
0.9017426321132992
0.8592559904705552
0.6730524059435183
0.6489318079486635
0.7513674433724891
0.9098360921344879
1.0853468317346118
1.1768121735068067
1.20587671800766
1.2164319031138233
1.2076984528608878
1.1814537812290324
1.141954243365107
1.0951120612500829
1.0473430198582543
1.004719570193433
0.9725425631624737
0.9534081022439532
0.9449943314437419
0.9438534955485189
0.9478803374343167
0.9555795306851562
0.9655501203910447
0.9765135147949003
0.9875120956925549
0.9979742755675897
1.0065830377708842
1.0131867675115873
1.0180753265057383
1.0209997334858734
1.0220550045976096
1.0212595498904655
1.0189599312305029
1.0161420123168177
1.0142271614757894
1.0132274059021444
1.0117034181952487
1.0072331222132105
0.997563656021975
0.982019622790154
0.962059567789241
0.9399384309851543
0.916887758287488
0.8932050194631191
0.8695589250764214
0.847890678897187
0.8313873342250861
0.8232973289638253
0.8248829131566082
0.8346269287169024
0.849561630365199
0.8805608244417651
0.9100180656645197
0.9046439977290763
0.8696526500155058
0.8343696884786405
0.7058349510188366
0.6866318289585944
0.7946596423486381
0.9499085145636228
1.1068801486868916
1.1815268164586807
1.2026101124788688
1.2074606976868605
1.1962267790134355
1.1711894413452466
1.136564280373979
1.0977562809316277
1.0604435096022549
1.0299221512346175
1.0103159789934137
1.0023098421899308
1.0031517621837218
1.0102620100281012
1.0220043200953424
1.0369382036053396
1.0535721025533165
1.0705967838582435
1.0872491096485069
1.103410790124322
1.1174171817231335
1.1284088267184114
1.1360162219162424
1.1395972681134106
1.1394185391018663
1.1357786345411522
1.1291638083728017
1.1210263941149117
1.113840525277107
1.107858587109719
1.1015903782942253
1.0923628950842599
1.0774546483413334
1.0553371704696026
1.0262494657806798
0.9916819101434261
0.9534303464654807
0.9132911552128682
0.8734867299567186
0.8371082819742773
0.8079677121584492
0.7893396721375173
0.7818971398157256
0.7835122351793735
0.791169602341652
0.8123260459717953
0.8394617685419887
0.8455362230745764
0.8296268803288452
0.8100661474109978
0.7944819803879789
0.7948464877261706
0.904725314889616
1.0347064187717114
1.1418559394509227
1.1838513278447291
1.1932681356807113
1.1929491742098999
1.183941550353638
1.1686252239123676
1.15060114093395
1.1341919029067595
1.1235983992603427
1.1216574188801007
1.1288178779883735
1.1438453162070346
1.165366830510262
1.1922603070496156
1.2232195654287594
1.2564130105888633
1.2895890011199522
1.3206051071767202
1.3481108632748886
1.371979114482058
1.391135805812152
1.4073828668395
1.4149150257475243
1.414783673726676
1.4078103216593112
1.3946894138130062
1.3753276134808523
1.35132121630794
1.3271908041388971
1.3037777864094833
1.2801697714064
1.2542171646941231
1.2233363444225536
1.1853532881326256
1.1391505802773205
1.0849949504806482
1.024577323110496
0.9608491325657832
0.8976833215411724
0.8393744463911859
0.7900570454024259
0.7530120303592499
0.7294372960062303
0.7174500245004702
0.7136287189169812
0.7186160507356847
0.735468829053757
0.7509586343691632
0.763762202933879
0.7788989549219958
0.9551499475880837
1.000638623851782
1.0897780180224075
1.152436302954911
1.1760113747981724
1.1777670461599976
1.1787246283617667
1.1811696318198206
1.1857762484538377
1.1936413999078512
1.2064415543250122
1.2260232763544094
1.2537911028692499
1.290325467745346
1.3354810386912992
1.388753977336598
1.449474560609719
1.5166106248302953
1.588313287952526
1.6615388494181982
1.732101838493651
1.7953401703606282
1.8472225767534791
1.885347788000681
1.9072201813645868
1.915636269406703
1.9118823494986137
1.897113843389111
1.8711550861628394
1.8347125179102381
1.7854664364097679
1.7245886464255633
1.6608691890185527
1.5966691545477638
1.53285265430539
1.468894135010747
1.4031823223862432
1.333649048186081
1.2586975615383569
1.1781341647775632
1.0936682270140512
1.0087036236067761
0.9275265245067225
0.8543129122096774
0.7923901270386106
0.7439123243265086
0.7097326327629399
0.6888757123045213
0.6777496088695497
0.6693554678132647
0.6676124957566953
0.6798866470651646
0.7132585969294524
0.7597341738255455
1.0921653578197474
1.1534452767789307
1.2053488277115683
1.2169820945545726
1.1940808984191384
1.1793802318419113
1.180356113003397
1.1881696820241134
1.202556740164624
1.2241805749702923
1.2545026689117535
1.2954417018422602
1.3488880073197445
1.4161033085382875
1.4972759063449697
1.5915265781861965
1.6972401863080457
1.8122106144893144
1.9332847085768852
2.055711167399948
2.1727542811626104
2.2761345611162933
2.3574809574736424
2.4103562855450784
2.4312063974483613
2.428985055524845
2.4091869593913526
2.3746517419394326
2.3239295267780236
2.257790365256856
2.1713803704737606
2.0660687709816354
1.9564472030532007
1.8466447180946073
1.7389687337605069
1.6340173682317762
1.5311357288142853
1.4291853120650175
1.3274639116208242
1.2264555757962665
1.1280710125364517
1.035247643818099
0.9511219655966004
0.8782330507583097
0.8181734473059389
0.7717581652897494
0.7393533595887408
0.7207001946626097
0.7125119252610272
0.700838803035483
0.6883128680601087
0.702227015589534
0.7483418721380464
0.7865034249089701
1.13764201736407
1.1612627230771682
1.2077689530723434
1.2309341190077099
1.2027118634059704
1.1887823888311277
1.1898359016395457
1.1967708450108396
1.2098723260842172
1.2300887283379887
1.2594015904257931
1.3008241397973437
1.358002804933138
1.4345653602021098
1.5342374022059158
1.6569462206744099
1.792176639650015
1.9368652978144483
2.0887981244899145
2.2437825797551127
2.3944571811890043
2.5304062803469343
2.6400372610569605
2.7137623018072197
2.7453609537675105
2.7458609726419003
2.7235850043164573
2.683325658901349
2.62358167976079
2.5446697546888544
2.439619391742345
2.3084482943188385
2.1683387368142832
2.024764829743752
1.8817887247294234
1.742174423903884
1.6078219263835856
1.4802638842966194
1.3610135660100928
1.251663952315143
1.15376280795364
1.0685749563692222
0.9968560685376324
0.9387122467699914
0.8935538958775413
0.855421834520686
0.8281263557435248
0.812632533706467
0.8095810193164081
0.7960951268929801
0.7881615935522109
0.8207077413140349
0.8910961887012114
0.8878001011016645
0.8330402165583559
0.9561046122392544
1.0226265940864987
1.0721500791807332
1.1235899749653793
1.1807474306428671
1.2275136795249921
1.2899386994330093
1.3720607314365199
1.4781559653864662
1.6123839279988317
1.7780634512104554
1.9765377187542716
2.2057527768527265
2.4589833612780514
2.724449755777655
2.986294356471751
3.2254414084327583
3.4175487260324173
3.5347759438256685
3.558777659480702
3.490796671634103
3.3504037018788813
3.1669079434334044
2.9888691971670758
2.8339344861962044
2.6951483541591252
2.574170670163961
2.4611832092652115
2.358399609306421
2.261273396833099
2.1752511321016486
2.108420777194694
2.05359545101464
2.001821377196049
1.9451409550825092
1.8791080819082495
1.8035840337594162
1.7212798183958253
1.6349715564164584
1.5454737067117645
1.4526228962449397
1.3587687883620947
1.269730138690213
1.1915426656300498
1.12741954197941
1.0771843881585024
1.038328679605466
1.0076056006795655
0.964920478608806
0.927292573717109
0.905714550911275
0.9127748038640663
1.087329034481432
0.8728812089674529
0.9152526997751573
0.9209385865995977
0.9100378325285381
0.8968048117334165
0.9073494473913729
0.928376306348731
0.9650524827700503
1.0217488078145207
1.1034348262980656
1.2154911829250397
1.3630901451560344
1.5500609216486545
1.777277238850692
2.040896885373532
2.3312315010770877
2.6325272711638514
2.9209179117752977
3.1633960234017544
3.3276464068532934
3.3942255389308245
3.3629813866755125
3.252279498572353
3.09147911371471
2.928740501165279
2.783818519633916
2.651186110832626
2.532211560335204
2.4169081841440447
2.3082107586950458
2.2038744600261726
2.113900326524113
2.049935681728316
2.004221183191884
1.9645830259332737
1.9181580984151607
1.855668646454457
1.7745121915887045
1.6789471209510207
1.5772692683276068
1.4777895703538333
1.3858302700841232
1.2773530755222442
1.17167106296798
1.0764415672201533
0.9966496433208796
0.9339173836271719
0.8870425545699938
0.8530231834817692
0.811033755191932
0.7739469336746451
0.7662621239581594
0.8015559656662037
1.0341366843853104
0.9165878247804158
0.8576044468366442
0.8230602706317672
0.796530817168244
0.7747890078458227
0.7711981686623405
0.7792671372168689
0.7984324277209093
0.8323965075196765
0.885988853146895
0.9659410627270877
1.077871028944824
1.2232029408086238
1.4011450724371697
1.6076979410890562
1.8338200906499458
2.06452756354147
2.2797629753987514
2.457595904406844
2.579290904843013
2.6344735440309295
2.6240387138331087
2.5592698701702785
2.457522681582954
2.349082553442113
2.2480903635881204
2.152283975996589
2.0648733587080006
1.981178656519372
1.9056509634019811
1.838371140159946
1.7869557941227727
1.7572414503844733
1.7415139965425728
1.728234290706147
1.7044787774884311
1.6596683548640194
1.589253756219429
1.4962632066068189
1.3895717376071717
1.2798872503741716
1.1756779063556078
1.0806392297377168
0.9941091097387058
0.9157482632842996
0.8478452476352804
0.7926759931947377
0.7507701392857152
0.7208506125318267
0.6885018200752885
0.6727163364337267
0.6903591737944288
0.7562706571230488
1.0151169727842189
0.9722001029596196
0.8081542315715275
0.7538813514957322
0.7327822172947067
0.7216446170098167
0.7177932587243099
0.7211349339059898
0.7317428334772578
0.7525214867959352
0.7865592099824238
0.8369334827102637
0.9059906276017744
0.9945046944565747
1.1012120089997353
1.2225896943371652
1.3527049524965722
1.4832956354555296
1.6043714684079506
1.7055473953055431
1.7780241294436951
1.8166589206845067
1.8212203416266342
1.796058928780838
1.7480841356374957
1.691258039238192
1.6348237653181712
1.5807498358758714
1.5331746265898565
1.4907596015523008
1.456458774758049
1.431149219916854
1.419152622955892
1.4214183674449272
1.4323890120440141
1.4436520034992268
1.444839538297659
1.4259386837954022
1.380564382710522
1.3086204331894882
1.2165911365230815
1.115077876921448
1.0150374100087023
0.9247505522286191
0.8485143717479289
0.7865263523928242
0.7354403129602322
0.6925092517563348
0.6580841883227031
0.632834208488292
0.6093217945728326
0.6166268749448963
0.6576043291797932
0.7357625867731298
0.9856851043363544
1.034233479239047
0.8011798804901082
0.7409979212297124
0.7305620801547676
0.7314281436762199
0.7298783485158261
0.7312791838946945
0.7368910121653413
0.7485310690187549
0.7680140253522196
0.7972159431093875
0.8377344026387612
0.8901741205541354
0.9534767581922261
1.0248396694019004
1.1001951299556196
1.1747803114587125
1.243551257718054
1.3015397199018377
1.3443732924417664
1.3690467990471438
1.374730889905726
1.3631800286890354
1.3384059028330557
1.3091542079954903
1.2733840756618227
1.2429971580682855
1.2190455541094123
1.2003817226363682
1.1884870670183432
1.1846409696733167
1.1918422486653903
1.2095184682038986
1.234081778672518
1.2593937707708434
1.276945469441473
1.2773822845217304
1.2533193694390974
1.2023316913758006
1.1283512352270022
1.040410262245543
0.9494167626870088
0.8648437911459514
0.7928476932960291
0.7360758266914603
0.6942443434011214
0.6618612404719584
0.6355271438822347
0.61629354492554
0.6010033726241559
0.618811125414656
0.6668444758674662
0.7383196737608332
0.9690838848268851
1.0807438919563488
0.8136125077819174
0.751934654109936
0.7490655155320778
0.7579646776166444
0.7585306553763921
0.759148572752293
0.7619034362790722
0.76811724675704
0.7792994028816209
0.7971822974443743
0.8234099885477785
0.8588019539294725
0.9025304006477557
0.9520336924934131
1.0038420692953933
1.0544249133796784
1.1005063097909529
1.1390460079575384
1.1672827568841035
1.1830924738718365
1.1856033258146752
1.175715248932416
1.1561338977014644
1.1335358007954375
1.1125342674807444
1.0943877505309012
1.0807375819350165
1.0714531069136222
1.067890585005872
1.0719413306626162
1.0867194269407694
1.1114334041023073
1.1431589643322027
1.1763988187703345
1.203225007980708
1.214577583956506
1.202792999865886
1.16450086357443
1.1022986800394683
1.0240329485966966
0.9400268174305009
0.8598723827154494
0.7903326634648971
0.7348012753311001
0.69358445022082
0.663741436964166
0.6415863723088203
0.6262546163826864
0.6162837755040174
0.6382912282365302
0.6867238675502418
0.7519849292808335
0.9713913868008853
1.125229703195821
0.8342895545114889
0.772340199887436
0.776594470103342
0.7932528415211543
0.7963331956263087
0.7964829268285917
0.7967625950364947
0.7982670835648082
0.8024985029598849
0.8113088268457767
0.8265740303933194
0.8494104170753979
0.8791617557927404
0.913279539958288
0.9485835542058917
0.9823509491471555
1.0124446974094108
1.0370184791091166
1.0543284824000652
1.0629186875831924
1.0621569385091976
1.0528229971263567
1.0373522436427378
1.0212342784603683
1.0076114997697325
0.9968113627250115
0.9894548713510819
0.9854268936278634
0.9859534824111446
0.9941623071854798
1.0143075762358498
1.045059644286358
1.0832527157242682
1.1234681920178387
1.158075555657985
1.178305749809687
1.1764922879919135
1.1487616973772903
1.0967631778679938
1.027292243639251
0.9499379812105037
0.874097306104327
0.8067988161664926
0.751888198817695
0.7101902903401343
0.6801630268344119
0.6593998532517262
0.6463397979349137
0.6402940653127537
0.6650168971504097
0.7123979259964786
0.7731785013178539
0.9821606341585088
1.1717898212021425
0.8637988498399622
0.8028274075281938
0.8148622083685108
0.8403629388345734
0.8466041527404111
0.8463522695021839
0.8440985886656389
0.84089389385341
0.8383999499073812
0.838721074423016
0.8440431359212661
0.8558101632569073
0.8734710343756947
0.8943198934293073
0.9154598422522595
0.9349673107626986
0.9516299177280884
0.9644683761284619
0.9724858744737258
0.9748047939841866
0.9711438539830679
0.9623364517049756
0.950472370866295
0.9395422547542827
0.931329634103357
0.9257960653422067
0.9230921866890153
0.9230518103123837
0.9260418768513731
0.9355486253034129
0.9603435614357837
0.9972068250436403
1.0417495957346896
1.0885489361435503
1.1302722140417691
1.1585141643101051
1.1657815921820591
1.14793384741981
1.1058523786985697
1.0452995440541406
0.9749707285860302
0.9038151009947017
0.8389033055395371
0.7844696134535046
0.7420032196005875
0.7109976703936018
0.6900320276278754
0.6776981396703031
0.673912630173035
0.7002707543712992
0.7456717658459013
0.8027775568947914
0.9997747877775262
1.218014296556952
0.9014715129137506
0.8433691864675666
0.8637941923786341
0.8990984794839049
0.9088766568178108
0.9082122883779788
0.9034566305453089
0.8956936747350301
0.8868245058535904
0.8792532060269618
0.8754682595291532
0.8772104621932938
0.8839433990222357
0.8927681881089343
0.9013855369818579
0.9087022984817167
0.9141636423322351
0.9173269143978703
0.9176759816047502
0.9147591082786728
0.9085855300273068
0.900001922643307
0.8907141443091032
0.883505420428721
0.8791911926011532
0.8775546491706439
0.8785257919600348
0.8821884518397196
0.8888664175203255
0.9013417366721285
0.9281440763338618
0.9690121658737936
1.0184161480100253
1.0705166525251248
1.1181168682027258
1.1531390870296503
1.1683388601648619
1.1594655887557916
1.1267894667156004
1.0750954200958143
1.0120941258374778
0.9460958335079727
0.8840304116073366
0.8304390115527862
0.787441005080718
0.7553328952008836
0.7334021206216793
0.7205779658019537
0.7168861220583266
0.7431614699298031
0.7856175272818424
0.838561215927819
1.0218728354915836
1.261564078037246
0.9463987144392281
0.893749853728905
0.922687395866125
0.9681020548207421
0.9816735436167685
0.9807138974645271
0.9737114888154714
0.9617525340729765
0.9469947040580255
0.9321302981671792
0.9198906262580614
0.912230345043225
0.9085297425837723
0.9061052014622437
0.9036519523414578
0.9006577390358445
0.8968827578538796
0.892124241382373
0.8861206600550368
0.8786951866278644
0.8700634418071115
0.8610717521265626
0.8531378864880124
0.8482382185670767
0.8465136733685079
0.8476283312092449
0.8513921204712278
0.858169481922028
0.8684608438815496
0.8851982599788841
0.9145621585357466
0.9574344448773145
1.0097800900810618
1.0655368276069226
1.117531520167369
1.1579618240575256
1.1798649114774675
1.1789917763376316
1.1551434059984578
1.1122183669695385
1.0569201261483685
0.9967898445045246
0.938445311440555
0.8865823313369532
0.8438035649803117
0.8110151984458339
0.7880366159328152
0.7741249481853243
0.768679018506277
0.7925087094678229
0.8307183772917749
0.8778244687398898
1.0459751535285766
1.3000625015032774
0.9968279598758079
0.9522177524256046
0.9890535870070568
1.0445674778995049
1.0627435248515726
1.0618330947738723
1.0530605399038162
1.037428728769585
1.0173425975614452
0.9957398193642778
0.9755158808070009
0.9587149906866963
0.9447671552808647
0.9320488483299108
0.9200127050226667
0.9083607650264093
0.8969151707175088
0.885515250255118
0.8740059818975379
0.8623866404739976
0.8510353298060437
0.8408284744843362
0.833020250525614
0.8291298342230968
0.8288179872006081
0.8316228921701498
0.8372658279900906
0.8462994022189108
0.8593200630162661
0.8793871886236612
0.911454860059212
0.9558489841225012
1.0098394076674844
1.0677892374819409
1.1227402720966295
1.1672260690970324
1.194628202447877
1.2008065168114268
1.1852330589125286
1.1510359427368264
1.1039379763917343
1.0506259541486176
0.997241034511025
0.9484402018953315
0.9071144227493245
0.8745950020184258
0.8510910318659353
0.8361285040757126
0.8278859489162531
0.8466953551745826
0.8789689729290463
0.9181180872526942
1.070016757990331
1.3304217819980224
1.0488361409502802
1.0138969065439367
1.0578996952994908
1.1241809165335614
1.149033181487196
1.1489333193854658
1.1389064398583992
1.1201348044676487
1.0952617669086684
1.067398351300378
1.0395244471352862
1.0137229981058957
0.9901392530163822
0.9683284111154626
0.9480359535317706
0.9289966207929374
0.9109638235876452
0.8937191479495185
0.8771411933422142
0.8613568096439996
0.846890177493726
0.8346806314506522
0.8259096910596534
0.8218983615234668
0.8219513697590441
0.8254445379464151
0.8320152456907488
0.842283210548498
0.8568579545760323
0.8788120945681082
0.9124606973339686
0.9575860156988417
1.0120955324981304
1.0708811270178218
1.1273759792256628
1.1745589274629784
1.2062492667939515
1.2185326766844684
1.210694450405774
1.1852178764299588
1.1468953304585479
1.1015019349051165
1.0545531392097114
1.0104712980946955
0.9722351334516386
0.9414216068377764
0.9184865750122122
0.9031277306647993
0.8920288793188657
0.9035933056742255
0.9280209195259941
0.95721921351101
1.0923968119576455
1.3481804485621487
1.0954082540446666
1.070767149896616
1.1220277245066301
1.2009043633710348
1.2349747281294265
1.2373562444406687
1.226942122725815
1.2057000444069348
1.1766776590817007
1.1430958865562368
1.1080015204780338
1.0737730918999746
1.0416129613579301
1.011821822132477
0.9842900491506983
0.9587191600222957
0.9347617871153827
0.9121293637855754
0.8907206186820065
0.8707662001602196
0.852911814438644
0.8381552132458523
0.8276353272835832
0.8226354453934177
0.8221891101417722
0.825473129399294
0.8320393807411705
0.8424529722313265
0.8572648317886185
0.879420655689494
0.9129033725315049
0.9573610872305005
1.0110103561887929
1.0691459614669405
1.125653663942751
1.1740509643260566
1.208699939068096
1.2260416548316557
1.225322192928654
1.2085062976637688
1.1795096898760615
1.143150044956161
1.1041866389501893
1.0666339445574402
1.033381731554777
1.0060905111178957
0.9853145066035052
0.9707856286474569
0.9577905596136042
0.9606807191567881
0.975341152957757
0.9929611474772603
1.1118107896152476
1.3478666950844014
1.127373750352546
1.1132870683757212
1.17318475761977
1.267446895698293
1.3126461671702827
1.3187630849961658
1.3097606618027362
1.28768594474321
1.2558423324424546
1.2176231340316264
1.1762914772456952
1.1347613944616732
1.0951105548109112
1.0582150058275543
1.0241116001031154
0.9924913381860052
0.9629733634667024
0.935271727445087
0.9093359663648692
0.8854684906298637
0.8643593017059482
0.8469847697888744
0.8343981288486687
0.8279135415348741
0.8263727659210838
0.8287452138721482
0.8345010952728362
0.844041651980623
0.8577800665089433
0.8783541179310161
0.9096247165438133
0.9516795445970814
1.002871986654551
1.0587087997424265
1.113528340507733
1.1614628190624177
1.1975295715328889
1.2186714916211434
1.2242565768550533
1.2158601148267456
1.196570096301128
1.1702004768663483
1.1406391595277259
1.1113531653220103
1.0850106038453233
1.0632298624464946
1.0465225602098074
1.034486191761352
1.021468535815977
1.0153077544612874
1.0184572570113901
1.023315182889169
1.1271109140857252
1.3247817696332107
1.1361164328356612
1.1329394196603997
1.2040127419463265
1.3169366567105047
1.3749610871276743
1.3860055518512628
1.3801824568599768
1.3593629248016583
1.3266805297843023
1.2855510401455665
1.2395146581792167
1.1920432516899215
1.1459135518148564
1.102546549635445
1.062211905015571
1.0247031286370585
0.9897729375001325
0.9573153221562316
0.9274270177597805
0.9004206402052161
0.8768310367803025
0.8574023568970827
0.8429885096077417
0.8349488238731623
0.832047537159378
0.8330916016758639
0.8374892218354754
0.8453973445592844
0.8569855332665365
0.87429458255724
0.901214886030757
0.939207774620956
0.9864561481243419
1.0383712324871672
1.0897492626301628
1.1354157641998694
1.171158840895841
1.1945830370365988
1.2053586966314271
1.2048127403757871
1.195253246471834
1.1794417794930485
1.1602949343621878
1.1406344643261734
1.1228348279177944
1.1084042140677588
1.0976979299964558
1.0899970638152188
1.0794468475565018
1.0649660450287588
1.055325167398164
1.0467701566936356
1.1372826315497706
1.2772640262033954
1.1166868434240065
1.1249641232241816
1.210306230924318
1.345032953388333
1.41740788984488
1.4345538691750783
1.4334962791670518
1.4158058549870622
1.384207775850878
1.34195171427211
1.2928064259468262
1.2407875061982567
1.1892803938883258
1.1401677685374945
1.0939772781446606
1.0507039924350978
1.0104113709017462
0.9734594101627567
0.9404408640884342
0.9116935847478557
0.8870774840528407
0.8666795376038829
0.8510660134886643
0.8417063363910551
0.8374595688380692
0.8370682266885751
0.8399246911075279
0.845933644827455
0.8549481943171384
0.8679557357845101
0.8883785382518953
0.9212653771127769
0.9635704813240364
1.010196390510068
1.056545666479395
1.0982158330782643
1.1318455433180534
1.1558394124257574
1.1703561954861248
1.1766319784782724
1.1762512315742606
1.1708824895107304
1.1624003263781852
1.1529433709704493
1.1446042316507465
1.1387966832689747
1.135654741762239
1.1339644050514828
1.1285352948230722
1.1074528095225482
1.0845967396133487
1.062660717369223
1.1414999003746007
1.2079281075776012
1.0697726488760007
1.0900863511006778
1.1924690596084504
1.3512471773550896
1.438804130407439
1.4627101526465278
1.467350793242952
1.453947713426814
1.4246984685282105
1.3825840680001193
1.3315917669733208
1.276333555439081
1.2208109060055619
1.1672761867991994
1.1164270177229536
1.0684341344209973
1.0236803859651904
0.9830463160701998
0.9478971076200308
0.9187310927359389
0.8941924238505445
0.8735395676015227
0.8571459944336223
0.8466765253830836
0.8411958041428702
0.8394607892540096
0.8409078757674376
0.8452942660934991
0.8523492312536175
0.8623935020009037
0.8769438418581377
0.90331944875596
0.9392713907778975
0.9793201455386392
1.0193975191085547
1.055741899118782
1.0857572984543904
1.1086654216668304
1.1252424481203616
1.1367893668716968
1.1442449912734887
1.1481842841825984
1.1494363609752758
1.1495104263106917
1.1503452059520078
1.1534019308233838
1.1586067572463277
1.164080164112028
1.1661167421048457
1.140905830756123
1.1055321938331455
1.0711005457275813
1.1391950298982638
1.1231333324584793
1.001538499679981
1.0342395122831471
1.155256106360068
1.3387102082651565
1.4409408477327432
1.4712765991962558
1.481430031145854
1.472339184191808
1.4456740197349247
1.404153942561536
1.3520610742697052
1.2947316831029894
1.2368375571340415
1.1808970720505167
1.1276398528457598
1.0773505231026017
1.0307075358992452
0.9889058990559684
0.9531370009861071
0.9233943074774744
0.8983851633125913
0.8772025711806543
0.8599760811466617
0.8484469098669872
0.841820529907147
0.8388669685237653
0.839090708148353
0.8421934560276106
0.8479905669142315
0.8569296895895616
0.8702218292867356
0.8903201035327821
0.9183324099422657
0.9510173569236097
0.9844518399549619
1.0151699675028314
1.0410558102074903
1.0619314940707119
1.079115180544025
1.0940431397999604
1.1071392859779325
1.1180204494236927
1.1266038908566889
1.1339215525677375
1.1420059459196765
1.1527122144680395
1.1659361917900752
1.1789618894338183
1.1901700503710917
1.1637739398799136
1.1176584530536315
1.0726030486763616
1.130114313831513
1.0311316159823898
0.921496470227896
0.9664198564504288
1.105903762700723
1.312549895799809
1.42726268779922
1.4625308653854998
1.476786536937944
1.4708751771423112
1.446036759644649
1.4048175418936373
1.3519325553563637
1.2936028261318522
1.2351664936670141
1.1791657568974976
1.1261074399576425
1.0762004079336773
1.0301622574188056
0.9890748500889674
0.9536883279862822
0.9237575979357834
0.898291744577728
0.8765426144894891
0.8585549888570526
0.8461144935695926
0.8385065418589548
0.8344967717022403
0.8336460251560558
0.8356084315066863
0.8402657163746018
0.8480676776001651
0.8599104564421444
0.8765398376513216
0.8989689275445422
0.9257142078113431
0.953755806759559
0.9800726627893754
1.0028687246019128
1.022220167990484
1.0396028156604982
1.056401306328747
1.0726733240232655
1.087428006193606
1.0999631799420546
1.1109632942940508
1.122742993445391
1.138181673785308
1.1578184298831473
1.1779789470829471
1.1993311012341124
1.17486656475365
1.1205179353843153
1.067744792445729
1.1143578206512699
0.9399679266261782
0.8396235977039541
0.895900441359649
1.0517088119960327
1.277754964830038
1.40126796335866
1.439080730027574
1.4552214828741266
1.4507104435195923
1.42646660321755
1.3849485459176223
1.331430422173972
1.2731519785657985
1.215969223226209
1.1620378445786619
1.111373843002379
1.0639514059042063
1.0203267353919303
0.9813190254483167
0.9473787879382453
0.9182069122644364
0.8930295991367867
0.8712795394484661
0.8530299403399914
0.8401098800223857
0.8318814088099917
0.8271226828707501
0.8254373634197041
0.8264297419004364
0.8299933896790724
0.8364632799608952
0.8464873524381236
0.8603510115693246
0.8789226800961629
0.9014508618996879
0.925707218346539
0.9491982793460781
0.970396381021213
0.9893794750726087
1.0073763559987134
1.025400852961166
1.0431804488279899
1.0594498061436493
1.0731821794539984
1.0846787426268016
1.0961860703965713
1.1119579195621505
1.1350593822046877
1.1613104171845692
1.1931660387844758
1.1736715543420522
1.113909021604423
1.0571278852882848
1.092394936246448
0.8560136238528285
0.7640909349386095
0.8301394486397116
0.9982412472624462
1.2374527693205541
1.3652216411199791
1.4030858492226914
1.4190837987833
1.4145661705265926
1.3901026631141835
1.3480404668694128
1.294212671794756
1.2369204021096307
1.1822978573698602
1.1317662536768192
1.0848116419498026
1.0411963886171725
1.001272408080041
0.9655739133212788
0.9343026498222642
0.9071071882155257
0.8833408713566955
0.8625742603558204
0.8449345820811665
0.8322446514392456
0.8239674879946257
0.8189483056181865
0.8168312462232106
0.8171918537177036
0.8198971274227264
0.8251163711799675
0.8332486581688083
0.8444763607655561
0.8597310098735791
0.8787598999974091
0.8999508903175546
0.9212887519348566
0.941470344066885
0.96046975290459
0.9791047654439914
0.9978808615021894
1.016193926629423
1.032664736503002
1.046165122371956
1.0566660013350746
1.0657157997708735
1.077424189810023
1.0994608055217543
1.1304854850815649
1.1727707221354657
1.1610717790636378
1.0992778724671397
1.0416075997270497
1.0650359539240337
0.7834179480188551
0.700261544336701
0.7739606925702712
0.9487950123733311
1.1922829319278976
1.3194463433123047
1.3561767464171064
1.3717821761388898
1.3674798610386316
1.343314378037271
1.3014285458173134
1.2479012805694754
1.1918223751464265
1.1397580633204372
1.0926728851209986
1.049711824032283
1.0104724043607984
0.9750697848564015
0.9437124638966881
0.9163152045555449
0.8923973891911825
0.871331075024279
0.8527478260540696
0.836804138624756
0.8252254619313831
0.8176104086693633
0.8129516831681832
0.8109437065578583
0.811179821646563
0.8134782553813512
0.8178238125218181
0.8242928240004335
0.8329940264238176
0.8450233703262707
0.8605914372256758
0.8786242205004519
0.8975467758314839
0.9162772382092071
0.9346952738185567
0.9532196180176657
0.9718605977836462
0.9897042975391476
1.0053315664722116
1.017695003598839
1.0267315496358544
1.033499636259253
1.040454730032474
1.0560316264528262
1.0900911748835838
1.141551128130632
1.1399724134437141
1.0810874202334406
1.0224518373151108
1.033355044398248
0.7242752593608672
0.6507883623112701
0.7297687193144001
0.9050096732202445
1.1421482588099776
1.2646429541828748
1.3017951938115742
1.3192322096871236
1.3170047213188982
1.2947768471938081
1.254589270830562
1.2022089867631571
1.1465075930564457
1.0951918945536339
1.0502505087953713
1.0107216274860136
0.9758582027549104
0.9453924678588156
0.9191189595312326
0.8965963108836976
0.8771259485329628
0.85999125819192
0.8447932868000371
0.831664061905294
0.8221156616046338
0.8159124840077385
0.8122836490760865
0.8109926076874355
0.8117173341654126
0.8142263462696447
0.8183375540727992
0.8236985121976572
0.8301795087384994
0.8390279780958497
0.8509051049887367
0.8652383485296016
0.8808875889248149
0.8970444862890361
0.9135887475719064
0.9306398446807959
0.9477848179071326
0.9638377555236056
0.9773880501103958
0.9876066446073737
0.994717242869168
1.000013177741572
1.0059631201570312
1.0192361987873304
1.050186768853012
1.1046331250406323
1.1137283278401153
1.0615313619314783
1.001038461473684
0.9985940602251869
0.6791370753650909
0.6162540110343603
0.6982257892112458
0.8681120323242658
1.0909244959322246
1.2087779321954581
1.2482952522989885
1.269128867782571
1.2700977388449683
1.2507484855442161
1.213159060292804
1.1626373509092025
1.1070685264419977
1.0546940391362714
1.0100399163374336
0.972982658395977
0.9422146137188834
0.9168177263193532
0.8960539795995063
0.879077724003865
0.8649225751825498
0.8527092329504061
0.8419270136857855
0.8326181041174088
0.8259519704701059
0.8218686793082761
0.819911900748046
0.8199341153531895
0.821774231766801
0.8251753041978522
0.8298592558268829
0.8349748426655882
0.8398536462963455
0.8457362009673259
0.8536812771131879
0.8635868473018252
0.8747699684408328
0.8868046856118006
0.899729897535729
0.9135066706730706
0.9273895431872246
0.9399745882094631
0.9499137061181766
0.9566987636743381
0.9610462405352902
0.9648956299300141
0.9715799297007497
0.9867010407735155
1.0135285408822339
1.0647202205934736
1.0829790773688552
1.039432192450689
0.9781933987568163
0.9620948536214609
0.6475709802164394
0.5958585337237969
0.6789268752619818
0.839855189687223
1.0466395175421752
1.1615590873049082
1.2032039515654758
1.2267858502919111
1.230370481529859
1.213506722488544
1.1783717192412897
1.1299786418275795
1.0753496465074837
1.0221792666610134
0.9768096068028569
0.9413756322755789
0.914422873872774
0.8940986497734621
0.8790020092954058
0.8678874481675818
0.8595392030820849
0.8528983957300832
0.8472942571427751
0.8426196058820212
0.8395673820549255
0.838229297518362
0.838512812658567
0.8403671720049724
0.8438573060270046
0.8487370099041415
0.854753736027744
0.8606311606448777
0.8648892680632873
0.8683846034167385
0.8723510212842883
0.8770853128809151
0.8824214879494646
0.8885129477396219
0.8957847232179013
0.9041845011081011
0.9127157201504259
0.9198307906240366
0.9243247003561852
0.9260966410746111
0.9264407652120717
0.9279482132227834
0.9343171779602208
0.9494340760877804
0.973395068668161
1.0205647902902644
1.0463039913281116
1.0131386271997298
0.9538558143112708
0.9252852145148583
0.6286222107933176
0.587917908449816
0.6708852609809661
0.8223806529664548
1.0155180917048678
1.1274961913639296
1.1697017075787464
1.1942889666628682
1.199046871621668
1.1836817804726794
1.1505408118192575
1.1044864488178916
1.0519375628490126
0.9997210855441198
0.9542987748624364
0.920151065804965
0.8969152649853291
0.8816789740158294
0.8722293015008773
0.866988975127003
0.8645836235821152
0.8638195393574017
0.863863628721551
0.864422703362123
0.8655840736812258
0.8675256338127209
0.8705242309436085
0.8746035155336729
0.8800770515227752
0.8867156647133324
0.8943922420631596
0.9016712314115873
0.9064574762437746
0.908802960757533
0.9093601270673063
0.9084375947639368
0.9064716752666337
0.9046215695882842
0.9040541876063436
0.904795366266866
0.9056433456610088
0.9050201985255772
0.9019911141868256
0.8969494102097311
0.8917714586179945
0.8895223857661532
0.8937696700051888
0.9069238799847786
0.9277983683822001
0.9708264638229673
1.0025349439958537
0.9811406654717381
0.9274198342153028
0.8896904735693998
0.6211621983519859
0.5901859106937241
0.6728905003362823
0.8172947395681835
0.999682023679008
1.107142093500341
1.1479431567197067
1.1716025584587233
1.176049607064575
1.161321009732541
1.129985121309026
1.086799097740958
1.0376984788837302
0.9886936180459939
0.9453880931129811
0.9130923686066283
0.8936978990550735
0.8836097049794956
0.8796649910310576
0.8800864205889702
0.8834759774284329
0.8885903484481278
0.8944774619837981
0.900658229855775
0.9065026043132403
0.9121671778773239
0.9182493382401573
0.924778631145881
0.9322705115801274
0.9404567124139238
0.9493448069348592
0.9576800630764981
0.9634849095787488
0.9662142918180106
0.9651309888769913
0.9592938546368432
0.9490174524932782
0.9372011630461713
0.9265785179622565
0.9172476989765285
0.9078583160828465
0.8970099488138579
0.8842193050805078
0.8704595589764238
0.858147772235898
0.8506140833465398
0.8510244866121691
0.8606627952185321
0.8777686768456574
0.9159275111433526
0.9517193060114439
0.9426345796343327
0.8983814580758951
0.8568959630632239
0.6241703578574699
0.6002293825836801
0.6839442157527221
0.8249654297224239
0.9980976855778217
1.0986810397856508
1.136239518866064
1.1573914934295497
1.160530377213204
1.1461386386126449
1.116989089408589
1.0776842837010212
1.0336838524861316
0.9903014866238818
0.9522382156581849
0.9240755632323331
0.908943545449291
0.9038297897149241
0.9050409698227767
0.9107357289532306
0.9195692602422266
0.9303189604004048
0.9419881302141428
0.9539597581847581
0.96480984731409
0.9745274168282154
0.9839173647362918
0.9928968789625651
1.0020831000347996
1.0111268734979235
1.0202261080815227
1.0286316709064656
1.0349027205718313
1.0382077395686873
1.0367811147782573
1.0282787591409248
1.0114172978133944
0.9888737693661338
0.9658220785471887
0.9435579686199411
0.9210156242314029
0.8972484912233158
0.8723845934933988
0.8480193560478193
0.8270298789480257
0.812821303266586
0.8080162558796566
0.8129893139097754
0.8256363913173367
0.8578819610962284
0.8953787589250488
0.8980435569103256
0.8668146271083679
0.8283786516524283
0.6369715158263968
0.6164674693763484
0.7039014939499741
0.8444894098142771
1.0077783903129125
1.098926833274649
1.1318592926325448
1.1496018078421313
1.1512017311055767
1.1375978381907368
1.1116695311483866
1.0777532694917644
1.0407883084476328
1.0054854628546568
0.9759168512089224
0.9555576725112618
0.9461489514552357
0.9457852268623138
0.9517727119815321
0.9623811300552868
0.9762716440763166
0.992257892606556
1.0093974515025574
1.0270601417430874
1.043029831838697
1.0569463812377229
1.0696270360200266
1.080737101806988
1.090939027219079
1.099912342083641
1.1081560251070617
1.115470270184944
1.1209330332900043
1.1235324356075858
1.120918549528607
1.110034687150524
1.0887574735581347
1.0580776807449748
1.0222200487626727
0.9846448883083678
0.9461856950147871
0.9069529297085264
0.8678818062508868
0.8312094168915355
0.8001825771342688
0.7781475982890889
0.7671270860992788
0.7666862201047044
0.7743915083515317
0.799785201797326
0.836403481617716
0.8491843829385729
0.833492789375135
0.8051791759265715
0.6640097463019323
0.6456946628156676
0.7400072758182783
0.879864789191374
1.0280567798898461
1.1052679497713018
1.131900796692951
1.1455852203028507
1.1461719264240644
1.1350064876458674
1.114895894663482
1.0896971021569357
1.0636526357378457
1.0407317538465577
1.0241292881023427
1.015747295521974
1.015689781082659
1.0227531207911864
1.0354958137148946
1.0525548606540494
1.0726035704562773
1.094482166585718
1.1174306110510146
1.1411177283989282
1.1627292506890168
1.1812853923155384
1.1972077362365179
1.2098184348964711
1.2199850960057352
1.227637238580441
1.233495636684472
1.2376756807065186
1.239772020124767
1.2386821307926261
1.2317817578741008
1.215737954847799
1.1880707945863325
1.1487086951323673
1.1001391245086127
1.045733168636978
0.9882039496823648
0.929716563028031
0.872738222260053
0.8204681304953064
0.7765854978415724
0.7443833875425602
0.725330328689836
0.718157187934159
0.7199239732840944
0.7367236456954068
0.7693502033609286
0.7907587853711736
0.7941960331048281
0.7850899901825659
0.7406206823164098
0.738903985017934
0.8395326731941763
0.962398152177614
1.069342251852301
1.1177121572189184
1.133879141672435
1.1431125977746268
1.1462751432860754
1.144863637570147
1.1410137682038888
1.1372949847922158
1.136281717259984
1.1400214495484082
1.1496595264219325
1.165478460078396
1.1872361105051061
1.2143757081968256
1.2459617155895173
1.2805812766430082
1.316477598690958
1.3519740126004578
1.3860027209719983
1.418397324126074
1.4464262836916082
1.469318529058876
1.486538241560871
1.4976591438938036
1.503962449013806
1.5055659670726713
1.5025887494734522
1.494737339345295
1.4826311792640352
1.4654193393381976
1.4410748590831364
1.4071018992909903
1.3614550666591028
1.3033271942328801
1.233511514637532
1.15430779077561
1.0691939094087672
0.9824610062337367
0.8988170425444161
0.8229060829743475
0.7588161285629318
0.7096678678746703
0.6768942733808107
0.6588976476368917
0.6516883291801224
0.6548347041959601
0.6757294895739783
0.7025490441129055
0.733626359159604
0.7646853990808661
0.8885528755655736
0.9314476172107715
1.0180106839611476
1.083534922739401
1.1163660684158923
1.125771170715382
1.1318088206456678
1.1415450611466587
1.1561194013624339
1.17571175323702
1.200367668268055
1.2303725425742627
1.266176996522899
1.30819696049395
1.3566669225957242
1.4115844083539217
1.4726627753855865
1.5391741343401828
1.6096717264600264
1.6817546400385819
1.7521268019791998
1.8171014529552711
1.8734259880096613
1.918999964495661
1.9500297440355205
1.9689536102568874
1.9779461518415153
1.9774183625653765
1.9679354419738888
1.9495189733834948
1.9200220315706604
1.878202441408071
1.8283371858805366
1.7712778010831187
1.7072005696793686
1.6355855146355172
1.5553950171499527
1.4656736752227515
1.366461473532998
1.2595827176868342
1.1488302259600385
1.0393753784961923
0.9366842843611453
0.8454666022867583
0.7690682179727785
0.7093899287017655
0.66709973316483
0.6414425374552655
0.6284259727123965
0.6201777992968956
0.6233548693531145
0.6442801884392626
0.6924706125293602
0.760122536596864
1.0319200179404058
1.0940890694440162
1.148581587209202
1.1656396155825424
1.151415618273456
1.1398282178526167
1.1435862090093758
1.1571963131432288
1.1796738404083396
1.210643619995643
1.2504553206863462
1.299886902318657
1.3599225915708704
1.431410567279754
1.5146323142021474
1.6090112992890335
1.713121832852229
1.8248303929568623
1.9412253219623572
2.0582644710925915
2.1704919287782802
2.2713046057789468
2.353970152881323
2.413090900034415
2.4437616908814115
2.4529941133777395
2.443835249572406
2.421841834910758
2.386311669139248
2.337440416258909
2.270782995492603
2.18581236557178
2.0927626128355286
1.9940570119438648
1.890859912659715
1.7832384810288564
1.6706806229679532
1.5529245163064436
1.4308445912505632
1.3069845096983386
1.1854082082351445
1.0708741696148112
0.9677220362029917
0.8790196857521525
0.8063412809881256
0.7501485801879454
0.7103992664351554
0.6869764355059655
0.6797791005136316
0.6660418481038747
0.6602844601949807
0.6792114328954266
0.7310544830182241
0.7962178273578562
1.1090003492901186
1.13755888151609
1.1906021183326743
1.218995815187113
1.1929602231109302
1.1794749117306216
1.1811796955955711
1.1900635119178693
1.2063671752529446
1.2307131742549287
1.2645306198123853
1.3101601810310428
1.3705733249401983
1.4487309694632304
1.546676169281384
1.6642041681716793
1.7946079147580472
1.932249122660985
2.0748952135719203
2.2189734708609974
2.35837230228646
2.484506298696437
2.5878874161533902
2.660782732790662
2.697168068214833
2.7063521710363085
2.6958773784002505
2.669527140575979
2.626436882998367
2.5664816222206714
2.483625760773762
2.376544729483609
2.2579150206817205
2.1312062393843325
1.9988380191016855
1.8625801716612078
1.7242186686278007
1.5861384732420742
1.4515252342148255
1.3240903200966598
1.2074723055849637
1.104608151972355
1.0173143287242337
0.9460943745962052
0.8897908174981826
0.8458200368215734
0.8130488847465189
0.7916117422846443
0.7809877598513276
0.7774429320237304
0.7811763125255992
0.8120235767861671
0.8612861392571941
0.9046321344689181
0.8571165029570273
0.9829400950208252
1.0489559415475447
1.0968308932112396
1.1455825074072055
1.2002890057361277
1.2452273213338014
1.3053097557533695
1.3845301695724332
1.48724060484285
1.6178120379758418
1.7799026798902078
1.9752806534148022
2.202302239417474
2.454479461627686
2.7199943336016825
2.9829904247452332
3.225372187733151
3.424083522460366
3.5503568224126623
3.583915343336353
3.5242111852737144
3.389317217251547
3.2078728003918764
3.029110963236819
2.872349964472233
2.731716661364391
2.609694981550307
2.4969823251008316
2.3961870358764847
2.3029625360669663
2.222134530420945
2.1598899526274464
2.107754738655904
2.0559562827767848
1.9963156060255403
1.924852730029136
1.842486888075556
1.7532302990873596
1.6608871591815275
1.5664950710709857
1.469181005393826
1.3705592023838677
1.2766320112104057
1.1941478418226417
1.126866601098952
1.0747677496614172
1.035141383352075
1.004302531371828
0.9618638091072567
0.9288502751587533
0.9196242745173158
0.9381977460751163
1.1124272456558897
0.8868604030159265
0.9329892246112694
0.938041778925167
0.9242160847615114
0.9081254008075048
0.9184711290572487
0.9399144681435568
0.9772359638122873
1.0347996759500442
1.1176697833814233
1.2314135219298992
1.381481092451652
1.5720661338183362
1.8044310128840526
2.07491854013373
2.3732586327535437
2.68169750799667
2.9745288063918807
3.219755993463763
3.386807916065465
3.4566831732310708
3.428368339293315
3.318687424334244
3.155695274910731
2.988008912111436
2.837044010903003
2.6985318031555257
2.5754754979562997
2.4589150089780176
2.3523558005275844
2.252996261529611
2.168991999999196
2.1093840778827344
2.065339484380815
2.024262246042297
1.9733603041713543
1.9039274500141286
1.8143449899864728
1.7099941229420674
1.6000786499818853
1.4932258538068428
1.392120650943905
1.2842097139092274
1.1760320011501562
1.0782974277096866
0.9965819152257311
0.93270657707841
0.8855011265765509
0.8518964295599585
0.8107780823163931
0.7709604557259194
0.768422695342618
0.8112688579956293
1.0444482972015645
0.922363242516351
0.8658032539159621
0.832150073645594
0.8045871229911268
0.7817252639240286
0.7793149039512596
0.7893051032230252
0.8114118243291828
0.8494637377701321
0.9082100695222081
0.9930728840685995
1.1087283255178828
1.2577617938174206
1.4400708275059415
1.6517878187856518
1.88380224800721
2.1209011825811275
2.3426187758549477
2.526460516365856
2.653045589730565
2.7113598312146707
2.7017516826963566
2.63518093873403
2.5291184559047
2.415332887625737
2.3094782516679766
2.2100235594037207
2.1207586608939306
2.0369118655623906
1.9626249932034776
1.8974757070114447
1.848228295974068
1.8195890567048731
1.8032338600577085
1.787275811356785
1.7587603858671472
1.707450410659567
1.6294491801649982
1.5285465826712092
1.414249948902358
1.2976225438940905
1.1872261179875736
1.0868715280103285
0.9963815149982328
0.9155577242899131
0.8462132705318196
0.7902463788204368
0.7480100246206238
0.7180778438869432
0.6851741354510799
0.6661110048000084
0.6844293051052038
0.7553136805753167
1.0193214452261612
0.972058750473039
0.8076635786740768
0.7557534309330612
0.7360353584953514
0.7264227117551993
0.7254353799505591
0.7314196462859816
0.7452818575608339
0.7696973815916036
0.8075728941874409
0.8618885863725838
0.935063960012118
1.0280742556703548
1.1397917042625438
1.2666668236233072
1.402601757876883
1.5390667275936996
1.665705300505464
1.771654791555758
1.8475417653669381
1.8876366588028306
1.8912547440136738
1.8626046753348129
1.809144895399523
1.74733581481484
1.6879191187321019
1.6323449458748627
1.5841885056949
1.5417602461751652
1.5078687255484347
1.4832823932042163
1.4720639569609744
1.474651076038126
1.4850233678235312
1.4943599774188854
1.4920633404082078
1.4681873675485966
1.41673336383914
1.3381919744865025
1.2396330506840532
1.1320802554254221
1.0267011508616493
0.9318213646066993
0.8517081201233803
0.7866573422676021
0.733753134416608
0.6899685038963573
0.6549003004301047
0.6289103428493951
0.6035347932954368
0.6075869908465216
0.6476466709177162
0.7294797088197927
0.9888782656246431
1.0333248225911666
0.7966494814621738
0.7381157061654203
0.7300131207544451
0.7340592202681013
0.7369710532025024
0.7417065811702157
0.7507892997051397
0.7659202982450248
0.7889823627335398
0.821977624683465
0.8666490973541612
0.9237037955977154
0.9920166648094026
1.0685081692116543
1.1487514529358902
1.2276786591244448
1.300031613510795
1.3606822170027209
1.405100616277778
1.4301093168214265
1.4347263177999676
1.4206006479039113
1.3913273163227085
1.3536844841663642
1.31670635644619
1.2849925932516189
1.260212457148249
1.2411712473887617
1.2293374140668345
1.2259662336518258
1.2339448491549114
1.2522940006650976
1.2769639480496182
1.3013336480510116
1.3165269237284438
1.3131005268611755
1.2839485078092314
1.2272184298191686
1.1474921004576915
1.0543049501817738
0.9588192099546516
0.8705468767346913
0.795560086256116
0.7363679573979579
0.6927816949134924
0.6602344419054216
0.6330579527118366
0.6128137133428582
0.5953104288559862
0.6096827463457051
0.6566787898047551
0.7315009431418642
0.973018471053666
1.0805688712548063
0.8075430154900882
0.7465996135674212
0.7464195498706149
0.7593631277887404
0.7655759365196564
0.770016970448846
0.7763955268846937
0.7860918517878253
0.8007856535970623
0.8223833429509427
0.8526911336517201
0.8926158225583731
0.9411634363227276
0.9953040787275139
1.0511012244976645
1.104786743099434
1.1530413422794537
1.1928655609502334
1.2215337019591515
1.2369092749977677
1.2380723183269353
1.2258737831185054
1.202910055354321
1.1761625601089303
1.1515444352431101
1.1311355063422521
1.1163056322228064
1.1065025858606616
1.1029360753779813
1.1074031302546412
1.1229130379294876
1.1483518394485048
1.1803944358426663
1.2130585485255068
1.2379959649263168
1.2459881456062822
1.2296009992666446
1.1860319081517288
1.1185610475466612
1.035574052917155
0.9476542133994994
0.864402161911572
0.7924519233534489
0.7350597309979723
0.6926072932850874
0.6622270803040268
0.63943213735104
0.6232196041945525
0.6112599046135294
0.630016306125985
0.6773752546015644
0.7457602738940003
0.9763589068964796
1.1257593808278952
0.8271355591502221
0.765188794737527
0.772475294793048
0.7939363530651727
0.8038522096100886
0.8081256865089625
0.8120749968314801
0.8170224877519184
0.824685963768068
0.8371054953272574
0.8563264809239198
0.8835641932006951
0.9179070869258051
0.9560674312480062
0.9943328776458914
1.029934706552603
1.060893273872998
1.0855406572369979
1.1022527333753183
1.1096007591088342
1.1069031793959332
1.0948908651652067
1.076119317322856
1.0569136173817817
1.0409318948407444
1.0284973260934451
1.020238378828981
1.0159718052698004
1.0168908774369
1.0256961606325987
1.0463254751817157
1.0775699962119913
1.1160499110256343
1.1558474859209202
1.1888531055568896
1.2060780852638207
1.200042623896865
1.1674301109647693
1.110589790290251
1.036878921154981
0.9561487115603257
0.8777777570900178
0.8086218993737789
0.7523310943930167
0.7095949795069872
0.6787731309672274
0.6573095006995501
0.6435336319960855
0.6359970778817937
0.6579723193274539
0.704227896764032
0.7678079493038944
0.9885952889465239
1.1725932443720954
0.8556374520692472
0.794319755894155
0.8100023610916413
0.8414886654108883
0.8553162221989644
0.8591616433375133
0.8604938228577407
0.8606288435844656
0.8614375183641382
0.8652080592605099
0.8742986746702173
0.8903007948322503
0.9122991400848129
0.9362924392785382
0.9590307898634748
0.978968434871011
0.9952222339541895
1.0070447239749951
1.0135734955574534
1.0139678308817905
1.007934687673327
0.9963661578594681
0.9816181635730374
0.9683667671361398
0.9585742156552535
0.9520651237990438
0.9489456592824556
0.9490601845759923
0.9530954559432884
0.9643891961032397
0.9891873052594352
1.0260299068766658
1.070697225781069
1.1171323038699348
1.1574453331642165
1.1829599430480062
1.1863337805199081
1.1639674386592043
1.117447048381428
1.0531075961510405
0.9799021307713376
0.9067282377593312
0.8404237624236396
0.784950446336918
0.7415863318621776
0.7097329618084987
0.6879911071894946
0.6750063520606797
0.6702803302900201
0.6948051131113406
0.7391272968084731
0.7986293810916405
1.0082684703263385
1.218385167094228
0.8923989771049212
0.8344605713757088
0.8596428106179886
0.902119596150931
0.9192702741420649
0.922432036533751
0.9210715865183413
0.9164695860179342
0.9107018604272876
0.9063443932247321
0.9060539813719622
0.9118100588875226
0.9225570424907455
0.9329937825359048
0.94166219749605
0.9481481901983361
0.9521922026144845
0.9535498114803689
0.9518193069215141
0.9465879858603917
0.9378886736890605
0.9266811056395298
0.9149432735711428
0.9059770673584367
0.9006345412526013
0.8985456386989356
0.8995690327115731
0.9037875208100267
0.91167278321381
0.9262049244152815
0.9539474371012555
0.9947794080602831
1.044201872194211
1.0959213219284725
1.142194871936893
1.1746612416230884
1.1862067558159293
1.1731034304485055
1.1363162084677465
1.0811995477298142
1.0157132811985408
0.9480903238024104
0.8849866977132382
0.830632782458499
0.786922325182167
0.7540737552472022
0.731432086559793
0.71803985581828
0.7138418702844055
0.7394944803596956
0.7811929381462515
0.8361432962425033
1.0328906883969027
1.2609174424855447
0.9368466042859762
0.8861653507531195
0.9210222795388335
0.9735639367445885
0.9938136592871135
0.9963677903533027
0.9925016122291553
0.9834429132720768
0.9714884084632717
0.9594860038692298
0.9502965916358912
0.9460433132375988
0.9452361421509121
0.9429092250749711
0.9394348005297742
0.9347841677806134
0.9289657240003404
0.9219547083707622
0.9135886603619213
0.903725920390483
0.8926153594133127
0.8812218170674805
0.8712066837589609
0.8649559663674085
0.8625900969455804
0.8636351245993807
0.8678253329707479
0.8755354619571831
0.8873009828523627
0.9061051785162862
0.9371218865695002
0.980492832686169
1.032905775590087
1.0882288567641822
1.138880671336154
1.1768154115827782
1.1952022746436073
1.19029641606722
1.1625710326742442
1.1164794348521572
1.0589679978350044
0.997495543287788
0.9383984169145381
0.8860554881859157
0.8428412569534762
0.8095777121414197
0.7861293767655013
0.7718641558463243
0.7663521710052247
0.7908108971776165
0.8289463698243474
0.8777034955035533
1.0597334620836751
1.298386421317938
0.9879006136309381
0.947896816857674
0.9911312879272421
1.0526053190196993
1.076406142944672
1.0787424008890851
1.072804530742623
1.0597249416065277
1.0420245190350168
1.0227803299770388
1.004922195178965
0.9902718858132512
0.9775271686388938
0.9642822361316956
0.9506643465901726
0.936888160095999
0.9230705754680691
0.909231786544125
0.895302338640611
0.8813024300595318
0.8676318346774852
0.8552683367360229
0.8456781862388274
0.8407223599259407
0.8400244049384642
0.8430091145648219
0.849329647041375
0.8595701740592537
0.8743260378270417
0.8966730060040242
0.930825662098268
0.976199448786091
1.0303922880816059
1.087859865293086
1.1413981514564095
1.1833755355158375
1.2073284362602414
1.2096060493606984
1.1903213167593731
1.153133271917797
1.1040050664285634
1.0495571213425863
0.9956713468594978
0.9467036459113226
0.9053165625969124
0.8727361021341857
0.8491810562993697
0.8342565413593815
0.8265890213144848
0.8472183688896179
0.8803603661399068
0.9208320065139787
1.0864516119335736
1.3284788911974383
1.0421747830463688
1.014140937093966
1.0643993260784164
1.1349508358855165
1.163884787226653
1.1667090947817
1.1592270799362763
1.1425685067651283
1.1195325829621174
1.093389781566683
1.0670767924042954
1.042301413792323
1.018781821720253
0.9958071369501001
0.9735050725410206
0.9520590808727367
0.9315160252668341
0.9118205696075681
0.8929102324696224
0.8749066744142953
0.8583328289538672
0.8442061777908809
0.8338933357943599
0.8290129910638531
0.8288338711530342
0.8326431220287189
0.8400232054406643
0.8516471565026726
0.8681219353082219
0.8925470771819531
0.9285845938735148
0.9750144909471661
1.0298438173568176
1.0881010402870244
1.1430990691111007
1.1877373739793835
1.2160231614646413
1.2245178943875932
1.2131088271871424
1.1847773964964912
1.1445536393755071
1.0981760748570415
1.0509458413196096
1.0070203156031197
0.9691590875754029
0.9388115995377306
0.9163992929915957
0.9016509515705926
0.8920722898009881
0.9066733659663718
0.9329835894102256
0.9632136851865354
1.111193919623914
1.3471818447901442
1.0924983185693526
1.0761429053542615
1.133247083560427
1.214673510781154
1.251338594380012
1.255922573434608
1.2474903784709437
1.2276841251017254
1.1997762847515645
1.1672058703370949
1.1329650378722496
1.0990255927796977
1.0661527038759266
1.0346473118815953
1.004796937820028
0.9766986973407717
0.9502557668841074
0.9252959715387244
0.9017343274944771
0.8797652294355998
0.8600148111383031
0.8435472537299998
0.8316715551429458
0.8259368729583463
0.8253434557139903
0.8289972700016378
0.8364088210169979
0.8482151749957079
0.8649824849613785
0.8897143554013979
0.9257672331947999
0.9716859329929451
1.0256794200691826
1.0832119683916395
1.1381364595953067
1.183960480834852
1.2152608628661523
1.2289352045568913
1.2247843324687862
1.2052293004465182
1.174416506954249
1.1371626785855673
1.098074166007831
1.060958367381823
1.0285156796138186
1.0022707837140932
0.9827023714677372
0.9695140622485585
0.959300403580493
0.966572959266036
0.9840882476135169
1.0024945269749246
1.1324517238603082
1.3487514507853022
1.1289694436784719
1.123750357638951
1.1890016484776984
1.2843743829370362
1.330993477483024
1.3384514106436016
1.330310963803909
1.3085211024078078
1.276812543475622
1.2388421245743169
1.197778094703564
1.1560483072855763
1.115258685656847
1.076385287452631
1.0399102341464854
1.005889568966714
0.9741223385315401
0.9443587752783109
0.9165048003349886
0.8908046117613395
0.8679436033752419
0.8489929340892044
0.8351839014657922
0.8280648463653594
0.826430452524545
0.8291830119582851
0.835759304466726
0.8466461610236119
0.8623043198359339
0.8854886333085278
0.9194317401983662
0.9629464267661639
1.014377315057197
1.069481306723994
1.1226231270027587
1.1679650960027945
1.2007476743898697
1.2183412192620995
1.220616319082304
1.209558389155884
1.1884744231255597
1.1612125536228994
1.1315786079598564
1.1029114743133457
1.0777476485718755
1.0575861743658608
1.0428314771677494
1.0329813784761355
1.0242643934188747
1.0239911337462282
1.030885948642987
1.036323406791658
1.148912706969528
1.3276506396600525
1.1420973365044655
1.1478348412490438
1.2237515533956866
1.3367088916650123
1.3949015407145768
1.4060710867208617
1.39970074791328
1.3778376478733492
1.3442014377102758
1.3025420095680154
1.2562599333644022
1.2082851706510525
1.1609219839968448
1.1156963604963417
1.0733267609350035
1.03392544904148
0.9973081053291983
0.9632585387774891
0.9317244406483379
0.9029639714820092
0.8776204643679446
0.8566528778846573
0.8411241493242567
0.832565563406951
0.8296436806349112
0.8310838552135248
0.836256999513674
0.845407880671135
0.8587891505258399
0.878681049061017
0.9083952113629858
0.9477119709159533
0.9949542391633398
1.0459506099461209
1.0955405552738613
1.1385803347482675
1.1710675273919315
1.1910010616604905
1.1985114516825748
1.1953000595753662
1.1838819775039076
1.1670795297009222
1.1477951512522497
1.1288155131774953
1.1124711810949794
1.1001961736113288
1.0922117136011547
1.0876056568414658
1.0830061722335824
1.0760219867441176
1.0709296815296405
1.062775954122406
1.1594335332220491
1.2813563937410977
1.1261783196749398
1.1430555847068955
1.2327082450495614
1.3666857502093441
1.437824633811084
1.453696660948915
1.45055908209365
1.430467133924809
1.3968656372417438
1.3533656428939917
1.3035341360294528
1.250793743293477
1.198091973927678
1.1474598937156484
1.0998744443053738
1.0555844080957557
1.014558754080441
0.976790567789287
0.9424416893697187
0.9118396623204588
0.885351046209278
0.8634815246219338
0.8469686833650517
0.8373172872369754
0.8332133337420735
0.8333021939132423
0.8369243812598967
0.8440494508058838
0.8545790828253798
0.8697925263088889
0.8931288626404102
0.9271965964688857
0.9692447994898202
1.0148005183421802
1.059256764962769
1.0982152130750606
1.1285015394852516
1.1488998684970333
1.1600320606487415
1.1635162971795507
1.1611382230087284
1.1546239404590137
1.1458708852335593
1.1370747052475312
1.1304038219095198
1.1272728996583044
1.1276378165647176
1.1299504131171796
1.1320518963644044
1.1200472431477557
1.1024982748257033
1.0808087364776406
1.1631041642266777
1.2120335448088948
1.081404859305337
1.1097428995105734
1.215866434811662
1.3733279463406003
1.4582644843908092
1.479551506958935
1.480692785334563
1.463681579125583
1.4315482654581524
1.387619982817801
1.3355837118406706
1.279383153897119
1.2226282233232715
1.1678189307847084
1.1161286949326823
1.0679091921624153
1.0232923318181368
0.9825252292647271
0.9461920168302529
0.9154130418947161
0.889504449675034
0.8678908445597223
0.851108270235168
0.8407610005526385
0.8357191732065782
0.834662997448966
0.8369725290986686
0.8424531347393049
0.8507861770297054
0.8621210448314779
0.8753697902452103
0.9059229842429807
0.942184388894204
0.9812800587102869
1.0194159811183208
1.052876171011295
1.079244809999946
1.0981538922389857
1.1109530493705195
1.1194430135662143
1.124767427334287
1.1274668821992753
1.1283403574283626
1.1290254153030044
1.131712916350373
1.1379934411630042
1.147509619665435
1.1578094421569247
1.168626407289354
1.153874316844798
1.124582633968662
1.0902943907450593
1.1593329019901508
1.1260828351259342
1.0137756646461014
1.053743098344444
1.1779023850495283
1.3596930823384568
1.4581918743921725
1.4848000369933096
1.490326457674181
1.4767336846925248
1.4465938141301609
1.4029065685041733
1.3495120509140084
1.29098188029429
1.231669615360052
1.1744808290135018
1.1206387699661151
1.0705101602521443
1.0243954701941271
0.9828634757980217
0.9467027310571593
0.9162221297410816
0.8906384992282844
0.8693037410294163
0.8524108206850013
0.8415460170737185
0.83574292131222
0.83374829531961
0.8350238361092787
0.8393405842002837
0.8464642543708565
0.8567640297216045
0.8709782262968477
0.8917117102312583
0.9198412712894614
0.951596491909015
0.9830055269958362
1.0105810846058125
1.0323272781638024
1.048502686571319
1.0612159061787565
1.072688018120187
1.0835699864993293
1.0932008878146202
1.1012660384860615
1.108950519444187
1.1188407650412604
1.1332480448433577
1.1515684610469314
1.1700476169206029
1.190692076313831
1.1757813530662635
1.1365753297085794
1.0916635048825012
1.1479118491188587
1.0321067236863615
0.9329400545610457
0.9842614289519359
1.1262973926305107
1.3312813991373045
1.4416806893992535
1.4724216072849865
1.4812660508055013
1.4703335503822577
1.4417744436430817
1.3982805608681308
1.3439320067371623
1.2840965853557664
1.2239547359897904
1.1666007379676044
1.1130112158505816
1.0634030808503476
1.0181094956927574
0.9777180849262941
0.9427334988761967
0.9130652615716842
0.8880291686927866
0.8670553484366254
0.8501942554243186
0.8389972845396341
0.832621498853429
0.8298764226954148
0.8302996252457742
0.8336439681182118
0.8397473866404344
0.8490331161719334
0.8620493828707061
0.8791734865394686
0.9014044244065657
0.9271084873100566
0.9530786804875646
0.9761598010293853
0.9945973695056872
1.0088822079172948
1.021374803484818
1.034406620764989
1.0482827502040513
1.0615699962183538
1.0731265872152742
1.0836307942579273
1.0961644306658365
1.1150481381328188
1.1403688522588087
1.1663054147943792
1.1969707537730447
1.1845743984281323
1.137986337321086
1.0855285716321825
1.1290552637073723
0.9385698671092756
0.8492018364102951
0.9109443661375298
1.0687447233350902
1.2936910887603033
1.4131247278459733
1.445820292168483
1.4559711696004451
1.4462221124464738
1.41831898055996
1.3746273385664578
1.319530303433588
1.2594131764564869
1.2003085211580684
1.1449780390735846
1.0937793297152807
1.0466793820079003
1.0039350503968565
0.9660039101071783
0.9331578910522641
0.9051567545093665
0.8813660460326126
0.8612759999965403
0.84490706197675
0.8337861206860079
0.8271928356844422
0.8240154390889582
0.8238519992950657
0.8264344955431482
0.8316111395088569
0.8397061524749377
0.8510448034543907
0.8655149669413639
0.8839543570554582
0.9055332593937193
0.9278516564352117
0.9482653741860145
0.9652856770258995
0.9794064386134842
0.9926726367244023
1.0069007107588588
1.0220332662612484
1.0364797925416196
1.0488156185999726
1.0590696391199517
1.0695088732232825
1.086280245254446
1.1148739600601552
1.1469097847340313
1.1871234635710102
1.1798141939100917
1.1284910121375524
1.072587041550635
1.1034039409813465
0.8521729555870569
0.7711103904862916
0.841628490143406
1.0111251360372313
1.2504199985375375
1.3755846005972179
1.4075578729533145
1.4168350903040765
1.4070376576826802
1.3792286372950522
1.3352523292024336
1.2797004829465957
1.2203185460473307
1.1640031420251111
1.112318414030551
1.0648976441384654
1.021598084842697
0.982622352163344
0.9482744743796458
0.918621422646292
0.8933007250207966
0.8716842948762032
0.8533040859867513
0.8381878087331041
0.827797732721898
0.8215470802933913
0.8184455908368348
0.8181418350745503
0.820365907752936
0.8249304253088399
0.8319971782423325
0.8416293328176527
0.8536106131784867
0.8688782257638373
0.887130407175791
0.9065804641046962
0.925047213087248
0.941263894146762
0.9556070820576067
0.9696132045426679
0.9844420349826766
0.9997098643156656
1.0139066495275484
1.0257179812453134
1.0349383695390315
1.0426847673243866
1.0521735471911884
1.0764364782171103
1.1132761854671023
1.1622015474984335
1.162366836520093
1.1093504189216434
1.0538092395617862
1.0719808976382665
0.7772547459939654
0.704359311815127
0.781418834658495
0.9567843832032119
1.2012359309675562
1.3277446432598004
1.3572778546973032
1.3657440496342133
1.3567272957347238
1.3300449176462197
1.2869510696307138
1.2318585784226965
1.1736419727650425
1.12069715968477
1.0730368868395423
1.0298135859604256
0.9909123041547931
0.9564725824198188
0.9266015978262809
0.9011270258467926
0.8795223692663692
0.8611083519181009
0.8454222911232934
0.8324976177264988
0.8236528943857382
0.8184475962342045
0.8160758150481942
0.8162353293289295
0.8186987310041663
0.8232122973857778
0.8297455536315934
0.8379805855248209
0.8475997235295637
0.8597857619481789
0.874746920351743
0.8912179807111806
0.9074222441075896
0.9222863486001491
0.9360553525944332
0.9497809089767757
0.9640375831657597
0.9781615519250649
0.9907613211769997
1.000803321016692
1.008278928103931
1.0141671405716528
1.0199542271988704
1.027067617412022
1.069583802084264
1.1253348721780123
1.1350230331705946
1.0866595084379749
1.0306058022848683
1.036097887791508
0.7159823200940455
0.6518467672592171
0.7328846856585783
0.9071854247827128
1.1435681095907086
1.262518567048775
1.2942388687261204
1.3069896209439626
1.3019651545526234
1.278881401782502
1.2391479446303744
1.1870555375253111
1.1301539377539003
1.077754373589269
1.0325297139057985
0.9929844996656169
0.9585222529311163
0.9289980939206824
0.904214427216116
0.8836997806761511
0.8667130394491391
0.8524672211547606
0.8404566970208237
0.8306932247876808
0.8242483939529189
0.820834992151933
0.8199027026725891
0.8212067669659531
0.8246299481383719
0.8298463491259597
0.8366446475171749
0.844157040079013
0.8517262379458505
0.8608233079743367
0.8722047573314324
0.8850865241376071
0.8980770907826036
0.9103367931748245
0.9220659726010533
0.9339402604526107
0.9460420071970254
0.9574571317654004
0.9669143413977231
0.9737357623247298
0.9783369369380964
0.9821315325353804
0.987279435210807
0.9982648699164044
1.0261718668730033
1.0815946202219495
1.1013305965037692
1.0612333477005844
1.0045683957467448
0.9972434410713187
0.6689095791517398
0.6143268746209868
0.6967751867624621
0.8634779477276388
1.081949156184417
1.195076797979025
1.2315693670915564
1.2502004110677136
1.2504711328141527
1.2321499276429055
1.1969093245028541
1.1489560770725717
1.094636784558443
1.0416271560214303
0.9962271100787115
0.9591540032834523
0.9288392697812626
0.9043424632826679
0.884975699360582
0.8699196103596377
0.8582010959129619
0.8488949471633666
0.8414083475668949
0.8356887331359447
0.8324426750311226
0.8315277108009284
0.8327139422217176
0.8358276520220371
0.8409443654661581
0.8476965020140568
0.8557792544698088
0.8636399172792492
0.8697930731874577
0.8758975055490104
0.8833304887565961
0.8917635770178303
0.9002047814263665
0.908161896775884
0.9159558664068798
0.9240284544783611
0.9320582503117458
0.9389196726737814
0.9434828015679374
0.9454776872746077
0.9458522439885456
0.9466152082384099
0.9506350705045022
0.9620895510651382
0.9847355031087992
1.0344862582557914
1.0625616198373538
1.0321387693645785
0.9768333921107585
0.9569988092531997
0.6355740361540064
0.5911311203833867
0.6727503432249814
0.8278022876135022
1.027730384229062
1.1387023347584602
1.1788993931098455
1.2021184613166542
1.2068853537794575
1.1928737005832202
1.161862398889249
1.1179483477420618
1.0668654637159416
1.0150024374924014
0.9687962324092811
0.9327577285998102
0.9061787906667248
0.8867140032173897
0.872876237391078
0.8634878921767797
0.8573890090478106
0.8535312828153274
0.8512112316776176
0.8502668473786549
0.8509133162592876
0.8531178886163957
0.8570129544895769
0.8625017894836676
0.8699271418873874
0.8789335198424271
0.889300822727366
0.8988999000106617
0.9047761819907265
0.9082554131325005
0.9114489010672729
0.914461605478591
0.9167562360907987
0.9184012441231948
0.9200709721217735
0.9221052695309728
0.9238523737404876
0.9240467689681564
0.9217678052705746
0.9172129573381155
0.9119043005278137
0.9084137725004607
0.9099664133330837
0.919889682252814
0.9392326762053241
0.9837638024586483
1.0181917891867425
0.9987550024109498
0.9477277317380116
0.9170064763424014
0.6149742949133199
0.5806929480975127
0.6599102342768399
0.8030300167943979
0.9882600605402335
1.097433157651194
1.139504346400472
1.165370429292792
1.1730995333775451
1.1623503790539045
1.1349786765619663
1.0949865970555015
1.047728825597218
0.9988417253253773
0.9536538890802683
0.9177781138962419
0.8944335410243103
0.8800572878879038
0.8717283334491607
0.8679692928167823
0.8675566689174178
0.8693837127675164
0.872643828605151
0.8770323644235068
0.8821465408686289
0.8879942116347656
0.8950734996088547
0.9033429899216775
0.9134389976837951
0.9250299766939863
0.9381081093045824
0.9503837462813282
0.9577390626144975
0.9599185064287918
0.9590487487688762
0.9556977963625872
0.9500343524583427
0.9431562092426165
0.9363754278219254
0.9299537694316128
0.9229637114642728
0.9141434687622028
0.902918260839205
0.8900318042284077
0.8775821458307081
0.8685898489000853
0.8663406203559201
0.8733084689139562
0.8892549679139756
0.9289232725139556
0.9680198329896407
0.9604598377294548
0.9170563716131322
0.8789681865169247
0.6059106066747024
0.5808439674747202
0.6571752722006617
0.7914014400996628
0.9657563420463467
1.0717358469194709
1.113695778520164
1.1402279279334488
1.1493629712318416
1.1409005301913078
1.116793220477018
1.0809369948848588
1.0383554876663332
0.9941630616275589
0.9528241979910833
0.9184794825860948
0.8974393979396033
0.8881677146786958
0.8851531697733983
0.8867556695799524
0.8918462050198674
0.8993410897470522
0.9083646021807005
0.9184601536998666
0.9284924110331386
0.9384052207511215
0.9490165395340083
0.9602744346474654
0.9730556320297269
0.9869685128384033
1.0021325863484747
1.016343128320585
1.0258145775617793
1.0295497122032589
1.026931464779487
1.017203806494082
1.001572419297462
0.9839683029449949
0.9665250613632785
0.9491183327667442
0.9307123251451701
0.91034236424497
0.8879857944173364
0.8650183738413743
0.8440827661901189
0.8284980023140323
0.8213818428060975
0.8243967513061973
0.8365222060131579
0.8709728347558194
0.9128269067893301
0.9171113138619978
0.8846743245111102
0.8446080969833266
0.6072434919163354
0.5889959789377811
0.6637275131973722
0.7936506753745365
0.9592649427747459
1.0599245073307122
1.0999537800263905
1.125501934532113
1.1348930926092546
1.1281995270890903
1.107465136687347
1.0764167275376801
1.0396991809494214
1.0019615634234904
0.9671980084663014
0.9387757926203315
0.9210098187179968
0.9153277945346748
0.9167833956893565
0.9231825621339466
0.9333687735546377
0.9462807810293526
0.9610119982156927
0.976976827666272
0.9922221469463823
1.0064917904441835
1.020823031100675
1.0350469608133526
1.0501793130367398
1.06571218023678
1.0819535459610456
1.0972390851316636
1.1084162471576524
1.1140172907768136
1.1117752235014602
1.0988664361968783
1.0739783567243182
1.0433695870250324
1.012639763615389
0.9812155289159736
0.9483729352356307
0.9137715100215396
0.8781123929840559
0.8434422957970132
0.8128724073776458
0.7898525702760055
0.7771412907649162
0.7755769876934329
0.7835113709636278
0.8120988107340902
0.8544383339046211
0.8694846519790994
0.8508933611871015
0.8155232179821015
0.6181189572249233
0.6026208075095087
0.6796157122204288
0.8090505802777771
0.9659520722783821
1.0589493715337839
1.0956204134335634
1.1191115109598606
1.128257237445558
1.1234565642643313
1.1067827577644007
1.0816858061877608
1.0523373130696887
1.0228817293484678
0.9969089630288531
0.9773453934723757
0.9664358930031817
0.9645099515449874
0.9697566507187146
0.9804281789791561
0.995254681778679
1.0131672017147353
1.0332944883557733
1.0550103612012212
1.075527940472248
1.0942333564248294
1.1122260249204519
1.1291132155001076
1.146006437402854
1.1624023455284094
1.1789702575321397
1.1946035639740653
1.206410514261699
1.2124471422740677
1.209564908395331
1.1941675889917274
1.1642936207106171
1.122765141900115
1.0759991613765647
1.0271940738559016
0.976854027281639
0.9254786917528515
0.8745725849285069
0.8268277912004365
0.7857121200239556
0.7546531259036721
0.7359115260432043
0.7294538920089614
0.7330006587149098
0.7551438316632041
0.7955887583484377
0.8194152431582958
0.8165663587769818
0.7928611033678576
0.6423273708472125
0.626801496042573
0.7115870822925928
0.8413046207504448
0.9852849571023069
1.0665405901362295
1.0981932686176195
1.1188339752023346
1.1279960146191157
1.1264095309824698
1.116038682733729
1.0998445510089536
1.081297634128805
1.0638044589081037
1.0502300036430763
1.0425706558217835
1.0417344523489251
1.0475821514219819
1.059352319010782
1.0760555372449612
1.0966487552583648
1.120199167768876
1.146059943865791
1.1738503540468788
1.2000716097570652
1.2235517125020225
1.2452036022675772
1.2643591844526851
1.2823474896572147
1.298844203999781
1.31479290686006
1.3292744475315639
1.3394477816652088
1.342972127016188
1.336203194759626
1.3152651402863822
1.2780117200578323
1.2258022354167104
1.1629594615327599
1.0939651195633817
1.0219762749546413
0.9495482425449054
0.8796032135368897
0.8156874170694826
0.7616031998381179
0.7206779064625761
0.694617554920056
0.6823835711214655
0.6808555318042229
0.6951630056616629
0.7307574145712467
0.7615408741994345
0.7775146712685811
0.7748003952552528
0.7122999521659025
0.7107789570555533
0.8048320713992324
0.9221071844483542
1.030504517332248
1.08632420862074
1.1088239153576291
1.125858218910016
1.1379873873848603
1.1461365399474632
1.1516288519660447
1.1561405593972258
1.161505848430437
1.1694134820820747
1.181136664818308
1.1974335622261827
1.2186081042296926
1.2445719403933313
1.2748119455549354
1.3083622691853887
1.3439490257943727
1.3803516584383682
1.4168190896057855
1.4532219490804696
1.4858950260420456
1.513930504100072
1.5381075601516037
1.5576927557738158
1.5742871827458726
1.587610759856149
1.5980470475993562
1.6038621360637841
1.6023639278227664
1.5911217925472239
1.567064802969359
1.5274206949647517
1.4707076637837622
1.3973661876474772
1.3097838782541285
1.211851751403749
1.1084128523439702
1.0047997800390023
0.9063953963480758
0.8181357616403615
0.7440615701171983
0.6870955647834877
0.6486931894181248
0.6272691482260974
0.6181705957295022
0.6201430381937021
0.6434119569804176
0.6773971393568639
0.7198904911247764
0.7601775395514475
0.8510901218550259
0.893414065351757
0.9787426576426576
1.0463546518080016
1.0876500785918626
1.106438646039558
1.1183104664371601
1.1346066176706722
1.1566059753617604
1.1840371235575264
1.2162165356433257
1.2527617763121324
1.2936498826761202
1.3390676408232491
1.3892343018662106
1.4442579901213408
1.504020277966946
1.5680255295065213
1.6351879749191471
1.703657707972201
1.7708771664036211
1.833987532654844
1.8904749505373923
1.9387068900481097
1.9744270324657829
1.999675554513609
2.017374081826139
2.0275475716255995
2.030928210103818
2.026886921428926
2.0134868570263595
1.9876661910803701
1.9500150949957962
1.9000721113637504
1.8373233973084622
1.7611141843014548
1.6707960315930652
1.5663407205197255
1.4492083603431494
1.3229463190429986
1.1930593431430638
1.0661020508360284
0.9484031588423711
0.8449958052717174
0.7591234407418113
0.6923339039579248
0.6449111998944836
0.6160395534090496
0.6015580861426398
0.5929586055326387
0.5994880413774752
0.6264129631979527
0.6837276770527697
0.7641080733915186
0.9942181616580537
1.0591015211158392
1.1175892132558465
1.1402778001945821
1.1350970870227188
1.1292624719329813
1.1360538555989552
1.1545595194598937
1.1828480244259536
1.219877240832995
1.2655335947366404
1.320074029697451
1.3839810686929144
1.4577312482229248
1.541413375248513
1.6343970308203892
1.7352707656330342
1.841995579284479
1.9519559995246936
2.061743182237736
2.1669167089761383
2.262169618456952
2.3420884445690486
2.4022594939920636
2.43738285065862
2.452844208274267
2.452974870864477
2.440820251417119
2.4172059290625283
2.382046946321864
2.331343303254914
2.263226889003244
2.184481609379615
2.096109534158438
1.9982327416536556
1.8903541597247668
1.7719889137347307
1.6435688886467756
1.5072730302150585
1.3673235386561664
1.2294747481355572
1.0998450350099842
0.9836172073879699
0.884187498236836
0.803057844601074
0.7403474699796209
0.6955018254896421
0.6677154108205955
0.6547688265300098
0.6446174029368115
0.644824963112451
0.6679641892326711
0.723315939499113
0.8068479067597238
1.0872740665313998
1.1230360308181044
1.1827397532905826
1.2164402455959127
1.197596264451074
1.183055711442899
1.185382675290046
1.1955391495885423
1.2136985128602011
1.2403048542436899
1.2764947241456062
1.3242402437576677
1.3861171781269348
1.464695181744417
1.561637937906445
1.6765872723775745
1.8024548886505805
1.9318059445255287
2.064446560723756
2.1975602301852626
2.326039644018484
2.4426203869589744
2.539287292063446
2.6096067120519324
2.647856456815706
2.6620690688651534
2.6591349022780046
2.642157132196284
2.610739112102992
2.5645243476106128
2.4982789350454544
2.409874917807325
2.3086428098701717
2.196480512297605
2.0744219441921565
1.9432674110079347
1.8044797082258162
1.660902159777619
1.5168938889393562
1.3777660048045872
1.2487817126030913
1.134187233084545
1.0366274201603753
0.9569346667430504
0.893902362790978
0.8448315180963888
0.8079587008815736
0.7828291483556312
0.7689651371353979
0.7657894328823998
0.7785704631244058
0.8086496123264771
0.8492736253100289
0.9216188387105154
0.8842744863569271
1.0095911282250063
1.0741215348621707
1.120650408008635
1.167564356300364
1.220244738967063
1.2634332008786302
1.3211003772552279
1.397146125784079
1.4959235406450495
1.6219114758311046
1.7789814439367073
1.9691997441555855
2.1912443616797237
2.438855593212865
2.7002542419047915
2.959760307323879
3.2010372055796292
3.4037438590879354
3.5382288044506573
3.5821842626672433
3.533259461218863
3.407630180717481
3.2326647191416984
3.057282091783133
2.902198184450808
2.7628090143129005
2.6423492218426654
2.532175838615322
2.435191358820384
2.347326557054651
2.272761570294462
2.215767470971056
2.166686374413853
2.114995525313749
2.052365728392833
1.975353396990222
1.8859888827845466
1.7896290776479586
1.6911823684250005
1.5920352576302017
1.4906498684187408
1.3877613391970687
1.2893885771322469
1.2028936244862096
1.1325361216480077
1.0784495954488893
1.0377493814002272
1.00633212018482
0.9627907102629858
0.932688540012839
0.9362613651807921
0.9683029932358568
1.143853332997725
0.9009860673723672
0.9484785887641852
0.9538439885645137
0.9389456083253113
0.921993258529132
0.9331504181789114
0.9552264204710361
0.9931577397097024
1.0513047402474474
1.1347922720773091
1.249288352238445
1.4003808796617787
1.5924439106733987
1.826937209950109
2.10028240062205
2.401860712667118
2.712942894540926
3.007117593992091
3.2532674529504826
3.422421290950161
3.496299885788929
3.4731967077603922
3.368260371976921
3.2079064338464147
3.0402721070732732
2.8879976209743257
2.748041824857797
2.6244922639454122
2.5091442871172607
2.4058302393682593
2.3116245119748076
2.2334064168785965
2.1779445373103883
2.135328381432531
2.0925105657417635
2.0368128726859496
1.9601667528593103
1.8619490410540596
1.7485800098876692
1.6299911825158075
1.5148389246969391
1.4052847405041953
1.2944977349472813
1.1846091468163082
1.0849398602903018
1.001533766452141
0.9364473818267487
0.8886081826364001
0.8550328939116325
0.8153874746265914
0.7710388350363859
0.7737984194375499
0.8247402802708607
1.0585941524835016
0.9262793164518895
0.8708492384469775
0.8399712900449671
0.8134879815004084
0.7914256098619152
0.7920302078962611
0.8047318092077607
0.8299501097022369
0.8714897890967499
0.9339421247913816
1.0223109861140207
1.1410925377792167
1.2931457965362876
1.4786450368603772
1.6938365794807593
1.9296331692509472
2.1707972163245426
2.3967813266735734
2.5849223337629557
2.7155502590025176
2.777224514468488
2.769778808304911
2.703742702745092
2.596531239526977
2.4807507720553503
2.3730998136153074
2.272604836826772
2.1833749885436053
2.1006734529948026
2.0284348698190553
1.9659258681086265
1.9191015231674524
1.89153161974817
1.874332018378008
1.8553669603371992
1.8217940898623162
1.7638475143641033
1.6783265778744034
1.5697085546740177
1.4479753357754241
1.3243780408738013
1.2074707595226315
1.1011943068135712
1.0059473763780344
0.9218749237978316
0.8504364527999019
0.793082986421012
0.7499138121042542
0.7193620704193873
0.6852203924749679
0.6631210115099547
0.6819912941501449
0.75725236780066
1.0248109476002816
0.9684756496744411
0.8041295877441205
0.7567262293390044
0.740501968981689
0.7345909221458103
0.7381538641585682
0.7472819949947079
0.7644735586918424
0.7923789826154906
0.833911440645499
0.8920497542497982
0.9692678983681512
1.0666611475896266
1.1831675359554605
1.3151589157584394
1.4563377945900666
1.5979094836540884
1.7292094278804275
1.8390089251810309
1.9174993711706156
1.9584963394713337
1.9609901825444658
1.9292761475009665
1.8717492463166001
1.8068882270972015
1.7459872759625903
1.6899988489060447
1.6420956609261397
1.6003604586111853
1.56743427109886
1.5439669460753709
1.5336824760312668
1.5364739573123638
1.54591952854127
1.5528941828267409
1.5467119381258554
1.5176391108721357
1.460156231352757
1.3753327263346706
1.2707144059882578
1.1575871846769594
1.047182150903655
0.9477643661216019
0.8634872877380138
0.7946389241752564
0.7387905782013233
0.693269774680494
0.6571125942533941
0.6301655839547642
0.6027284224317699
0.6031791565931917
0.6415183168796077
0.7254710967091695
0.9913873676251423
1.0277930834150923
0.7898849047985991
0.7349067188729845
0.7309701233058422
0.7403219768689633
0.7494754592005655
0.7578097147179624
0.7703713318185724
0.789017185312824
0.8157841849771698
0.8528026741095259
0.9019210617140405
0.9638984196762436
1.037498065102754
1.119304407028843
1.204472753700318
1.2876067413144974
1.3632482575076827
1.4261466557236762
1.4716566839524095
1.4964485699549603
1.499335080892471
1.481613268722196
1.4462258324713553
1.4039919139735308
1.3657634645649037
1.3333665701786435
1.3082997084770658
1.2893176242295055
1.2778514533061334
1.2751172645319384
1.2838357329673105
1.3026187161677407
1.3269998197588408
1.3499454834788462
1.3623190533102083
1.354724864228804
1.3204592736655605
1.258291883320629
1.1733953131057977
1.0756653764324415
0.9763595837370175
0.8849160923412959
0.8072816922267994
0.7458517161313781
0.7000929195155354
0.665137690967382
0.6367189196014971
0.6153188865138428
0.5954657362862048
0.6058554867875503
0.6505129136350225
0.7264422857666413
0.9753841534586128
1.075106384889162
0.799766012220436
0.7412656726419437
0.7454036842491923
0.7644179976604665
0.7784130191224432
0.7866461930341294
0.7965738839885809
0.8098223311883164
0.8282532900452059
0.8539244855683532
0.8887607967975838
0.9337104816700498
0.9875617407146293
1.046699485285883
1.1066340431486634
1.1633855039588357
1.2136563691595428
1.2545449712011454
1.283404405058592
1.298115861788822
1.2977215094111902
1.2829710208910232
1.2558958218112313
1.2238288939786788
1.196054797081156
1.1740990830430478
1.1585848539644727
1.1486153932742453
1.1452661097338432
1.1502356605591093
1.1663813149581617
1.192266176367489
1.224200518280307
1.2557752111463065
1.278317297475513
1.282584336497942
1.2615088697787635
1.2129307901738142
1.1407779107574159
1.053841562799776
0.9627966207512171
0.8771160566956807
0.8032284556160606
0.7441902010735826
0.7001804932367357
0.6682807396360532
0.6441900836079425
0.6268097946707839
0.6126307212405048
0.6274039747161816
0.6720746011345268
0.7409545065147892
0.9794430762345055
1.1205268964124346
0.8186222962609053
0.7581941681794135
0.7699844479178073
0.7976702106625536
0.8174197003890624
0.8254470405456477
0.8329455440427125
0.8414466692971985
0.8528349243942707
0.8693043625757159
0.8930330209092382
0.9253182831257707
0.9649587190831302
1.0075942819279675
1.0488588317559957
1.0861543392264308
1.1178021135869185
1.142369794684665
1.1583711545586557
1.1643947365440819
1.1596520764456155
1.1446733869623398
1.1219521696508374
1.0989977475660755
1.0804086400929198
1.066436417018825
1.0575250863052132
1.0532615732580386
1.0546559300727438
1.0640872496771525
1.0851813633300331
1.116663826791696
1.154981206794926
1.1938041313702572
1.2246497987392397
1.2384501891026105
1.2280583909776994
1.1908027173865345
1.1297102054037738
1.0525714207653778
0.9693235391276572
0.8891702377401492
0.8186884292386812
0.7612587331566425
0.7173696207325594
0.6853302845662198
0.6627066431165813
0.6479140945787801
0.6386125339056857
0.6569052739563488
0.7001230424790523
0.7636792375317724
0.9930070546408598
1.1673075031413969
0.8462882049991416
0.7858871775754497
0.8067871156550918
0.847727204257763
0.8698323333750664
0.8773002450058079
0.882132250591488
0.8857670427549573
0.8902126474944159
0.8979058854834869
0.9113529631005579
0.9323618126208736
0.959918013207468
0.9873153894819616
1.0112560156704633
1.0312869437802048
1.0469121124897252
1.0575996656637072
1.062589571169088
1.0610165555469853
1.052471645774562
1.037792615252457
1.0196168401158836
1.0035751946647211
0.991953473408079
0.9844221024908486
0.9810008270718598
0.9814802953161141
0.9865827810977672
0.999224696218675
1.0243950098030492
1.0611024861341245
1.1054206653167522
1.1508825430785783
1.1891762385903233
1.2115027739561617
1.2108214385161769
1.184166639243902
1.1338112604586628
1.066535845702899
0.9913699690452825
0.916991438766867
0.849888537624402
0.7936902836205949
0.7494598216383976
0.7165736674809209
0.6937823201037693
0.6799079545947053
0.6739921333422034
0.695618159985081
0.7366462531712024
0.7957387179369484
1.0147360450992369
1.2125049208922107
0.8820564515101885
0.8254365371462661
0.8576777316947375
0.9101620428133358
0.9347305109115339
0.9414095884952849
0.9434454488318478
0.9421992934342976
0.9398560144664195
0.9391228269258011
0.9427764332266763
0.9530320515946685
0.9708330091390006
0.9813147991331902
0.9895154215423575
0.9949119789556503
0.997411028192295
0.9969343730335426
0.9931576668410619
0.9856381602123963
0.974334383514026
0.9602444652230561
0.9456529907665746
0.9345641943959251
0.9279632819299848
0.9253294221612443
0.9264437224147257
0.9313708285611108
0.9406253517126459
0.9570621752650813
0.9858087160642508
1.0265316585330706
1.0754933310081218
1.1261936172498839
1.170506244905594
1.199944838270941
1.2076785074682683
1.1905913982627137
1.1503216974644073
1.0926635830633762
1.025641867622008
0.9572405798764713
0.8937265192024388
0.8389731363776814
0.7946664342824549
0.7610112315330996
0.7374916737878139
0.7233349784381375
0.7183255942414118
0.7422929415516516
0.7808069752804616
0.835124674874982
1.042019359915537
1.2539894819221682
0.925686137385248
0.8787024382641658
0.9218988032931323
0.9831964268702891
1.0102000869192354
1.0161391336400054
1.01548325296432
1.0095113362555246
1.000600186671356
0.9916975942901604
0.9856827054880875
0.9844690560295517
0.986549341865667
0.9854801497750496
0.9812628139042296
0.9750129434637929
0.9671910118958505
0.9580143167798382
0.9474183626213867
0.935244024058779
0.9216877936118711
0.9077654828870665
0.8953973049262298
0.8875109838329731
0.8842949366919414
0.8851550773538835
0.8897595175757642
0.8984884075013166
0.9118685004628589
0.9328054180162754
0.9654899921625446
1.0092689803077155
1.0613331455424884
1.1156213775821233
1.164323408766147
1.1993224059811836
1.2140719609179333
1.2054134959661564
1.1744629787054601
1.1260948244421582
1.0673153110987363
1.0053352233244623
0.9461049921451259
0.8936543579184291
0.8501557551245085
0.81640334319263
0.7923638961459161
0.7775569669105767
0.7715321574544031
0.795492572349172
0.8311518448334021
0.8791589782675838
1.0718688645230419
1.2904815562719365
0.9769902893948544
0.9439898272325427
0.9954037677583453
1.0639587610757444
1.0936543356329014
1.0991950510529087
1.0961949329590186
1.085792800244898
1.0705722689522126
1.0536969631021362
1.038046691555582
1.025149353629023
1.0137265212189965
1.0008567539188638
0.9861683368819808
0.9704934398963925
0.954449411137589
0.9383394417794719
0.9222046288001082
0.9060483826681383
0.8902113848424696
0.8756968600364753
0.864172982206854
0.8579380047989144
0.8566671701942631
0.8597023675761052
0.8666484609090669
0.8781219428822064
0.8946953197427296
0.9193945291248034
0.9556721103577521
1.0019863135858198
1.0560878011650383
1.112583069422428
1.1641942000466958
1.2033039271705082
1.2237532522079289
1.2224538034318804
1.2001227570200013
1.1608163358821473
1.110562659153511
1.0557631854570457
1.0019511068727904
0.9531605961129475
0.9118541821856306
0.8792004516029235
0.8554699913549556
0.8403713976845916
0.8326856142358937
0.8537811404798656
0.8856109978375172
0.925285762613498
1.1016379555552194
1.3204300952198043
1.0333427361100427
1.0145561368804816
1.0724341594199231
1.1483177931908777
1.1818921439307952
1.1876839314856635
1.182804574072535
1.1682656910532465
1.1469750605891382
1.1223488621153557
1.097321187453991
1.0734390750780654
1.0503190030022924
1.0268566988180152
1.0030266048772394
0.9794332953938227
0.9565596064456959
0.9346199858465719
0.9136515098028023
0.8937423898256173
0.8753303011569806
0.8594175548693682
0.8475192967813702
0.8416191961140392
0.8410426132866192
0.8450294789741345
0.8531352114089027
0.8660909258624471
0.8844908889908134
0.9114200691491852
0.9498828442549025
0.9976389987120281
1.0526351888539893
1.1100329820066088
1.1631667944090607
1.2050258255777895
1.229944003435645
1.2350212639335258
1.2207068889082642
1.190353449367942
1.1490674962356353
1.1024150376312987
1.0554074015586714
1.0119234842165432
0.9745310977414403
0.944593517873428
0.9225327422148887
0.9081282070957376
0.8993468336953
0.9154202875884099
0.941617739005532
0.9710842912321743
1.1292005564221532
1.3402835018339407
1.087292119114444
1.0810919080565737
1.1453435147335282
1.2304749290653654
1.270447883575795
1.2776010545146261
1.2712048258267135
1.2526845920514946
1.2256022964883169
1.1936597131934261
1.1599293579260594
1.1262535729898913
1.0931298946782433
1.0605440993882356
1.028819144133999
0.9984334713847381
0.96967273158457
0.9426006447322719
0.9172053929008234
0.8936217423719446
0.8723589829911149
0.8544277911703174
0.8412450863071601
0.8346754038749218
0.8337864598921506
0.8376651246490799
0.8458152816938541
0.8589544799391432
0.8776606293473892
0.9049611699691961
0.9436038698753267
0.9910634522434214
1.0453897036496538
1.1021666522226456
1.1553190659037382
1.1984882843486968
1.2265836302570678
1.2370091539207742
1.2300813728136575
1.2085642625637414
1.1766932479762644
1.1391656518064834
1.1003696413685482
1.0638938783952145
1.0322730288051636
1.0069335379639675
0.9883145080320184
0.9761171622356711
0.9678447890522829
0.9778469106207454
0.9962936304198101
1.0140388688811524
1.1528231123414017
1.3440106812842632
1.1280720847053747
1.133178472479435
1.205199999143808
1.3029365624132812
1.351845824766768
1.3613338885393271
1.3542086802457343
1.3324344359013773
1.3004362643245155
1.2622221702050445
1.2210457211157468
1.1791252652844637
1.1376772017115058
1.0974128657587028
1.0589426267423718
1.0226901855563655
0.988783022803037
0.9571538624884236
0.927742308168562
0.9007068665554859
0.8765966503699414
0.8564155587403361
0.8414925198245872
0.8336630774184924
0.8317904093438662
0.8347698691763111
0.8420455900073766
0.8542044015193297
0.8717576682138303
0.897535137517213
0.9341596185009852
0.979277465092915
1.0310734014069336
1.0854686989858955
1.1369299929992274
1.1797616326967664
1.2095156547589243
1.224023415379763
1.2236217530775195
1.2106110155989793
1.1883984327681514
1.1607650865698396
1.131376182115407
1.1034284651643411
1.0793453039886867
1.060543528097138
1.047364549058705
1.0392471704697939
1.0338824034916922
1.0378691227757082
1.0466442390565034
1.051533627034042
1.1710148781189165
1.3252173761017156
1.1454296474567025
1.1613373688056834
1.2436292899115273
1.3578893897081374
1.4172080134570426
1.4292272714058885
1.4226270953531985
1.3995673120269507
1.3645961848321135
1.3219621723719912
1.275133912547004
1.2267252997325069
1.1785677611256917
1.1319539478700227
1.0877819312631345
1.0465065553534483
1.0081858992078865
0.9726872252840427
0.9399217681284832
0.9100368111130406
0.8835555324732178
0.861426092828492
0.8448676367003848
0.8356857594041107
0.8325775320695565
0.8342439908256655
0.8400624988758245
0.8503940274872878
0.8656059798661436
0.8881703666982843
0.9207209464410289
0.9615668374091211
1.0090358175351766
1.0592775333844373
1.1072414743674586
1.1478918847612443
1.1774865698561896
1.1944292071625127
1.199274305166566
1.1940219609758895
1.1813005677610011
1.163909795179975
1.1446851371771247
1.1263614741497996
1.111241520734985
1.1007266331394263
1.094958339320234
1.0928849346366765
1.0931874331363702
1.0921731025504888
1.0898870324587582
1.0812825679585334
1.1824951183208938
1.2805542731933053
1.1331101740919105
1.1597968103093799
1.2552961192206453
1.3896722683794518
1.46050309828026
1.4757750734232242
1.4709661076666483
1.448525816244763
1.4127432558740738
1.367760653629427
1.3171564726450242
1.2639246554456327
1.2104870140869766
1.1587014652497432
1.1097967384007759
1.0643419320905652
1.0224262666883437
0.9839483550004565
0.9488427917371457
0.9171932344245748
0.8893496846246506
0.8661322427951453
0.8486135654632126
0.8384780925302143
0.8343134689174407
0.8346907723836099
0.8389341245246986
0.8471251304958718
0.8593455582243329
0.8774126388095612
0.904189243019981
0.9394249555792252
0.9812921700129692
1.0259412730865427
1.0687633020608411
1.1053695387224314
1.1327645579593169
1.1500839022324805
1.158369570385962
1.1595693433602798
1.1556078360212916
1.1482047728618814
1.139232837758693
1.1309298541761983
1.1255671057713976
1.1246134625456488
1.1278903937675466
1.1335554336624794
1.1420381790183083
1.1377153505359334
1.1239393848389465
1.101871894884118
1.1862626301291233
1.2118043734981183
1.0909326538566875
1.1285160622154398
1.2397622056166917
1.3967755184795627
1.4799266876271406
1.499248312354651
1.4973969121898563
1.4770436362350376
1.4421088668271442
1.3964128940696872
1.343536345727748
1.2868484213429587
1.22939010344549
1.1736064847802896
1.1210572647524144
1.072422805759036
1.0278516393626356
0.9873417809669172
0.9509660443687337
0.9189343227241478
0.8911556107389865
0.8682316769916373
0.8507886128649328
0.8403332350013978
0.8355252604027003
0.8349574804350881
0.8379733416738652
0.8444618043685252
0.8542045098917913
0.8678891363888197
0.8876486834657511
0.9168391014658415
0.952482822204592
0.9905984993586365
1.0270742276471507
1.058083429250501
1.0812924042712975
1.09665144369122
1.106038609586197
1.1117780985997188
1.115225768930916
1.1168209952514083
1.117254194175934
1.1182804131423456
1.1224340518886378
1.1315144844519578
1.144798396246612
1.1592219415862453
1.1775369595253267
1.1719637219188497
1.1474889164686246
1.1128973456509499
1.1816930686065688
1.1254457726312108
1.0247093973417547
1.07316453742047
1.201553208179395
1.3821260467383498
1.4776241174907636
1.5012082227566714
1.5027767792415316
1.4852023811316462
1.4519735621946146
1.40649799661184
1.352337112552044
1.2932947776786434
1.2331186347283731
1.1748516239190419
1.1202693480015764
1.0700358830418895
1.0243012460749499
0.983154936910782
0.9468043375827516
0.9154638795773866
0.8890002386817838
0.8672317422833997
0.8504313883773469
0.8400282315110652
0.834868480283229
0.8336605691002815
0.8358347298926586
0.8412482370705212
0.849697113163811
0.8617126423969457
0.8780432097606329
0.9002513038343566
0.9285824637264003
0.9596176280089479
0.9893842780189834
1.014278456582278
1.0322677421491164
1.0438494793874902
1.0519121166455891
1.0598517156000187
1.0687996940113276
1.0775173360620296
1.0851135130030862
1.0928846269670551
1.1043917051046923
1.1226850519307523
1.1459150581557105
1.1690842737594405
1.1976523561895194
1.1930211975866802
1.1597671207883427
1.1146568411114952
1.1686132612573543
1.0304034453483646
0.9440948209916195
1.003003215012175
1.1483103890430086
1.351557222907331
1.4582934990549026
1.485346528286422
1.4897041733238339
1.4745992303502415
1.4430704100179719
1.3980768865689672
1.3431885152348213
1.282753191509082
1.2213617780386274
1.1625679420394222
1.1080578138127068
1.058285349585982
1.0133453242958619
0.9733684265566089
0.9385310251238191
0.9088195588035088
0.8838929450602038
0.8634111408723993
0.847434854420294
0.8372833096800736
0.8319665304599104
0.830318942329812
0.8318614846414181
0.8364533209114929
0.8439395607210942
0.8548294658601903
0.8694956611147748
0.8877607608045143
0.9103142856075704
0.9354164353532661
0.959748463198004
0.9799893902042358
0.9942750186825136
1.003284876088647
1.010328398826597
1.0194514462243134
1.0316374008256208
1.0443505022286088
1.0553495512854234
1.0649089654819819
1.0772812934269842
1.100850801747185
1.1324578755557513
1.163142940424386
1.2011960016530654
1.1996999555365713
1.1602942440981991
1.1077629007562593
1.1473382705231217
0.9354853178307367
0.859549247923221
0.9278967592924863
1.0880596401797729
1.3113045699923096
1.4273004965383145
1.455904604837199
1.4613260249080366
1.4475998827064755
1.4172314506427635
1.372640596288138
1.3173894594196318
1.2564920789360683
1.1955874927467838
1.138366939490084
1.085938368866566
1.038450207070255
0.9959387235652296
0.9585109725592401
0.9262339659745178
0.8989185888969208
0.876093672621703
0.8573219985970372
0.8425582559796413
0.8330208339809679
0.8278790354347701
0.8261066531631653
0.8273003914537529
0.8313236661060782
0.8380219429034322
0.847789889299891
0.8607509149901674
0.8763166940223684
0.8951055718616097
0.9161435409770676
0.9368676224105144
0.9544648601278932
0.9674166529905204
0.9765887359369507
0.985054637268104
0.9959024779260905
1.0093680173280335
1.0231468940491177
1.0351374584322228
1.0449448167873379
1.05424991277022
1.0713627284342615
1.1061672437718504
1.1419642755741333
1.1879180576807091
1.19166108257829
1.1487791423544071
1.092994131685674
1.1186647781206482
0.8476326335864685
0.7798584686751018
0.8559429128144241
1.0269536357412812
1.2653844671127017
1.3891556575511192
1.4160438393230623
1.4200779815407827
1.406716578402915
1.3772514185354505
1.3332756933184693
1.27815119537066
1.2176458314042848
1.1591121180576067
1.1052755865011223
1.0563515452196766
1.0123961701102266
0.9734729656596998
0.9396516148080408
0.9108674897614447
0.8867689336210351
0.8667706417382636
0.850366608377591
0.8374574198029039
0.8291279370371153
0.8247032758150857
0.8233276644723745
0.8246572014093528
0.8285787719852307
0.8348923971313705
0.8438266099879718
0.8552183756169061
0.8683901170199926
0.8841095880761285
0.9019291491134017
0.9198720897539343
0.9355877874922279
0.9478459348599682
0.9574966101863411
0.96701784392562
0.9784552298784323
0.9916048232578661
1.0046173957227316
1.0159001500782492
1.0252092645824065
1.0337295986902253
1.0445916182198571
1.069979562922368
1.1070103199457173
1.1588160718906375
1.169762362262812
1.1252777760353507
1.0714292046421645
1.083810561205455
0.7713021797112465
0.7109646388026185
0.7924574100385645
0.9683398719446759
1.212694593082884
1.3468277303107778
1.3628923600569711
1.3659824676249623
1.3543777311481817
1.327166934941526
1.2852347388486762
1.2316157098263494
1.1709777822176894
1.1172262477690347
1.0676107596679314
1.0227743191563943
0.9829890147726896
0.9483815230170904
0.9189487172310444
0.8944543194936473
0.8743633302932916
0.8579690868857155
0.8447063691742696
0.8344465247688563
0.8280748892919327
0.8250636501408174
0.8247729066958951
0.8269057108595017
0.8314150652884236
0.8380184441364569
0.8467465894015191
0.8570052998904937
0.8679945558098455
0.8807917568392692
0.8954740203370017
0.9105531591456635
0.9240569696569514
0.9349601248912769
0.9439921006608263
0.9530392793895068
0.9633758909188062
0.9745273959608287
0.9849754403655779
0.9936087106534651
1.0005320000435673
1.007034029201465
1.015348147149976
1.0306982191654965
1.0618813910858271
1.116652748580667
1.136554396672514
1.099050956483524
1.0446004625149579
1.0443037556218007
0.7086925640615084
0.6559876401950414
0.740141218805549
0.9134173235691918
1.147520935902491
1.2629379910934568
1.291321715014262
1.3018268740877512
1.2959608523691006
1.2736797987742576
1.2362470296393877
1.1870566595539591
1.1315402011182962
1.0776084342747065
1.0305187881163391
0.9893961452274224
0.9538917041633929
0.923962468382162
0.8994246015561839
0.8798137566137989
0.8643885014413466
0.8523121559696764
0.8429582206123344
0.8361724466864991
0.8325534371985904
0.8317053173212268
0.8332574374050461
0.8369562604456023
0.8428885414635992
0.8506772143482527
0.8601630087677911
0.8701020042763593
0.8792757422694301
0.8891641362524773
0.9004380874536343
0.9120446354771489
0.9223491523756138
0.9305412331764108
0.9372821848248175
0.9439892055141802
0.9513380936970938
0.9586322838920446
0.9646117931643762
0.968639471293264
0.9712800686882836
0.9741579594965014
0.9795584228471026
0.9908079079698296
1.0135713102882422
1.066185840447669
1.0956508054995264
1.0674557910058566
1.0142781674281307
1.0018540264615379
0.6603488025634886
0.6158708135351592
0.6998254516653829
0.8632359764249973
1.076303894788049
1.1860043780357332
1.2212420295883242
1.2393926041418644
1.2403574795338026
1.2241856007833969
1.1924096242198228
1.1485613153904701
1.0977599818044474
1.0459777142881626
0.9992760398545477
0.9605765512714329
0.9290772607542859
0.903936002868258
0.8845529278857044
0.8701782222371283
0.8598701258528544
0.8526731144777834
0.8478956784874194
0.845343726399858
0.845226801800935
0.847254690680784
0.8513768497928995
0.8573881909526722
0.8655963928986962
0.8755631177761641
0.8870417647332801
0.8979433913950019
0.9059709854509768
0.9130110868956355
0.9204846537513204
0.9277157963916673
0.9334038729160317
0.9370618666781286
0.9394449419983626
0.9416539642583235
0.9438829085068405
0.9452555774960487
0.9447663996778014
0.9422809519347899
0.9389061147280687
0.9367272929534078
0.938333516981492
0.9466989917598267
0.964808025164474
1.0118877401735733
1.0491178261535898
1.0312843732293824
0.981886810686597
0.9582512198472602
0.6257913194999727
0.5901212168653431
0.6712578034361949
0.8204796669056091
1.0136717593345397
1.1223583465443967
1.1624249786910505
1.1865147577353112
1.1934473798445946
1.1830246330640648
1.1567843321528881
1.1181990468381473
1.0721082885243383
1.0237728100285497
0.9782565447881624
0.9404424851704335
0.9123478226681263
0.8920131221533516
0.8778748838347332
0.8688561467131418
0.8638829887246793
0.861929512801013
0.86224482782249
0.8645699326083484
0.8686112163517954
0.874138178260897
0.8814536230979998
0.8904025515947672
0.9015951232941374
0.9145986677364417
0.9293168993540357
0.9430041310453324
0.9511303134113293
0.9554908349265737
0.9587896447902046
0.9605743109925678
0.959901883630966
0.9568354153147078
0.9524717183489985
0.9477381326010851
0.9424414859720043
0.935612147691741
0.9265663373962729
0.9157305634235855
0.9048040571080318
0.896363324298445
0.8932993713066506
0.898368761433456
0.9131081845565168
0.9548681826005501
0.9973857393469646
0.9908572404359455
0.9481440920354358
0.9153164484518949
0.6040047160983498
0.5773633154718391
0.6536827763714235
0.7888970690365936
0.9672393520851323
1.075238752941263
1.1182320614168977
1.1463279878409531
1.1577546569129726
1.152115389501671
1.1308815847637828
1.0973984887236312
1.0562561001998503
1.0123297256359771
0.969983511039475
0.9330683445951671
0.9070216973101002
0.8916705030012481
0.8827937989080008
0.8790473933983798
0.879400681001726
0.8828468956839246
0.8885973395365035
0.8963035338564194
0.9050493652507221
0.9145908561007017
0.9255838062020938
0.9379001060020171
0.9524809951926587
0.96891318834445
0.9874009180688006
1.0052128733523817
1.0168954489386512
1.018654988746215
1.017693066841922
1.0128958284692866
1.0038349216900617
0.9915952117480742
0.977910606246068
0.9635751267770613
0.9481027846793254
0.9306059148691223
0.9108686694778927
0.889959269030053
0.8701831260324788
0.8545534567844172
0.846130034741817
0.8473199747954312
0.8586275183665751
0.8952944021031273
0.9411233902146489
0.9463572496190217
0.9132799346307005
0.8748884731706242
0.5937683064805626
0.5756536097649992
0.6462545250117697
0.7713235335439808
0.939156069269394
1.0452104285330313
1.0892347340064346
1.1194223650614277
1.1338140817627769
1.131966584793303
1.1152966470839025
1.0869803403969889
1.0513256709238183
1.0128773454530475
0.9756332015152942
0.9426147323618858
0.9158097534304434
0.9064827604523146
0.9026452315634386
0.9038386408999717
0.9092872549527525
0.9180791908615905
0.9294155718315175
0.9428452259712385
0.9567177389771353
0.9706737736544978
0.9856781955122649
1.001567264853193
1.0195603751877615
1.0391649605173006
1.0607085150311013
1.0812527395633245
1.0952019549249623
1.1009399365517154
1.098047976200032
1.0859816164206835
1.066148304414742
1.0423396522816268
1.0168882660878389
0.9901880819924493
0.961701887429547
0.9309597709533243
0.8984303416212729
0.8659055410979294
0.8362663823033568
0.8128406152342906
0.798655934048556
0.7955798773277923
0.8032125860815094
0.8345300882729152
0.8817460868589233
0.8982547295316984
0.8775212464059682
0.8387943053175803
0.5938868689101782
0.5825935615644386
0.648474781442355
0.7687309451465159
0.92855926406511
1.0308090400077619
1.0741376427267952
1.1047758774600727
1.1209053943936997
1.1221868703476099
1.1099979364680401
1.0872859602353098
1.0579951629129116
1.0262848340458726
0.9958598095507317
0.9696762574134169
0.9504188942147084
0.9413664240564744
0.9409135609238152
0.9462918750678063
0.9563699489799324
0.9702340074585333
0.9870822567177508
1.00636761642343
1.0256205580088928
1.0442421311924024
1.0634191715339303
1.0828635555838289
1.1039900024647482
1.12618519330334
1.149999645738006
1.1729745812900594
1.190088919512512
1.199033817547123
1.1968827120994214
1.1802102243588
1.1463532660237608
1.1102302701245204
1.0707000486195704
1.0285857351887258
0.9840466460479458
0.937457478600653
0.8901689183667462
0.8447298928661472
0.8045097025110037
0.7729828144022955
0.7529222216323553
0.7454520976044895
0.749270886197035
0.7748265045952617
0.8213295841931894
0.8476446730852654
0.8414278604556938
0.8087397545313204
0.6033861375668355
0.5948131687036124
0.6606773729963176
0.7804667277494266
0.9327902883753222
1.029172328509133
1.0704014375363087
1.1003176747442416
1.11747802872234
1.121743008407893
1.1144319582871873
1.0981767658718062
1.0764469425019851
1.052909041239238
1.0308722492960247
1.0130106968164958
1.0013549462830316
0.9970986233896509
1.000046559145004
1.0091548158211416
1.0234009720770267
1.0419056774814386
1.0639318675772413
1.0889085741635753
1.1135313126885247
1.1368316685378315
1.1600989693544947
1.182851562611089
1.2066813997962953
1.2309733131934835
1.256693185135381
1.2818521100232494
1.3013071575083341
1.311930629463301
1.3095507066645906
1.2898527003264915
1.2509784952748633
1.1985259226181986
1.1406767662594013
1.0795037492897699
1.0158395784000354
0.9510067068530527
0.887291240092114
0.8279442208953424
0.776682723519654
0.7369552465158261
0.7110960023387892
0.6993034859654923
0.699313447135654
0.7187714752165263
0.7624510169279881
0.7963605108829247
0.8059410652261526
0.7860393742207914
0.6255438065842848
0.6138282512249866
0.6891418898690295
0.8099430301392687
0.9515227845517309
1.0384870817297418
1.0760563128957013
1.104395747943358
1.1226518225555333
1.1309405662138792
1.1304349345550821
1.1232653457103938
1.112193135359787
1.1001422539238086
1.0897501017223334
1.0830637278715451
1.0814057224372313
1.0853791616104993
1.094998170468921
1.109887802101502
1.1294817990691002
1.1532193471336913
1.1806936682188733
1.211601251464871
1.2419127788933626
1.270160430753246
1.2976017665421304
1.3235417624347547
1.3498364981168278
1.3759701833368616
1.4032239602885206
1.4296224150138914
1.4495183894506027
1.459021981529327
1.453178406056889
1.4273975072183176
1.379977834032224
1.314157792778915
1.2362571768520405
1.1515984744965793
1.0638152429230925
0.9761512224921469
0.8922501348673468
0.8161483810767248
0.751799862673271
0.7024897566377412
0.6700144152522243
0.6534045522932493
0.6491481942972372
0.6613667812432996
0.6994852075138834
0.7389426147185318
0.7668924492069495
0.7693105659887594
0.690310058906165
0.6895260785472398
0.7771313457583149
0.8893633902903005
1.0009450865318152
1.066325418972119
1.0963738344271206
1.1222298071501358
1.1440324774327166
1.1621368730571808
1.1771540967611405
1.1900071593607287
1.2018975004311434
1.2141505896462685
1.228011903044318
1.244496560693267
1.2643254837820677
1.2878890594340888
1.3151914054491494
1.3458345384086234
1.3791515047771596
1.414505060013096
1.4515986496265607
1.4905199534733857
1.527090331077672
1.5601736373194122
1.5912648495405062
1.6195492036562467
1.647082152963879
1.6732187471281383
1.6987367053949647
1.7204218434405203
1.7317511222871544
1.72829100893363
1.7056058215786438
1.6605535270310616
1.592331880055242
1.502825630603545
1.3961986470977934
1.2781070158996208
1.1549564352361423
1.033319707202299
0.9193939514881915
0.818444517153745
0.7343986693025629
0.6698449454106284
0.6262169073761004
0.6019436618380931
0.5912988584290093
0.5921138264624257
0.6175419244074285
0.6584433043447419
0.711668877147737
0.7594787056648338
0.8206527559532122
0.8625140686197162
0.9470116654141542
1.0173314151139736
1.0689414150551029
1.0999978154114283
1.1195651672791418
1.143870127986406
1.1740494211968149
1.2095230171911837
1.2491781832829987
1.2921738935343625
1.3380527197073748
1.386665448129812
1.4380427678535928
1.4922574381475948
1.5492993138858053
1.608934342873377
1.6705250846523607
1.73288531595035
1.794318966835521
1.8529326391314387
1.9071181870441989
1.9559217218943294
1.9949649992616412
2.025691333249978
2.051371076733168
2.0720340668309816
2.0889379228475926
2.1006715513206684
2.1053917922692533
2.0980223968130356
2.0750602761273895
2.034573122351847
1.9750991828825013
1.8955567948683705
1.7955204925091348
1.675940075624044
1.539939235475146
1.3931227944937514
1.2430186140606179
1.097775981770427
0.964674186826567
0.8490511320791424
0.7539584993625567
0.6804649328157402
0.6283096887246221
0.5963810039765628
0.5802113499912203
0.5708040815519385
0.5806248691551091
0.6137343587109688
0.6796586154971183
0.7714580797081791
0.961331827553674
1.0294472787237536
1.0930022920068525
1.1225795148228193
1.128576795883765
1.1317214785155014
1.14270016354712
1.1671766574131708
1.201616644093067
1.2445770517373678
1.2957472509406538
1.3550007721714867
1.422353369546696
1.497828675490327
1.5811494305635996
1.6714514162683176
1.7672515615818065
1.866649934296256
1.9674582309169204
2.067048419902976
2.16211706317931
2.248751194645712
2.322965579255672
2.381493562748054
2.4190994287217626
2.4400279928935684
2.44894092299288
2.4476816344642556
2.437181835813039
2.4171286985438676
2.3841945054626534
2.3352482300070245
2.273333952153443
2.197828660661847
2.10754175748815
2.00115450144425
1.8780582653596936
1.7393903299136024
1.5887944326103798
1.432404847244787
1.277883121519303
1.1328519767173124
1.0034031854722192
0.8932704156251957
0.8038574235561269
0.7348887409483347
0.6852153020533579
0.6532537470588341
0.6362653693351076
0.6264438096888745
0.6328210047631688
0.6607701731662322
0.7198241636433366
0.8219271150374422
1.0659277636266027
1.1110032266311125
1.1784209709383706
1.218260441406594
1.2069888143945045
1.1942102909520316
1.1975866405976756
1.209136995085523
1.228986573558966
1.2574497089662338
1.2954476710611127
1.3446669894853662
1.4073429568210114
1.4856550026669781
1.580842896467908
1.69227301622868
1.816788965105768
1.9345618268524776
2.054197064663907
2.1735812925921345
2.28865663308094
2.3934810760540834
2.481501066078565
2.5476080241299988
2.586563490135032
2.6050703866087783
2.609259055164484
2.601525705844456
2.5819236098813074
2.549882683890745
2.5010600808664742
2.43262966375548
2.3504996525727733
2.254947167571429
2.1454867684791514
2.0217309672752832
1.8845719611143603
1.737121309806067
1.584844131453224
1.4347101827198996
1.293739064358058
1.1676210247097694
1.059920355155809
0.9718499705685789
0.9021985352493932
0.848066680720784
0.8071920273760558
0.778664216985322
0.7619371555158545
0.7574684172053213
0.778781983701945
0.8082885372642007
0.8438733665557069
0.9447103879928276
0.9140612205255683
1.035761417430339
1.0984954174035537
1.1443205433187496
1.1901854520829203
1.2411293358237705
1.282599650832595
1.3377726892217003
1.4104125108933956
1.5048014188708467
1.6254228173805971
1.7762333459485653
1.9594645101693091
2.1740148739437952
2.413823149076193
2.667177786827216
2.9185719514202924
3.154181319692555
3.358664705834322
3.500744353059068
3.555848499597496
3.520070650289357
3.4074242325496282
3.2434411187364915
3.0756613434542057
2.925832536769046
2.790766021398268
2.6743688681420843
2.568812796935979
2.477224089550785
2.395895750507754
2.3283558898773524
2.2769933453034215
2.2310866060280903
2.1794428156453964
2.1136577711736475
2.030890216817587
1.9343203561590947
1.8306695320312991
1.7260006907272332
1.6221687413989054
1.5170412781897147
1.4103443451094066
1.3079360738404089
1.2176786957999954
1.144277393068905
1.0880204234663513
1.0458853186979753
1.0133876905697907
0.9673577492193668
0.9387715959499449
0.9557422024872174
1.0032592411174117
1.1820776784080167
0.9153103753273033
0.9619713773140314
0.9690406981441776
0.9552641648561592
0.9394055538562848
0.9519653646918332
0.9746307617267568
1.0129289273731938
1.0712308968090585
1.1546827072329713
1.2689608926404272
1.4196498512602447
1.6111286251242916
1.8448890651934482
2.1173776657487777
2.4178741006746938
2.7273932011775543
3.019625337280848
3.2645914254864787
3.434998514112631
3.5135078308979293
3.497876670057789
3.4014926401373176
3.248790468589025
3.0863269367017576
2.9373777300125012
2.800086058491066
2.679273615417701
2.5674916474809475
2.468760549551185
2.3802389242121067
2.307792267710446
2.2562151030709434
2.214659221539653
2.169694702987217
2.108842769439149
2.024746767139721
1.917780548399766
1.7953101212170475
1.6678477902832898
1.5440605779869063
1.4262888973270023
1.3107099293738433
1.1984733817162874
1.096866846209886
1.0117023703712447
0.9451008752860016
0.8960339993078713
0.8615536265067351
0.8244387521803995
0.7743915750867462
0.7827563656545599
0.8421784648571164
1.0768346808719413
0.9288960965553464
0.8734254517813129
0.8474438079884477
0.8243263607942469
0.8046183565362146
0.8103776760422177
0.8258116170501847
0.8535536852312758
0.8976617119136635
0.9627502099710898
1.0536823261309358
1.1748274459755705
1.3290316528078046
1.5164935739307712
1.7334732044872383
1.9709308022387522
2.2137626773126096
2.441645068830226
2.6321601589651795
2.765772716763132
2.830928101453074
2.827061871561757
2.764177953391695
2.6593523874367855
2.545160626822607
2.4388284078637126
2.3398759970720895
2.2525844481064805
2.172394625565067
2.103070834148105
2.043700010613593
1.9994590034744888
1.9728293405943413
1.9544652335089465
1.9321106078304136
1.8931923242941775
1.828543054883548
1.7356846374317805
1.6196813030512038
1.4908066909215707
1.360324384462365
1.2367074767638078
1.124074182318023
1.0234263501944219
0.9353191223165989
0.8609919086446242
0.8014572871140443
0.7564905430844702
0.7243466860513438
0.6877761507215919
0.663784550611712
0.6832886175885374
0.762254965006926
1.0317866182406454
0.9624980576315489
0.7984835605268489
0.7578453874149998
0.7473155313976765
0.7472835928650547
0.7563976288208389
0.7685122865884325
0.7887179898971948
0.819811909986336
0.8647911468606604
0.92666494273158
1.0079271977807291
1.109697201737036
1.2308726907100338
1.3676573602501871
1.5134897406574817
1.6592926698110104
1.7941481256140772
1.9065994936227149
1.9866117737484201
2.027797878328937
2.029106595181553
1.9952147388142911
1.935488710167238
1.869536460381039
1.8086241117000839
1.7533234673211586
1.7064980312240967
1.6661124849516336
1.6346269503118704
1.612567741532103
1.603254748757944
1.6060337846095818
1.6141611597266794
1.6183301893566617
1.6079221068257483
1.5735639612100067
1.510294355199691
1.4197245055633148
1.3097308122285707
1.1916676323575957
1.0766570231664294
0.9727906968491262
0.8840675354849484
0.8108050028182863
0.7510763735403965
0.7027550564653171
0.6646989527538173
0.636292850238982
0.6064115201745257
0.6032087858838655
0.6393528181749911
0.7239048611108193
0.9934221300185099
1.018894680745354
0.7820373719494808
0.7326291979596536
0.7348385861887161
0.7518379923664751
0.7675431968690927
0.7791619895548063
0.7950282339574697
0.8171660533855758
0.8477607547815388
0.8890629235579587
0.9430013382453935
1.0103410405276219
1.0896630173923072
1.1771015643361458
1.2672790458698833
1.3544224018247313
1.4328905124373301
1.4973627253159805
1.5431422527375709
1.5667932716829929
1.5669223446604155
1.54459891517619
1.5038688963752558
1.459139203172062
1.4201978574763077
1.3876438073210373
1.3627430574747625
1.3441761845034392
1.3332983231410058
1.3312617166915308
1.340573520901639
1.3594612907692945
1.3831052056937647
1.4041489961467928
1.4133197368418458
1.40141199560497
1.3622349723980063
1.2951985385534859
1.2059689699314557
1.1046274122601134
1.002345051217513
0.9083495843137609
0.8283560594115813
0.7644155075308775
0.7151966405666236
0.6767383925829302
0.6462082944773645
0.6232661319798356
0.6008255548834945
0.6070501287399359
0.6485341947122691
0.7233455388276117
0.9763964045637458
1.0656942929086437
0.791573415934169
0.7374023661883381
0.7478352930877344
0.7762505366413708
0.7968869095283841
0.8084426987697638
0.8217868721553845
0.8386542915592102
0.8610484811063319
0.8911623786057624
0.9310218506454835
0.9816027733317279
1.0414485479130022
1.106164773514086
1.1704851761792825
1.2302315619867055
1.2822362350664225
1.3237859290874006
1.3523804654867624
1.3659669585256011
1.3635506877059018
1.3455592304257389
1.3124782269045523
1.2754824989417977
1.2457050338267621
1.2228139394867197
1.2069785604185383
1.197078340411534
1.1940587965378422
1.1995065496588737
1.2160899029819494
1.2420695541017994
1.2734352032014595
1.3034227841630868
1.3231471877128806
1.3234859605892306
1.2978656755822668
1.2448140591806596
1.1688347111344366
1.0789623298720863
0.9857800664699169
0.8984899851347322
0.823221339949877
0.7627057769720192
0.7165774078429168
0.6818556174534763
0.6554608038873044
0.6363941206782334
0.6196588462960404
0.6301514833308652
0.6710673752550733
0.737768846938714
0.9808560515567452
1.1109589685025165
0.8101770342874252
0.7530276204520252
0.7715528347158801
0.811662129817194
0.8363882579926017
0.8477292516471123
0.8587029809237055
0.8708785927065064
0.886258926009007
0.9071698248928037
0.935902496664793
0.9738599422684517
1.0197305983217553
1.067685657841186
1.1121019324396262
1.1509097655219354
1.1829870254266814
1.2072295012036682
1.2223387823623066
1.2269559728816457
1.2201710593582582
1.2020484410075511
1.174361866051834
1.1467540235101223
1.1254390662938067
1.110089236703484
1.1006924958556885
1.096513796578479
1.0983469196892908
1.1083120126063437
1.1297264845314814
1.1611495980861368
1.198854180761492
1.2361793945648716
1.2643929897661255
1.2745030348910302
1.2598379607165688
1.2184339892650224
1.1539391781344996
1.074421073366112
0.9897122703476466
0.9086775883862512
0.8374939941167694
0.7791640218536551
0.7338712980883836
0.6999384555404431
0.6753858871000945
0.658990648234937
0.6474219265557105
0.6615205809376044
0.7003622920186822
0.7609795299147348
0.9956031183234583
1.1574991493346325
0.8373454731908865
0.7792000612355419
0.8085113301895887
0.861160118034343
0.8892301023175735
0.9000570527904689
0.9083848702828003
0.9156664832959838
0.9240016141738496
0.9359378687418758
0.9540661321322536
0.9803029311452014
1.0142428961407441
1.0464128998081081
1.0713838092303238
1.0912821419924978
1.1061092750078172
1.115569342745378
1.119013015988292
1.115522452086187
1.1044559566077374
1.0863735349374843
1.0641327958023683
1.044746754476439
1.031022962423445
1.0223889394172112
1.0186774943667938
1.0195149605732412
1.0254932250396849
1.03915876145215
1.0647155222602211
1.1011448589978994
1.1446882112389158
1.1886194109273511
1.224365055624727
1.2431776896407762
1.2384739426663658
1.207995982390537
1.1546543592057446
1.0855200993147585
1.0095007368503208
0.9348746659713029
0.8676501206701215
0.8110485403274866
0.7659141073723368
0.7316824966530255
0.7073924655466909
0.6921753844173393
0.6845397331114079
0.7025019093275311
0.7385083126625128
0.7943209997683709
1.019377776550153
1.2021457509064766
0.8722011151943732
0.8176524457146767
0.8612872201506844
0.9237361069609513
0.9545471455360075
0.9646080692600306
0.9700791163898965
0.9723217561931446
0.9735797147447306
0.9766294996770651
0.984230509663904
0.998310126580094
1.0181025221523778
1.0342011292298292
1.0430833869507827
1.0476835350490532
1.0487540748196018
1.0465527752017705
1.0408805454040835
1.0312372107386274
1.0174022675947858
1.000280456216194
0.9824626741378722
0.9688774538170792
0.9607675777988146
0.957450293500966
0.9585998769582934
0.9642050288766368
0.9747116187742811
0.9927420292077779
1.0224161526443432
1.0629612332405258
1.1110606018199647
1.160160331993248
1.2019437371569692
1.2279919388134912
1.2319218914415297
1.2113078347303181
1.1684125516663035
1.109311655293405
1.0418895013710092
0.9736954308752727
0.9104824688833029
0.8557198288660766
0.8109133697392793
0.7763312839627153
0.7516814704720117
0.7364445719078049
0.7301102445467101
0.7515878861361256
0.7847098550897874
0.835793234857881
1.0494459938589216
1.2428022887777521
0.9147300359754994
0.873506375433407
0.927611928648364
0.9973818899832197
1.0305175102150521
1.039762400451405
1.042360438190736
1.039554117750531
1.033742977332023
1.0279078531359043
1.0248287354593069
1.0260046479053493
1.0298250284920338
1.0309362574578793
1.0271036576528412
1.0197887418579599
1.0102560108946808
0.999156656352217
0.98659616941893
0.9723857239514765
0.9565848294298611
0.9401532391962663
0.9252479967738023
0.9154717673472025
0.9111922206212197
0.9117153219737513
0.9166433312838616
0.9263322806386216
0.9412467478415366
0.9641477197169668
0.9983900361950967
1.0424963525030608
1.0938684752783385
1.1465755949052676
1.1927742194939333
1.2244835988830463
1.2356128643291209
1.2236670978343884
1.1903531988983291
1.1408051086527227
1.0818823378239057
1.0203668077741395
0.9617133883849578
0.9095752562116685
0.8659594465657138
0.8316969933496245
0.8069152063632858
0.7913233636515059
0.7842002346217515
0.806776566756226
0.8375458244259537
0.8825588914258049
1.082543274909987
1.2785968124952405
0.9659443927440771
0.9428226807917577
1.0033785210244943
1.0791271213582774
1.1145359891133804
1.1232196095211007
1.1231740410121085
1.1154440503906742
1.1026218878059268
1.0879222327688476
1.0741638469392496
1.062663913206936
1.0522235210822952
1.0399889290819064
1.024836227650547
1.007692957769773
0.9897162408619544
0.9716081768790351
0.9535841729514741
0.935625224241529
0.9179370763322554
0.9014392984186304
0.8879485102388368
0.8802774579925804
0.8782603280332135
0.8811948126072291
0.8886536011205097
0.9012701695773089
0.9195678975471462
0.9464877109335753
0.9847947521568633
1.0319932115457113
1.0857669547471527
1.140858283368771
1.1900812872544526
1.2260391491311224
1.2430477528896755
1.2386554829726015
1.214130779910554
1.173768813190784
1.1234646009705072
1.069233970826254
1.0161689412387183
0.9679671196353651
0.9269278863824849
0.8942152686570652
0.870193393465722
0.8546956268816412
0.8463177083285385
0.8664806435685791
0.8949053331645724
0.9319096014768083
1.1156959781827844
1.308638511170115
1.0243782835370971
1.0170514983870862
1.0830931446974705
1.1648578207275704
1.2033540051083893
1.2120938980706952
1.2097803814048036
1.197250670081925
1.1774862715129863
1.154063386723414
1.1299843129268574
1.1067467146117769
1.0839307458705
1.0602116341922403
1.0352369279280986
1.0097904047915358
0.9848068363799027
0.9608627155988729
0.9381577409753151
0.9167476757453414
0.8969117736587023
0.8795142177747062
0.8661296852391202
0.8591391112788832
0.8580312411953521
0.8620519519228337
0.8707560089709447
0.8849249253580292
0.9051265117718014
0.9344116131382245
0.9751995791247566
1.0242661886336308
1.0793218325636222
1.1355970226217555
1.1865653920097137
1.2254878971322754
1.2471811542516733
1.2493512394950423
1.2329602669612962
1.2015871071361315
1.1602355688759853
1.1141517932132359
1.0679795387734452
1.0253098349580498
0.9885509916295158
0.9590229812886305
0.9371808166733736
0.9228697803044557
0.9141261599708566
0.9299449447067546
0.9540870148824107
0.9812808578352404
1.1464777635533776
1.3297861445097097
1.0818893551462638
1.0870994144991017
1.159141116983182
1.2488868087856688
1.292762308969924
1.3027178026336004
1.2982846853855625
1.2808249998619734
1.2542250168994722
1.222505694535622
1.1889282879459204
1.1553249501385399
1.121999141758206
1.08859536581013
1.0552666134406576
1.0227526413447299
0.9917815902218001
0.9627627084327972
0.9358335687466321
0.9110794353112938
0.8888174732912772
0.869856928548503
0.8555902600831853
0.8481907789606301
0.8469070672883735
0.8508754880901949
0.8596281810855886
0.8739595544244949
0.8944490644302632
0.924132663176301
0.9652431377580847
1.0142736800041259
1.0689636659248891
1.124915841006833
1.1761950208751326
1.216718967352087
1.241857573882144
1.249577201750783
1.240668382973976
1.218115334884534
1.1860897867880877
1.1490435837523516
1.1110793165056703
1.0755562479740743
1.044867076373879
1.0203745247944536
1.0025082834783314
0.990987074778121
0.9838007243102502
0.9947162115358706
1.0120189902282495
1.0280000428039524
1.172913186897394
1.3357013384550545
1.126576417439495
1.1427007126379036
1.2224022173923608
1.323675188559584
1.3757063869138966
1.388187294922838
1.3817581466926998
1.3595321806707323
1.326797586879043
1.2878866606629114
1.2462522958554558
1.204032229517344
1.1620841398465507
1.1206910576983562
1.0803627063860541
1.0418504119778644
1.0057367367848566
0.9722875586225744
0.9415756190371897
0.9136939936072762
0.888969806788908
0.8681449067564044
0.8524503064012432
0.8439724235910196
0.8417809153005087
0.8448538473509334
0.8526866923752433
0.8659644916641545
0.8852338325179766
0.9133718920998259
0.9525192958696073
0.9993311823460718
1.0516786583528583
1.1055037961223115
1.1554028261196574
1.1959237784429695
1.223022975872439
1.235031338890012
1.232717730229631
1.2186009968272817
1.196066475836893
1.16872385356492
1.1400370334392678
1.1130433877549688
1.0900650826359557
1.0724644907785028
1.0605553303765316
1.053753015181488
1.0507691777885593
1.0572236499632746
1.0657778086920677
1.0692513070984129
1.1933275668938035
1.3191772515402431
1.1476596126645033
1.1742773226900938
1.2641144392913781
1.3809710805547022
1.4423005875924664
1.4559450986095612
1.4492187877665963
1.424597909505266
1.3878727962329513
1.3438684441996849
1.296252904881793
1.2474458079341189
1.1987576986835748
1.1509671184171328
1.104912121446629
1.0614383703654842
1.0210668796160551
0.9839663354458048
0.9501537898573061
0.919707836705348
0.8929212795178311
0.870423600949837
0.8532776955135217
0.8435386875474112
0.8401420833367195
0.841881332107492
0.8481933216174874
0.8595560955466531
0.8764238416970563
0.9013757645699921
0.9365285657508914
0.9790974749687451
1.0271774929416302
1.0770226160767564
1.1237052424805014
1.1623712777866038
1.1895953564774768
1.204200229744536
1.207130862569897
1.2006131639431636
1.1872979444691265
1.1698806097453616
1.1510748964060042
1.1335375487703272
1.1195423538689666
1.1104828991745257
1.1064698540677205
1.1063720649194122
1.1104645337563288
1.1137117892933481
1.1122296883653477
1.1024755908638697
1.2063049171166966
1.2761722776715771
1.1386574657379969
1.1757820061291782
1.278440144036106
1.4144247791582731
1.4856519846592862
1.5008515978469945
1.494635521925771
1.4698112507629875
1.4316687904018486
1.3850231172713052
1.3336390828679163
1.2801983835128965
1.2264596340497862
1.1737008499588464
1.1231454675997663
1.0758233090661948
1.032261830890975
0.9925689320291244
0.9567143819550831
0.9247380816155629
0.8968185919915563
0.8733319534894441
0.8551759800020821
0.8444817821233851
0.840066658680664
0.8405275543445536
0.8452170017199993
0.8543428053762676
0.8681685734645394
0.8888274989440339
0.9185139397334304
0.9553815668429136
0.9977329012934683
1.042041816408593
1.0837883494672576
1.1186649342674904
1.1438758259921191
1.1588830006312767
1.1650948959229641
1.1647276472084869
1.159786862492917
1.1519339063756306
1.142971615271176
1.1351445454761577
1.130817027496397
1.1315444110821065
1.1370775399786341
1.1453633806464683
1.1589450856037176
1.1607115483889416
1.1489355836993391
1.1259331401771442
1.2107552841545435
1.2082325923023232
1.0992068734616343
1.1468396710186681
1.2644859642937316
1.421931118387956
1.5036867979594621
1.5214284895108268
1.5169447060234726
1.4934762383094982
1.4558445888024112
1.4084840023899117
1.355060652322955
1.2984765434012717
1.2409775795840838
1.1844371261112498
1.1305681874742677
1.080616620404111
1.0351003779738577
0.9940613729875422
0.9574348071057136
0.9252473627389551
0.8974824918188244
0.8737559968803553
0.8555138453928034
0.8447209579413342
0.8399174751242015
0.8396169514693004
0.8431444367952107
0.8504879199939263
0.8616158918131595
0.8779011418740673
0.9014745222862746
0.9319660400892916
0.9678028424398707
1.005574574837191
1.041102633300747
1.0705040124572505
1.0915012380818805
1.1042625063335674
1.1110644598715949
1.1146920162842273
1.116727427370083
1.1175095074425614
1.117576835601756
1.1187487399216012
1.123916863196054
1.1351419213126068
1.1513258662523684
1.1689091643929317
1.1932213259719138
1.1953555731223804
1.1742290060023328
1.138921967226956
1.206018514054835
1.1219777794205492
1.0349449938470656
1.0928544077324716
1.226536787262734
1.4061789273564596
1.4986467709391005
1.5195469948740197
1.5176767611067254
1.4966111842086316
1.4606801327151078
1.4138040267304426
1.3594708676430847
1.3008048057154862
1.240601017015382
1.1814584987931886
1.125643976563992
1.0744942603262404
1.0283846587921721
0.9872343652965514
0.9508983680196577
0.9192843747882383
0.892316605033348
0.8701519806112256
0.853301221814961
0.8431671152869517
0.83845789659532
0.8378441944688874
0.8407348070597933
0.8470748160720761
0.8567404400807541
0.8705724405460173
0.8895527821728139
0.9137273006374355
0.942734177127146
0.9736556683440987
1.0025723035864553
1.0257794170134862
1.0411380590190056
1.0491248741816332
1.0530095377051094
1.0575128133143825
1.064945285811126
1.0733028421429949
1.0806474550434382
1.0882125085735166
1.1010691045648675
1.1230944933650362
1.1501217245764885
1.176599875383456
1.2112887792020686
1.2155737770683406
1.187140868464571
1.1415525182491508
1.1919455688953313
1.026617633414773
0.9554027023878219
1.0229737776151657
1.1722725492263757
1.3731872239732548
1.4756232659148905
1.49940022451281
1.5001095428604505
1.4816796254681779
1.4478872376918792
1.4020794514949892
1.347564730398756
1.2877326020793138
1.226021890984841
1.1658730388838885
1.1099270682657743
1.0593115026825668
1.0141690947536317
0.9743263885303384
0.9396114083218741
0.9098953704776096
0.8850206011247437
0.8648684282761815
0.8495579916035686
0.8402366611044773
0.8357829097854603
0.8350434147590605
0.837526065333371
0.84319115760906
0.8519224275926243
0.8643902063822962
0.880956785039569
0.9008607987455586
0.9242995740648109
0.9494180625721941
0.9728428374526407
0.9911006833281656
1.0020965554581913
1.0062384145706758
1.006972597333063
1.0111423900602317
1.023464506306151
1.0378803567817432
1.049752265587141
1.05862581247526
1.065842513830988
1.10015523677241
1.1357036284786088
1.168809487602953
1.2120535574898843
1.2201924537508015
1.1872221196207617
1.1343875173945253
1.1689354796895866
0.9312022839770582
0.8710105917628169
0.9470983060003032
1.1099468382828734
1.329640410168061
1.440353567317731
1.4655877295725241
1.4678398592362374
1.451567734181797
1.4198505016385614
1.3753897669833148
1.3213186358524134
1.2613170628226025
1.1995636667575162
1.1403108376283282
1.086083368164561
1.0375915746376116
0.9948066349158216
0.9575266882498064
0.9255566886711554
0.8986673886908105
0.8765140026927776
0.8587490156523814
0.8452855067323032
0.8370712723487455
0.8331589388247895
0.832583849827883
0.8349415640103842
0.840219248002833
0.8482884229318649
0.8596733438322348
0.8744224247869634
0.8914761165994248
0.9110976527508584
0.9320983124274571
0.9517561775430231
0.9670758192384292
0.976404149659395
0.9807721132567397
0.984356645860142
0.9924482544499602
1.0058151917794398
1.020583927788695
1.033824269089841
1.0452479705430782
1.057165990373413
1.0772665185815966
1.1107600916596134
1.146252406504953
1.1953621614737298
1.2090067210316795
1.1744662664000747
1.1182615508425717
1.1379198215307305
0.8428015238101733
0.7906234240084788
0.8734398253460371
1.0459159127879265
1.2798490620691723
1.3965159842968176
1.4206627300828805
1.4231218631682023
1.4086505154419326
1.3791474833535007
1.336556307296347
1.2838321269598016
1.2249262342208678
1.1647991227611636
1.1081967050572183
1.0570676425852268
1.0118144763776888
0.972379989396751
0.9385815870325209
0.9101832429775074
0.8868237733877595
0.8679768741458109
0.8531230704513393
0.842044352693076
0.8354711923449282
0.8326185862942471
0.8327327120239372
0.8354764204970074
0.8408850202157094
0.848778393268427
0.8595136047891327
0.8728262335923251
0.8875701741797785
0.904187031594341
0.9219802009237837
0.9387632583019487
0.9520020096379005
0.9604601910625308
0.965465374257664
0.9706930132605662
0.9794409856529365
0.9915655507784547
1.0045155481207328
1.016311344428962
1.0268163268862116
1.0377103871514293
1.052663567899214
1.077393320499428
1.1101921168977193
1.1622097158759317
1.182940006386523
1.1499105715743407
1.0943567267937655
1.1002875216723131
0.7659029402844174
0.7203233873861046
0.8074253866319941
0.9834725836467421
1.2220382833168102
1.338607104403928
1.3614330242910269
1.3658380980776004
1.354743157103851
1.328796815689386
1.2894300163689594
1.2395613992743646
1.1834536954129162
1.1265863040970643
1.0736805746958373
1.0263302838136221
0.9849084822742707
0.9494314991687255
0.9197443099329182
0.895537719397228
0.8762940346455994
0.8613185292224401
0.849965400934155
0.8419381045638313
0.8376988678732838
0.8365978389692156
0.8381214601013162
0.8419767039471725
0.8482876656465138
0.8567809716514363
0.8676223124869027
0.8800950798280871
0.8929067633163824
0.9068103183700134
0.9215998880442389
0.9355330440725196
0.9464419043399811
0.9533610538683147
0.9576007610067655
0.9621235174077895
0.9690764606195171
0.9780437262933713
0.9871385618782685
0.9950251312748798
1.0018644963216026
1.0092160069496996
1.0196466195327007
1.036769995585352
1.0631962044079257
1.1150849634665927
1.1443392805464119
1.1178209218309783
1.0643221454507124
1.0577573880335294
0.7026865258065861
0.6634053959055078
0.7518267681263603
0.9234967360353514
1.14994244782486
1.2591239501161462
1.2879415120544595
1.2993199461285752
1.2946535797731096
1.2744850069470148
1.2403064215903468
1.1952007700033505
1.1436150226532085
1.0907708665630804
1.0414098385371513
0.9977525041439589
0.9602836197242952
0.9290415679505224
0.903838649755652
0.8842413308522963
0.8695564288884667
0.8589399150178247
0.8516582641517954
0.8473735125896723
0.8462112380660447
0.8476210485160738
0.8513651083898905
0.8571773542644824
0.8653352387955218
0.8754499104516537
0.8874997948201913
0.9000855971186674
0.9114685607974498
0.9228045177363234
0.9344345427063583
0.9449992216106581
0.9526401463102916
0.9566279726680206
0.9582246897987966
0.9598048000879479
0.962742437654581
0.9664545012173388
0.9695120860476508
0.9711708850485786
0.9720411253349599
0.9738821273464927
0.979026399012736
0.990033977750456
1.0095245132478383
1.0583069988507723
1.0967509806325688
1.0799358568938036
1.0300874731419911
1.012232056879532
0.6536719893851309
0.6209993218400771
0.7075298719526558
0.867022234022308
1.072131151690253
1.1791781906751455
1.2148022776415994
1.2340872222356816
1.2370028978047978
1.2238271651503887
1.1960712917547471
1.1568640993515305
1.1105881107884719
1.0620944166368556
1.0159151349081836
0.975322201693152
0.9415403768668145
0.9145570787312872
0.8939920966705057
0.8792140386485087
0.8693561242242525
0.8634619994412326
0.8607447133806074
0.8608429660702189
0.8634631914486078
0.868111369308166
0.874861215825048
0.883466634420838
0.8944443484264415
0.9073128859015336
0.9219558545494154
0.9360623197031811
0.9468179183115162
0.9557964212453055
0.9639821060886948
0.9703268150200688
0.9732728333461433
0.9724207166544155
0.9691238833786154
0.96534455789981
0.9618814750671779
0.958045276212393
0.9528297048913456
0.9461159489143469
0.9390846909378106
0.9338841089630395
0.9329838409334879
0.938703143216822
0.9530573815554898
0.9971056444017122
1.0430001165739284
1.0369189412656699
0.9933411755894239
0.9656785766047689
0.6183715755083995
0.5928077077955378
0.6743924102838845
0.8175317795341787
1.0036554259948696
1.111312753342187
1.15237425944003
1.178436589459672
1.1884078094291428
1.1821402609033487
1.16098059754514
1.1279347825045085
1.0872148476758068
1.0434140278559199
1.00076793838977
0.9628342405152391
0.9321723145768847
0.909293332641767
0.8933602865836782
0.8834191131773274
0.8784723353138761
0.8775176527346694
0.8797486739068493
0.884780310445172
0.8918029709636264
0.9003225650522328
0.9107476711349193
0.9228458438044307
0.9374555938764771
0.9540627365517371
0.9726779280781508
0.9901597401299963
1.0016314937405144
1.008733045548011
1.013249889694434
1.0143202014293846
1.0107390738191555
1.002681047749936
0.99185837824935
0.9800017500997916
0.9674852093120184
0.953622942637473
0.9378985949712947
0.9208896773741939
0.9044235356283065
0.8911104939586351
0.8836703235830253
0.8844449080310899
0.8950167670121334
0.9342531858022779
0.9844484790384717
0.98973287195792
0.9551761765237193
0.9200611786365914
0.5957842245920519
0.5776763266407646
0.6519064608429452
0.7797387898861088
0.9520931767978936
1.0602739960610812
1.1051164246288343
1.1363105746334343
1.152103296669727
1.1519806878427494
1.1370598938007652
1.1101308749208207
1.0751733782011235
1.0365517210293393
0.9982703679473051
0.9636212978419131
0.9355541981098242
0.9164103592695716
0.9049897733736236
0.8997262383078893
0.8995947272441741
0.9036411671932595
0.9110756888923022
0.9214787461430366
0.9334183488951131
0.946323390668389
0.9609325586042063
0.97700108301988
0.9957215154573659
1.0165615266672035
1.0398128397488327
1.062020786669143
1.0764747099849261
1.0832444217909092
1.084315867850184
1.0790033225684017
1.066711745721401
1.0487085513007297
1.0274445336108833
1.0045337038157878
0.9800744925174362
0.9535842007621974
0.9251861205815183
0.8962375300208416
0.8692318699943684
0.847206212477529
0.8330619870575149
0.82906092410601
0.8361801882927602
0.8704493858072432
0.922512907211927
0.9392746539825029
0.9162395656234857
0.8773146194950271
0.5847152054855205
0.5739430330749844
0.639655935760724
0.7569387578448685
0.9197766146386392
1.0273005338714802
1.0742198355719608
1.108808348989303
1.129015740714904
1.1341132176849786
1.1250045771769186
1.1042112544400429
1.0754085792327392
1.0426808880021632
1.0098146468916838
0.979892049894158
0.9554099725419116
0.9393202266794228
0.9318992671128878
0.9309053714149342
0.9353025776148136
0.9442406891487913
0.9569742690236028
0.9730405382143071
0.9902837303408198
1.0079574925900612
1.0270896187161576
1.0473672644018206
1.0703017153499563
1.095279026860314
1.1228253186433128
1.1495027330293626
1.1686377722492376
1.1783559605869938
1.1776175028351812
1.1652140298541012
1.141748140193192
1.110927857719387
1.07633504749884
1.0393058751215958
0.9998965737778516
0.9581694433297184
0.9151024462912577
0.8729030396719224
0.8346845930245075
0.8037843166918498
0.7831016771836048
0.7745508556194927
0.7782335890259582
0.8071483866407133
0.8591499350391609
0.8865799327248652
0.877126648560702
0.8393207366703418
0.5839792891504224
0.579646558409973
0.6376723892736046
0.7501962580337127
0.9060838819548883
1.0113517127328249
1.0587678019209528
1.095186533377408
1.1185731226712254
1.1281495964931658
1.1246456704909298
1.1102675018581385
1.0882936112728723
1.0624268418912843
1.036164244924285
1.0124146482131462
0.9934884035425631
0.9813847503708685
0.9770644434505681
0.97963817113018
0.988085799415438
1.0016102292375215
1.0195248762754994
1.0413324787466363
1.0640810718703186
1.0867384396414645
1.1105491723566567
1.1350662270794551
1.1620753361157699
1.1908865097776606
1.2224096726833114
1.2536356350215487
1.2777322443770294
1.2913699227512727
1.2907664376900503
1.2721569278936284
1.2351194658927869
1.1891474246871439
1.138810458026537
1.0846042343223166
1.0272301421769523
0.9677881303962964
0.9083291020757106
0.8519277948490938
0.8022014701788635
0.7626026779853629
0.7358018952661648
0.7230579762557307
0.7233593812780372
0.7465759946056961
0.796656306210817
0.8330394256248468
0.8386481066178633
0.8078490615626167
0.5925567927141334
0.5927233052027079
0.6466236476011586
0.7588552085344366
0.9085992094777624
1.0098448541205904
1.0564264702718829
1.0934645817538184
1.1191800087133692
1.1328766997218136
1.1351346412246894
1.127788115834907
1.1136129137334652
1.095804366763043
1.0774450336167336
1.0611489312937943
1.0489476337395862
1.0422989185551694
1.0419909204963955
1.0480896017819088
1.06022613417695
1.0778991322013576
1.1006127920581044
1.1279225898655436
1.1560845911859328
1.1836794951181087
1.2120809166926416
1.2406706712924687
1.2715144677524854
1.3039391351150482
1.3393451677269936
1.3749935838086027
1.403340643104252
1.419838197567067
1.419036097778624
1.3956934842041597
1.3478161368327195
1.2849302251099652
1.215520946180495
1.1407567600122417
1.0625135404456771
0.9831982978565059
0.9060135970250438
0.8348181555586454
0.7735540659442119
0.7255976923820705
0.6932064405651179
0.6767075744493144
0.6737722974720711
0.6910949303610499
0.7374798067412375
0.7804812980590987
0.8018451898171122
0.7844088973234176
0.6133826548729241
0.6051209754578628
0.6722917732035351
0.7860828710507423
0.9273135972913688
1.0215735936515038
1.0659285024215506
1.1027473445224578
1.1307318854335702
1.1493672681174976
1.1590490573916294
1.1610935118186283
1.1575562689768586
1.1508804007513147
1.1434967956078028
1.1375188785322519
1.1345993057161683
1.1359126609428922
1.1421877105763074
1.1537663786638133
1.1707208767879598
1.1930219628262577
1.2206563097080758
1.2535492052451647
1.2873096296266973
1.3200563185780776
1.3532207216441068
1.386007693499338
1.4208251265334333
1.4570438298631845
1.4964290812369894
1.5360341742044596
1.5671649675891846
1.5840937779205517
1.5802234150945906
1.549972997579476
1.492135989166691
1.4124419455391626
1.3191349411734052
1.2179611845511857
1.1132597800518893
1.0093372610251667
0.9107957416831332
0.8222419710769315
0.7477402569117193
0.6904083778852411
0.6520291536919771
0.631668905336341
0.6252015214637172
0.6356432413549847
0.6758749219244713
0.7233261127171248
0.762536985531594
0.7681986420252825
0.6745325380670933
0.6744484526703054
0.7562872409343577
0.8647832919530172
0.981499134173224
1.0583461473664306
1.0970925229750204
1.132844360811146
1.1652145871553523
1.1939582516489877
1.2190119668172472
1.2405981878285943
1.2592976357099575
1.2760135399858854
1.2918438134555288
1.3079346135907672
1.3253607152827438
1.3450188065703974
1.3675239491430113
1.3931672087612186
1.4220158862422316
1.4541491724926827
1.4898776829813691
1.529707080957742
1.5692683272877326
1.6070212334025626
1.644755286184809
1.6815563094271568
1.7200809750253694
1.759459991075912
1.8010540261667523
1.8402976687765058
1.8665010325170406
1.8727946155762214
1.8529841788538566
1.8034009094335048
1.7239536926968106
1.6180300194219177
1.4916411106579195
1.352372126893514
1.2084467941763148
1.0679290891344557
0.937980756580169
0.8242114157106811
0.7303297049014535
0.6583807628246059
0.6097684618604834
0.5833028099184396
0.5713751558315195
0.5709008470472093
0.5982890851110723
0.6459138368579125
0.7091597410662742
0.7624001477407072
0.7979196220264452
0.8388659377751101
0.9230698888129336
0.9970924959051267
1.0608436107618109
1.106639845211476
1.1356571012460657
1.1695373585697921
1.2089236429604633
1.2530099756224335
1.3004666133698344
1.35009838667834
1.4009958781934324
1.4525694480587954
1.504524554206345
1.5567947530556163
1.6094534873780848
1.6625881306381431
1.7161252329770662
1.7696774555569454
1.8225438250569408
1.8739292392549904
1.9232792728647086
1.9704947264594403
2.0113760189017342
2.046599568898726
2.0793443750242564
2.109486435086472
2.1391568550813536
2.1668060517483685
2.190927273065238
2.204003004719584
2.198080186429579
2.1697871423283
2.1163041484666514
2.035580435561009
1.9270706549558096
1.7926709671158314
1.6374007969669986
1.4692852158680054
1.2982236478330673
1.1341954368876659
0.9855225586783534
0.8578227461130886
0.7538673857677101
0.6741443207921057
0.6177493513864616
0.5829848254483789
0.56474668748888
0.5540170927294421
0.5670215986054719
0.6065108221183276
0.6806306477103294
0.7825620334054485
0.9349973977519235
1.0060233542040558
1.0752903337091668
1.1128678666879726
1.1318290027263171
1.1471337661022467
1.1637284155139282
1.195469883487251
1.23637651948051
1.2852776098053578
1.341796405120567
1.4054638779168231
1.4758230713404945
1.552369384654876
1.6343272416191064
1.7204715485642619
1.809205631732741
1.898845677617202
1.9877858267267743
2.0743378848862393
2.1564490937953944
2.231670778554581
2.2975174688760123
2.352009331773913
2.3904067784009384
2.4158601631283756
2.4326646283558673
2.441975894616386
2.444887155080258
2.4406051744996833
2.426582434706389
2.3986012127829555
2.3558156370033863
2.295770576350896
2.2156340064430773
2.1129203045869347
1.986656346012346
1.8386260791711622
1.6740581225783349
1.50122124054771
1.3299091583773501
1.1694081089527972
1.0267953686934441
0.9061538480245507
0.8087625001233114
0.7339056982590301
0.6797929807489336
0.6441070288485284
0.6238026081938698
0.6126534347753052
0.6247522405014317
0.6580379840995199
0.7213246007559685
0.8423200955164758
1.0468361971953275
1.1024824604210048
1.1781296439929587
1.2245978732377827
1.2214854948633391
1.2126646284264795
1.2176997822305735
1.2309011299582637
1.2523668998910442
1.2823232611753301
1.3215464313322485
1.3715142992342735
1.4341687048057168
1.5112794295935246
1.6035434752959852
1.7096651056388967
1.8254417982052713
1.9386028479100836
2.0439298356618885
2.1475378249228507
2.247237399102451
2.3384795514642462
2.4161533805466755
2.4765113981758384
2.515024006206845
2.5370428088961647
2.547820046438744
2.5490051273695857
2.5410518037714307
2.523183631754089
2.4920012277523385
2.444114075030481
2.382091085969684
2.304644585064427
2.2097193636670833
2.095556352149561
1.9622028780462266
1.8127718262101975
1.6536714581186283
1.4935088781087944
1.3411456147952383
1.2038395138920572
1.0861870705009722
0.9898935448198928
0.9138498977292255
0.8549217064085998
0.8103238110443083
0.7787232330548007
0.759457934057782
0.7531594792190675
0.7824270581618505
0.8112670274102114
0.8451816107235135
0.9748941229825606
0.9458657318809249
1.061205316057623
1.122648114506272
1.1686682163736206
1.2140715882031863
1.2633768914352623
1.303091979438566
1.355665159918034
1.4246904192761716
1.5143127119037898
1.628921741030127
1.7724367034600472
1.9471263452489838
2.152011214114105
2.381198051636061
2.6230505597501947
2.8619647086078093
3.0869225754589085
3.2920318614648467
3.441369822607363
3.508128290742838
3.4874959754128194
3.3911960531598973
3.242428412309225
3.0862938838068437
2.94514646512888
2.8173151520121302
2.7072986853416325
2.6082346326862806
2.52341761842745
2.4495775364897248
2.389581061408243
2.3439932279925317
2.3011625821295634
2.2493241187342736
2.1800874043989436
2.091283872913366
1.9872752891838863
1.876149725611954
1.7651522754787907
1.6567122515251216
1.548174534564276
1.4381147175591396
1.3320478867751377
1.2382257641556882
1.1617466818132351
1.1030594512399712
1.0590522504987
1.024921922321957
0.975027643007771
0.9471995874015604
0.9782357878486775
1.0431359182433653
1.2273547144382042
0.929945327974605
0.9740409295675374
0.9846059375898881
0.9743412506994298
0.9612856727310078
0.9752780988359648
0.998244143769816
1.0365058525771487
1.0944503256426477
1.177197643983658
1.2903403206453041
1.439324301775956
1.6283698327848664
1.8588510865691246
2.1271940799981084
2.422774564444841
2.7268797286313946
3.0139433805972566
3.255509099043713
3.426157567247764
3.5096951950358486
3.503501890640967
3.419170099646852
3.2788455689846283
3.1263958289243354
2.9851057045064295
2.854268590136974
2.7391882802754672
2.633258429941032
2.5405747866838055
2.4584931395624148
2.3919604993553647
2.3440213574880935
2.3030955649721037
2.2555156508678897
2.189137313589161
2.097411021503305
1.9817097635350271
1.8502462126517636
1.7139781827271205
1.5815898492900926
1.4557689143139243
1.3345077018038083
1.218971771542346
1.1149769908213423
1.0276971325134818
0.9590849028645072
0.9080329496844193
0.8714403756389167
0.8262851261308876
0.7815158472727437
0.7956915230936066
0.8637603654251725
1.0993427060240741
0.9309299520692953
0.8746224161494244
0.8558495905334595
0.8385633235825091
0.8220234738435788
0.8348807506691424
0.8521738408865657
0.8816628029854847
0.9275866409431723
0.994565688063162
1.0873466762076123
1.2101260740825308
1.3655812484919578
1.553765125011015
1.7708470709887085
2.0078303713612096
2.2498732213683645
2.4771592109650564
2.667931893273123
2.8032493552224813
2.8718128179717164
2.872825239852765
2.8156710317038205
2.7167430708053635
2.6076551747333645
2.505662131239524
2.4107711169634474
2.327329030191818
2.251090276817908
2.1856401738784137
2.129968724825173
2.0884718551001105
2.0626077931453137
2.042708189680952
2.016558448744848
1.9720313007358938
1.900689978046781
1.8007975144798043
1.6778898049540278
1.5423352261519396
1.405233332193583
1.2749191294637554
1.1557357622332374
1.0492860559745487
0.9565375687879945
0.8786061865518265
0.8161222881190081
0.7685252012035356
0.7338911587021053
0.693714143018635
0.6684317044711766
0.6885674416275089
0.7704913339544499
1.0405088582524196
0.9553852749417667
0.7919783653560776
0.7605559275944642
0.7579604198456887
0.7655103112339569
0.7797526690361128
0.7944914638022196
0.8174295998075402
0.85150469359972
0.8998094217325664
0.9653948489639965
1.0507494959462789
1.1569342599837005
1.2826871979877732
1.4239215555444333
1.5737175725490884
1.722683768448655
1.8597128131027763
1.9733007088954986
2.0534771897893633
2.0940170080838962
2.0941902780979156
2.0592483612720955
1.9992691010367314
1.9341172125020176
1.8746618391560856
1.8211932702894078
1.7763040887751116
1.7379335610072408
1.7083450828685163
1.6879386237898457
1.6795737395729655
1.6820702134278078
1.6884623046514464
1.689402481125618
1.6745070004802256
1.6349126267548526
1.5662820219315952
1.470708153031859
1.3562251179729474
1.234034811001206
1.114957931139943
1.0068053339800096
0.9134394292676213
0.8353388535097883
0.7711136917172149
0.7191423862058924
0.6783022203410448
0.6477067871143511
0.6146066956649817
0.6075960907392631
0.6412500513391065
0.7250183255142898
0.9954512818461767
1.0081355535920065
0.7745470639020493
0.732990858748712
0.7433925106937149
0.7689598319551126
0.7902840990300517
0.8049842038674271
0.8240959291169436
0.8497772372892698
0.8843652516468552
0.9302423662356376
0.9894218546585344
1.0626588227748641
1.1482824315650504
1.2417955617764889
1.3370731120697525
1.4278780170807661
1.5084222419723303
1.5734054813552543
1.6181897215877243
1.639356710693837
1.6355268286214601
1.6083020994573864
1.5638198169763078
1.5179066330594744
1.478960864449309
1.4468318431027956
1.4225486268571166
1.404724672530353
1.3946059948054608
1.3932565344089884
1.4029337475217682
1.4215337038950024
1.4439674747371931
1.4626650755383004
1.4683546159398653
1.4521630892744954
1.4085044583572874
1.3374152231693957
1.2449245269276612
1.141095227774012
1.0368011622390163
0.9408746403628592
0.858612915545495
0.7915659802591828
0.7381759714996498
0.6955936037791658
0.6619739201504719
0.6367473594183911
0.6110335459937872
0.6129584467738944
0.6508596772003904
0.7225735858852368
0.976678570846154
1.0539353466630708
0.7844979523431865
0.7370798267880152
0.7561175745571802
0.7936305647825325
0.8197457784651386
0.8345296847083399
0.8513165542470854
0.8719325503209409
0.8985250982025949
0.9334300497875384
0.9787850691143908
1.0356307683146697
1.10234438789122
1.1735452443866146
1.2426522281813435
1.3052236975341962
1.3584307991968332
1.399906099768146
1.427390491615401
1.4389328111328332
1.4333768936150535
1.4101753964404118
1.3702754077558985
1.3306084600319843
1.299775786112816
1.2764687329631355
1.2606244019366992
1.2509669345597703
1.248306962682408
1.2541028400170373
1.2708172442685857
1.2964677019077482
1.326784214140819
1.3547315656138026
1.3713340683984911
1.3677311958990521
1.3379509804195613
1.281220805821723
1.202515183508062
1.1109272223661673
1.016747417431184
0.9287292818836629
0.8525251606995315
0.7903194681536201
0.7412557643017008
0.7028798966923043
0.6732969458466148
0.6517816497011993
0.6317109651918407
0.637804612940468
0.674513535134619
0.7365840486745623
0.981277030641829
1.098749656246555
0.8034250699722864
0.7523796542448893
0.7807330289205208
0.8293753415597359
0.8594676014882296
0.8741226810543993
0.8886417734202873
0.9046414266446217
0.9242396059642064
0.9498843552460469
0.9839586513143693
1.0279641434250426
1.0808109614176704
1.1355828880216046
1.1836904555272378
1.223790868853342
1.2558806317476343
1.279360338532428
1.2932189176938784
1.2962654578503685
1.2876269897998225
1.266646714157107
1.2318186248910685
1.198917032705965
1.1751818950252166
1.1587258725228748
1.1489804820105192
1.144891347168094
1.1470349078793813
1.157296582185252
1.1787170384772994
1.209695094216829
1.246329641253228
1.2816941167123839
1.3069304728396771
1.3132759954653386
1.29465900611624
1.2498553880701877
1.1830470554345698
1.1024038697257357
1.017453223082295
0.9365382364723713
0.8652724224937333
0.8061372758896677
0.7590061408944644
0.7224478357263867
0.6951546916722884
0.6763732926748443
0.661516840260879
0.6711970859193104
0.705127737160796
0.7600582765598944
0.9970793952009969
1.1449919907411426
0.8306098032333533
0.7779245060767344
0.8193233961783768
0.8789514935537471
0.9125455858298199
0.9267462656647116
0.9386418786355166
0.9496924790237645
0.9620692227578139
0.9783917888304903
1.0012459746786058
1.0323895670079308
1.071230430524447
1.109696110838752
1.1374365157669926
1.1575300306664178
1.1715433086458273
1.1797001573736885
1.1815866138767188
1.1762995479038116
1.162904704586107
1.1413026292802715
1.1143229563991457
1.0910945408401191
1.0751087544837525
1.0653359798460897
1.0612980586691452
1.0623696409602315
1.0689402576377078
1.0832327627500158
1.1089022905111232
1.1447767733770549
1.1871284697663285
1.229044959861722
1.2618400165370187
1.2769919624500088
1.2685180678359755
1.2349166775658773
1.1796607581343244
1.109940361182999
1.0343330448878156
0.9605239928117397
0.8938889162018617
0.83716020443802
0.7909957812787972
0.7550182391167394
0.728672716564469
0.7114609556344709
0.700904715550701
0.714634739057607
0.7448744475819222
0.7947892183557269
1.022874977923662
1.1893201499914101
0.8648825719796076
0.8125851216103795
0.8726344970900142
0.9416891832640819
0.9781544417714779
0.9915784800685874
1.000523644964538
1.006311023952692
1.0112039513758773
1.0179926188279569
1.029318891414256
1.0466698611241851
1.068598934006523
1.0882678193794189
1.0997251239334402
1.1044522538809705
1.1044903649783515
1.100791273212696
1.0934465860033904
1.0819583010680596
1.0658661762361565
1.0457980558433322
1.0245678314221083
1.0082415168326846
0.9984517750343448
0.9943318440518178
0.9954103516529652
1.0015396217295889
1.0130275959528225
1.0322381770392939
1.062543883819661
1.1026938255544794
1.1495387024921564
1.1965268388270025
1.2353232282713156
1.2577714022207334
1.2580953114571298
1.2346192615493063
1.1901607578563385
1.1309020516979744
1.0643688591081208
0.9974766499866
0.9353301615972571
0.880952704354831
0.8357186731810701
0.8000502204998032
0.7739506355067552
0.7571864708982852
0.7484639677242463
0.7665262585155006
0.7929901006470258
0.8386604617337491
1.0558056481082068
1.2296072805358784
0.9060861142953902
0.8751309231507034
0.9392979143010879
1.015769584776405
1.0545318055877007
1.067026871934636
1.0728653564955015
1.0731911568251076
1.0703801121969254
1.0674044598252923
1.0669164724245634
1.070090928029617
1.0752703425504102
1.077949691379107
1.0750406985819037
1.0672769964732862
1.0564422958579183
1.043731633620715
1.0295278536011183
1.0136573180657993
0.9959969514455133
0.9773185644850656
0.9599204624307297
0.9481539171685058
0.9426816291304728
0.9427387300080897
0.947860889314432
0.958347527300802
0.9745654995144142
0.9991051729111855
1.0346235140337399
1.0788541638393092
1.129189851554645
1.1798284756613107
1.2230612391649556
1.2512516579936253
1.2589351016375618
1.244347490459722
1.2097186213096627
1.1602632487155302
1.1024712934046104
1.0425024490282007
0.9852035558951061
0.9338334598607102
0.8902842314470473
0.855493123797828
0.8297972725495506
0.813115779847848
0.8040123891997956
0.8247875253783468
0.848119525889391
0.888457163869921
1.0923155502267454
1.265211064713153
0.9567679306628182
0.9472980781452506
1.015945426050096
1.0982412312227174
1.1390685311788011
1.1507984977624193
1.1536262919168496
1.1484353689832973
1.137786390191983
1.1249368044970405
1.1126833578990094
1.1022332105226336
1.0924455677361062
1.0806221431450238
1.0652176881397792
1.0469458216297582
1.0273261290091054
1.0074922099149226
0.9879018591216278
0.9685476390852431
0.9494635167064751
0.931368165137148
0.9161079487703145
0.9070096651618504
0.904167661291236
0.9068857935448853
0.9147220270665338
0.9283104697676305
0.9481102260841139
0.9769645683862205
1.0170439536695814
1.064952746986767
1.1181457517744469
1.171451582681649
1.2179068638289516
1.2505349873716105
1.264298079152345
1.257451599394096
1.231751494288557
1.191558113264204
1.1424189861145961
1.0897870503179883
1.038221146557912
0.9910767765375158
0.9505361518737158
0.9178130780326821
0.8934006686953276
0.8772686614934654
0.8674031238021319
0.8847511482383377
0.908166493028472
0.9412503564342761
1.1290822125490425
1.295691366422767
1.0176561604408156
1.0235451161001041
1.0971823942919894
1.1850027817849431
1.228466516960201
1.2400077330176411
1.2400945755822768
1.2293476531848029
1.2107880002561002
1.1881735158107734
1.164644808581559
1.141728583360098
1.1189838386055226
1.0949385251939308
1.0689511176493538
1.0418305626523687
1.0148976199657405
0.9891351019262853
0.9649689960952572
0.942457569353263
0.9216950597356716
0.9032968454540452
0.8887523852891706
0.8807788464497673
0.879115400573545
0.8830776704243553
0.8922478104678911
0.9074505156572906
0.9292218181178615
0.960574552907109
1.0034319811448358
1.0536659116759246
1.1086347018440557
1.1635625737638355
1.2121417770564749
1.2480696496243364
1.2667981080439605
1.2667053155405936
1.2492111591520172
1.2179647397367963
1.1776747950512658
1.1331123686739284
1.0884772188697391
1.047070188564527
1.0111780175666674
0.9821201801994295
0.9604120441684727
0.9459729242132936
0.9364889624050916
0.9500838788532431
0.970364745753039
0.9943093346928328
1.1633590513776402
1.3181778262545354
1.078733120190782
1.095614932022972
1.1753692777337554
1.270472299615389
1.318591282689758
1.3311465414735761
1.3284956205895613
1.3118501970531191
1.285378236329284
1.2534759395179382
1.2196807571871997
1.1858904563165995
1.1522437939785721
1.1180402532291294
1.0831796557319593
1.0485688035960343
1.0153956886038764
0.9844962365201247
0.9562317125963106
0.930678133183251
0.9079452387426085
0.8885352547661138
0.8736395534916331
0.8656152505375927
0.8639669596937924
0.8679592110549259
0.8771896267533652
0.8925276449673188
0.9145516756036397
0.9463059149673925
0.9896115090228403
1.0400994042322036
1.0951169050882796
1.1501954993658132
1.1995721009416014
1.2375569056812643
1.2600976771697199
1.2657755081269546
1.2558103740357613
1.23327786618111
1.2021250747562437
1.166427411624133
1.1299357658474736
1.0957737285774949
1.0662183171531336
1.0426010798568184
1.0253665328250805
1.0142633057762767
1.0073442891856852
1.0172636114712637
1.0315844104777814
1.0448128642623224
1.1929189317227078
1.3260082516447413
1.1266232950660913
1.153489387986357
1.2412445340356888
1.3471520056114772
1.4027756758332453
1.4198376011729799
1.4122316679557334
1.3893003533543278
1.3555203852656816
1.3155683100009183
1.2731999577642064
1.230553844827159
1.1881301403818951
1.145673575237653
1.1034404523273935
1.062484543255019
1.0239571105229033
0.9885891838021927
0.9566725557986444
0.9282746560603216
0.9034961594708991
0.8827208911053275
0.8668606752987803
0.8580412127887728
0.8556084910205131
0.8587287499893774
0.8669995283267341
0.8812051367911615
0.9019199999680406
0.9320645953819746
0.973430239074857
1.0218592428123277
1.0748434905595545
1.1282352390673396
1.1767533626928024
1.2152585925601649
1.240187335221762
1.2504017901245994
1.2470661174757052
1.2328185058572465
1.2108963448952303
1.1846313437060003
1.1572262113763516
1.1315427798413769
1.1098118201131286
1.093362808569138
1.0825089064524056
1.076670825021488
1.0751466463534194
1.0822329108344713
1.0886120969463278
1.0898116493332344
1.2159070509313983
1.311305135904199
1.1505429115966161
1.1876171854840885
1.285748257476034
1.4064554173584687
1.4702279461958443
1.4858369001430196
1.47868257306845
1.4521989956336754
1.413488210280309
1.3679023481110897
1.3194053782079764
1.2703014660263428
1.2213097239993622
1.1724249937670657
1.124209003703781
1.0780020868861115
1.0350495228310959
0.9960191110617712
0.9611209045338663
0.9303860447112875
0.9038870315817908
0.8818806982909342
0.864977173214557
0.8550984807898454
0.8515085054939228
0.8532658734774534
0.859944570836251
0.8721399739616119
0.8903656281956662
0.9172758350121841
0.9546611782836698
0.9989375161319817
1.0478713677984532
1.0976599740859203
1.143464841621996
1.1806507366664984
1.2061482980099285
1.2192053805095215
1.221119225432942
1.2142650351273694
1.2012224748294396
1.1845005187208977
1.1666359220961213
1.1501751096439214
1.1373473915606214
1.1295470077086474
1.126897982303686
1.128258899187459
1.135052725014223
1.140815404055338
1.1382444551688538
1.1265731417025906
1.2307850431435459
1.2695839477239579
1.144212727854788
1.1917990774483562
1.302608753142467
1.4413727518041555
1.5131335897742322
1.5282848813707515
1.5206709826814284
1.4934627642113274
1.452938726871315
1.4046401871554872
1.3526573248454548
1.299461251623188
1.2459944333070305
1.192418090118128
1.1395957899593678
1.0893559721046258
1.0431606941371292
1.0016062649884623
0.9647774442170591
0.9326352699980969
0.9052185462668642
0.8826670859066993
0.8651935917969218
0.8544108011585081
0.8497204018241156
0.8501148530372227
0.8550787648205658
0.8649356747730806
0.8800619137805157
0.9027342850293253
0.9347651593809506
0.973399491618247
1.0167289902674785
1.0612719849432102
1.102581305155348
1.1364716886208484
1.160366618096486
1.1740302034064447
1.1791734616342706
1.1782001617814335
1.173125815304501
1.1655032164410368
1.1570221021680178
1.1498738413830791
1.146446230301688
1.148371040312153
1.1554401348220416
1.165558283743897
1.182926849330821
1.1891515098953693
1.177680428932319
1.1530960145769484
1.2363867521554843
1.2023644568503622
1.1073034418849574
1.1653635026085116
1.290470374073517
1.4491504524243066
1.5292169642658644
1.5452797901160589
1.5383014333535905
1.5119482351732618
1.4718268232116913
1.4230457646138432
1.3695385686536354
1.3139012981816132
1.2574094863917524
1.2005069007010793
1.1444458857542554
1.0916755059448657
1.0438064626502914
1.0012393804307143
0.9638654577653679
0.9315438269549745
0.9042781944043499
0.8821403072994126
0.8646014166417926
0.8533528648210218
0.8482967366194802
0.8480148033991578
0.8518280112360237
0.8598050520101146
0.8720822115098781
0.890414839802189
0.9166100926320601
0.9489285555299074
0.9857950909686535
1.024006405095935
1.0594399894743418
1.088249724217713
1.1082508000000555
1.1197845708007068
1.1253781237324283
1.1280832187717442
1.1296144561771206
1.1302505583817637
1.1304121520030679
1.1318599852177813
1.137564549861247
1.149782424511897
1.1674649159455146
1.1869817317226627
1.2157236168572438
1.2240722472798993
1.2048754810384281
1.1683773467246144
1.232020432061739
1.1164814470366125
1.0452966373229835
1.1133666150561843
1.2532804929693016
1.4321058410721552
1.5207029271442292
1.5388000811881934
1.533792774272498
1.5096707125194455
1.471430317483342
1.423562625130583
1.3696971164372327
1.312500771698791
1.253629942014243
1.1941605394799368
1.136284169615881
1.082848157573109
1.0351244007777474
0.9931560914931498
0.9566175235611781
0.9252146428863403
0.8987367785354562
0.8769950446731962
0.8602965751584714
0.8503160135217767
0.8458773399966476
0.8456642328644582
0.8490774259707699
0.8561352518250003
0.8668015521447662
0.8822153599279663
0.9035102043561183
0.929707840518132
0.9599670229738161
0.9915225382088566
1.0205291154711287
1.0432885720837186
1.057676339252791
1.0642272977144573
1.0663968327763882
1.0695120050459967
1.0765932718617928
1.0852976376499075
1.0932380652519795
1.1014888175944602
1.1147467904518453
1.13692658572985
1.1646123905894914
1.1924894953491139
1.23150010409955
1.2433577535624991
1.2186218996523785
1.1722913903353316
1.2175540488192773
1.0213726567113341
0.9674740770110827
1.0446712267375422
1.198607022253452
1.3962254824161398
1.4927982697866755
1.5133073656764109
1.5109755170112913
1.4899142885772796
1.4544199990910742
1.4082963140204918
1.3548459507910897
1.2968041064936475
1.2362427685089379
1.175322721796259
1.1174379477044272
1.0651359122145028
1.0190716504905326
0.9789904355394509
0.9444357265688842
0.9150242078302029
0.8904844016315557
0.8707123364262
0.8559129805053023
0.8472062895313056
0.8434112728647029
0.8433859351651849
0.8466249309509413
0.8531715386635814
0.8629545311762712
0.8768212085866872
0.8952084533643623
0.9168907207424667
0.9416093528831819
0.9673509801703494
0.9907029707542391
1.0081207389360545
1.0173874942666652
1.0186495106307385
1.0144820529331808
1.0089765576085385
1.0303788222374812
1.048453874223426
1.0629570002656017
1.0756257768303439
1.0914097427317893
1.1170992214178048
1.149795492010851
1.1827174859469838
1.2292800399078259
1.2458647386622645
1.218459349883931
1.1652960484377013
1.1934534749900056
0.9262059261744673
0.8840460044677846
0.9690195354832836
1.1347839992719326
1.3483262341426616
1.451144219162877
1.4735251824339872
1.4738114551669552
1.4560556711534482
1.4237166508765111
1.3798838709734729
1.3275754425052304
1.2696564914732513
1.2087652279805456
1.1483371500013375
1.092248017837277
1.0423879842877848
0.999001557808926
0.9617130622783654
0.9300426882182012
0.90358074353155
0.8819768462741328
0.8649560161912505
0.8524583552750588
0.8452634069290083
0.8423290486941863
0.8427283878715522
0.8460498138301207
0.8523844513413323
0.861639455755355
0.8744894506917069
0.8909914661804109
0.9096882718513285
0.9304726447683216
0.9519052481935373
0.9711051399337263
0.9849067520685457
0.9914696700976127
0.991725807477824
0.9906398111208726
0.9970880175016795
1.0123618200035145
1.0293486487078392
1.0446891462853043
1.0586599027829786
1.0739816603739423
1.0953074606594138
1.1250232662941928
1.158313143925772
1.2090331717726388
1.231555980997387
1.2045950111313177
1.1482473504196504
1.160761190677651
0.8380510892161103
0.8037559006722828
0.8945708701032422
1.0682643573667323
1.2926791744700583
1.398644536288489
1.4220198404011877
1.4248421615652864
1.410668081365456
1.3819471856940364
1.3410803020846551
1.2908884839580104
1.2344861968093193
1.1752167297943454
1.1172956091982211
1.064334222500442
1.017763644618982
0.9777094364949018
0.9438246063563656
0.9156666109082247
0.8927956159111042
0.8747302746332701
0.8609867205243651
0.851292088140977
0.8461029602664134
0.844522531189047
0.8458630966563901
0.8497873568486349
0.8564595299372351
0.8657363930111025
0.8781354855814469
0.893381819282245
0.9098990522244066
0.9277355572142649
0.9458792431683677
0.9619114249979595
0.9730923367605783
0.9780992303611575
0.9786313681855531
0.9797958149296001
0.9867018716214226
0.9989348351350787
1.0126856826546637
1.0255078730723581
1.0373470071409345
1.0500489382884417
1.066716973498427
1.0903817619396474
1.1201620897660445
1.1718330500229934
1.2015159578677557
1.178163344594293
1.1224223175769072
1.1210092843380761
0.7613307429790244
0.7326984640848195
0.8267361303377198
1.0022201327471216
1.2278335647819032
1.332974786219238
1.3583272188191187
1.3651849879776026
1.3558954089768536
1.3319641324344902
1.2952998739213408
1.2486853786526748
1.1956191252611834
1.140035438193052
1.0861214152957654
1.0370637586343638
0.9942322842765297
0.9578730163486263
0.9277677317258476
0.9035329662902643
0.884679050308127
0.870581084939587
0.8605827607244434
0.8542676096847346
0.851737007832043
0.8522019871819575
0.8552317336224258
0.8605312687173632
0.8683768439370735
0.8785314125223359
0.8913469404890934
0.9061083026893184
0.9210476221159795
0.9364507571595629
0.9517105432825311
0.9647918291559431
0.9733110308108263
0.9763256820748286
0.9757610381724786
0.9759374117939679
0.9801190739732746
0.987713707397865
0.9961420306974514
1.0036916302633587
1.0104779950013356
1.018148566509718
1.029184646896503
1.0461569524603318
1.0701707810435654
1.1200794004417711
1.1580391516060307
1.1418992918020783
1.0895904132088863
1.0760770365814014
0.6981524227954177
0.6742751849727798
0.7682587760937057
0.93722849130307
1.1505978125576082
1.2543976825315868
1.284933228078981
1.29852538771268
1.2961737693802171
1.2787742128285193
1.2480046926515527
1.2067083756898227
1.1586679718902895
1.1080528207410913
1.058806917243283
1.0139081189039905
0.9749289187084884
0.9423830389960985
0.9162320215339922
0.8961466780166175
0.8815680144797592
0.8717408114237513
0.8658944469619183
0.8635377314802101
0.8643697421128879
0.8676560050743729
0.8732408102268706
0.8808394202145993
0.8908987424722018
0.9030530823015898
0.9174935074527361
0.9328635308038198
0.9469376351559757
0.9602836118537648
0.9727103844662269
0.9825034733045264
0.9875792896229145
0.9873035584231288
0.9836484440503701
0.9801961942698983
0.9791476554646107
0.979875164395262
0.9805638822552345
0.9802163028675445
0.9793892369840685
0.9799016267537752
0.9841029082333198
0.9941898881208351
1.0116757271148387
1.0577205046883063
1.1045520781828089
1.0983334117461592
1.0518347295689217
1.0280284465796106
0.6489920375340628
0.6297764302508548
0.7200181901706519
0.8745584858979073
1.0695138274413167
1.174668145525865
1.211684995963869
1.2331737599357564
1.2389202205257983
1.2292706064455303
1.2056783930558725
1.1709389018364074
1.1288746194226453
1.0836629702519476
1.0391457453687498
0.9983191553491741
0.9630705766553836
0.9342660263099049
0.9120690853265957
0.8961864998705934
0.8859834129158969
0.8806113306039566
0.8792469443159119
0.8813773208355535
0.8862410441567484
0.8930995370723472
0.9020918643974907
0.9129207380782327
0.9262820757383375
0.9416821515151849
0.9592188537909789
0.9766857193653135
0.9909191699400606
1.0026981752437805
1.012219896841381
1.0180156362638162
1.0182958195462433
1.0128032705092582
1.0036371735625833
0.9938430740431524
0.9849180970660336
0.9762671896200373
0.9667404696871068
0.9561186861406602
0.9455826968995661
0.937335157258004
0.9338505999895131
0.9372131360972136
0.9488364113682928
0.9902191331352488
1.0443926587496608
1.0490131303389059
1.0110840643120704
0.9789749426954781
0.6133599464434226
0.5990894668041662
0.6820224598972854
0.8187763501890358
0.9977127307794986
1.1052732676367796
1.1481613318758217
1.1770599696433242
1.190776441924736
1.1890853212300012
1.1731062735439857
1.1454230437077804
1.109718349339687
1.0700780424501362
1.0303002076041723
0.9934603642347197
0.9617610276208747
0.9365057796366835
0.9181191841573001
0.9063333905894853
0.9004569171177622
0.8996103825889561
0.9029752241816105
0.9100457376467437
0.9195266975719014
0.9306096810628752
0.94374093965223
0.958592927703233
0.976189126267739
0.9959448942163229
1.0180303637404475
1.0393804399454012
1.0553137107038368
1.0664159906880577
1.0730582625513236
1.073906380900006
1.0675376763602802
1.0543175370568307
1.0367448453449348
1.0175723834721477
0.9978441714551751
0.9771250637553022
0.9549837453751642
0.9320701907672819
0.9102938518579519
0.8923196899803973
0.8808255664499609
0.8779312049284618
0.8850143432320842
0.9221223272541978
0.9797191128767163
0.9955329841639757
0.968775897847315
0.9309893306812584
0.5902933169079478
0.5812491820281934
0.6542298438411953
0.7754864061588858
0.9428312111598249
1.0523026223855858
1.0997668841590718
1.1348196009780163
1.1555893142000728
1.1613488110995822
1.152831173387014
1.1322961763201862
1.10316543687064
1.0693504680257604
1.0345747053242098
1.0019407566513716
0.9738223072201605
0.9519289214060396
0.9371006182090539
0.9291609450852473
0.9274218106764779
0.9310556436852059
0.9393007131311913
0.9516691394277645
0.9662464148837477
0.9820751408263436
0.9999002546627473
1.0193356211122693
1.0417745421423041
1.066566159308933
1.0941344814665812
1.1209294877545282
1.140689232498684
1.1528029513057416
1.1569924947305827
1.1518606087267016
1.1365597906325975
1.1125960425848354
1.0833293651573812
1.0514472918343034
1.017767906024942
0.9822320228033227
0.9452719679727806
0.9084922882600738
0.8745481265026799
0.8465176933497058
0.8272047348654318
0.8186986577843721
0.8221550986396218
0.8546907280283609
0.9125765246630246
0.9394625489361326
0.9259481111511445
0.8860630917467748
0.5786636462284017
0.5747406745982917
0.6369852918250052
0.7482344635153094
0.9076424592843593
1.0178884392044807
1.068461875000581
1.1081689259598388
1.1347697613682832
1.1471811375152088
1.1457694820058988
1.132408984233298
1.1101588413674273
1.08265207160592
1.0534522712721262
1.0256136848950688
1.001544341705365
0.9831123649865106
0.9715693456218014
0.9670944098037366
0.9691653809379921
0.9770979492829241
0.990237518857015
1.00812274836279
1.028138713758715
1.0490863070775824
1.0719730485815226
1.0963093438259603
1.1238570336793479
1.153900724208644
1.1872605857182696
1.2203998067210702
1.2459281378052294
1.261260626117121
1.2640607278145133
1.2521203241291414
1.2253301154133884
1.1873478224299292
1.143044994128654
1.09507115458631
1.0442634642732598
0.9912773311274404
0.9376148417577518
0.8858870314364525
0.8394196947443971
0.8015489995914828
0.7750177708897222
0.7616466847739328
0.7618956154705474
0.7891443461376731
0.8453995579864345
0.8823739670821024
0.8835478641343935
0.8460788279103741
0.5773549955200185
0.5774101516980084
0.6310268883412214
0.7380602841887756
0.8919062178466521
1.0015575440579874
1.05383410827287
1.09675610234163
1.12800185279156
1.1463050801677321
1.1517244246839942
1.1457140471928318
1.130873294933491
1.1104309559174603
1.0876688625604145
1.0654967453106186
1.046281018190481
1.0318837549766167
1.023679540239077
1.0223301866729426
1.0277901185582659
1.0396735981025076
1.0575142490128218
1.0809114259265018
1.106502297200425
1.1327501073388224
1.160867292178063
1.190217627430318
1.2229294727721387
1.2582673743971966
1.2976021051342321
1.3376001203732937
1.3697044144185881
1.3894285962144395
1.3919061109082476
1.372893052014025
1.3321249821919918
1.2771885702523362
1.2151179256232865
1.1479413549706443
1.0770265010195714
1.0042592988847452
0.9324359376512387
0.8651619990480879
0.8062740952663948
0.7591494080097073
0.7262488642466906
0.7088167131747797
0.7061173548799339
0.7276157198768156
0.7807104792803539
0.8259446793003273
0.8426344324088699
0.8127812340118404
0.585378412013856
0.5846959792639278
0.6372388529619561
0.7442654349886023
0.8935169654182871
1.0010910227827918
1.0538424855653383
1.0987797319023112
1.1337334337398035
1.1574107757378729
1.1696257024644778
1.1713872855212146
1.164740999543613
1.1523780849385805
1.1371596548357186
1.1217342852457943
1.1083482732859575
1.098819045712764
1.0945450769241898
1.096464650412956
1.1050498092088554
1.1204218800404688
1.142495916803681
1.1710564538672963
1.2020318825220615
1.2334718024437186
1.2667279938667506
1.3010020902621537
1.3388062390008557
1.3794399594792
1.4248418051505027
1.47168109326424
1.5099807716764435
1.5336126348077228
1.5356384533349732
1.5098027983089426
1.4540727874431876
1.3809983253619484
1.2991321414910089
1.209824312748316
1.1161581777662801
1.0217510048593303
0.9308075837557959
0.8478089196143537
0.7768742062954201
0.7212056052948838
0.68283038612046
0.6621316374468234
0.656725159170407
0.6723109591459147
0.7208839974296801
0.772011530414142
0.8043636433343712
0.7877775489790051
0.6055051821844936
0.5989815909309815
0.6608282931775988
0.7698497511359214
0.9129057345945734
1.0160494864572502
1.0681061984921332
1.1143092903062355
1.1528638051379405
1.1825814914919894
1.2030462608912416
1.2147195441189094
1.218898309367297
1.2174953339474055
1.2127171366372125
1.2067681684912344
1.201666121096557
1.1991574480376834
1.2006716591913422
1.2073004861616772
1.2198473272058594
1.238944196127167
1.2651209351647845
1.2986830016768645
1.3350540869876881
1.3718291814939378
1.4104518993884392
1.4499538916007473
1.4932730059097241
1.5397166851119568
1.5916540760405649
1.6453076877415314
1.688850860508771
1.7145231758524555
1.7137933682104436
1.6797298314436477
1.6115447878362248
1.5185704782102498
1.4102017492963195
1.292097110546278
1.1697761978321413
1.0489968638214227
0.9355118294540424
0.8345359860117498
0.7501727387894083
0.6852133645069939
0.6413039041638715
0.6176661599377438
0.6093512720441117
0.6181072507797662
0.6600477923130734
0.7148635486856741
0.7645285187470322
0.7710227202917198
0.6646623960592705
0.6648219300826098
0.7421267133959282
0.8486533365097776
0.9725820696292172
1.062734499450208
1.111364337275426
1.15824820480912
1.2023768371506256
1.2428313767390278
1.2788307332276854
1.3098561517360765
1.3358000271143666
1.3570458807865005
1.3744433761475172
1.3892067422101526
1.4027707987736975
1.4166159861417016
1.4320912498266567
1.4503132453248302
1.4722154662296387
1.4987215301883123
1.5308881337333482
1.5698063929992938
1.6111818673978067
1.652911228937027
1.6967721434539267
1.741639606146481
1.7907715600915577
1.8431901216241464
1.90101761949761
1.9586269335470117
2.001186650364561
2.0191112162722247
2.004027379474361
1.9515156815818462
1.8620870681151462
1.7404542240721297
1.5943988713861899
1.4335930341032264
1.2683789406384383
1.1085878764133437
0.962492830661785
0.8360531951026007
0.7326556486025408
0.6535182031160942
0.5997076116238005
0.5719120260710571
0.5586655404137019
0.5565346249429572
0.5857040018184476
0.6399170905437752
0.7124652239161364
0.7689266675909999
0.783134572280766
0.8223056434415383
0.906916569502934
0.9859281169172642
1.0636464300167734
1.1263264121683885
1.1664155371730476
1.2115573655845562
1.2615752244964265
1.3153659572352414
1.371426252162049
1.42820381559936
1.4842749562578226
1.538509179220959
1.590187418158299
1.6390544762305947
1.6853002503359107
1.7294458382629827
1.7721396853941618
1.8139562604141228
1.8553326073576635
1.8966928619189998
1.9386493808913916
1.9820736875403788
2.0231894654396476
2.061763862981182
2.100564540413389
2.139063489297968
2.180014531055553
2.2219990073598024
2.2649476828566724
2.2996683620760523
2.3128807797575304
2.299985825166482
2.2559694288926955
2.1770448099752437
2.062118697463443
1.9139621865626568
1.7397059308484115
1.5501547434986236
1.3579250810599468
1.175050453703405
1.0109714516603032
0.8715520372796897
0.7592047949616275
0.6737654978788928
0.6136096171650176
0.5760473925435977
0.5553103339935723
0.5427678147494842
0.5588376526609672
0.6049105424487323
0.6869090962237647
0.7978833619534772
0.9163046356290011
0.9892638438588295
1.0646133892515752
1.1112506503747923
1.144739670510039
1.174947422545878
1.1990754376939907
1.239393717475851
1.2871566927495346
1.3423074770854893
1.4042633242037823
1.4721730045992862
1.5450758507468085
1.6218790789704967
1.701228546311836
1.781485464531787
1.8609696528321071
1.9383403321288122
2.012751023827183
2.083610272265016
2.150210738932029
2.2116060007614204
2.266833580379979
2.3152614758905647
2.3529086856431345
2.3817565599073216
2.4054078566697092
2.424311290086342
2.439905992283028
2.4510449269208787
2.456107783685253
2.45011331202893
2.42832956802681
2.386225881510924
2.318936081063253
2.2223921959907407
2.0949461691353073
1.9389088255065725
1.7611693621293987
1.5723269398757906
1.3845174471749055
1.2088378262841006
1.0534138666682162
0.9226767063257261
0.8177480719147607
0.7374314365196312
0.6792640199835397
0.6402366863491809
0.6170343400551429
0.6038163716858863
0.6208923616924624
0.6599809370316719
0.7283065360121455
0.8686974129952139
1.0314644964435196
1.0981884990703032
1.1821759984210087
1.2355414331064425
1.2412066433999351
1.2380948082899168
1.2455101893630776
1.2607491498412366
1.2838669315302909
1.3150172501414192
1.3548790242002637
1.4047796467205655
1.4664021140148553
1.5410872439776888
1.6289048065908411
1.7277832955034174
1.8329149338665878
1.93626386822275
2.030624972983036
2.118696765891588
2.202218011139735
2.2787513904819123
2.344773494431893
2.3980279987071897
2.435019196939381
2.459752775680497
2.4764672813420447
2.4860232538080385
2.4892090306990324
2.4850533731865667
2.4711248694703443
2.443632944137086
2.4020330123789857
2.343611786120641
2.264764639110032
2.1622160981965513
2.0348868451448348
1.885571569373478
1.721382137495788
1.5524705265884604
1.389580937904861
1.2416485984601262
1.1144261420314125
1.010244184910792
0.9282169406415254
0.8649435267730686
0.8170242015980326
0.7827050778426258
0.7612028953457356
0.752900951238071
0.7898005101713326
0.8174756333982884
0.8531619225209267
1.012808899185758
0.9789720034247448
1.0856723214369288
1.1472253833112325
1.194483649871708
1.2397112976531894
1.287264911808062
1.3251130081563884
1.3749457653561867
1.4401598381102874
1.5247039840474452
1.6327861075826484
1.7681791480691875
1.933078541892736
2.126549715924646
2.3428703899288457
2.5705553690745107
2.7935137039998788
3.001631570093882
3.2087871373873194
3.364738413856729
3.443053611970431
3.4388909425939325
3.3616120428529097
3.2316798244711293
3.0907780446354027
2.9614016635390685
2.8434401336616766
2.741889870481086
2.6509817560273197
2.574122552176781
2.508530447730324
2.4563864941401032
2.4165041732324686
2.376449834542235
2.3240083332983583
2.250912245896838
2.155744652864829
2.0440748050761175
1.9253425374361721
1.8079820462372287
1.6950948352030133
1.5835697142761112
1.4706454732153345
1.3613020697667426
1.264088148344007
1.1844518985674677
1.1230146692307597
1.0766324878785611
1.040268525071976
0.9851854386746164
0.958356659777913
1.0039676737180898
1.087863167683148
1.279643117981635
0.9450356073548133
0.9854861249293417
1.0016523780550393
0.9972634905170836
0.9882127410009303
1.003153703655067
1.0259785624932025
1.063719078142147
1.1207679056478004
1.202171277089761
1.3133536310291283
1.4594999053628746
1.6445209895969626
1.8695340805288267
2.1308954043647264
2.4182258926922238
2.713493328191372
2.992405587403192
3.2284195963079263
3.398204773577712
3.486887776971096
3.4916270691324973
3.422246723270787
3.2983813642913513
3.160223516192318
3.0304652404213495
2.9095062007846457
2.8029186764418355
2.705036838015741
2.6199169220426377
2.5451677182734644
2.484810235801876
2.4402922810242793
2.3995365357540717
2.3488402448132124
2.276576858957628
2.177126104689811
2.0528691250795292
1.9127611775823807
1.7680628501923688
1.627433309409027
1.4938865486173687
1.3666283616769033
1.2470894765540976
1.1401475176957296
1.0502702024764292
0.9790950449343498
0.925350072577168
0.8857388629686158
0.8342800816445165
0.7930856012686194
0.8129699294646637
0.8896012760756061
1.1261626140398522
0.9331287308299517
0.8758066161675258
0.8667130476268311
0.8578453388565274
0.8511349725267056
0.8648416668826945
0.8832236812125293
0.9138981945759259
0.9611161120545978
1.0294581735747854
1.1235289669965838
1.247284465191732
1.4031077079444763
1.5907684675339893
1.8062533865991475
2.040604493843998
2.2793636585671697
2.5034944442403044
2.692305388382394
2.8278986872574627
2.899601925011596
2.906557024620913
2.8574390579633686
2.7676167695227853
2.6668661277243406
2.5720151618487557
2.483567030325164
2.405838650321263
2.3350160387061805
2.274465337403598
2.223125443780924
2.1845728351718927
2.1593015889322027
2.1374862660008143
2.107143460968286
2.0567874610988808
1.978852253303521
1.8723613010213112
1.7432037096495028
1.6016422167451367
1.4584363739956743
1.3217221279189795
1.196087909245278
1.0837173335144086
0.9859778049791361
0.9039327682655097
0.8379068019029408
0.7870470696082165
0.74930362995617
0.7046323249469714
0.6775769882063499
0.6980589193813116
0.7821300742129303
1.0512650455503505
0.9483788817062386
0.7859699788092621
0.7666060539730895
0.7736695866548274
0.7887820303261458
0.8075049788390686
0.8247070654383702
0.8502726409611662
0.8872641869221801
0.9388780088142491
1.0082132891701283
1.0977295105061333
1.2083513125408927
1.338527026910198
1.4837325400585593
1.6365798101742053
1.7873408524340246
1.9248215224409462
2.037715984061984
2.116492325867997
2.1555179906924127
2.1547226504698815
2.119958682578252
2.061617123289482
1.9990625890865346
1.942497894354106
1.892010694606769
1.849931108448518
1.8142511237061159
1.7870151749599907
1.768492554937782
1.7610306630295383
1.7629595222651009
1.7672066036786511
1.764537565114703
1.7449783323925239
1.700322076614864
1.626911323559571
1.5272469736492376
1.4093335859710374
1.2839861114501485
1.161525840968264
1.049394397327194
0.9513792224195774
0.868261166723941
0.7992096902693556
0.7430406003442094
0.6987121226459739
0.6652030652094288
0.6278249789359248
0.6164193419340382
0.6472761757932921
0.7291115719806661
0.9981538218618154
0.9969840318304183
0.7689537798952635
0.7379144462423092
0.7573396734422003
0.7903322529814197
0.816921595601485
0.8347104781682996
0.8571350547555623
0.8864866415914692
0.9252698003367568
0.976021024507342
1.0408618415358366
1.1205570702304026
1.2131484727702198
1.3132638516941488
1.4136502068527923
1.507460596433528
1.5888625484109853
1.6527559389244637
1.6947705438078031
1.7117979062272215
1.7030214302075455
1.6713925315435716
1.6247527142550544
1.5788269749037802
1.540683938493371
1.5096235528316957
1.4864336128694313
1.4696802568451883
1.4604701885524372
1.4597558272129523
1.4695187263162044
1.4874017818933847
1.508151714593808
1.5241095868989167
1.5261491882202605
1.5058657957874853
1.4583491332481584
1.3842206628401514
1.2897160270527237
1.1846538029892142
1.079371716553025
0.9820918254011469
0.8975546895321815
0.8269650861677309
0.7690761568201022
0.7220264495459696
0.6846338608347392
0.6563439513172495
0.6262412813678478
0.6233463375645357
0.6574961334771915
0.7246387371944566
0.9772060831251109
1.0413842542571066
0.7800698451395165
0.7424939923449876
0.7701566585499272
0.8146600405711796
0.8462228929653605
0.8643133524585849
0.884657257973191
0.9091824575611426
0.9401920728956921
0.9801792123490692
1.0314138592815616
1.0950634645107025
1.169555816406223
1.2485536980890857
1.3230816889536279
1.3880504239549316
1.441442954504221
1.481534130049812
1.5064142521847745
1.514204361050065
1.5033561456750748
1.4730836099506277
1.4288663379228301
1.3882062925307521
1.3571612210405997
1.333988517108862
1.3184699061173555
1.309220912176538
1.3069072501495318
1.3128423753763365
1.3292876072267068
1.354122553977054
1.3829021818900435
1.408414574617087
1.4217173094133675
1.4143432099236404
1.3810033562037165
1.3216038311737444
1.2414583923998226
1.1495151875686165
1.0555463125049878
0.9676294521414115
0.8907226929769233
0.8264260666200468
0.7738626905846004
0.731419164372755
0.6980669613256208
0.6733580600248201
0.6487184877038152
0.6498974088249645
0.6824060172583322
0.737957034725252
0.981798650692156
1.085523225500773
0.7998850628452978
0.7591752926815605
0.7956193636270128
0.8503990898917492
0.8859972375264444
0.9040632117241044
0.9222400804243192
0.9421993719609718
0.966173134644162
0.9967225782118875
1.036295001750788
1.0864283780255384
1.1463107373939332
1.2093779054362985
1.2626102698656523
1.303776331377778
1.3351886464652414
1.3571104611716882
1.3689505148179688
1.3698203490795382
1.3592038237590838
1.3377545243432027
1.2903364946775198
1.253811638153478
1.2285438557735344
1.2114273609202517
1.2015227535718376
1.1975236016012611
1.1997941272118218
1.209990050762275
1.2309384947282869
1.2609873674933894
1.2960861475484822
1.329097783808989
1.351152159948024
1.353853805595048
1.3318280710168422
1.2845897386071108
1.2167436676895305
1.13637587357868
1.0524939728066496
0.9727008241970805
0.9018448158982679
0.8418144136561736
0.7923895919118537
0.7526707433833841
0.7220385265750502
0.7001450195962176
0.6805496668637617
0.6851564845935069
0.7143856133420273
0.7613797857940252
0.9985682201329739
1.1314973730271947
0.8277529635043758
0.7877820803264532
0.8351858072436102
0.9001197501311148
0.9392456711208911
0.9568837487978056
0.9724172264720123
0.9873019537121048
1.0037617670102101
1.0244567486521112
1.0519048618472562
1.0875772096210659
1.1303745640381266
1.1735334724271385
1.2061465456897191
1.2275439744577314
1.2409516842605064
1.2476883755750223
1.2478496123979723
1.2407354426882495
1.2252361233752738
1.2002518028823355
1.168230024878876
1.1412494940393336
1.1232325047758347
1.1124703307647104
1.108124011122359
1.1092892403108205
1.116120062319561
1.1305265153299822
1.1557904838783615
1.1906784132919859
1.2314085709036768
1.2709054017685515
1.3004909665318718
1.312024574521586
1.300241755735895
1.2644175728784266
1.2084941210196622
1.1396028246841527
1.0657752936439038
0.9938872194258559
0.9285115030616656
0.8718469127251419
0.8244820282469595
0.786384921245786
0.7574684703483218
0.737580330352234
0.7223669611872446
0.7306534465126193
0.7556369880006671
0.797789487724274
1.0263359062416577
1.1758665272008073
0.8622380695141171
0.8298372294539706
0.888951610460922
0.9631789882236664
1.0051534499043118
1.0219466341474452
1.034366635942416
1.0436640207636148
1.0520919385154732
1.062422181025608
1.0771509232791368
1.097389997705674
1.1213637850875355
1.143333999709375
1.1573336591223067
1.1628985750019114
1.1623263455820154
1.1573227350299922
1.1484440265168319
1.135337711375906
1.11737083805593
1.094786500819078
1.0704378949481415
1.051533764367656
1.0401564225919273
1.0352553315979338
1.0361976863483162
1.0426678791217767
1.0547997977223615
1.0746825200048986
1.105109412317033
1.144458428663339
1.1896174976104847
1.234045718373303
1.2695215321934463
1.2883225034327848
1.285416358162343
1.2599169652256028
1.2151150277990048
1.1571197400736277
1.0928706766814482
1.0284342101014416
0.9681287288311006
0.9145162567878033
0.8689228642135458
0.8320187709855962
0.8041421770085132
0.7853278822950787
0.7725375489325919
0.7843886342618897
0.8054197062139631
0.8445036742101066
1.0621237633232214
1.2164184511508942
0.9022947369400761
0.8881125427718064
0.9557913772888379
1.0378181967025193
1.081986065516093
1.0976708659598213
1.106664561760385
1.10997512951721
1.1099264980766999
1.1094704427531923
1.1111575571521553
1.1159517412830016
1.1221834040856349
1.1258407038612506
1.1236644915315774
1.1157014954397213
1.1038358871159142
1.089728016634408
1.0741073881939027
1.0569041169027316
1.0378553629929053
1.0174706592067642
0.9980227400392244
0.984505772054012
0.9779353103639471
0.9775234074021525
0.9827516359257218
0.9938489038437235
1.011068746370065
1.0368177312914086
1.0731617810590781
1.1171464179879855
1.1660439778693101
1.21416625773533
1.2540674347714886
1.2786380573980418
1.2831924508116759
1.2667521902306773
1.2319955333304928
1.1840329528682325
1.1287495653042094
1.0714780005179554
1.0163490048452044
0.9662294633726424
0.9229622977039574
0.8876547341776657
0.8608799605796011
0.8427562149590058
0.8303936015418804
0.8435666677733266
0.8625505291478966
0.8975578224545256
1.1020824350693699
1.2525216542070934
0.9513496805292418
0.9589553498345922
1.0327966208910322
1.1210913225177361
1.1671178308548464
1.1817453444721915
1.1872564662665945
1.1843454594792615
1.1755209579130628
1.1640921067864753
1.1528863835079826
1.14308327770846
1.1335939693596524
1.121840085623626
1.1060756894262809
1.0867825586109618
1.0656771298497416
1.0442835259346142
1.023345597204441
1.002930414143349
0.9829340650601147
0.9638191740609079
0.9473089883610881
0.9370921410954535
0.933555933929396
0.9360679768248771
0.9441958998086112
0.958572495949172
0.9795903876627625
1.009990522857719
1.0514320797882073
1.099721923313716
1.1520098497851745
1.2031702752855697
1.2465563891773495
1.2757819144638747
1.2866099701264322
1.2780665787896697
1.2523289163485856
1.213642223707107
1.1669800887609945
1.1170483455440652
1.0677878673224848
1.022221054703672
0.9824658429755625
0.9498330550211079
0.9249641672757816
0.9079590240390116
0.8956430907476784
0.9072182875603948
0.925098948693695
0.9538714404238388
1.1425338763823294
1.2838669700413607
1.0159152914157752
1.0349941539741372
1.1148277833870837
1.208860929905982
1.2571630612459233
1.2712077010776115
1.2733784538186632
1.2640736487960287
1.246316795621735
1.224058016233647
1.2006300164158146
1.1776468395356618
1.1546598931437608
1.1300751743613227
1.1030185179067216
1.0742667274183708
1.0454532285428706
1.0179694353394864
0.9925132092389352
0.969199328742126
0.9479724275992223
0.9291661296752107
0.9140463979930423
0.905474374692321
0.9034399718302304
0.9073865288640712
0.9169531889072928
0.9330134417882335
0.9560757847939756
0.9891157254142877
1.0336411127002345
1.0847380726435603
1.1393756972444387
1.192725341916252
1.2387498264262444
1.2717138166042137
1.2878366635408884
1.286227461716631
1.268707570941409
1.2388353823445077
1.2008233252361475
1.1588087793305963
1.1164780540087493
1.0768494089796787
1.0421291839718576
1.0136733886887017
0.9920743160453123
0.9773225188607627
0.9663005254298453
0.9754343695345566
0.9903249692435052
1.0106041394479996
1.180404361464174
1.3076097894633727
1.0803005113578477
1.1074788583551594
1.1943642014302598
1.2955649387810337
1.34785374519436
1.362333906767762
1.3611367177211264
1.3450540455728228
1.3183788318469924
1.2859100515489439
1.2515236357814232
1.2172380357353179
1.1830522277280733
1.1479286073412653
1.1114848875923269
1.0747340025140872
1.039315522562207
1.0065368531275591
0.9770359417366101
0.950925663161667
0.9281451622633389
0.9088827754639819
0.8940118264437322
0.8858370014733893
0.8840767479670602
0.8881794268488283
0.8978420214104622
0.9140208978537685
0.9373003022664544
0.9707363222443559
1.0158261042151708
1.0674815206671908
1.1226536626595949
1.1767604717277262
1.2242300672732458
1.259849122432995
1.2802362030317016
1.2846283616553664
1.2746271280306336
1.2532664620361125
1.2241017306252449
1.1906995229927655
1.1563984818574062
1.1240870770416809
1.0959551156234502
1.073331870087347
1.0566933664309148
1.0458217131474352
1.0384233121025637
1.0454003571633155
1.0549329551308166
1.0648196832956798
1.2132152604459
1.3167683253194629
1.1301578593502366
1.1663685094591092
1.2621486891729832
1.3737709792738064
1.4325988275539947
1.449180513733786
1.4438174333761022
1.4205870771191556
1.3856891581819997
1.3444897215664162
1.3011753285865844
1.2579570450724469
1.2149908675221321
1.1714270284871375
1.127174015878171
1.083567665408687
1.0424101908438892
1.0049928937359287
0.9718814620196595
0.9431431610604265
0.9186787805802301
0.898538218826243
0.8832421853465688
0.8746690183663952
0.8723312654144975
0.8756352617223289
0.8843238349523733
0.899300508911827
0.921174899032474
0.9529156512180073
0.9960681580923874
1.0458387123916142
1.099358224025351
1.152347091342648
1.1996415293224594
1.2364583053163039
1.2597658020909075
1.2689749105203245
1.2656012265714682
1.2522970571555887
1.2320196072614629
1.2077141657417803
1.1822658131910582
1.1583491802655916
1.1381151083173744
1.1228791443790607
1.1129744177709546
1.1078467817678057
1.1069850961705232
1.1129292305234695
1.1153974899645718
1.1134850693724743
1.2389434915491806
1.3030653737824485
1.1556495770640909
1.2021713231444364
1.308973211185794
1.4347155950880328
1.5004094098723764
1.5165830387181525
1.5088243424249947
1.480863583054396
1.440298140207047
1.393136882050982
1.3437769151704333
1.2944890566894407
1.245365486344695
1.195411779417791
1.1447325770014447
1.0952791813283411
1.049265057043309
1.0080055840043007
0.9719383605785225
0.9410229816415336
0.9150965050551804
0.8940991006698173
0.8782405565049174
0.8689812761786463
0.865648006001495
0.8676090234998626
0.8746510463285465
0.8875223382640185
0.9067994374211612
0.9352122280869699
0.9743609507262945
1.0200924052044913
1.0698651226459062
1.1197597973127518
1.1650021276865825
1.201192221502222
1.2256375615300739
1.2380053532281077
1.239897894703169
1.2337527678498061
1.2219746074218332
1.206798611113686
1.1905295462643686
1.175572137072005
1.1640925193426765
1.1574866938462924
1.1559303378505454
1.1583389746682273
1.1668930851519754
1.1735310875541618
1.1682524399662706
1.15376235776677
1.2559487953577912
1.261930525499159
1.1510816001515134
1.208633723808775
1.3282438640318397
1.4708453593659565
1.5424764779184446
1.5567950405524615
1.5475363347799873
1.5181100829546241
1.475396333721045
1.425626386668461
1.3733262305487415
1.320869001399104
1.2683016971307572
1.2140961542795787
1.1582989754692747
1.104082135424596
1.0543976470485348
1.0104909395646744
0.9725331557620408
0.9402961636500377
0.9135399841408378
0.8921615745263858
0.8761710445888505
0.8664927318495816
0.8621651799380698
0.8626693591331174
0.8678730716540832
0.8782844884409888
0.894368694335849
0.9185029413599998
0.9523245498962912
0.9925215253341858
1.036938824072403
1.0820240472322613
1.1233680497790177
1.1569207365809389
1.1803356113130992
1.193657667129467
1.198836390336403
1.1983674540786626
1.1941827345446174
1.1876630395510663
1.1803395957175087
1.1742858488933503
1.1718177933167457
1.1745989248847866
1.1825843582774047
1.1938428904096618
1.2138525015882944
1.2230305223245594
1.210419424796562
1.1834447615756378
1.2630091600730269
1.195097561756664
1.116308957074603
1.1848261898332588
1.3181634863570602
1.47875373818826
1.5562273449416235
1.5700416530233363
1.5604597711369217
1.5314128004111858
1.4890598132613044
1.4391643010780806
1.3860659743078552
1.3322752399383455
1.278193568652226
1.2217459636468304
1.1621445426175963
1.1047262373148323
1.0532233032666527
1.008430455794363
0.9700919112174422
0.9377511601643032
0.9110949507601523
0.8900382826743639
0.8746548871111404
0.8657536182836052
0.8600963144382606
0.8595881303813093
0.8634730578876685
0.8718424504427447
0.8849368143252856
0.9047076717502047
0.9327994239954521
0.9668072052232939
1.004960706279487
1.0440535053437565
1.0800017077836186
1.1090359356115793
1.1291013176125635
1.1407089302777726
1.146541139412101
1.149713944311377
1.1519024946621834
1.1533228845065597
1.1543297689228578
1.156523636199804
1.1625922801309625
1.1747820712057768
1.192630862187459
1.2129783792025797
1.244816953983088
1.2580304714767165
1.2395431811115478
1.201242255725858
1.2594128024914597
1.1096717605728208
1.056649372564795
1.1353856960700879
1.2822514890298768
1.4602705258422202
1.5438112229241332
1.5586998800222143
1.5505963133606184
1.5236836614735618
1.4834392203771414
1.4349213166401589
1.3820590668377712
1.3273551139003934
1.2716205019087248
1.2131613309380829
1.1517977084374755
1.094186364035648
1.0435058212902224
0.9999325785003851
0.9628864499519324
0.9317559916485967
0.9061310557920713
0.885741966896582
0.8702718698890711
0.8607558324776469
0.8565327412189296
0.8565761716568631
0.8603377193912191
0.8678939382124409
0.8792805113802635
0.8958761064830179
0.9189476027785076
0.9469309673732683
0.9786354302389596
1.0112707538390113
1.0410370690914186
1.06430720507276
1.0790920316908046
1.0861727507333634
1.0893102380721404
1.0936868231257257
1.1015797960460076
1.1108799026113174
1.1197630826063167
1.1291293283067696
1.1421900574959387
1.1621505750686572
1.188179079909944
1.216009340944073
1.2579693909880005
1.276221657350586
1.254190584870937
1.2067644981849472
1.2450432486088057
1.0152344179869763
0.9810082205996383
1.06873067852122
1.2277950931016377
1.4211555207577546
1.5104854400560843
1.5275426179707468
1.5223705120165312
1.4990167742762617
1.4621356101370424
1.4159806950805658
1.36399530681815
1.3085461293081053
1.2505895894005334
1.1899648677041785
1.1296563691637964
1.0746859952377072
1.0268694282046693
0.986061546047898
0.9515710119604309
0.9227223597983735
0.8989983870796647
0.8800157983670979
0.8657931097069548
0.8575524072425443
0.8542383039474956
0.8547548586075201
0.8585841036023343
0.8658254205683164
0.8764388148868496
0.8914238297310829
0.9113273229777316
0.9346287747959312
0.9607378292958193
0.9874780501407487
1.0114013804600777
1.028971824000218
1.0380569981748444
1.0391346048386196
1.0361740560564343
1.0397425833083629
1.0557218058236284
1.0731796093365307
1.0886355613874805
1.1031284190342008
1.1198945343324236
1.142738247861385
1.1720527881899998
1.203737158095528
1.2525036335036293
1.2765285628716003
1.2538588584053572
1.2003187723901896
1.2204192500070645
0.9209290423758781
0.8991913472063279
0.9942563312774594
1.1630248687303681
1.3681742888534354
1.462040158685789
1.4816854607883205
1.4802783914079929
1.4613835374439172
1.428692327596564
1.3856381777733022
1.3352323970222821
1.2798152766887054
1.2209076313621705
1.160510771893893
1.1028752207087469
1.0514431954912402
1.0071869926195272
0.9697741747329779
0.9384925180106058
0.9126634564057149
0.8917334890673637
0.8753277700168118
0.863460833602605
0.856947291252505
0.854722163575348
0.85587399073735
0.8599694954179414
0.8671724405459132
0.8774163856257711
0.8915121368782558
0.9095617162709192
0.9298149421421426
0.9518659091476119
0.9740426161219754
0.993318399969774
1.0063959029667597
1.0112939045385796
1.0088162943405543
1.0043863295011255
1.0109870694272542
1.0287634113650939
1.0475514691655683
1.0644627077772049
1.0800696987870841
1.096812544750771
1.117965029372415
1.1453543801296617
1.1767189115980787
1.2285525483760933
1.2591126558743404
1.2388864428333424
1.1827455301881369
1.186670672936885
0.8336915685892352
0.8196524787115389
0.9198970177539426
1.0943430768096816
1.3057383750653153
1.4021134338690209
1.4245787984541352
1.4275803366333555
1.4138571465045902
1.3860718008230697
1.3469094981338778
1.299094211064661
1.2451975770958
1.1876910381726637
1.1299298887078826
1.0759927378926013
1.0284306847108227
0.9878975030081888
0.9540586496926264
0.9262773819259659
0.9039297001012383
0.8864556543516747
0.8733983482473165
0.8645623272923731
0.8603105357578186
0.8596621799173373
0.8619531154570417
0.8668289918654517
0.8745514325758248
0.8850132149491007
0.8988906192490734
0.9159392526183635
0.934215630664834
0.9533995747294682
0.9721598614613769
0.9878402334586202
0.9974801572059365
0.9995784136273187
0.9959821035886298
0.9933415884471858
0.9993923589704621
1.0127364470698061
1.0277654550120765
1.0416973250334234
1.0545395961134159
1.0681173774492374
1.0851093291961338
1.1077282729451432
1.1356416374086218
1.1873343029197692
1.2252925946829856
1.2104720955661525
1.1554012637061681
1.1454430295893558
0.757785552249528
0.7483631366190783
0.8508930317320507
1.024730561258994
1.2339436592404542
1.3315194873619196
1.3578760830753187
1.366506417357424
1.3590565426381684
1.3372387699283181
1.3031590354495504
1.2594380035009674
1.20905796655994
1.1552823592084964
1.1018219137119285
1.052231015252222
1.0086819416106714
0.9718597916479009
0.9416003882009834
0.9174291493400746
0.8988124743061452
0.885180361734079
0.8759528053392597
0.8707262702057955
0.8693894266858614
0.8710214163056323
0.8752243083027611
0.8816876421996411
0.8908108553471801
0.9024051193662942
0.9170263493898722
0.9340205980001653
0.9511733794627912
0.9682741265288305
0.9842712820649918
0.9968086947389814
1.003251757268079
1.0025852711127548
0.9972671567449494
0.9932866708477195
0.9954154013802898
1.0024929285082524
1.0108802162450083
1.0184165834265981
1.0251271024973831
1.0326734120213834
1.0434668659881157
1.0597123317667885
1.0822240215721943
1.1313157597402999
1.1774651276861678
1.17082984845988
1.1201768549991118
1.0987428735738995
0.6951959333259765
0.6887461533111395
0.7898037909403209
0.9545959624905734
1.1528445392867117
1.2527386445434538
1.2848272003008094
1.3007633021396654
1.301057981013823
1.2866435122992388
1.2592111628113094
1.2213538355214888
1.176366764181455
1.1278933462791334
1.0795865422388944
1.0346102938393078
0.9950500881005839
0.9618192504972856
0.9350430413559514
0.9144685576907352
0.8996688468698212
0.8900627181290259
0.8849734927030017
0.8838668498416842
0.8861334956779751
0.8908487825732699
0.8978856078948614
0.9069315861624261
0.91857699032895
0.9325071890080475
0.9491731997147764
0.9673595936672672
0.9843462780902784
1.0000226220832278
1.0135751698356195
1.0228815582815562
1.0256000786614252
1.0211414339291218
1.0122194795948984
1.0039088047781635
0.9994229229518238
0.99786966475675
0.9968131272150129
0.9948934587711982
0.9925532914910655
0.9916400798233611
0.9945670621456872
1.0034750498592961
1.019585808181438
1.0642529888452739
1.1189825784791254
1.12245962017075
1.0793063241523686
1.048761038959738
0.6463389448715569
0.6422047538130142
0.7373931745925706
0.8858596900040695
1.0700765390141471
1.1739788358746663
1.2128022507187732
1.2370248198097904
1.246107595552592
1.2402837947470917
1.2208438151022367
1.1902449653063107
1.1518460622128837
1.109387976182069
1.0664582730005927
1.0260647845854978
0.9903466979160315
0.9605148332071496
0.9370451514532281
0.9199464546781306
0.9089136485168418
0.9033739594107799
0.9026144659231357
0.9060576882868211
0.9125705271595592
0.9211527956084643
0.9319508531718835
0.9446093339885417
0.9599778372781538
0.9775943237894297
0.9978622178068237
1.01884587127124
1.036936688709391
1.0519819382849362
1.063283797439601
1.0688618776568146
1.0666631908842839
1.0565648041174285
1.0414979420094936
1.025819872098557
1.0118368296365234
0.9989324712904195
0.9856656727942611
0.9716175886242344
0.957911349137404
0.9467970487536842
0.9408363928491837
0.9421296961778404
0.95187172693916
0.9913186523061688
1.0533884581647652
1.0675444742765032
1.0349360121017421
0.9977192747499803
0.6107294853926026
0.6087753420466053
0.6939477207164242
0.8243440604988209
0.9965944177489078
1.1047759781375963
1.1500503871736931
1.1824065440659093
1.2004115286216361
1.2036229659234214
1.1928515987928496
1.1702469949842091
1.139009510080174
1.1028201627163703
1.0652413497725217
1.029290048388307
0.9972371259669376
0.9705900011904887
0.9501918317872077
0.9363492658319463
0.9289151918867752
0.9273760499231372
0.9310538215074569
0.9393947929978614
0.950703820447091
0.9638321757314735
0.9791997533632913
0.9963761901093776
1.0165437982547976
1.039107249782142
1.064557244396842
1.0902151598558876
1.111139660101167
1.1267221564068632
1.136037576525746
1.1370872548810012
1.1281609121049168
1.1098192924115748
1.0854494328542739
1.0590195111577285
1.0323409797249068
1.0051840136145744
0.977116690431392
0.9487870455743014
0.9221405949663193
0.8999013441816963
0.884788867550444
0.8788669197096795
0.8832703633559676
0.9185601242823258
0.9833718217291689
1.0083308897736425
0.9888099213799647
0.9477666953421787
0.5874633492295276
0.5876196695116094
0.6603490450429385
0.7763024220453295
0.9398231099830671
1.0515336794830268
1.1022581836977825
1.1418273253584317
1.168138076190306
1.1801414195557536
1.1781181089161428
1.1637758155613516
1.1399911575077937
1.1102600266910105
1.0780903025108317
1.0465546132282249
1.018085115126814
0.9944631477324891
0.9768880582346277
0.9660047241086189
0.96189688166619
0.9641966155613311
0.9723363844903493
0.9858305960193854
1.0023697553923145
1.020577589119646
1.0411352872403234
1.0635065102614412
1.0892625789622599
1.1177098504504006
1.1496258668400872
1.1818155431873345
1.2077034981304486
1.2254916113417327
1.2333161151397134
1.228848373753887
1.2108380545470676
1.180998105672713
1.143669258258544
1.102789085310304
1.0600090402350895
1.0157024063048405
0.9705746560933667
0.9264311893741849
0.8860545785149594
0.852566340056296
0.8287215508411385
0.8164612493032357
0.8168516100455074
0.8481957725928598
0.9114859374532757
0.9470400416694399
0.9423193439042482
0.9009200447112942
0.5755099249388709
0.5772349113363046
0.6380943158768293
0.745329701824446
0.9029391531330575
1.017074991928731
1.0720110232448812
1.117541109598981
1.151150618457379
1.1713183763157815
1.1778129259941061
1.1718254036147493
1.1557811663823976
1.1328595419437002
1.1064185122704564
1.0795377823669283
1.0547852657920893
1.034182190225504
1.0192519277033503
1.0110046473186276
1.0098594304539785
1.015719005725785
1.0282176145852637
1.0469788129941844
1.0690292852787149
1.0926793785651219
1.1188405796092098
1.1468370272753907
1.1786635305954682
1.2135750921953756
1.2528474584648002
1.2930815083591762
1.3259323135978414
1.347738489352355
1.3547720042776121
1.3437503428179385
1.3139286235350727
1.2689787712011953
1.2149321989111368
1.1559042762318392
1.0936796099188693
1.0295676937705565
0.9656019122566761
0.9047747893165153
0.8505955853877571
0.8063858041614258
0.7747228582051234
0.7572319845832967
0.7545181463691449
0.7806855517395229
0.8406192066778085
0.8857647441723718
0.8967377578231812
0.8590221320440937
0.5738678062944028
0.5753708233356535
0.6285597186489036
0.7323797266421747
0.8861172659991586
1.0015015214159342
1.059423368067811
1.1096295947567751
1.1494490192740567
1.1770601391930495
1.1917899889365344
1.1942858528222375
1.186418780309138
1.17091097583933
1.1508339785773392
1.1291707917773735
1.108559648833254
1.0912163548113218
1.0789402351588062
1.073086388593371
1.0744897314528672
1.0834767031461312
1.1000183565760184
1.123918900340127
1.151528072498296
1.1807601666957912
1.2127107405628763
1.246539900144858
1.2846964859980488
1.326443803505258
1.373700099156555
1.4229564952721083
1.4639339980676738
1.490871515777501
1.497605646176804
1.4790679019169308
1.434639695711627
1.3712431785234023
1.297415903446628
1.2170369077670136
1.1324217632691043
1.0463306798874457
0.9623402225574387
0.884578444537767
0.8170678062774793
0.7630688600882448
0.7247554771490309
0.7031930065956036
0.6978726661261663
0.7180423814951525
0.7735576619917156
0.8264729328047447
0.8533662330171298
0.8237023003081115
0.5816408577901154
0.5798406429871996
0.6325645937361422
0.7367076709141852
0.887594120435607
1.0029978371375825
1.0627974617140628
1.1165313632497158
1.1615909052626312
1.1960249264771727
1.2188122488054327
1.230059090116451
1.2310008607817993
1.223765362542968
1.2109861647892144
1.1954218049711522
1.1796941346029381
1.1661573527697258
1.1568342608057072
1.1533656893986142
1.1569841868396182
1.168535135339593
1.188508567378955
1.217045079047702
1.2498972051004082
1.284525031184207
1.3221543498604655
1.3617777436633467
1.4063176678416716
1.4550723253547884
1.5105870025800963
1.5690771100996863
1.6181543107004772
1.6500319612200238
1.6561631655814115
1.629307235619128
1.5678766584392534
1.4845024830662514
1.3895193210704375
1.285282680168394
1.1759264110712992
1.0663332838219746
0.9617605701206612
0.8673075462524888
0.7872248071196215
0.7244613781630187
0.680662379011671
0.6561293292519568
0.6485014440075919
0.6624437652456684
0.7126795931000957
0.7710369012863313
0.8134906430884462
0.7963913654705582
0.6016009547575752
0.5953887359193878
0.6547047876467412
0.7612351106790921
0.9083506816947152
1.0220364299547589
1.0828122967557607
1.1394853454959544
1.1897150447611256
1.2315686570633155
1.2637303474128134
1.2857022347490763
1.297911683943777
1.3016512086662313
1.2988685015920722
1.2918979569343094
1.2832168113289932
1.2752475510602401
1.2701978715376243
1.269962469076782
1.2761302991666246
1.2900715085530245
1.3129697258733422
1.3456413448834157
1.3835173648154984
1.4235752536100026
1.4671180801944765
1.5129500611138123
1.564490006689706
1.6210120005813116
1.685561165096781
1.7536700149405253
1.810402210516721
1.8458805485150767
1.8494689566805802
1.8125372745140198
1.7341159399788235
1.6300119041520105
1.5076775617480596
1.372785050144963
1.2327265755654826
1.0950323427966855
0.9667426124501739
0.8536988754251216
0.7599907963501612
0.6879468360502181
0.6388191428611398
0.6120648872210925
0.6019085395350698
0.6087243631658005
0.6519854278211369
0.7136105793570185
0.7728719613171559
0.7774359551445436
0.6602877836362028
0.6600745351032683
0.7344595687232447
0.8409849388758532
0.9742926662283737
1.0796326246238834
1.139441919531145
1.1989291372745343
1.2563753360638772
1.3100654607868503
1.358367223798431
1.3998797219302066
1.4336598860947796
1.4594370579814293
1.477726140162448
1.4898028862216897
1.4975434203258138
1.5031588184794566
1.5089053122318956
1.5168897897417424
1.5290498230706235
1.5472662909672423
1.5734469673088025
1.609384145987249
1.6510977250439967
1.6957870724390398
1.7449676895061346
1.7972007992885843
1.856256949016909
1.921087459144652
1.9946404329784406
2.0704874393534203
2.129980144708128
2.16092044775604
2.1525468754941217
2.0994456439455025
2.002368386041979
1.8668361546712327
1.7021920595660884
1.520350779379835
1.3340785225151783
1.1552357457315539
0.9933402384813158
0.854724943214939
0.7424408133990181
0.6568262191038446
0.5964421467849176
0.5686986828775248
0.5533398663098323
0.5489577448421799
0.579775846124766
0.6404963853500877
0.7216288075167403
0.779455550958098
0.7761860668611335
0.8124688076970636
0.898321431983253
0.983801522962026
1.0773635403007713
1.1588587711529856
1.211522115496502
1.2697235141498044
1.3322478489780853
1.3974371426951726
1.4634429042974217
1.5282342476768789
1.5897600637536524
1.6462469133446265
1.6964918155198774
1.7400704550451787
1.7774020700645958
1.8096263961863002
1.8383250864759793
1.8652270672583735
1.892055688339901
1.9205558979994757
1.952575064628391
1.9900029244146977
2.029672162442313
2.0703138379924533
2.114048858747839
2.1598172838935
2.2107272649176446
2.265200141530815
2.3241405117540723
2.3790172413794637
2.4136909180418518
2.4198185281093183
2.389045213971178
2.3152980030643744
2.1965846876099984
2.0364527697163988
1.8442897675827143
1.6339614862655436
1.4210748307019831
1.2198841851735989
1.040990886634927
0.8904670538279315
0.770307483794447
0.6796409132590379
0.6159760648457611
0.5753730939432019
0.551864497375541
0.5371449896916416
0.5561792583642217
0.6090375312504763
0.6986656094559892
0.8179167446026486
0.9057507868165281
0.9791764095707011
1.0607997264592068
1.1175478998291737
1.1670508423491361
1.2141543086497
1.2504440959315333
1.2980749194915977
1.353589829371269
1.4157459783963442
1.4835365389633766
1.5556592736251198
1.6306075859905693
1.7066629632888546
1.7818747788844886
1.8542284235548656
1.9220792869351475
1.9846122635968426
2.0419293267808523
2.094674393626824
2.143549808067655
2.1891126176746183
2.2318931568904428
2.2725759721034757
2.3080582775975054
2.3390735537347016
2.3683521339903812
2.3956130616059776
2.4225984248233394
2.4479455547977693
2.4711852098124525
2.487184561257661
2.4875965720634334
2.465528805873867
2.413646729793826
2.3258639944071837
2.1995183060915986
2.0372805476133635
1.8477176612748134
1.6438945914559717
1.4404431078282112
1.2503699856506785
1.0828767030364566
0.942722228964502
0.830837226848668
0.7455169841650116
0.6836244071316051
0.6415328587653705
0.6157154699187786
0.6001500170661717
0.6213774235259055
0.6666706173912352
0.7410340971476602
0.9014427200926088
1.0207877750794123
1.0984660226382224
1.190592376639287
1.2509397070258423
1.2659188544216815
1.2699999927642078
1.2805929855027003
1.298381992876992
1.323311876808371
1.355442202785614
1.3953692503863622
1.4443019200520968
1.5036889063631826
1.574445817206314
1.6560214048490247
1.7456845065629734
1.838460495474959
1.9281749575078035
2.010267848687266
2.0846634915805615
2.153030768325611
2.2149689237041144
2.268714324184257
2.313755898394645
2.348257399844147
2.3749199989009924
2.396799610210138
2.413939559088513
2.4273959555696583
2.436031720383586
2.4383903919241603
2.4304798858437042
2.4089889883718603
2.369971682811333
2.308342691336021
2.2192041116880556
2.10008475712004
1.953124151862651
1.7858496383008131
1.6098044313255762
1.4376032308068711
1.2799334037603165
1.1438059430833485
1.032294025332716
0.9448778950121115
0.8778806983989298
0.8271283861506297
0.7904435281289826
0.7669598429213436
0.7565069065365001
0.800948654622952
0.8265474121165379
0.8676602345864708
1.0586555849567751
1.0126612873153558
1.1088807005892167
1.1728508147629852
1.2224036592481506
1.2673924096105522
1.3128801146033964
1.3486796858471783
1.395596957994925
1.4568110686439835
1.5360260798352734
1.6371952657855566
1.7638583181347371
1.9180566479172794
2.0988650229872228
2.3008097173167408
2.5128555319324675
2.718964521404885
2.9009200124976204
3.116838870188259
3.2764993109068534
3.3652203701961767
3.3778722380704087
3.3212925793612267
3.212899381433091
3.0901280197802565
2.975120881468826
2.869292548080924
2.778017189416783
2.6967047751530466
2.6288051533092256
2.572043759138004
2.5278712556616227
2.4934319846070956
2.4556748816850744
2.402086142997594
2.324654520215903
2.2228006768186406
2.103315099552682
1.9769489155418896
1.8533073914828802
1.7362676450236847
1.6223494630354043
1.5071917067847789
1.3950216869985417
1.2946223549865152
1.2117614610102794
1.1472514285531883
1.0979791105595342
1.0587709400294258
0.9972621178561851
0.9729570325539313
1.0331772420788703
1.1371791459679264
1.338520860252587
0.9607526014316903
0.9972635037284149
1.0212993950132496
1.0247682545085786
1.0202120906718772
1.0353723743586953
1.0575796177186718
1.0943036085181672
1.1499280746487823
1.2293889726816605
1.3378761637807515
1.4802089837696042
1.6598544415221759
1.8775459405925048
2.129521553021431
2.405766145114953
2.6892578645779346
2.9574146566651978
3.1859386901999946
3.3537528943492654
3.447419420245023
3.4640147709608238
3.41168607051611
3.3074595480373086
3.18708425571998
3.072121756996416
2.9640083264044885
2.868382172550503
2.7805929634058217
2.704529938282722
2.6380656566495277
2.5842179181581937
2.5429321689295548
2.501879383812696
2.4475663418794724
2.3691098398784254
2.261967672019611
2.129546992178768
1.9814361484292873
1.829037153885244
1.6808813355306607
1.5402003200069052
1.4070513339551007
1.2831749953074116
1.172862831541703
1.0799568684425398
1.0057366224492579
0.9487537665244046
0.9056318263031916
0.8487602742508271
0.8096888262237862
0.8348512023620954
0.919715643581496
1.157168551805861
0.936171485123974
0.8785616598143392
0.8816031124207727
0.8830638360842527
0.8842667434976944
0.8993303972666378
0.9184967597926291
0.9500402154566301
0.9982083144589788
1.0675260479152346
1.162421271772217
1.2865293015836958
1.4418180388882809
1.627656906381879
1.839784238930402
2.0693031672236692
2.302279434366404
2.520727073600788
2.7053913446231386
2.839812339214075
2.9142544147039358
2.927935559331516
2.8887413643766724
2.810730521981834
2.721099982532835
2.635855059172529
2.555999046807201
2.4857228049435185
2.4217372929262813
2.3671274056197142
2.320797902692536
2.285437414415048
2.260618219621388
2.236534917024493
2.2016430107341933
2.145307655373263
2.0609816379564565
1.9484741416292732
1.8139157519885218
1.6672688582181165
1.5187766916930001
1.376295811455246
1.2446413071049853
1.1265409007310103
1.0237482128905229
0.937331712216716
0.8673889028754166
0.8128398471293857
0.7715684565773189
0.7216578242748439
0.691723973206874
0.7119532041395381
0.7973288940361498
1.0643279307771216
0.9425140328163534
0.7817234584119933
0.7776586343981866
0.7944260760233557
0.8161658362146114
0.83920483362312
0.8588961175780012
0.8871346648865397
0.9270976000372628
0.982085988776428
1.0552421977317774
1.1489622107083848
1.263945189101348
1.3982015826360472
1.5466085545125212
1.7012162640012052
1.8519947776483467
1.9878471264188142
2.0979932538930304
2.1737651013121786
2.210532430599158
2.2090979447024433
2.175780631334219
2.12085922851954
2.0625719267435523
2.0102519554403746
1.9638531195482727
1.9254373289818492
1.8931156820234907
1.8686859484906053
1.8522799393338902
1.8456830950085827
1.8467774680255005
1.8485061855385672
1.841907176272124
1.8175905437394746
1.768147111135609
1.6906484174587522
1.5879267686981065
1.4677721570240363
1.340383413358739
1.2153959784916704
1.099815321476865
0.9974211941802503
0.9093939605815584
0.8354590428832738
0.7748177446761229
0.7265297640048944
0.689517972021789
0.6467465632897105
0.6298906126954268
0.6574722907962015
0.7365254314303981
1.0023294719907303
0.9866444332157361
0.7667607399119567
0.7484569585183826
0.7757308832666823
0.8152165294223146
0.847080020600837
0.868062929445367
0.8939388070479908
0.9271263996223849
0.9703062707295744
1.0261882493866945
1.0970321178975018
1.1836634617575714
1.2838744330894036
1.3911469103958076
1.4964277984107401
1.5920254500639561
1.6723676148101339
1.7329333561171951
1.770003882502509
1.7812901330603057
1.7671982746855766
1.7322335731778458
1.6849855521483168
1.6402278813623754
1.6037690363587507
1.5744798179438098
1.5528993374192288
1.5375717290945508
1.5294330250227184
1.5293009901131733
1.538859865128526
1.5555940788243166
1.5742072547853705
1.5870873373041308
1.5854008266633048
1.5613377582704644
1.5107154884651108
1.4346785070713832
1.339498187742
1.2345123570748833
1.1292763028202695
1.0312133971564594
0.9444985884436276
0.8702711697322588
0.8078610362304638
0.7562237267975406
0.7146547127422046
0.6826866882379548
0.6469550360004357
0.6381532958896555
0.6683274831138454
0.7301762779244652
0.9791760640638835
1.0293073830459045
0.7795222650085509
0.7538687389553528
0.7881291563009146
0.8388504299762711
0.8759668150288743
0.8974807450701847
0.9215162988829532
0.9500964646537358
0.9856813989753762
1.0309287440380686
1.0882528292686182
1.1589937615559665
1.241914936941442
1.3304426036825352
1.4115739098445086
1.4778810751203528
1.5295093377944318
1.5660019775990626
1.5859037964140545
1.5874423922846008
1.5692882262057875
1.5330557622354368
1.4871414597866166
1.4468041953017132
1.4164487828276793
1.394062433788749
1.3792883299128065
1.3706708021446075
1.3687108489455664
1.3745565290710973
1.3902846400141569
1.4137841079830706
1.4405464334802067
1.4632870314178454
1.4732194076771055
1.462387337933503
1.4262408738895604
1.365316367073845
1.2851155930041978
1.1942231820166263
1.1016443030268577
1.014541054686652
0.9370624024993633
0.8704477488992624
0.8142115773245205
0.767576578982473
0.7301345264199548
0.701669824459378
0.6711364462605575
0.6661855753026645
0.6945151122701484
0.7426879777133575
0.9837835166984681
1.0725796278395432
0.8005502349717747
0.7721770620940045
0.8137833648511734
0.8743826132828135
0.9156345624220159
0.9372116278181439
0.9591419925792906
0.9831406704560454
1.011543398514902
1.0470110728503261
1.0920234394447845
1.1480675694110496
1.214372718115463
1.2853559266573937
1.3459482919235441
1.3883400167766078
1.4181081508422717
1.437165407415745
1.44545162445991
1.442181089829983
1.4259159916967616
1.3921992595050596
1.3466272823756977
1.3096775738534214
1.2841422134617784
1.2670391293784304
1.2573113205998192
1.2534925569936406
1.25572935102223
1.2654343596958577
1.2853132696024652
1.313874436087769
1.346973700400955
1.3773099802076008
1.3961025777518397
1.3954419686485011
1.3707186354923468
1.3221570481606488
1.2546570947351061
1.1760244163268259
1.0945105133493132
1.0167319164575686
0.946618931140911
0.885585074826468
0.8336343048566204
0.7905269796623313
0.7562251366242093
0.7306910400953784
0.7049403830885327
0.7029811377271383
0.7277905129767555
0.7654479708631773
1.001489918548446
1.118335748313618
0.8297439365288493
0.8034465879137742
0.8538269993358379
0.9241984685090354
0.9689808928731299
0.9901142303776805
1.0093138113887545
1.0280127361846794
1.0484681455646114
1.0733584738510833
1.1051035667770799
1.1448642457576732
1.1910816023961823
1.2375157965189933
1.2743719632737758
1.2979117225704853
1.310966719439373
1.316009827754756
1.313892984115007
1.3042830050151073
1.2860711079345224
1.257769272369641
1.2223239682525506
1.1931770199294731
1.1740295146328255
1.162764364071087
1.158307906988151
1.159526270738333
1.1663123214951574
1.1802341445930045
1.2043769932799893
1.237721915650279
1.2763956080225027
1.3131456825675856
1.3393957865894894
1.3475158847409379
1.3330477409751462
1.2960397026334176
1.2408007577799742
1.1742238060958086
1.1035626945425552
1.034643640023379
0.9710938132527515
0.9146395342709502
0.8659897065956513
0.8255717908740761
0.7937483679260084
0.7706507658719806
0.7492287469199053
0.7500449272868084
0.7703417234092214
0.8044246362658783
1.0311472699968334
1.1631282078099627
0.8658129654721112
0.8481414198963287
0.9081027278682059
0.9876471357412887
1.035195228833434
1.0553541075566448
1.0711891205960584
1.0838592350473704
1.095588709746935
1.1091207083379644
1.1268193001286728
1.1495106702420834
1.1752218300230306
1.1987511134171358
1.214475191760193
1.2208365913697934
1.2197545715775833
1.2134139791162193
1.202882506756812
1.188100918516481
1.1684758018041697
1.1440694797311965
1.117663661345752
1.0970753663772088
1.0846694632544887
1.0792914618203266
1.0801907819523682
1.0869031016201869
1.0993694058063133
1.1193749559272161
1.1492501420373404
1.1872250003782179
1.2302129277788234
1.2716797545781366
1.3036094737127952
1.3188500063531545
1.3132198780037343
1.28664597333457
1.2428112455325115
1.1875737350484807
1.1270438252692272
1.0662065187131673
1.0084794818908531
0.9560079131551247
0.9101842743872703
0.8719952550988833
0.8421061310966288
0.8207713967075365
0.8022988336722572
0.805309110223883
0.8215452450551941
0.8543502884778895
1.069674187026905
1.2046245957056023
0.9070400779043619
0.9063236762392924
0.9753803211988271
1.0629819733044632
1.1125457612515488
1.1313349231266596
1.1433177960595637
1.1493542357788344
1.1517075503574048
1.15331772730206
1.1566790584944497
1.1626364164332992
1.1695296687523193
1.1736440651471456
1.171743675896731
1.163448510002211
1.15056400942879
1.1350757516802297
1.1180689567386637
1.099670847721733
1.0796106227383235
1.0582168063550994
1.0376093484789775
1.023062716239963
1.0158418935384252
1.0151934068946233
1.0205771903762297
1.032170044878232
1.050110172692768
1.0766088172124946
1.1132175448938084
1.156441990461665
1.203423797533495
1.2485957995662367
1.2848721704101904
1.305816025842705
1.307646891959154
1.2902197200148124
1.2565938997056652
1.211590573917452
1.160238098219125
1.1068282511212115
1.054691026457499
1.0063393828864418
0.9636424362908166
0.9279178223723412
0.8999658392156351
0.880064882630228
0.8630602492922358
0.8669182041400388
0.8805704342986587
0.9105547161764282
1.112951086555524
1.2419769483734056
0.9512395168507345
0.9757206307093866
1.0528170014691596
1.1472271923469124
1.1983536290115848
1.2156711538497906
1.2235692234786446
1.2225663730490521
1.2151190509347192
1.2046025514499061
1.1939219825071397
1.1842916044694058
1.1746819169751543
1.1626019174830662
1.1462090725387046
1.1258124618443222
1.103234065997893
1.0803223969778477
1.0581187051884493
1.036829576808266
1.0163048483688448
0.9968074592436243
0.97984765930315
0.969177927377163
0.9653716058395254
0.9678984983876312
0.9763616370143535
0.9914121427417292
1.013381906901259
1.0449065188988897
1.0872010950191529
1.1354114541697256
1.1863849796825223
1.2350349173884563
1.2751015055326538
1.3009209816717326
1.309186992683102
1.299756726957332
1.2751715379867776
1.2393807840101958
1.1965452579039724
1.150438793185837
1.1043202800166032
1.0609087561219326
1.0223102550107948
0.9899596662978737
0.9646402904094671
0.946554799285264
0.9307543922751446
0.9341689612870493
0.9456978722521133
0.9702030265982813
1.1569629252917966
1.2746107688741946
1.0228464116128175
1.0505917246455216
1.1354354831800135
1.2361455417317717
1.2890701849587853
1.305204627339701
1.30900593567557
1.3007002334759596
1.2832857904353734
1.26089420622696
1.23707733424034
1.2135763410828628
1.1899561337843039
1.1645266533272163
1.136233658185037
1.1058082835180247
1.075131327709526
1.0459722517094392
1.0193166835090828
0.9953841227074154
0.9740407216081828
0.9553972713141656
0.9404506909542262
0.9319428247721004
0.9299829946662331
0.9341587845827412
0.9441837029386467
0.9610006881866049
0.9850989452755352
1.0194167044566214
1.0651114774199042
1.116628488286936
1.1705784088530558
1.222078184147961
1.2654037506490854
1.2954835399014994
1.3094089111043148
1.3070720044318955
1.2906451404958843
1.263435050357901
1.2289505126616758
1.1905409543022343
1.1513260391299296
1.1140607020430597
1.0809084044973638
1.0532835397983251
1.0318542713655467
1.0166657861551913
1.0033359855657347
1.0059010018152366
1.014125931684997
1.0304373173233243
1.1983200962466452
1.2993786615744272
1.0883996811633343
1.1224749681121908
1.215912229679771
1.3240745711400477
1.380108462040333
1.3957331105431612
1.3953912829903745
1.3795055194273174
1.3522896146625791
1.318884956666081
1.2835200710454069
1.2483686176526063
1.2133263341790619
1.1770601708001744
1.1389224828182924
1.099992378191813
1.0623220317515651
1.0276891896757414
0.9970284884298815
0.9705220797014696
0.9479912048613772
0.9293761924645841
0.9152381684949826
0.9075998809300113
0.9062243649994759
0.910730646084839
0.92092147508467
0.9378627498058371
0.9621538073803528
0.9968645191583938
1.0432345396308786
1.0956148362693505
1.1506169398801078
1.2035580401743735
1.249085576530604
1.2825244884251303
1.301231890395436
1.305130037462868
1.2961528355018395
1.2771570895784028
1.2511354378249198
1.2210176983266992
1.189680992876752
1.1597861800076006
1.1334618581899378
1.1120550608112167
1.0960794510047038
1.085344796254283
1.0768417348118466
1.0790666504129836
1.0822996100423086
1.088222826156235
1.2343026179032686
1.3090288062626978
1.138274236926015
1.1814929287761577
1.285154150147016
1.4035825799150476
1.4646483685839868
1.4804264766862647
1.4756596482685362
1.452209718992866
1.416163392812288
1.3735656169077604
1.3290876212885563
1.2850641885515268
1.2413536685918534
1.1965429782857846
1.1501742599561386
1.103828484113089
1.059969020858726
1.0204819727884036
0.9862280062713078
0.9572842973052463
0.9333759487512153
0.9142807828278942
0.9001956289513874
0.8925874697031857
0.8909175263503639
0.8947678233626607
0.9040155515469198
0.9197106115640574
0.9425097580572056
0.9754351823734484
1.0198594455858372
1.070527533369565
1.1242834962536108
1.1767378514681757
1.2228643052966364
1.2582728040737714
1.2804999537755133
1.2895111452985977
1.2871226490853993
1.2758876595326873
1.2583433988858215
1.2369401392331558
1.2141946029299537
1.1925872596926796
1.17420161525059
1.1603563243063597
1.151419669712711
1.146873590402987
1.1460748834777528
1.1493021299917148
1.146347283762136
1.1404434785055921
1.2627352753969954
1.2952797375351928
1.1638781497322703
1.2183528164654636
1.3339905454881686
1.4658602602505038
1.5321767751547395
1.546890790467483
1.5382684590641598
1.509222121500637
1.4670178865376038
1.4183376369783882
1.368083642052385
1.3185543899424823
1.2692500690549957
1.2181614711557163
1.1648632927743567
1.1119390151406083
1.0626749062138494
1.0191034755399233
0.9818994436419158
0.9509274289222178
0.9257670047613082
0.9060650317242195
0.891751172374257
0.8838288580942979
0.8814373684658924
0.8840701341579571
0.8916751148590305
0.9051933433101685
0.9252858753639539
0.95477148823564
0.9951500792279381
1.0418975415708938
1.092244007749565
1.1421711767526712
1.1869804104514887
1.2225299784257222
1.2465222941451748
1.2590350195722124
1.2619229196706943
1.2575869838127316
1.248138120164174
1.235441653112219
1.2215143152322763
1.208591947265059
1.1987663112042566
1.1934409519447198
1.1928746912937984
1.1960898915421372
1.2057256218109538
1.2118425770433345
1.2024743977595391
1.1841683598509998
1.2818990382935198
1.2538894308320747
1.1601217973752593
1.2268687273623895
1.3556536714008167
1.502997294970192
1.573301390715891
1.5855904413214692
1.5742115153601552
1.5426459193172801
1.497915906671791
1.4468102443406887
1.3943093269987012
1.342749497459952
1.2912979406968477
1.2364939135542878
1.1773000498757589
1.1185756749531375
1.0650350599728962
1.018618930664415
0.9795553892420223
0.9473660029544496
0.9214553650457872
0.9013983326060893
0.887007798288954
0.8789295199649942
0.8758888318652233
0.8772118171614824
0.8829455434200599
0.8938980221409673
0.9106820572166856
0.9358014911752165
0.9708459061252632
1.0121842122579152
1.0574774319844413
1.1030948992761898
1.1446659780050898
1.178294381075871
1.2018792887575662
1.215736261204165
1.2219995176505891
1.2231575804929413
1.2209458132596547
1.2164870886447232
1.2110977683090436
1.206682807863817
1.205429251626377
1.2090013209646668
1.2175842922847344
1.2295530694522223
1.2513907392945045
1.2622741835670712
1.2473208494915864
1.2170171120949809
1.290540476507454
1.187023938783506
1.1270506902047672
1.2059028705239856
1.3479543633923456
1.5109971796069406
1.5847945206343388
1.5956273290613756
1.5831079115453055
1.5513633818171388
1.5069030103147794
1.456053552546297
1.4035937548865407
1.3520884334259293
1.3013518943698603
1.2462275495149417
1.1815967678460813
1.1182732888578513
1.0624867311419501
1.0151861089961263
0.975863623064908
0.9436568676647479
0.9178259142974248
0.897938053552957
0.8838397602050235
0.8760733204980092
0.8729883246912915
0.873370498624693
0.8774944393813754
0.8861410182885949
0.8997537792247015
0.9204427823509715
0.9498204046834913
0.9851277570357911
1.0244237230830666
1.0644512747930663
1.10115757697425
1.1308716569662953
1.1516923593673372
1.1643016003203972
1.1714820894931384
1.1762828625691095
1.1801997609559503
1.183320602400853
1.1859092755961511
1.189367896981472
1.1960322814772142
1.208024267530276
1.2255058935625212
1.2460718770793955
1.2801062521230024
1.2970810284378205
1.2782928143961336
1.2374415581777785
1.2879457029462071
1.1020710613642974
1.069761533031821
1.1596192091858755
1.3139078072605497
1.4911329374888749
1.5686592021088723
1.5798972996480733
1.5685089023805852
1.5388232377544928
1.4966880591201586
1.447677475952104
1.3960775986926894
1.3444293451777547
1.2933624804570358
1.2388008982059209
1.1709427325722974
1.1072164845343568
1.0526095922619578
1.0069347117724523
0.9692024624155553
0.9383546860327863
0.9136015880251236
0.8944981639659157
0.8808028833627873
0.8729100207827819
0.8695199143442023
0.869972102985081
0.8740284258307829
0.8819004890107489
0.8937032585832712
0.9110379229860309
0.9353519962475784
0.9647413844094774
0.9977612733239701
1.031559452129024
1.062369214578137
1.0866546462622215
1.1025888713803678
1.1111964227514408
1.1163906859183161
1.1228688883351403
1.1321967618337592
1.142576826789312
1.1526004293515149
1.1629766846800225
1.176106765733763
1.1946197599507489
1.2189254594530108
1.246189494413339
1.2902822224703818
1.313970883915262
1.293801962678813
1.2447901165535686
1.274019807337399
1.0086434444175303
0.9966546439482462
1.0958556484896147
1.260346363506854
1.4488157372816204
1.5302494740520207
1.543621773728984
1.5354882928867148
1.5098570248987235
1.4716716255134767
1.4255908283846705
1.375246709600195
1.3227919568658062
1.268388623839613
1.2091449676823562
1.145734079348186
1.086991975962768
1.0365807355626673
0.9945169603107273
0.9598464063853993
0.9315415067892235
0.9088199483001491
0.891115209452613
0.8780179379715786
0.8704146788112249
0.8675548688374671
0.8685306278095585
0.8728411795140049
0.8806229022821273
0.8918439728931999
0.9076173778190578
0.9286282984297799
0.9532263835077114
0.980602947597925
1.0084463323910737
1.0332852947971451
1.0516322234987205
1.0615243386016564
1.0639544340710907
1.064125990572653
1.0710152275618237
1.0862488118728608
1.1034055670676004
1.1194384541254567
1.1347824466266887
1.1517795106079038
1.173279758923205
1.200408849908936
1.230893287481591
1.2813623451086096
1.312003775830266
1.2933294325109204
1.2391983118487133
1.2493270237487273
0.9157124435700315
0.9169646179430032
1.0234938712949957
1.1951884955577674
1.3907485716196961
1.4757738139351286
1.492513275912932
1.4891950999136174
1.4690876848205598
1.43605104433639
1.3937876590634135
1.3453189554004912
1.292558107828869
1.2360651359484947
1.17630543521147
1.1172091255577479
1.0638511891661757
1.018313230898233
0.9805000614497207
0.949534888526708
0.9244755639052784
0.9045229990493465
0.8889429531532154
0.8775273183657191
0.8713863589852319
0.8696235105046034
0.8713355740842813
0.8760460845451447
0.8839529099222345
0.8949929760033007
0.9100770480256625
0.9293604500992039
0.9509144729454875
0.9741386886963309
0.9971840318972455
1.0169112301894745
1.02993746574751
1.034224148530124
1.0306505523358442
1.0254510082345685
1.0333822539692004
1.052345829777922
1.0721608182918787
1.0901585255680624
1.1067803808720709
1.1241141324657495
1.1448582434634873
1.1707521515412407
1.2007634267157956
1.253678038590473
1.2915665735978847
1.2773293161575605
1.221461700419994
1.215065315851272
0.8299546924572495
0.8386921286984378
0.9500798267895834
1.1246071035285294
1.3218411410122308
1.4099735289056474
1.4310310049648471
1.433677764918067
1.420168222551477
1.3932286472272477
1.3556841362891967
1.310137329273507
1.2586810925471803
1.2030443716601487
1.1458414812644027
1.0912524077335908
1.0427691718094747
1.0017282591985666
0.967956895418725
0.9406892041069572
0.9190965628120221
0.9023725868719724
0.8897452903886169
0.8811685712658464
0.8773308095719995
0.8772481319555124
0.8802185565145523
0.8858369659577299
0.894418373875945
0.9058738307517291
0.9210095984306307
0.9396161405250958
0.9594602398108686
0.9799343051135148
0.9994409749329822
1.0151140366180993
1.0237788211198873
1.023684208285374
1.0165295902684206
1.0103669074559887
1.0166813038604654
1.0318825289851608
1.048424591210487
1.063503626893224
1.07717320782634
1.0911914721929523
1.1080420274982574
1.12975468258558
1.1564577879661362
1.2086111166077687
1.2542394803666685
1.24709841047522
1.1929937325371445
1.1729653593062632
0.7553937992754426
0.7675524843961254
0.8804983378377683
1.0513352411535075
1.244040834245682
1.3356890023954835
1.3622146614859991
1.3719828884797372
1.3661275603935294
1.3463272733399807
1.3146955225492034
1.2736387224897576
1.2256859683606722
1.1735912981819208
1.1207682608739946
1.070982712035681
1.0269962411757736
0.9899372486183129
0.9597584501690422
0.9359028076365578
0.9177083350945605
0.9044518160067131
0.895458048952894
0.8905681128528542
0.8898070964574264
0.8921612377582615
0.8971965182174211
0.9045578935469848
0.9147260062759528
0.9275532340712318
0.9437824466465946
0.9628269207469851
0.9820710638841703
1.0008637555023683
1.017743256123053
1.0300402874729297
1.034840714917685
1.0309147676515322
1.0209917516585396
1.013019508542868
1.013976436938445
1.0214661540532808
1.0304402973669813
1.038352660917599
1.0451482843314353
1.0524843488274955
1.0627799017150392
1.0782115555296767
1.0996933682960524
1.1487675370662982
1.2026081332616019
1.204648029195985
1.1557946924065041
1.1251271011895745
0.6938535496180784
0.7068950174676009
0.8168696598129965
0.9758864318722381
1.1596542885204615
1.2564284320587666
1.28971624816291
1.3078141593297095
1.3107782327591933
1.2993869995831544
1.2751897792333757
1.240482239643274
1.1981386772045444
1.1514451887169803
1.1039588106665223
1.0590607399546852
1.0192188966059479
0.9856502471870924
0.9585958600381681
0.937799390941754
0.9228267559995855
0.9131297053505502
0.9081394090699474
0.9074974637494128
0.9105414245733889
0.9161842689274174
0.9242665454760367
0.9344310831603143
0.947376775455814
0.9628506715304206
0.9815668195223046
1.0024580372705314
1.0223104355901447
1.040377216234826
1.0552404309689492
1.0643524097114918
1.0650704618922975
1.0567286984217192
1.0426711661174717
1.029763246347664
1.0225399759570726
1.0195414612798797
1.0174740069876167
1.0145640746821445
1.0111120208539879
1.0089750104970219
1.0106682473066142
1.0184461804103446
1.033581223837785
1.0778901159776169
1.1400257253049817
1.15228496541324
1.1122372500826758
1.0738321829999278
0.6456822695053052
0.6581769349894615
0.7596751851338821
0.9013050850994321
1.0756658373089723
1.1788109070068193
1.2195761914961176
1.2467679403841996
1.2594674655194447
1.2576497358393404
1.2423231868005917
1.215565361408619
1.18031812023729
1.140019688227954
1.0981984893416241
1.0580409250390799
1.021968123248398
0.9914333993086374
0.967061288156634
0.9489655285018872
0.9369966079992805
0.9308148372401831
0.9299356514913686
0.9338920613866244
0.9413703382931091
0.9511284434155877
0.9632654586821243
0.9773625225631254
0.9943978104389707
1.0139767788699028
1.0368475917826971
1.0613453268002604
1.0833139718459484
1.1017359685986432
1.11505799228887
1.1207390348757087
1.1164098805367753
1.1019985967022237
1.0812375356150372
1.0600002375709567
1.0415550371311104
1.0251405560538827
1.0088858533677314
0.992096525222128
0.9757887114617568
0.9622395636684292
0.9541337036954249
0.9537201341755974
0.9622391002050175
1.0006452139213036
1.0700046900889555
1.0925077447534692
1.0646592315220502
1.021378150079718
0.6104089196763517
0.6215612039994965
0.7098915456101197
0.8346442592318327
1.0013463788439798
1.1107863442927755
1.158840434216567
1.1951077541750825
1.2178298487982242
1.226223431504562
1.2206894916362065
1.2028982720792694
1.1755875830677385
1.142120141217838
1.105973416236469
1.0703019049776872
1.0376299151271406
1.0097152941856018
0.9876088916868649
0.9718424195879742
0.9625964002982029
0.9597555742038689
0.9629472473817108
0.9717176382419155
0.984131881868007
0.9987121313269622
1.0157974827305367
1.034857058847155
1.0572164564999802
1.0823351770369365
1.1111199076191485
1.1412713334154365
1.1672659157219851
1.1874264952164906
1.1996876772989173
1.2013092015124192
1.1902178228108207
1.1671032227454607
1.1362281525205427
1.1029072631581365
1.0698201136057162
1.036904404270993
1.0036514938728935
0.9706399253497748
0.9398001015666768
0.9138974352531314
0.8957331866801842
0.8874377665449289
0.890044566268648
0.9235499629108055
0.9954222296887816
1.028142043992098
1.0150729150973368
0.9699613310406515
0.5872059926375183
0.5963859070629031
0.6701041976498056
0.7825111952787986
0.943650335301141
1.0585000351018514
1.1130408908637972
1.157713674547823
1.1901022513796684
1.2087311200235322
1.2133383578811976
1.2050251216689434
1.1861134112109906
1.1597241411166364
1.12924562556924
1.0978749336925275
1.0683225878346125
1.0426853196126713
1.022456094667639
1.0086159992697843
1.0017207338308063
1.0019282911167544
1.0090516372627574
1.0227459412871653
1.0404598009024348
1.0604015314420596
1.0831295671895138
1.107963350643133
1.1366427610537746
1.1685147379887157
1.2048364578787623
1.2427745224404392
1.2750096930957042
1.2986008612934838
1.3103429875812038
1.3069459525023264
1.2866856365775396
1.2514162870632153
1.2064164243179931
1.1569480620139323
1.1055828358846072
1.0531363380791268
1.0005534550468327
0.9497912896522268
0.9037161352312969
0.8654789598246205
0.837821307254346
0.8226055570472148
0.8206927572779403
0.851117452066416
0.9192162612778297
0.9620295612380928
0.9651845227967587
0.9216040001194497
0.575162744436236
0.5814880223164958
0.6431003678360524
0.7484198381042921
0.905970913352859
1.025159827414263
1.0851495204242372
1.1372131722876606
1.1784948387877094
1.2069478159371596
1.2216561633944145
1.2230571264923524
1.2128987933333788
1.1939046444164407
1.1692799334340511
1.1422455779168839
1.1157164952451848
1.0921408071588712
1.0734574730208282
1.061115459493037
1.0560979184061972
1.0589265942050228
1.0697069449924068
1.088284219033049
1.1114863242976947
1.1371284761580946
1.165958692801692
1.1971202686006532
1.2328277842535849
1.2723769936045153
1.3175861714458748
1.365231312876465
1.4058144122897838
1.4345119184647552
1.4462266073352426
1.4365875166529036
1.404249576521817
1.3529289386416015
1.2896721336269223
1.220055426989461
1.1469146007846305
1.0722636008011475
0.9986669413568671
0.9294684372913838
0.8683259303558531
0.8185333116868556
0.782518086841623
0.7616849478198326
0.7565304892614779
0.7818417243734838
0.8447391739594431
0.8967708286793614
0.9165651966822035
0.8781014240210308
0.573418892525455
0.5756780247687698
0.6304913558902178
0.7332245688445921
0.8888426009383149
1.0113541975968938
1.075745562964019
1.1340927384538568
1.1833232563231801
1.2209825001539882
1.2455734187360092
1.2568405567555763
1.2558443823706211
1.2447571605724441
1.2264611954138718
1.2041104190257885
1.1807826445204546
1.159260822773925
1.1419181791243644
1.1306715460155041
1.1269751420592613
1.1318238773168747
1.145757502382666
1.1689143215405187
1.1975281770777635
1.2289477403245122
1.264070104679658
1.3018509506134899
1.3450310624679362
1.3929158016801086
1.4480185471028837
1.506742648558162
1.5570854430521013
1.5919546541608134
1.6037839938112255
1.5865004391384876
1.539020152068677
1.468025259329299
1.3831568848688611
1.2900705723192964
1.1922316336380638
1.093357218557718
0.9978256816667064
0.9102703018618659
0.8348701197291934
0.774751981429353
0.7317799678687041
0.7067009412130159
0.6990156349582654
0.7178033871148739
0.7750990392756246
0.8346339315324649
0.8707468431327556
0.8409656076750958
0.5812086571723137
0.5787224653817234
0.6327575584935987
0.7361481970404675
0.8908376363322968
1.0156630531634416
1.0834791579837313
1.147049184340757
1.2032817739939796
1.2494877475110102
1.283701020979674
1.3049962499057781
1.3136745343563185
1.3112168519323388
1.3000225817825959
1.283044592248189
1.263435140455359
1.2442586239484847
1.228283586996914
1.2178667991889414
1.2149379479094977
1.221036951199366
1.237295847722559
1.2643200714942162
1.29787059001527
1.334779260146961
1.3760405923316676
1.420425255863083
1.4712177180290393
1.5277436812827148
1.5931927445228538
1.6634472638080462
1.7237792241237335
1.7647383983363278
1.7761410434802427
1.7497802169377121
1.684375817966877
1.5918497829881006
1.4841271276914476
1.3653594914761966
1.2407511679655914
1.116476118736332
0.9988645606878062
0.8936218870663484
0.8051045334061405
0.7359829071360185
0.6874239346705773
0.6593676082515864
0.6494291831249281
0.661363976474028
0.7127605003664249
0.7775591455042865
0.829157912589937
0.811356836177107
0.6014331613657178
0.5950562040708121
0.6539338301966705
0.7601164941120137
0.9135704466601418
1.0395850239099105
1.1102340028493451
1.1786733865444725
1.2419711818352246
1.2973516623801244
1.3424556272545898
1.375652817641569
1.3963286282999916
1.4050283772974714
1.403402386366812
1.3939807606193484
1.3798459495013498
1.3642699861635639
1.3503898616267265
1.3410064693768438
1.3385523320949162
1.3451703042995788
1.3627453956469384
1.39269561912881
1.4306756531924922
1.4729643388418319
1.5205687720037264
1.5720308619941397
1.631181586705343
1.6972902908316525
1.7741133233302049
1.8566341374453055
1.926919760044656
1.9729998904165231
1.9821445710494994
1.944056160846352
1.854771411790066
1.7445023387678524
1.6094064635063552
1.4584512428847163
1.3012331728606847
1.147191493024791
1.0047195077497328
0.8802982598598287
0.7780073079108194
0.699707753286523
0.6459421230037387
0.6157269341422865
0.6030867593818572
0.6073353355079852
0.651597883214202
0.7195663156098993
0.7875252391912559
0.7872773412120664
0.6609413520406693
0.6598461477368469
0.7330499602358245
0.8415583266872194
0.9864861986787546
1.1090195900813093
1.1814605382569698
1.2552949696359856
1.3280180568640505
1.3969513718853788
1.459384373239126
1.5127836327766522
1.55513477634346
1.5853370801335303
1.6035001374323226
1.6110187768553825
1.610379631618922
1.6047562330302818
1.5975494149839375
1.5920564050175188
1.5913621452799624
1.5983939942928538
1.6159684207479745
1.6466362252586353
1.6869545710000788
1.7333037834893226
1.7867042832663105
1.8453287292302951
1.913348543556676
1.9896646216786962
2.0780466385842096
2.171435768484242
2.24769888342392
2.2923478395347043
2.2924692171666363
2.2415854698841025
2.14003181106029
1.9933487674137162
1.812177300307661
1.6107761988737819
1.4045567875916842
1.207598371936688
1.0307675162560561
0.8808234745450176
0.7605908698371502
0.6700416319088239
0.6087644913354603
0.5740881572040999
0.5553108217467966
0.5480597324755102
0.580480960101612
0.6476714116096653
0.7366527753368746
0.7948936763123717
0.7766661704531427
0.8088474828870443
0.8968393902425432
0.9903620855664245
1.1017454850468444
1.2039056819636424
1.2705849314628268
1.3437526572960898
1.4210677669475063
1.499940156901111
1.577790466853045
1.6518387102153227
1.7192161225420417
1.7773903813927203
1.8246601188721294
1.860539854272876
1.8858949023483704
1.90275939176846
1.913920683832477
1.9224835113146117
1.931605722329441
1.944428964694761
1.9640538572120847
1.9933648672975268
2.029919183064294
2.0712835596773886
2.1187418335810837
2.1706663229009444
2.230412920950599
2.2962542026524755
2.369891217784917
2.442959168338914
2.498678065962646
2.525719932398882
2.5109580596959247
2.4453937145568934
2.3257133793954092
2.156010068878665
1.9479000988518795
1.7184127378089105
1.4862673587311934
1.268003598784068
1.075379981485291
0.9146404088457527
0.7873248463985298
0.6917966550999781
0.6245552994395687
0.5806331805876536
0.5542686157095956
0.5371951118074673
0.5591351063417814
0.6189581285783059
0.7159768029601302
0.8430811440028677
0.9033203906063078
0.9753917123663185
1.0633342276773177
1.1312325657193403
1.1982803942062268
1.263685999821696
1.3120635977178061
1.3700187791113467
1.4349552911112007
1.5053546087509388
1.5796988426881036
1.6561512273865189
1.7326042865499005
1.8067010307942721
1.8759479255172764
1.9380945386462638
1.991745635872893
2.0368452230883225
2.074632323968281
2.1070948668932243
2.136374346634227
2.1644991683029864
2.19341680494629
2.225020396302933
2.2570965520453647
2.28905969626803
2.322651701398292
2.356887974895383
2.393735142277717
2.431661059032434
2.4713647503528726
2.508242326119031
2.531060345886962
2.5303669142416316
2.495955340383242
2.419332944834335
2.296500452442685
2.130284484854224
1.930862886029078
1.7137940500000264
1.4962537670203717
1.2931747348196738
1.1148110894956902
0.9662113405368477
0.8480877149015102
0.7582250901178335
0.6928630217240583
0.6478940257856307
0.6196697030636376
0.6017161659509933
0.6262885773060802
0.6780982315000478
0.7595740399645854
0.9405590094039501
1.0152775552772153
1.1032543601987674
1.2030375815247794
1.2702438679752648
1.2949312631862957
1.3075566545898012
1.3221927852002442
1.3431712827347209
1.3702132880176314
1.4032207343258587
1.442681984004826
1.4896896742025205
1.5454789007718546
1.610588287556149
1.683968552291719
1.762514065921802
1.8415001965339568
1.9161421492264747
1.9836696949876862
2.044076129579345
2.098441318566079
2.1469922166500353
2.189027619948037
2.225134986348952
2.2563564344513356
2.2842126656442683
2.31035456288922
2.3340332930872236
2.3565243075882076
2.3765838298002393
2.3937329824227804
2.4040174413153794
2.401797079938207
2.3820980164358785
2.3384387617618483
2.26422992058352
2.1553903358710884
2.013094074180259
1.8449804572049262
1.663777279348351
1.483889484324923
1.3177687872394765
1.1737337872146365
1.0556721714495758
0.9636143532180351
0.893670919494552
0.8406197135837636
0.8018785422245955
0.7765950936766954
0.7637485146614084
0.8157455084790134
0.838125494508998
0.888407593057327
1.1120843383856729
1.0463455363265886
1.1305291952831231
1.2000693797611213
1.2528402379581216
1.2971866489915402
1.3401212634280844
1.3736315380743775
1.4174291895790212
1.474463391605058
1.5481577333772845
1.642157544316888
1.7597105359388423
1.9026624017989398
2.0701161759406586
2.257018781970713
2.4533691814912753
2.6455520755314947
2.8297485057769505
3.0246423636177733
3.1824882092802578
3.279331104994833
3.308009836753499
3.2726121417794
3.1873258828746933
3.084709937141324
2.986049697497518
2.894160818114777
2.814642327785225
2.7441145429777327
2.685981875068741
2.6384585452639433
2.6021995121141877
2.572773438913022
2.5366970319806437
2.4813419225947344
2.3991089727218706
2.290341519829688
2.1630392855696425
2.0291816279040913
1.8994848007764462
1.7787197220040192
1.6632148628168484
1.546649376660651
1.4322304527862895
1.328954203642648
1.242889807544319
1.175065909770386
1.1224710563103395
1.0799033206134663
1.0108447478223068
0.9918539839544338
1.0660157520461633
1.1905618373215574
1.4031014635684285
0.9773080491834087
1.0104862760739077
1.0445332018659281
1.057009144622701
1.0567955227033683
1.0715114063048867
1.09267518958459
1.1279174685481608
1.1816086389891167
1.2585585920447002
1.3636799919285012
1.50134403832563
1.674459087320262
1.8832672914276005
2.123853589512445
2.3866731806716324
2.6559836919848925
2.9112493920383686
3.130650885644652
3.2954418950891546
3.3936594751466957
3.422410709348584
3.3883161014436767
3.305835083272074
3.2057775473965577
3.108130139508221
3.0152642962859906
2.932685450195008
2.856794201362703
2.791172587745658
2.733928847581974
2.6869536857848
2.6487379460979947
2.606945045965515
2.548564053427226
2.4637115422207376
2.3490918719911766
2.209162383347509
2.054029014365097
1.8950512416566985
1.7404726573336033
1.5935803088737275
1.4550285239217802
1.3268617700570435
1.2130137186156404
1.1168196253629965
1.0392226655058252
0.9786345334874361
0.931744855958867
0.8697441436143956
0.8316052256233036
0.8614011786421916
0.9539665127091479
1.192021892291788
0.9406106869777315
0.8847732422567672
0.9016714303857569
0.9135728817753287
0.9210160683612347
0.9377811536725214
0.9576836855065957
0.9899440482199531
1.038829134065181
1.1088032384804523
1.2040746144257037
1.3278630123229398
1.4816038535239584
1.6641819607577144
1.871072296302558
2.093512344197451
2.318264894330957
2.528658109030514
2.7071843131785216
2.8391101763292412
2.9158394078421477
2.9367429485481615
2.9088536355850327
2.8447221391247397
2.7684112938684473
2.694784310114085
2.6253360331679216
2.5640352067715804
2.5081826058366095
2.4605069179224475
2.419873525209942
2.3879948411055056
2.363542586712934
2.3369060949289455
2.297192819923342
2.234832330566098
2.1444476145052884
2.026666437706639
1.8877623310436966
1.737215322634662
1.5845767757461224
1.4373198419454818
1.3004294090135913
1.1771232940584015
1.0695241249643652
0.9787508968511305
0.9047446994788589
0.8462626836778251
0.8011731876952781
0.7453443159525183
0.7112161830407625
0.7303643517341585
0.8162130923668964
1.07990674361463
0.9385100034261293
0.7802755723843403
0.794281462405464
0.81933911110608
0.8471733566579822
0.8746633901800183
0.8969836865544442
0.9280396046597436
0.9711017652888625
1.029560029533745
1.1065747410303295
1.2044206247130052
1.323454982145236
1.4610779329154513
1.6114183888388416
1.76595176774051
1.9145075969753274
2.0463877642900954
2.151726329315257
2.223113192373216
2.2571950560306435
2.2556739333893496
2.2250883147234517
2.175224611678956
2.1227070392178984
2.0758592487027276
2.034567891343231
2.0006162069022038
1.9722909808749867
1.951112865019022
1.9370677198938009
1.9313302806736603
1.9313722417089694
1.9302721223237995
1.9194951426640796
1.8904029196535597
1.8365167472373005
1.755682898370607
1.650996271356323
1.5298662780706818
1.4016719478488733
1.2752029912637386
1.1569754534239127
1.0508007068552132
0.9582935212744933
0.8797042674928549
0.8145785673751946
0.7620882521600458
0.7211519721147236
0.6719613279751114
0.6482822706166815
0.6718683239161247
0.7476050367919875
1.0087833009144458
0.9779405460291004
0.7692940960596718
0.7637814803107904
0.7974942111405823
0.8433129924477443
0.880640759766916
0.9049712972300811
0.934460396990958
0.9716355455569217
1.0193462234495325
1.080479666888654
1.1574516424518484
1.25120998512408
1.3594463694790142
1.4743339150382528
1.5838421375835874
1.679071511361867
1.755576556366061
1.810125226638176
1.8401768976645647
1.8447828174200174
1.8258545055325641
1.7889916200747065
1.742678090768423
1.70029159924094
1.6664434269517188
1.639675355905707
1.6202695900994173
1.6067769105809009
1.5999272102902764
1.6003784823469416
1.6094909160291393
1.6246841660782674
1.6407492231699006
1.6502634157793652
1.6448330362641244
1.6173605963674926
1.564429115424192
1.4876340310866956
1.3931108354279147
1.2894886856972456
1.1853212607939123
1.0871187009958387
0.9985790603769036
0.9209990403187579
0.8543477621550506
0.7982392182976619
0.7523319945464194
0.7162677645781
0.6737577118678721
0.6575127346655176
0.683165133511232
0.7398751709074175
0.983823657292702
1.0185692431747122
0.7833940280486587
0.7692356954172783
0.8089372212561066
0.8659706282425687
0.9088463461868423
0.9339083848634211
0.9617471266414028
0.9944605653203402
1.0346521707759464
1.0851340629515802
1.1484478723823388
1.226080514042325
1.3172531425608203
1.416751071772306
1.507604643843838
1.572353789713607
1.6186620644499288
1.6484188992338078
1.660580206484346
1.6539485420613664
1.6287649658393935
1.5891145114791028
1.5434357668953653
1.5046722533476335
1.4759827012381597
1.4551495986974052
1.4416619331116376
1.4340220591615385
1.4325280476334683
1.4381288092579185
1.4527244992560726
1.474383856917392
1.498673154796369
1.5183493932593226
1.5249049881760113
1.511001337190805
1.472863506448444
1.4115904928745842
1.3327086226467453
1.2442119791590542
1.154092392396187
1.0684218840660131
0.9905954872598535
0.9217861860249899
0.8620765388176368
0.8113912831326877
0.7697694656292563
0.7371864177075809
0.6995774622337287
0.686757975333479
0.7104662964842607
0.7521219050681511
0.9886515506202916
1.0607827410736783
0.805440524102752
0.7881995290546271
0.834293728767603
0.9010891663265463
0.9482044678247049
0.9733764783560694
0.9991032557140734
1.0271215517596861
1.0598507986325447
1.1000295901131953
1.1501281702070276
1.2114786762260303
1.283036431943496
1.359360405753684
1.4266766174058907
1.4716034835334222
1.4991441092704645
1.5138439355489277
1.5165080202844672
1.5064103536601219
1.4820728480236116
1.4439886930224226
1.400212668206685
1.36479594616588
1.3403215240459263
1.32412024093754
1.3151204456362355
1.3117714057955665
1.313960856533601
1.3228017071889702
1.340976123435739
1.3674703674545194
1.3981296851194729
1.4255242330425455
1.4410574329808432
1.4374105721403936
1.4107846641362458
1.3620637818976662
1.2963017378056
1.2208125334169289
1.1428366859931631
1.0677915068230623
0.9986940319618411
0.9367428209865613
0.8823765129498725
0.8359694092165931
0.7979213651581097
0.7684256854427451
0.7353481785829313
0.7248482670069332
0.7448332628820851
0.7727218265822173
1.0073293605881033
1.1063206511252504
0.8361965320373902
0.8206704412600285
0.8744294559414745
0.9508710611310155
1.0015082216079154
1.026167690441406
1.04899215216851
1.0713717730698116
1.0955780096974448
1.124291915570858
1.1598227288148828
1.2030295369271335
1.251952107884287
1.3005312070871287
1.3399227732592875
1.3651443561034198
1.377706582025432
1.3805721848589594
1.3753338006424574
1.3621207228153116
1.3401681492927797
1.3092045747811576
1.2734555907232543
1.2446210666145543
1.2257706657436822
1.2148646729176722
1.2107808870589951
1.2122506607121417
1.2188536381152042
1.2317003941939726
1.2538628678225723
1.285058113552467
1.3212778531620257
1.3550284670170054
1.377914289025685
1.3829290320876988
1.3664862856751177
1.329389728171985
1.2762101595978277
1.2134120189224715
1.1472110572015533
1.0821525159208165
1.0208897095716034
0.9648622717519927
0.9150677349618426
0.8723974382746426
0.8375764783380079
0.810949325319867
0.7821643838960974
0.7734048375231373
0.7885142058585682
0.8167154916331266
1.0387555091639362
1.1518165684262356
0.874952757116063
0.8666624826148628
0.9290558682221174
1.0146708467868764
1.0679609713140203
1.0914504973453498
1.1105638621585774
1.1263573585328708
1.1410177816265066
1.1572630076496326
1.1773545982781115
1.2019102726073965
1.2288260679026237
1.253200012130576
1.2697222718043943
1.2763164126453845
1.2744435409326926
1.2664949394164458
1.2539871849937114
1.2372512588078028
1.2159882464987815
1.190501952150795
1.1635979763679245
1.1428329725891735
1.1304269218127558
1.125222652296094
1.12642584923568
1.1334869114062696
1.1461356303432104
1.1657964779740326
1.1943866583448104
1.2303066893982433
1.270598044712474
1.308730136096129
1.3369541027414416
1.3487915919887525
1.340994045057607
1.314321986972219
1.272783327520876
1.2218020550727617
1.1663807052025563
1.1101892729040221
1.0557116790884913
1.0048027846625784
0.9590307035222481
0.9197039314467291
0.8877539566609537
0.8635943847288509
0.8382624766189621
0.830654622715697
0.8411608260469743
0.869110218832294
1.0797806673032697
1.1948000909402674
0.9208619125794225
0.9254073889209739
0.9968151545622731
1.0907459489982614
1.1458158798305584
1.1675864505271691
1.182312481646263
1.190715845789493
1.195006172074079
1.1981295000481593
1.2025693057287905
1.2091220272494336
1.2161600605035248
1.220173853984957
1.2180044974177164
1.2090333043929922
1.1949533598060615
1.1779613981512227
1.1594685190573124
1.1398656215242475
1.1190262084885727
1.0972860178115882
1.0766203649632244
1.0621248906798924
1.055037432222037
1.0546586351698901
1.0604535544922353
1.0725904317541797
1.0910928826260002
1.117963661151379
1.1542801047706606
1.1961662891318614
1.2406998620898104
1.2824808966746954
1.3148651863291176
1.3321990287050252
1.331711323646289
1.3141482235159796
1.2829083644653314
1.242333226821784
1.196307037867154
1.1478702191242771
1.0995275117967427
1.0535233090294935
1.0118181849619818
0.9759362286993497
0.9468549534431051
0.9249575408269421
0.9021979838807527
0.8952497200475471
0.9022656584295872
0.9278771329238217
1.1260725510483152
1.2340024428215688
0.974943436700844
0.9943726093190665
1.0747887733070494
1.1760720290319207
1.2322968125679374
1.2520511316493304
1.2619592156174113
1.2624105083010642
1.2558257909633894
1.2456581440250778
1.2349219989268465
1.2249114061642168
1.2146754837480995
1.2018077816172983
1.184433830518361
1.1627513103963372
1.138639366508129
1.114198951632823
1.0907495807916114
1.0686807122116322
1.047895440574642
1.0285784410677974
1.0120461413229904
1.0018090612795842
0.998404800417858
1.0013911490918783
1.0104090044588117
1.0261586402414782
1.0489145756908425
1.0812029277042445
1.1238397854970965
1.171454455231115
1.2206500179326158
1.2664094162874262
1.3029199770955762
1.3253375908920793
1.331393531421446
1.3218486628226376
1.2995776146771565
1.268051085028054
1.2303579202333894
1.189168154445802
1.1470376390414356
1.1064353223412315
1.0694931485422887
1.03776297352219
1.012131881037707
0.9928611974335891
0.9726993663156269
0.966233156471793
0.970202137581903
0.9904692428730911
1.1733270360083565
1.268191465675306
1.0397347122072198
1.0683412055350077
1.1580246508985435
1.2662705096960363
1.3236157544101903
1.3413873728721415
1.3462863410503982
1.3384635360779937
1.3208910029451082
1.297853822898232
1.2731206153387888
1.2485821886216613
1.2238491317543168
1.1971841774304934
1.1674188939868644
1.1352483686486627
1.1027383481670048
1.0719757377425299
1.0442151261319454
1.0198063934755268
0.9986060467881938
0.980598963860897
0.9665608258644709
0.9589014260164124
0.9576480722339623
0.9624898674969344
0.97319588131815
0.9907996830512644
1.01577175421993
1.0510087232312084
1.0973612592509197
1.1487840186637759
1.2016070470250986
1.2509340838427176
1.2914000359758568
1.318666669305228
1.330777671886623
1.3284622544330513
1.3142095723304053
1.2909154348735623
1.2611728727650406
1.227406538798691
1.1921449102583983
1.1579087449273957
1.126841734817642
1.1004136992159286
1.079345603200282
1.0637075741766087
1.0474616046970031
1.041772909867341
1.0420511349337453
1.0539532962315143
1.217867265696855
1.293597425179955
1.102493183680635
1.1394450415663853
1.23935237984634
1.355493895907317
1.4147780362840199
1.4308620920815138
1.4306411687846028
1.4144197799770997
1.3862582705883286
1.3515199053792335
1.3147409926485527
1.2782603193611544
1.241923032975743
1.2041882446839742
1.1642116498893598
1.1231182471201782
1.083299095650794
1.0469471025209474
1.0152741639772396
0.9885436899224989
0.9665048150205732
0.9489305466755031
0.9361461967394156
0.9297619135064703
0.9293981068539451
0.9347697950363768
0.9457409580716151
0.963498948274865
0.9886544482160725
1.0242855077498507
1.071414912115239
1.1239888153881379
1.1783744586806173
1.2298469094563664
1.2733208154509903
1.304712563403292
1.3221695090532566
1.326324130008922
1.3193984237744674
1.303935641651969
1.2821941036085958
1.256352582043442
1.2287944736053389
1.2019639315412987
1.1779439100656544
1.1581043417511345
1.1429900939782875
1.1324244547347118
1.1224015102732032
1.118402239239896
1.113972424577057
1.1151484996416017
1.2567483106623023
1.3028106768224517
1.1504671509616378
1.1983098953307918
1.3099141203103792
1.4362311442765803
1.4986946504955991
1.5132468237918948
1.5077830319606504
1.4835311405740368
1.4460870842828641
1.401845041177361
1.3558744125300086
1.31064086255697
1.2657844788290606
1.2194605866067711
1.1709207751807926
1.1219369369358656
1.0755451314297235
1.0341781796663234
0.9989754110366689
0.9700263350960178
0.9469049379299589
0.9291749205298175
0.9167995556489121
0.9107956364309941
0.9104219283645533
0.9153241220220837
0.9254297505455966
0.9419333432905951
0.9655304292259741
0.9992923455588523
1.0444601147917618
1.0954796718625597
1.1490132509915334
1.2006300250490676
1.2454932219694148
1.2796531681129981
1.3012502712525758
1.3108102268727517
1.3103991876523953
1.302351491683355
1.2886383714553633
1.271110110498885
1.2518708110337893
1.2332000221686061
1.217121884523621
1.2049704197682782
1.1971599263436499
1.1932133911004148
1.192141789243912
1.1914138067019375
1.1817098222195412
1.1708066626924745
1.2876583313236927
1.2879873533349089
1.1750229271464783
1.2360705790328574
1.3607218790427622
1.4996944183169019
1.5654434185596047
1.577736190702502
1.567365192431738
1.5368295787683983
1.4928651537153437
1.4425211424479067
1.3911003331531886
1.3409249369752414
1.291005172984625
1.2385331173839922
1.1826628127657102
1.126475624072997
1.0742028628419207
1.028559686772768
0.9904548813240943
0.9596588410210797
0.9355000102664581
0.9173554937678868
0.9049389124759633
0.898846716418752
0.8979908788643258
0.9018548891685896
0.910388022226986
0.9246892104688749
0.9454897180665032
0.9757004372301832
1.0167728324394607
1.0639852532978877
1.1144457894393387
1.1641026967218038
1.2083826554466075
1.2434470275626137
1.2674250479634965
1.2808071491515245
1.2856528993574279
1.2842199505298006
1.2781927121609338
1.2689613361651009
1.258194362838678
1.2479310046098937
1.2401824132676258
1.2363716333479677
1.2368677861660728
1.2408331070413277
1.2511834570120428
1.2557286168152337
1.2410904401633538
1.2178736573947102
1.3088206289117967
1.245594037167523
1.1714249017620817
1.2467549874056145
1.3849742878176399
1.5378021295075577
1.605656126378028
1.6149632797540276
1.6008168782203784
1.5668159700464843
1.5199450822360971
1.4673522681081155
1.414355215168698
1.3631918373928096
1.3121886122929365
1.2563615756232045
1.1939617964720655
1.131110010043173
1.0740264714163745
1.0253661655148
0.985452242060231
0.9535688641578699
0.9287626153421908
0.9102791047363511
0.89772412613543
0.8914633515829167
0.890099200620472
0.8928539451467494
0.8996130872379869
0.9113203616439884
0.928711398058652
0.9544500188486882
0.9901659573691666
1.0321039565642895
1.0778354236363674
1.1236981602572302
1.1653987574492184
1.1992365464631618
1.2233910685078653
1.2384592866653463
1.246725753800731
1.2505779144054945
1.2514281631207986
1.2500325207029808
1.2474183899896027
1.2452776699093373
1.2456498000967895
1.2501986460167207
1.259359751128715
1.2718770247792832
1.2950824725797279
1.3067528926963146
1.2884666873794182
1.2538069564029946
1.3189759185577807
1.1783779031790234
1.1398322157805525
1.2290734339326057
1.380146790431699
1.5460733888176519
1.6153514382894743
1.6225913356423336
1.6066810334649897
1.571991784604578
1.5252908542354333
1.4733393258779228
1.4212579345330734
1.3715610717942375
1.3232537174093046
1.2683046094202473
1.1990499262208258
1.1303989655812077
1.0706010532797807
1.0209787349418515
0.9808714590008445
0.949032978632627
0.9242848787913858
0.9058285140826854
0.8932910773615671
0.8870066709148496
0.8854345574660588
0.8875236706085456
0.8928921913974839
0.9022135731894722
0.9162438000183054
0.9374426992191902
0.9675467744992694
1.0036495031552202
1.043701830333111
1.084416035288903
1.1217954151950529
1.1523013654972427
1.1742167756893782
1.1884083788665665
1.1977399055832898
1.20512319866172
1.211768032281826
1.2175232243189318
1.2224711156956254
1.227782144876196
1.2354939751459229
1.2476146390003184
1.2647823605595454
1.2853669124858538
1.3210739797167814
1.3409861346511436
1.3210778841969502
1.276842123633562
1.3174320084798516
1.0939702362654435
1.0850397340279596
1.1866783503403662
1.3486840049695068
1.5251943318387093
1.5961995819615167
1.6034480412565675
1.5884891187400663
1.55586161750851
1.5117446282725189
1.4621547650313529
1.411697208767903
1.3629454204728018
1.3164543007749425
1.2713131485542164
1.190377064605069
1.120182817732323
1.0614644037558485
1.013590753169283
0.9751808910707852
0.9447048171506209
0.9209225018306776
0.9030754511030902
0.890840310353025
0.8845747465957275
0.8828178999405932
0.884569685532131
0.88942096113497
0.8976949208813001
0.909642529949084
0.9272988962498667
0.9523932540551969
0.9827615054270374
1.016775626959535
1.051548556336597
1.083366818581264
1.1088045468187266
1.1261945371711146
1.1367511127141552
1.1444269853317945
1.1534778079272996
1.1649963085092723
1.177293340441188
1.189079215650151
1.20084842120319
1.2145297894216078
1.2324189659586273
1.2555169528368029
1.2821748392550758
1.3279371088372272
1.3563082686047427
1.3372899129881584
1.286105816276542
1.3041307091717282
1.0018863395927546
1.0148254306735531
1.126719622673477
1.296791417597564
1.4801488342481157
1.5536127578238461
1.5631185897569948
1.5518091683361896
1.5237677111765426
1.4842168764616166
1.4381744250180661
1.3894614499717306
1.3400794208677393
1.2895705205860521
1.232201872608155
1.1645464575958402
1.1009802951023884
1.0472882267694565
1.003530044885756
0.9684242146506923
0.9405148016814887
0.9186578854549581
0.902136770939071
0.8905376492083942
0.8842339314191484
0.8822454047266008
0.8838754960786988
0.8887222272352807
0.8969902571290533
0.9086417997601228
0.924875360554213
0.9465675777749368
0.9720820462395889
1.0004629877239675
1.0293055692642927
1.055145492172429
1.0745664456266082
1.0857684543956354
1.0901205259849227
1.0932174169617799
1.1025096802507939
1.1185575731060604
1.136536257667276
1.1536871502817416
1.1700616102491683
1.1874669829826152
1.2083106651529245
1.2340386747089345
1.263562471379795
1.315469429434349
1.352020661111944
1.336653296945501
1.2815769158610455
1.2796838624480344
0.9107878877004424
0.9377128868016218
1.0574343041954857
1.2318550291605468
1.4175936137330731
1.4942632103808666
1.5079143993947863
1.5024140191059578
1.4809249469633823
1.4474682159914243
1.4059631640516788
1.3594352446581814
1.3093985661491043
1.255424010197964
1.1962155454609629
1.1350993406145196
1.0790585761918168
1.0315646698924636
0.9928386438701928
0.9618341134352326
0.9373075951193305
0.9182505472601907
0.9038061023394822
0.8932323632509693
0.8874946535735508
0.8861233490084909
0.8883157324139668
0.8935565438934437
0.9020538864099165
0.9137235692348783
0.9295339832363378
0.9496913451796427
0.9722028513909017
0.9963789520365284
1.0202658185210756
1.0406629201041373
1.0541499475272824
1.0586907981437383
1.0553940301975588
1.0514562300505594
1.0607872315372293
1.0803553138226034
1.1011612959521764
1.1203426273416648
1.1379931445056037
1.1558482693626104
1.1763072147611688
1.2011762702080337
1.2302227955115805
1.2842178979357723
1.3287587844440432
1.319773150212789
1.2639953451878594
1.245345608842593
0.8269891676534742
0.8611103779068016
0.9858417718350581
1.1596237068599784
1.343093251463993
1.423901319179711
1.4431915569630553
1.445073467249569
1.4315394389654463
1.4053371276829159
1.369345270779574
1.3260042125666147
1.2769031780701197
1.2229576533081639
1.1660047581604622
1.1103375106319453
1.0604347196953914
1.0184151415915945
0.9843407378439971
0.9573477709336954
0.9364478270221769
0.9207836002110885
0.908995680968933
0.9001632232586771
0.8962141425097309
0.8963741463715204
0.8998050868361315
0.9060014382660682
0.9152838198088169
0.927554924987844
0.9437083941406754
0.9635552503300469
0.984658555139144
1.0062305130359477
1.0264986137436327
1.042449505570337
1.0507316487843825
1.0493183127983792
1.0394972034943735
1.0302115501328257
1.03796657866181
1.0554283933965225
1.0736658121386884
1.0900973927470063
1.1047389898923143
1.1192247842682597
1.135938830327867
1.1569507933189478
1.182824222321534
1.235682105153224
1.2883356193256978
1.2880670327757888
1.2348045407830226
1.2029076633839102
0.7542157483067619
0.7903538080466912
0.9162417845156282
1.0825612570310157
1.260237998197921
1.3467647345981253
1.3729930268296644
1.3834807179358957
1.379007958530444
1.361132812642831
1.3318584995865124
1.293307496372284
1.2475219948763543
1.1967312749325807
1.1441060075687368
1.0937019666548355
1.0488947836825724
1.0112812946770113
0.9809639854651201
0.9573341394638969
0.9396819811404893
0.9272682464019839
0.9184424566446834
0.9129230586048753
0.9120189219555458
0.9146444232195171
0.9201968924955695
0.9282225371598767
0.939229748942225
0.9530893895171877
0.9706900757520466
0.9914912884437
1.012543299325313
1.0328585938129213
1.0506587588378171
1.0630182387300953
1.0667471849813202
1.0602536287802158
1.0460536792456943
1.034135760583824
1.0350563195035882
1.0439469927207552
1.0541481848553853
1.0629457803012903
1.0702260951615388
1.0776085372246098
1.087544130130623
1.1023198013931208
1.1230945315141412
1.172583440060316
1.2335151637658208
1.2434129620837635
1.1960808002357508
1.1545308088623685
0.6941093872870039
0.7286239800326381
0.8498481960243358
1.001669567850729
1.1729021971272755
1.2670708530967993
1.3013154088205854
1.3214066565719529
1.327011532010444
1.318654596661415
1.2976221830142392
1.265838863945285
1.2257426646986465
1.1803014421705977
1.133066996975512
1.0877389117906522
1.0472185558170344
1.0130363261781055
0.9855475566690078
0.9644890695650719
0.9494277690448168
0.9397588397284585
0.9344778265017242
0.9334384974029448
0.9365301508420237
0.9425792576068505
0.9513100540510029
0.9622874109096717
0.9762715437856081
0.9930598341529134
1.0135925347898012
1.0369158971317263
1.0593644523358328
1.0796676810000887
1.0958998709291843
1.1051305910875724
1.1043963995115706
1.0927845001304597
1.0739453531057008
1.0567639284259014
1.0476533710627738
1.0441604331561694
1.0419178946678573
1.0387596011694642
1.0348315716550158
1.0319644594422208
1.0327701787811174
1.0396848563714087
1.054178216643517
1.0987649541008029
1.1676731405068768
1.1878099061136067
1.1502995485823617
1.1025513436681758
0.6469535524453979
0.6773927712565239
0.7866696951940689
0.9215126576203992
1.0877864212670652
1.1906757363261684
1.2334671810644064
1.263769463170917
1.2802789064829843
1.2826110563786939
1.2713798382191632
1.2482129732730374
1.2156301119904385
1.176830260579774
1.135397082888203
1.0948159401077622
1.0578694218646965
1.026278691835484
1.000802505112372
0.9816143384942941
0.9686364175308075
0.9616049297387913
0.9600660697098562
0.9637417124684486
0.9714576493183344
0.9818140660821661
0.994814822256443
1.0099684603487735
1.028346529151859
1.0496303147727086
1.0748872834518737
1.102660585430215
1.128238512166013
1.1498806078520052
1.165298637304529
1.1714197382145537
1.1655262487087115
1.1474523407973876
1.1215285620443685
1.0952596745690129
1.073113733255745
1.0540868556120488
1.0357643041349764
1.0171251754817858
0.999028237060656
0.9837318551677122
0.9740319992901725
0.9723778420442
0.9802077571863543
1.0187118093761132
1.0941385142570155
1.123866925107077
1.0999532310385896
1.0493082555338014
0.6123057483407426
0.6370349268965398
0.7295120401514679
0.8502070656876571
1.0130028735023722
1.1243918407052842
1.1755627558091861
1.2161159985337906
1.243925812757455
1.257769072876828
1.2575317823670344
1.2443340404579908
1.2204392717890964
1.1889495060321487
1.15337290581049
1.117135370632129
1.0831209798261046
1.053395306453852
1.0292202704905635
1.0112866164622396
0.9999594267201941
0.9953666727443163
0.9973856047849663
1.0057478113677845
1.0184949864332764
1.0338827586095158
1.0521300884120388
1.0726125735585044
1.0967751553861784
1.1241642119600865
1.1560964130178524
1.1905596645997945
1.221361699052577
1.2459278346561509
1.2612223151518465
1.26379288756402
1.251165174192072
1.224033924458047
1.1873734122500401
1.1478638056396564
1.10917510182135
1.07141978531847
1.033962794949255
0.9972533107048356
0.9631439697214533
0.9343963137370439
0.9138913450661214
0.9038982351959937
0.9055649187643292
0.9369627784481398
1.0156790215197906
1.054910247383031
1.0472881690108946
0.9970185543406603
0.5894313634127233
0.6073908816964185
0.6835097237803331
0.7944790488406025
0.954960662603439
1.0739103161634562
1.1328002074125247
1.1831323108662577
1.22212676716654
1.2477901248388314
1.2592168239248787
1.2568216095582183
1.24233827182925
1.2185431905960025
1.1888001062986608
1.15656346974773
1.1249502287166933
1.0964664462925124
1.0729424718635474
1.0556448601136599
1.0454383110057623
1.0428594669202516
1.0480949137844064
1.0610275347056812
1.0790485590380403
1.0999915301628447
1.124245657007305
1.1510000855785343
1.18214259208957
1.2171069979898304
1.2576366794289762
1.3011801861174197
1.3395617466105014
1.368827969241123
1.3846148826876978
1.3827285231911715
1.3609518043581659
1.321172951750613
1.269432533521554
1.2122662809751938
1.15323647469352
1.0936371790022674
1.0346341766214715
0.9782860453852534
0.9274864141731238
0.8853820934854086
0.8547152702809679
0.8373540890975646
0.8340863816475718
0.8637909927424214
0.9355243447043737
0.9843666539691748
0.9942955215998458
0.9476992653047092
0.5775513631792283
0.5882225433552799
0.6522489586408408
0.7577008339342348
0.9171005075875492
1.042584883164896
1.1083373467115802
1.1676683487516497
1.2173342188050953
1.254679042877118
1.2779989588592156
1.2868774850244256
1.2823170086258895
1.2665757226863716
1.2427695958718694
1.2143830814475869
1.1848204542871827
1.157081871407404
1.133607196910435
1.1162801132344438
1.1065164608664178
1.1053227231658083
1.113274715086323
1.1305196749077029
1.1538648531540316
1.1806510700143649
1.2114012386626112
1.2450916067118627
1.2841269415709955
1.327886490094078
1.3787341693299924
1.4336098293843458
1.4818329946411462
1.5174695364853212
1.5341494139435192
1.5264683644825952
1.4925087780560282
1.4359784621619058
1.3647087169110492
1.2856043246214512
1.2026054240522823
1.1184810622812384
1.0363257632520244
0.9597982200582256
0.8926635471133841
0.8381720803880679
0.7986283202303587
0.7752683505163513
0.7683594751686935
0.7925314347186706
0.8575093614808006
0.9153293590349714
0.9428194366473472
0.9031180609660109
0.5759535691341184
0.5795369875723584
0.6370540970357125
0.7406358226974455
0.9002301756259264
1.0313727653939653
1.1031212853776562
1.1705491939495798
1.2301428821162874
1.2787321306545707
1.3138784184240317
1.3342910283189606
1.3401054189903208
1.3328875739278796
1.315360221815618
1.29095967187896
1.2633585849086149
1.2360593593284968
1.2121263457959128
1.194085194115435
1.1839532278466656
1.1832973333325254
1.1932119608198317
1.2142340108123562
1.242661191069344
1.2752746924518488
1.3126904648807838
1.353668969208808
1.401195371319867
1.4546504148579926
1.5171425736093411
1.5850537937719884
1.6447377675448687
1.6878108113379653
1.7053310686839882
1.690199159560642
1.6408442949091475
1.5637896006725287
1.4694125648027387
1.3649185005518676
1.255036036871293
1.1445080342207201
1.038522589367058
0.942194236675663
0.8598348145316488
0.7944398068843367
0.7475888023388159
0.719659990590499
0.709828482628927
0.72664317795507
0.7851112309064417
0.8503744693101306
0.8946089808551038
0.8647660801218728
0.5840124392102426
0.5816762916420923
0.63793901229124
0.7424920632302583
0.9032274021539143
1.0392088965611361
1.1161185260722346
1.190709817127085
1.259371517504514
1.3185835166597073
1.3652890513280993
1.3973533371021238
1.4139745959882646
1.4158811104870594
1.4052361471198684
1.385292115858638
1.3599046628305833
1.3330325991899918
1.3083417363843957
1.288996413783894
1.277641104969622
1.2764728706948256
1.2872435753947666
1.3110693732617442
1.343910422279478
1.3819378114756167
1.4258036756053083
1.4740571468977908
1.5302757419337862
1.5938422286075813
1.668591981296236
1.7501946524366043
1.8217445538731314
1.872211985251945
1.8898556191913432
1.8655439318254183
1.798059917138921
1.6985825361905489
1.579771464590016
1.44782066822425
1.309210219024123
1.1714254059285312
1.0418639185967702
0.926820052707739
0.830749954117986
0.7560638190051668
0.7034373786329371
0.6721755559773968
0.659584148548959
0.6687762126019633
0.7209508056177449
0.7915405898742447
0.851240923801067
0.8339392029416077
0.6048403149627583
0.5985003653908784
0.6584811982465064
0.7662626325206767
0.9283920779715111
1.0686945133251413
1.1505238484107654
1.2322400306999266
1.3102771962129247
1.3808946625072371
1.4404928738949179
1.4860658478006792
1.5157209819253628
1.5290954487482045
1.5275101233414805
1.5137969931908601
1.4918466087830065
1.4660137471373875
1.4405711891770554
1.4193733762888436
1.4057736512350305
1.4026997932604124
1.4127151799995108
1.437863799721294
1.4742775039221516
1.5174593556233387
1.5679432171074328
1.6239847873497189
1.6897354606139732
1.7644935371154633
1.8527299505646229
1.949040299007059
2.032731592288629
2.0898882889751365
2.1059031614712866
2.0694625867638137
1.9800978618274643
1.8593668948311592
1.7124817742922243
1.5469060395665046
1.37392121807965
1.2047992165118977
1.0492745249479627
0.9144687680288373
0.8044808769981331
0.7207573622342536
0.6629382270224127
0.6287497632644746
0.6127155064901304
0.6136805839646132
0.6587760179851956
0.7327153318551041
0.8084048305434295
0.8110657350208271
0.6661292180730596
0.6639232606925782
0.7375742275162281
0.8499478337797722
1.0088068858891177
1.1507081609716214
1.2374052788231509
1.3276034787307736
1.4179514772506963
1.504605044084143
1.5834574362080036
1.6504740309145638
1.7022317120477342
1.736577049008825
1.7531677531644185
1.7536571927701692
1.7414187545348616
1.7209188808789373
1.6970105079127638
1.6744165487732872
1.657512810572898
1.6503297665017846
1.656592206709679
1.6796031266622278
1.716649852712747
1.7631614102669593
1.8194241121721526
1.8831714993155497
1.958861308941551
2.045386941433889
2.1473361674065017
2.2572278001512776
2.349815958772407
2.408630357098915
2.4188989182100324
2.3729228013829404
2.2701446124518116
2.1155769298997287
1.9208155097553101
1.7023499010368703
1.4782537500697017
1.2648788579030539
1.0744849064425717
0.9142997251613726
0.7869769230686504
0.6919999289597013
0.6270473699395572
0.586863584755209
0.564188834486799
0.5537194189261864
0.5878190679706403
0.6614654635189976
0.7574962349970449
0.8162790495205713
0.7839024730166032
0.8108264818974119
0.9018212304351161
1.004952730701073
1.1362577107894005
1.2609606887588898
1.3431034814440603
1.4332434106373813
1.5279364220923717
1.6232745665336996
1.7153952498205556
1.8003142439663524
1.8740365981724654
1.9331231729964284
1.9754121312934843
2.0005768383406046
2.010274459734493
2.0078154693474644
1.997529698098995
1.9841426541459726
1.972387002903513
1.9668444577769546
1.971832001857248
1.991128289552456
2.0230349600834154
2.0638078007910745
2.113726763493685
2.1706023371325394
2.237991460463968
2.314170433948209
2.401916075340348
2.493366627965274
2.568644225371827
2.615330316916044
2.6173591941623164
2.5620460623632235
2.4441272711229103
2.2678043694536596
2.0466459528907146
1.8006903101937932
1.5516785535148425
1.3183665056360825
1.113615980103077
0.943814481989698
0.8100385043681512
0.7098670686392322
0.6388643297222294
0.5915064879818718
0.5623524209656666
0.5429505622144407
0.567800945698907
0.6347170918309591
0.7388135064185223
0.873574758647371
0.9085664819931041
0.9772224435655611
1.0713695080370051
1.1513998025473302
1.2376426892306203
1.3225669031010383
1.3835117232001248
1.453804830469613
1.530204430313806
1.6104629831131805
1.6923721846606254
1.773412396873261
1.8507881897176512
1.9215129380062028
1.9826819362843398
2.032057334199589
2.0687989227139227
2.0938827713026407
2.1098618224379218
2.120142354982977
2.1283033314571607
2.137787844567732
2.1518504906544127
2.1734234552901572
2.201096625741504
2.232893072503036
2.269486419256627
2.309244669862519
2.354304425997007
2.4030369609935347
2.457174323091372
2.5128990735058996
2.5571091944737097
2.577995689006064
2.5622515928920317
2.4987059493933645
2.3817535846609936
2.214139917388177
2.0074750402508967
1.7796842162018003
1.550386099329798
1.3363470646754434
1.1487956489678492
0.9930198602850296
0.8695007963671557
0.7755507986647534
0.7069158889979185
0.6592079137990527
0.6287552620042998
0.6085226035454404
0.6357270743022324
0.6942313096015276
0.7838108962486823
0.9855779922931895
1.014937120387735
1.1120840893323087
1.2187400815638052
1.29242530038188
1.3270454394125686
1.3495139887449479
1.369121663266015
1.3940527391186917
1.4236612984321626
1.4575866656864715
1.496138858711278
1.5402641319740806
1.5910071797327792
1.648636465152957
1.711843948486783
1.7775409734048244
1.8416266173659932
1.9005614952224827
1.9527547288929292
1.9985690131339668
2.0390549393228046
2.074875219052849
2.1062598914221917
2.1334745413913287
2.1612147435486566
2.189544119616451
2.2188195208661816
2.247662872264205
2.27754644451348
2.307219993568783
2.3371979898018376
2.363853773335266
2.379695270724087
2.3788710036488885
2.3535616417966954
2.2954592572973755
2.1987429912746452
2.0633885594897006
1.8968631623246888
1.7128263055125397
1.5273090948685253
1.3544541809971167
1.2038639111249425
1.080233896724838
0.9843618372429866
0.9124004041212503
0.857570833645363
0.8169950336333537
0.7900089750230197
0.7744819985643884
0.8183103610869606
0.8521661310032576
0.9150066668757336
1.1720677332031333
1.0796893072495877
1.1503438624898943
1.2293300175506392
1.2859527908714852
1.3289698987128478
1.368729582333381
1.3996641705428967
1.4401180093702302
1.4928062659603831
1.5608501826720678
1.647555330800137
1.7558493739412642
1.8873806799567587
2.04134722716565
2.213338972142699
2.394978742798152
2.576370634954298
2.7559985326418395
2.9353571650125554
3.087399754999954
3.189548089800755
3.2324587920785577
3.2175116912777546
3.155671573598535
3.07425147290965
2.993197442472891
2.916518364222449
2.849855105381392
2.791009601221365
2.743232828336265
2.705172251621849
2.6766078477522743
2.651640875767979
2.616563133264973
2.5588473603386293
2.471478617895949
2.355794276796273
2.2209481023232107
2.079999958207728
1.944641300566099
1.8206452645958655
1.7045419460223639
1.5876039514869844
1.4716652078745367
1.365973217734053
1.2768850483549663
1.2056754580029396
1.1495216013117733
1.103351000631464
1.03067984576518
1.0156238025037767
1.1023949432346876
1.2471483860616075
1.4719631830528215
0.9949727407868822
1.026480921374759
1.072021468270175
1.0935566937688999
1.097218693464998
1.1110369642780475
1.1308122756204775
1.1641505672995451
1.2154178290290802
1.2893045249292157
1.3904288018555324
1.5226541213415437
1.6882388096795278
1.8868559477289233
2.1144297329597244
2.3619884184957365
2.615273549597027
2.8560152528651113
3.064987862805604
3.2257617389601
3.3278195071689547
3.3683821731323884
3.352737665930953
3.2929466131871568
3.2146748285025866
3.1360033099468807
3.060108169952855
2.9921727447724544
2.929639138068091
2.8756372951886164
2.828451949619753
2.7886989500912223
2.7534284479377362
2.710527328538443
2.6477492656465134
2.5564790712971015
2.434841371620384
2.288367302937054
2.1275590615799898
1.9635300177267574
1.8040299698107995
1.652204166483562
1.5091061814379279
1.3770719202371458
1.2598342456730238
1.1603358597995943
1.0792297003119276
1.0148390268811631
0.9640399188689117
0.8968879284404647
0.8587059438386381
0.8924080287701309
0.9920040489012241
1.230129406207982
0.9468619300907059
0.8966369651653957
0.9270617435818357
0.9481625652622533
0.9610588406031985
0.9798521896711146
1.000547840223438
1.0334578356588455
1.082870690086994
1.1531760321024918
1.2483006317741714
1.3709353222584442
1.5218896032436944
1.6995482992049258
1.8991849484978847
2.112303734695378
2.326560627251663
2.5268285007186506
2.697560391974941
2.8259010809094525
2.904469863493389
2.9328044440403684
2.9170466520222296
2.8681417716587894
2.8066726299337
2.746129457792622
2.6884764357916984
2.6373701611558866
2.5907372237264292
2.5508724001224854
2.516581553764859
2.488505334192147
2.464414499648637
2.435051628949971
2.3903796543196694
2.3220975714907994
2.2261448586487984
2.1040054535160158
1.9620128537832324
1.8090006211639127
1.6536589261145866
1.5029570745486178
1.3619643782990012
1.234317949302357
1.1224820572605276
1.0276559064391646
0.9496803385439858
0.8872044888882231
0.8381243185018677
0.7757882249059548
0.736157477166701
0.7532873075888783
0.8388381572536289
1.098093160446835
0.9367598315027599
0.7823622378029398
0.8155465679866635
0.8476050112022824
0.8815953709491974
0.9138492184907817
0.9389990685035519
0.9730571681204436
1.0193509475572373
1.081318480444765
1.1620810377303885
1.2636944257076905
1.3860149019508843
1.5256501098568673
1.6759238775289773
1.8279166095482047
1.9716617962965048
2.097247237017151
2.196070122115577
2.2622159824715604
2.293662200601077
2.292857550976194
2.2662748402908384
2.222921401099576
2.1774651948311385
2.1371460713927424
2.101852262525236
2.0730792437196337
2.0493376359747426
2.0318410526541317
2.0204210325374086
2.015593645707646
2.0144439730639805
2.0102928506482534
1.9951751744735555
1.9613581421060478
1.903415144012424
1.8200111461905835
1.7144497529083287
1.5936261582876114
1.4659385868419117
1.3392086539327717
1.219415470613223
1.1103971269939568
1.0141752658600869
0.9314654794375382
0.8621152375143811
0.8054129835371184
0.7603121363439899
0.703846853727241
0.6718419273493776
0.6904921514303192
0.762649937226097
1.0182032329854112
0.9713241266996003
0.7772052627283137
0.7823169762801443
0.8220090446428059
0.8745369555622196
0.9176482781945406
0.9454950530458132
0.9787303997018085
1.0199564410108717
1.072162117068623
1.138385659116709
1.2211708891842334
1.3215859845547788
1.4373945622912492
1.559670570446947
1.6718168082207858
1.7633911846879875
1.8329363062547457
1.8792438421625361
1.9012361949121896
1.8994229800167421
1.8769443562605135
1.8398348592793987
1.7959749383390824
1.7571399914429608
1.7268250137486025
1.7033447131813035
1.686719583022775
1.6755396925385242
1.6702895339595936
1.6714390597856934
1.6799786190121373
1.6933292907659696
1.706497861915834
1.712397129348146
1.7032214979328046
1.672698872113978
1.6182092834214157
1.5417273778101668
1.4490948548727625
1.348036259624818
1.2459454954011175
1.1483881448561664
1.058695768533268
0.9784254445385139
0.9081272445107162
0.8479263501729096
0.7977590305607546
0.7573817080161128
0.7071347153266703
0.6816873410190025
0.7018591727446285
0.7542855685938206
0.9922185609425751
1.0096560235425702
0.7912479670898346
0.7868942294330792
0.8320724758242245
0.8959565159011955
0.9448784060700639
0.9735960786359943
1.0052815349750868
1.0420744435184468
1.0866894389291903
1.1420558439285946
1.2107747587768136
1.2943247563450886
1.3920139165106387
1.4998864027136611
1.6101080538231032
1.663007679285821
1.7006591486905618
1.7216207299995456
1.7249766606635069
1.7106625630954968
1.6806070231964092
1.639874453020232
1.5960080977974853
1.5599993562739194
1.533955375550647
1.515508210416999
1.5039642805790723
1.4978099990405405
1.4970830563101332
1.5024763444411366
1.5156728122785161
1.5350714788835214
1.5564753364211905
1.5728141741319148
1.575990954089911
1.5593886779268678
1.52003266375732
1.4595067876501
1.3831941523790015
1.2982785093171263
1.211539863608558
1.1279094970630275
1.0501947185711076
0.9797028052371741
0.917069883155637
0.8627492809547771
0.817091392956903
0.7802263249051543
0.7345830683231883
0.7119443796112155
0.7299851070653353
0.7678276766345091
0.9976365490639734
1.0506003238853932
0.8136360497648489
0.8056573847123867
0.8567358187579895
0.9304239706299768
0.9836574638825113
1.012470291050913
1.041947752145329
1.0738184357632286
1.110555458126574
1.1549411388540525
1.2093794959706339
1.2749312481884791
1.3500111531434165
1.42857023792263
1.498006284500787
1.5451569274125567
1.5708934266643244
1.5807379923021134
1.5769951320741955
1.560094693844417
1.5305498846643482
1.4915497981833954
1.450200722088368
1.4175135447886424
1.3952760175607348
1.3809558847135126
1.3734313875034747
1.3711123068771465
1.3735426092746679
1.3813891759296955
1.3973215350120676
1.4212257229949592
1.4490482418068489
1.4732586360272502
1.485548686203106
1.47929460895197
1.451541299907054
1.4037687025975987
1.341029131792806
1.269915952551329
1.1964193255761957
1.1246696860348224
1.0569477330439874
0.99448047429465
0.9381721114994603
0.8888621707250365
0.8472404305391033
0.8136648577571963
0.7723547751230184
0.7512564360950159
0.7652527416541891
0.793178749884835
1.0173801883478002
1.0958196562788474
0.8456265337809046
0.8384048619721804
0.8965862412273203
0.979960752496419
1.036679403255441
1.0648477503648563
1.0911621051211933
1.1169490776621225
1.1444751827618835
1.1764102885638876
1.2149474835550818
1.2606615166749982
1.3112430624343996
1.3606927502966737
1.4008461363693303
1.4264316623471023
1.437874961116253
1.4380728473790054
1.4291962525614068
1.412047160343211
1.3867936859908068
1.3547307434279336
1.3205162629217448
1.2937539862111564
1.2765885838914393
1.2670903775720501
1.2641304339524149
1.2663898263804003
1.273044897509173
1.2844331526602322
1.303640751663803
1.3321699395419366
1.3656555039945064
1.3962151270826562
1.4157430721305677
1.4179784188318363
1.4002655335086949
1.3641419731354445
1.3143290170025865
1.2566392646767344
1.1959639345619615
1.1354321231615299
1.0768773369832934
1.0216824480356612
0.9711865912588609
0.9266382704123507
0.8889941872084166
0.8587389375099085
0.8217653565627151
0.8014755488302888
0.8101014478090229
0.835607817531191
1.0504251921506658
1.1420937501517354
0.8869818652497027
0.884928422113436
0.9512629845973682
1.043951504327137
1.103183483795419
1.1299209209808982
1.1520912100737741
1.170644951318004
1.187729246844996
1.2060450112263357
1.2277830674276167
1.2534169869792944
1.2807653506545846
1.3051387741788016
1.3215059766196395
1.3275785537915576
1.3244603813173959
1.3145970909103182
1.2998685200112419
1.2810524116986683
1.2583320565177165
1.2325033562910375
1.2064570374376322
1.1869661798330582
1.1757186269616158
1.1715542773439818
1.173652316526019
1.1814474840396818
1.1944315409595403
1.2135763778145037
1.2402799859086775
1.2734521684076279
1.3105080773326874
1.3449316205107034
1.3692881320261212
1.3778570426021983
1.3683963042562988
1.3425416374576387
1.3045830717306688
1.2592880586898771
1.2102050610430335
1.1595156535424602
1.108891116647468
1.0600791567690229
1.0148691747951664
0.9748131211550618
0.9409997442970907
0.9139325261232312
0.8809639769685759
0.8611273377273932
0.8644488784571467
0.8889510314587323
1.0936102871802513
1.1867986422273364
0.9372302090438247
0.9440509823650761
1.0193200232985455
1.1206678579829747
1.1814015338744497
1.2059934808734791
1.2231527406915272
1.2334879484555867
1.2391702447222166
1.2431690633860322
1.2479935619531968
1.2544469812465522
1.2609675851806827
1.2642304253061971
1.26119546589252
1.2511322666375428
1.2356341799662385
1.217024851955618
1.1969897794431132
1.1762110462172102
1.1548117027629472
1.1332846516713848
1.1135289382658338
1.1001532521367205
1.0940903942631566
1.0946566261475248
1.1013060951142153
1.1142404418255751
1.1333602910739138
1.1604454734497733
1.196087913246591
1.2361329082388792
1.2776958662176627
1.3156332648651894
1.3438265862878078
1.3574924608581065
1.3549685653137074
1.337997939071522
1.3103311426488475
1.2756003757350045
1.2361813463427218
1.1936965517484324
1.1499132147020927
1.1069320019912805
1.0668294344130438
1.0312724789532073
1.0013251151265525
0.9774089638319555
0.9481770102170523
0.9290358331695765
0.9279423828987532
0.9496159006865595
1.1424797241308187
1.2280859063902745
0.9957093067837496
1.0129144791917448
1.097761781674667
1.2070372645248735
1.2684282790662327
1.290354908259979
1.301864501434496
1.3032799433942266
1.2970120015917483
1.2865963396085422
1.2751714618252374
1.2641436485086424
1.2526741633165757
1.2384751847048356
1.219710893255823
1.1965286927061347
1.170834206300343
1.1449027048714435
1.1202835451291056
1.0975582815966007
1.0767499810074608
1.0580692526933213
1.042706447980778
1.0337405704814913
1.0314682034661233
1.0354807283314094
1.045419646722766
1.0620551454305804
1.0855933562626072
1.1184426075837786
1.1610344653025733
1.2075971483720795
1.2545704839609684
1.2970644040464798
1.3297684892118442
1.3487254910358129
1.3527988600072767
1.3437674739974421
1.3248621702130852
1.298873139621918
1.2675191751715449
1.2322370914842984
1.1949289893792283
1.1578837933471071
1.1232651229683654
1.0926912787169951
1.067082680925438
1.046701647714851
1.0216366284881502
1.0039361882854239
0.9989685548292416
1.0147741937717007
1.1925114470953038
1.2637798713859612
1.059274025850173
1.0863617276606186
1.18162576553491
1.298531611393653
1.360194141986086
1.3792002181908443
1.38467517045707
1.3768040876121777
1.3585593553414548
1.3343472144667956
1.3081289848961617
1.2819558445658037
1.2555307067817707
1.2271497468480104
1.1956229258519249
1.1616397366469808
1.1273890162118494
1.0951864202776214
1.0665003491266283
1.041806229187738
1.020994601984512
1.0040050649852204
0.9914668945719017
0.9853494810849391
0.9854417433454496
0.9914687116651146
1.0031984206758529
1.0217585395571323
1.047581509061401
1.0835081747533926
1.130095929276165
1.18093559416481
1.232174901123734
1.2789746594839484
1.3163814629866164
1.3408408224332453
1.3514131503087905
1.3497372089383641
1.338616852186944
1.3203759495714842
1.2964754501914093
1.268316054636117
1.237850617946933
1.2073977022855888
1.1790794108520237
1.1543883562643549
1.1340528754744643
1.1181262303581667
1.0986639683937403
1.083469276802374
1.0744700222551136
1.081283116282048
1.2397805903562793
1.2893059013393318
1.1190403917357958
1.1569423511188373
1.2638619253865604
1.3890941325493962
1.4513024609121943
1.4673360672386109
1.4665679194288515
1.4494134506752634
1.4198314717983602
1.383303671635739
1.3445965951732906
1.3062069356497756
1.2679992734540293
1.2283570404283985
1.1863580598666625
1.1431767915355053
1.1014428075328864
1.063656318085263
1.0312444014836237
1.0045395283559102
0.983248902353353
0.967042571050025
0.9560880897460212
0.9515392810938179
0.9527650930315725
0.959505129574713
0.9716069767803642
0.9903652104013991
1.016371205371456
1.0526895258378752
1.1001319056711005
1.1523682060958846
1.2056311061244485
1.255241426878519
1.296448858509581
1.3258158303635705
1.342328318162691
1.3473642978600737
1.3434051360666173
1.3325445893028278
1.3161389882111727
1.2955265523592854
1.2725846230773035
1.2495480336125961
1.2284523319334937
1.210678663631553
1.1967856525009584
1.1865891531570603
1.1749425995734795
1.1636731959957856
1.1502933156584947
1.1457440222932922
1.2811344061424133
1.2972615834546781
1.1645674449901846
1.2158709817322746
1.3358635641091507
1.47110023068173
1.5344755752446892
1.5474260371477133
1.5403592714883636
1.5145349185185757
1.475219300034263
1.4289178714945636
1.380950549499305
1.333890209933461
1.2872651043250511
1.2390094019449438
1.1882431446540758
1.1368797194910127
1.0883581617315008
1.04552462803126
1.0097367661287173
0.9810884794598538
0.9590284276845992
0.9429558863326392
0.9326679672416469
0.9287347999323392
0.9301656532287589
0.9366092142656762
0.9479440206820251
0.9654709556757728
0.9898773127483629
1.0242542541644406
1.0697099960590326
1.1205191860406678
1.1732762822655718
1.2236056407020082
1.2669400784161982
1.2998358725428054
1.3210864956228832
1.3318002401046878
1.334254673953306
1.3304431084194983
1.3216215482262128
1.3089428748002299
1.294058550539449
1.27903287375722
1.2658270767482502
1.2557962916975058
1.2494111372611938
1.2462404773192812
1.2448762781355331
1.2393776068126288
1.2217516305218363
1.2047100882251311
1.3141354708124713
1.2806027679027672
1.18773342093335
1.2548477659458954
1.388898926369839
1.53581418416718
1.6003279341271648
1.609768317588136
1.596813813112683
1.5640388463867982
1.5178445049614482
1.4653999423733657
1.4122271219177234
1.3606288293254427
1.3092812489431256
1.254958801539239
1.1966531980519937
1.1377372161140777
1.0830691023779384
1.0358966479394294
0.9973313473946689
0.9670645872955812
0.9442055362612163
0.9278986816495993
0.9176804811423681
0.9137516130557108
0.9148219911480623
0.9203602409564119
0.9302108613691845
0.9455523246934243
0.9671076737063709
0.9978395013432174
1.039148265211678
1.0862480031231991
1.136239831146758
1.185132856336445
1.2285605500907992
1.263059467445354
1.2872428491105279
1.3020425275345955
1.3096936979445257
1.3122027606351658
1.3106833199641497
1.305936653194974
1.2992143790437711
1.2923206495182535
1.287172856398767
1.2852256045194808
1.2869886150704801
1.291797579640341
1.3028004849469257
1.3051396057433546
1.2842509726562434
1.2549578131878754
1.3369663317376022
1.2367602944290588
1.1842191958919823
1.268212901300402
1.4162183687780252
1.5751144969255162
1.6398320630145733
1.6456126291495459
1.628089243327653
1.591121669090133
1.5416821027138883
1.4871090183119238
1.4328768791209106
1.3810035401820142
1.3290844321960578
1.2714473512161508
1.20636013392445
1.1403794537853091
1.0805979778585353
1.0303205998975873
0.9900252313948168
0.9588174669543286
0.9354305248238935
0.9188112781703319
0.9083693341349198
0.9041501413367047
0.9046603004988173
0.9091381116055111
0.917300318461937
0.9300869398004853
0.948188502037993
0.9743575546159904
1.0102792522040085
1.052235881477049
1.097822742493154
1.143425053540561
1.1848967103519874
1.218801725521753
1.243662161314325
1.260398776295841
1.2714403859235124
1.2789879538545386
1.283991949900681
1.2867121091012996
1.287792413113534
1.2886540780291516
1.2911707950173097
1.2970135646129188
1.306883420280623
1.3199371251547818
1.344316944066992
1.3562393739408851
1.3338597831679693
1.2937855165205556
1.3483879691304375
1.1691195745316962
1.1542813785534878
1.2545543443736291
1.4149901856537705
1.584133239542376
1.648440932629263
1.651708496982552
1.6319922621542733
1.59398335677696
1.5446820911094352
1.4911532551530386
1.4386833897769034
1.389456651621518
1.3410989818446255
1.2838156089655763
1.2118373243177454
1.1396527166067836
1.076800891188616
1.0254306644683366
0.9849399262326447
0.9537945641340393
0.9304246217209728
0.913688133159478
0.903001856299131
0.8984413087114815
0.8984606310673994
0.9021217479077825
0.9089383578421508
0.9194561051757263
0.9341678378851682
0.955675773148824
0.9860077814435911
1.02234316535794
1.0626099795589157
1.1035390497568136
1.1412413337675826
1.1723667271237903
1.1954352742944687
1.2115430020850584
1.2236546809722773
1.2345042711943761
1.2449043897953251
1.2543221725456208
1.2625332967578478
1.2704135897426654
1.2797252591702428
1.292389985297223
1.309432134068657
1.3299698076760147
1.3670164436916283
1.3893506587210744
1.36773209794045
1.319266274107262
1.3477604554854694
1.0854760455435106
1.102352118938958
1.2169728473188157
1.3870146147231712
1.5629451951340005
1.6273121751747033
1.6303878139104824
1.611611461968905
1.575802762951075
1.5294577123197408
1.4789542534702942
1.4291121983842265
1.3823298632912613
1.3380819079164563
1.2862968698381851
1.2063736218470207
1.1315365251673462
1.06927861931317
1.0194849510310315
0.9805963546070009
0.9506794869499727
0.9280579678704803
0.9116356427757456
0.9009250805976757
0.8961192437379517
0.8957657178002916
0.8989192691866579
0.9050404453691165
0.9143746839318262
0.9266731114559736
0.9444139828511142
0.9699366324492681
1.000834249745328
1.0353969182954028
1.0707615358408238
1.1033147260983613
1.1297792119092371
1.148664841982681
1.1613667535540164
1.171877289403586
1.1841157638584716
1.1987590875637635
1.2139981977112506
1.2284291311400104
1.2422624263859292
1.257057317096522
1.2748963439226224
1.297165382992434
1.3232050130194555
1.3702412858405932
1.4027342283749726
1.3843281693751104
1.3303789053684578
1.3350885746258858
0.9951206645038863
1.0354949256425792
1.1618462498379563
1.3376981772416707
1.5160230647812634
1.581764953521266
1.587336290152624
1.5726927252006186
1.5420899446315157
1.501034508155267
1.45486498413561
1.4075718487853943
1.3610106396718666
1.3140835273898157
1.2578146252115332
1.1845020081650683
1.1155203166466048
1.0582021068006426
1.0125187455673241
0.9768383188671999
0.949251515341443
0.9281979432068013
0.9127158296472443
0.9024006337053906
0.8975264502773554
0.8968546101944206
0.8995872166428499
0.9052804646336354
0.9142023779132412
0.9262675086387205
0.9427230931017042
0.9647332158785177
0.9907938629071354
1.0198393499868408
1.0494299560339033
1.0761620980427686
1.0967246881180406
1.1094651280518708
1.1159943704113167
1.1219893294186003
1.1339415113252902
1.1519644398425835
1.1718839487058146
1.1909916994846679
1.2089800580406858
1.2272333296203117
1.2478871795593252
1.2726262472077345
1.3012781445883574
1.3542799966551562
1.3960907186349856
1.3834058741483057
1.3270025934967973
1.3110456462675109
0.9062933588824866
0.9614134359353513
1.0966801057966895
1.2736682072370593
1.4499362430517868
1.5188319877337595
1.5293273205388018
1.5214814216750456
1.4984836492216909
1.4645284981552396
1.4237267896154833
1.3791089934240497
1.3318075550594843
1.2802944797080964
1.2209826948118048
1.1565232829820187
1.096615548916132
1.0462935619446172
1.0060128758048887
0.9744793295385568
0.9500598465047948
0.9314235559543501
0.9176793093565718
0.9082696551471405
0.9035917252556841
0.9029816678042761
0.9058287940162968
0.911662009622868
0.9207336478304016
0.9329321339661105
0.9492498132799946
0.969936474014679
0.99304123798045
1.0178812786657825
1.0424770476092744
1.063635790429422
1.0779564846525684
1.0834420035002492
1.0814470265869256
1.079763373696867
1.0906909551085773
1.1112517071426566
1.1335432577246973
1.1544107239957215
1.1735053659799324
1.192184001724477
1.2126274180811296
1.2367633077970963
1.2650105156282143
1.3198870318346416
1.370333854903482
1.3658083921378696
1.3098391921955184
1.2769392122380123
0.824875076957322
0.8868090448361116
1.0278811130053223
1.2000485567432813
1.3708797414547371
1.4450933168515312
1.46246125098925
1.463361333264541
1.449667210370674
1.4241465159621092
1.3896875871410488
1.3485342347457638
1.3017102647545666
1.2491306347847644
1.191643558802484
1.1338035008009613
1.0814026828206063
1.0374817139580341
1.002340087501777
0.9749582478552571
0.9540684289351146
0.9386638630013993
0.9277055961127345
0.9194531710469573
0.9155399717826213
0.9159251330409597
0.9197610356605896
0.9264603935482663
0.9363379326140543
0.9492715416958994
0.9662022686458541
0.9869412255268708
1.0089349115796848
1.0313308707217597
1.0522946800579331
1.0687592976627376
1.0772682306615247
1.0755569151442879
1.064425820783791
1.053010208349917
1.0629868556544797
1.0826799547245503
1.1028242450863057
1.1210024509331293
1.1370352684812042
1.1523338662914833
1.1691777646338584
1.1897409974228523
1.2150088985068521
1.2685509764800946
1.3274194598014304
1.3331120250696098
1.2803360309075638
1.234603067869488
0.754263225166187
0.8165280834116475
0.958865622108771
1.119058382583191
1.2838099387784787
1.3658506128056807
1.3915849422727218
1.402584613978932
1.3993915551149987
1.383415381839
1.3564749182644713
1.320334016211009
1.2764562472895906
1.2264299299046224
1.1731594804929033
1.1211464337100772
1.0745569140637825
1.0355379972480847
1.004349063939234
0.9802841912685841
0.9625050298861153
0.9505095216074418
0.944190823798402
0.9363504305598095
0.9347652301580166
0.9373702289409871
0.9432275319265166
0.9517429044702054
0.9634123943035175
0.9781021906900664
0.9967984718858367
1.018979289657624
1.0414448281413942
1.06299859573119
1.081679397627694
1.0944107687208309
1.0977824635476316
1.0897541367048362
1.0719938647507299
1.0558406748374
1.0582811764781261
1.0694952468946155
1.0815226890759437
1.0918179155723575
1.1001938100281194
1.1081547458324794
1.1181428849100108
1.1325839079897997
1.1529288533058428
1.2029780435323527
1.2701609840607688
1.2870057615407355
1.240585098653302
1.1862280652237343
0.6959166738386946
0.7535077056056377
0.888942441411238
1.0326322360113993
1.1938137544195617
1.2859312206415732
1.3210569809325883
1.3430782942485593
1.3513405352036219
1.3460639020729184
1.328177789277322
1.2991443633371695
1.2608911907841753
1.216032639483512
1.1681670181842945
1.121446457102431
1.0793312323302553
1.0437255340176534
1.0151035650256792
0.993162884115384
0.9774500170534186
0.9675837066142107
0.9623516327811633
0.960340741984753
0.9628606038952567
0.9688811440670534
0.9779248298849824
0.9894448067465452
1.0042149134852678
1.022060288317565
1.0440906737159323
1.0694248724587767
1.0940283547389318
1.116253218251044
1.133817222301126
1.1435132983037875
1.1420881592157666
1.12822102869216
1.1053128349390688
1.0841834108507136
1.0741421818876813
1.0711545059686123
1.0696252624919098
1.067095453147362
1.0635424208783189
1.0607006754708748
1.0612226360287125
1.0677214032998705
1.0819144390808875
1.1271104929470155
1.2018498178014891
1.2289284857499339
1.1930917630423568
1.134169125978317
0.6500690892316529
0.6992868204012596
0.8177544614100171
0.9471272932710167
1.107579959470235
1.2108527977574564
1.2558104678905944
1.2893739884437585
1.3098757227650646
1.316506350052015
1.3093841862468276
1.289595562072296
1.2591868453296038
1.2211310895364722
1.1791517549055945
1.13715630064663
1.0983939414178612
1.064908902909371
1.0376028612428518
1.016687927800257
1.0021443598828477
0.9938632755389621
0.9913801641733613
0.9942218003676564
1.001538325489489
1.0119569896253746
1.0253692980291875
1.041204387351116
1.0605831696502164
1.0832486449251915
1.1105246891142337
1.1411011169648406
1.1697841114269405
1.1942838086215888
1.211752925777408
1.2186925774310218
1.2120510718301836
1.1913996713036836
1.1612672289963226
1.13068544934907
1.1056906510253173
1.0850398424066745
1.06569955042143
1.0462913542165
1.0274551044504339
1.0113509731371404
1.0008269342081142
0.9985204733904001
1.0061245049741916
1.0456728316549522
1.1254997429298037
1.1614811369465474
1.1404469752943722
1.0807723864792265
0.6163257089482364
0.6547584348176843
0.7524639725868068
0.8715233634156055
1.0324673425358601
1.1466477094805345
1.201290432085322
1.2464863634182022
1.2797321440964708
1.29929208245188
1.3044353949569991
1.2956411819229017
1.2746546170740751
1.2443445796330468
1.2083448600643003
1.17047498404751
1.1340800863647942
1.101592059201272
1.074503583119062
1.0536555627195237
1.039572889495021
1.032605991505844
1.032828897510447
1.040051645933032
1.0523959857821419
1.0679428389982832
1.0867748335677065
1.1081849469342813
1.1336980881586116
1.1629472270735732
1.197595557080389
1.2358425230461902
1.2708876561011344
1.2994513438435586
1.3177318336797
1.3216789767179407
1.308425394532146
1.27850788639929
1.2372779415551853
1.1926196551959125
1.1493507231313165
1.1078666069273235
1.0674018197608406
1.028221763509323
0.9920199816288646
0.9614751091005529
0.9395015086907214
0.9285176420112108
0.9299057960045228
0.9640024294264995
1.0436874478483287
1.088472086794413
1.0851032247722123
1.0282497810639373
0.594058539201126
0.6207434598522491
0.7006812766679412
0.8125160252607134
0.9743801473517066
1.0985377463144332
1.1623310405999514
1.2188735880437391
1.2649975866400276
1.2981183233100735
1.3165840198198533
1.320024127348252
1.3095268040397248
1.2875376848648152
1.2574824141919818
1.223195948751747
1.1883122239384782
1.1558196258542544
1.1279245938636633
1.1061891880280748
1.0917626223063208
1.0855078830214642
1.0879419102824348
1.0991546745213454
1.1165907599389209
1.1377476965224071
1.162807340887807
1.1908458230431564
1.223857237121675
1.2613744877380657
1.3055684810897685
1.3541135520253884
1.3980474263184937
1.4325827790830903
1.4524075379394463
1.452554689235745
1.430331024272826
1.3875017162244958
1.3305444117444978
1.2670635120998837
1.2016737303387872
1.1362419182656005
1.072166904476529
1.0115582185532206
0.9572628421094035
0.9123631361157059
0.8795818223003541
0.8608327797372963
0.8569755472089325
0.8863127846685235
0.9599320421861123
1.0138904957643762
1.0293226067606003
0.9786035972854312
0.5826221949044403
0.5980678291864407
0.6657455857704425
0.773311133350202
0.9367013994706361
1.0698747492941045
1.1421437981401723
1.2095048800692758
1.268298806484541
1.3151869621984236
1.3475668364769735
1.3640470463372278
1.3647935120008932
1.3515788176987094
1.327494157815449
1.2964101345783474
1.2623503157190854
1.2289687027228522
1.199275524216678
1.175628173156936
1.1598691410192468
1.1534384021890685
1.1573429371758785
1.1720375260889906
1.194436539158178
1.2214102105616729
1.2531903325064515
1.2886033884930512
1.3301912988909006
1.3774361619121323
1.4331963242896566
1.4945787405445654
1.5498435413240512
1.5920931717028424
1.6138660074419984
1.6088556217177392
1.5746033555447039
1.5146650834217776
1.4372967884102084
1.3504676331951548
1.2592348291490467
1.1671876500727574
1.0779560623182542
0.9954715952638976
0.9235548574991295
0.8653833078846672
0.8231468094485741
0.7979543198914802
0.7898359510280116
0.8122766612343884
0.8785165905029555
0.9413045694041088
0.9752079113244407
0.9335937178079073
0.5814422404014191
0.5873377023733626
0.6483666598215199
0.7545921520809282
0.9204310434113772
1.0618737837871823
1.1419447210611993
1.219468136270587
1.2904605781179763
1.350955407469116
1.3974396376410188
1.4274261023013022
1.4399834455669782
1.4360034554035752
1.4180857691732127
1.390073346867871
1.3563930830801902
1.321412858200781
1.289002071121709
1.26237182819034
1.244127088873798
1.2363722447884118
1.2407118777150183
1.2580874515416285
1.2850076401602837
1.3176582143520763
1.3562786524349986
1.399450383384172
1.4503320048280537
1.5084034176748948
1.5773242053346428
1.653528786525467
1.7219324518619337
1.773008696684967
1.7965995042180025
1.7846800577739508
1.7351919404160765
1.6543756655272241
1.5528834260463846
1.439124580602529
1.3191213656055043
1.1986921277607734
1.083828469526743
0.9800940960073492
0.8919094520613956
0.8221413590387034
0.7721084664843283
0.7418153112787165
0.7299461314621892
0.7440522517436582
0.8032825639519369
0.8735980858823796
0.9247110459676323
0.8947689057377246
0.5900188320151443
0.5888235010089591
0.6481084223509144
0.7555665335848281
0.924714308370275
1.073768921960278
1.160962682761081
1.2478885261545107
1.330383608621209
1.4039964610822167
1.464406070713447
1.5080481226420146
1.5328104183355347
1.5385458040088762
1.5271910570048919
1.502432089789252
1.4690294794349912
1.43204176489643
1.396203091458867
1.3656056510624104
1.3436657625569117
1.3332236459129663
1.3365914140840798
1.355379859655882
1.3859331341248913
1.4237043024429192
1.468876971289934
1.519789314714652
1.5802168075746208
1.64962619104188
1.732458888869535
1.8243059131623602
1.9063793878333968
1.9662659671084042
1.9908716587315751
1.9702584890715564
1.9030874444133374
1.7996639466617712
1.6725988388090491
1.5298657634406851
1.3793984973343143
1.2300040083896466
1.0901166022582933
0.9665939781469463
0.8639911334025667
0.7844787648175113
0.7282501304071157
0.6939206343170093
0.6784191126372805
0.684254993800246
0.7370471113952585
0.8129287414490449
0.87955322730805
0.8637271255694347
0.6117102990198489
0.6059541608669986
0.6681987519381108
0.7793311018433337
0.9525542935072766
1.1092978535196
1.2037635358064995
1.3004551035271008
1.3951336296815453
1.4829536735867574
1.5588314655991509
1.6180755381564933
1.657218727132941
1.6748023905548601
1.6718054625231098
1.6515225114633774
1.618919904066823
1.5797246743575228
1.5395942701631973
1.5036130345291683
1.4761454236213736
1.4609035270613506
1.4610414643329772
1.479132112050543
1.512102519886827
1.5546305353712722
1.606531471204702
1.665752488074737
1.7366495163033955
1.8185877683983247
1.9167191807095074
2.025443339568097
2.1217069839626617
2.189932217809366
2.21399927208369
2.1821326379513373
2.095097932525168
1.969032488538196
1.8127360896809381
1.6350574944639922
1.4486672728563135
1.266511921962716
1.0995964451130065
0.9556611378218999
0.8388283830386722
0.7501086807159151
0.6882167226151299
0.6498829969453597
0.6301548038665241
0.6274679152197488
0.6734303350993035
0.7530513941530328
0.8353776327351645
0.841087815578684
0.6753480766202931
0.6721253254723595
0.7475852149279713
0.8655316657299301
1.0406830406802883
1.20429546943924
1.3070278750621114
1.4158370174095003
1.526483961712453
1.6337347400237408
1.731687461916047
1.8143157660938432
1.8763382126979065
1.9142772136372943
1.9273307349530695
1.917657020103723
1.8899207093859258
1.8503188972207407
1.8055308081226586
1.7619651842483877
1.7254202280595503
1.701043152340341
1.6934009597226092
1.70647198353368
1.7383970732750518
1.7834805394361934
1.8410297319215922
1.9083181041703872
1.9899721874738723
2.084940269986669
2.198613623044901
2.323361941848943
2.4313590686392432
2.504523953714187
2.5264780865844942
2.487899975276638
2.387008916244709
2.228219055668967
2.0236720056359334
1.7917008878267442
1.5528064423229315
1.325499134221782
1.123395013147
0.9541914201600246
0.820324090183725
0.720488816834926
0.6509062141796079
0.6059064410397045
0.5795242901180006
0.5658550469152557
0.6018365645992697
0.6819188666571027
0.7840616814399839
0.8441104374371959
0.7969649417426212
0.8177077277690664
0.9124269273402962
1.0266131533244947
1.1800271311530703
1.3292269732745041
1.4283140288886975
1.5374898361385418
1.6523099718548635
1.767243500036023
1.87650488376899
1.9742486964817396
2.054879937355208
2.113848756753037
2.1486319965879503
2.1594211325900146
2.1491644914072903
2.1229465968366217
2.0870361876105994
2.048036677105939
2.0123762280742947
1.986078360672817
1.9745757410753313
1.982348743445643
2.0083343633785313
2.047306046037659
2.098394156583111
2.1588710029264795
2.2324382719249285
2.317491053530887
2.417927550789717
2.526356746169525
2.6200678567351945
2.6849644881062167
2.7033492256893874
2.6595242730706175
2.5459747073029733
2.3665122733954758
2.1361573304496937
1.8775272580731266
1.6150584540574342
1.369510947748517
1.1547496482438373
0.9772974419787307
0.8378166904514117
0.7332105641190447
0.6584051202743032
0.6077062282820587
0.5759600679670976
0.5544502861882302
0.5822920095259575
0.656342622794207
0.7670258256773592
0.9092396244227431
0.9206853634310322
0.9837339444339704
1.0837701100310149
1.1767764157071123
1.283985367767282
1.3896718438748024
1.463891031994906
1.5480259806303576
1.637860515196618
1.7297969661813737
1.8205170133154405
1.9065379925816874
1.9842271777115998
2.049990300663843
2.100724684245702
2.1345633236558137
2.1516099667777784
2.1541715497230083
2.146271791649579
2.132776615446696
2.1186770221068376
2.108757684532264
2.1074409911329477
2.118470151023307
2.1410530999414945
2.1717457201799983
2.210105013494389
2.2539236849415696
2.3054681953941505
2.3631230749676897
2.4295522141369394
2.5015884873057437
2.564991417655919
2.606324622298605
2.6093281440122786
2.560069434323512
2.451157426601057
2.284997039381717
2.074324489959294
1.8391208653538496
1.6011707367283767
1.3788622235853298
1.1842672227907436
1.0228593511016169
0.8949010755256271
0.7973308891232327
0.7256188203452175
0.6753257102076509
0.6428393186633105
0.6205613258870243
0.6498536047599572
0.7150515590589271
0.8134493021859206
1.0354893548725312
1.0193701762389304
1.1241112171898027
1.2365048464242665
1.3159898494631026
1.3605866433507123
1.3941661558450296
1.4197077119274524
1.4494551211429694
1.4822438650335872
1.5173067277544896
1.5546540669931328
1.595018854971987
1.6392834042811633
1.6876142086300805
1.7387793857366955
1.7901478957794505
1.8385600251928884
1.881639993531511
1.9186240520110158
1.9501129436346711
1.9772113936170816
2.0010038403193273
2.022699803023064
2.04425434749742
2.0673805073980374
2.0942517190116074
2.1247379667955038
2.1567336876118883
2.191767154351724
2.228715628965411
2.2691424496188186
2.3100983038005185
2.3426345423819406
2.360000073538043
2.3530348451813112
2.3117594436118414
2.2286277825790717
2.102312580326591
1.9398750641442803
1.7556136378242142
1.5669267150966781
1.3894760976149751
1.2340489603232543
1.1060387508579015
1.0071379835736012
0.9342592640427024
0.8780521545498051
0.8357495298046371
0.8070974552746443
0.7887110370562161
0.8258824080318918
0.8690658576056162
0.9468993911035057
1.2367909590020387
1.112662276282135
1.1681460923373093
1.260984552353259
1.3216546584776894
1.362462175519574
1.3983364305885007
1.4263800378559208
1.4632577452707423
1.5114548193637942
1.5737812812686178
1.6531911248560711
1.7522909588561297
1.8725597958329252
2.013373221913036
2.17113110652818
2.3392629448619933
2.5106060632845963
2.68206454812727
2.849021144360403
2.9940249610808074
3.0989037039280327
3.153610758045993
3.1573467289821995
3.118118231584215
3.0579261893090157
2.9949651354682856
2.934168040719199
2.8810181037071403
2.8344132261857773
2.797330439116257
2.7687642962464496
2.747539805416322
2.7264189377945582
2.6916962345482127
2.6311859821284225
2.5386337961382264
2.4164139464869
2.274721376142618
2.127467771536741
1.9870663891146851
1.86028172425598
1.744604837802367
1.6284778416995622
1.5118609687301172
1.4043764841905901
1.3126418622623235
1.238206227946776
1.1785442233339931
1.128969096400628
1.0551486259594745
1.0441815064317104
1.1418212173841507
1.3056546651002783
1.5431086145221107
1.0140779171747516
1.0467171355189704
1.1039200110608844
1.133662641655814
1.140712549011428
1.1533637644638184
1.171478230047247
1.2025345248984978
1.2509106325031674
1.3212006317885392
1.417729646744702
1.5438116981012173
1.7009913859034829
1.8883388731891135
2.1016481003298773
2.3326140508917885
2.5685845352754635
2.7936451131827877
2.9911638416657733
3.1469422392157678
3.251834201689968
3.3032332996114087
3.3053105050718807
3.267988131926954
3.211857900027428
3.152888910699432
3.0949113785289293
3.0426197009087876
2.9944460291136656
2.952933183916152
2.916464429368811
2.884235894721974
2.8518507088981075
2.80762315015692
2.740339223331087
2.6429056462952394
2.5150244947614357
2.3633132084524626
2.1985447958667232
2.031372946144328
1.8688181597867648
1.7136693263257436
1.5672214921002352
1.4320985674307343
1.311947375372001
1.2094103860107657
1.1248924345830789
1.0566726016415298
1.001906031176683
0.9294748675197755
0.8904363667442033
0.9273153820950589
1.0331992616150851
1.2706066508758302
0.9552329603923264
0.9155161805183506
0.9569673705294465
0.9859227497145926
1.0041312063828078
1.0252748728958023
1.046843458281868
1.080352392419952
1.1300859694074328
1.2003190850300252
1.2945932360093064
1.4149466154775117
1.5615572677344027
1.7324107989449375
1.9227169419820214
2.124409231512162
2.32621609542054
2.5147136713254907
2.676408640037198
2.800337684587069
2.880302429584027
2.9159760647338953
2.9126023499082807
2.8795179098026544
2.833685333438285
2.787082694210129
2.7421096968382
2.702035273591502
2.6654216620341966
2.634060833290548
2.6066731399983762
2.5827400913008156
2.55911151097505
2.5270120918601107
2.4774377301819444
2.403537911759886
2.302698270933429
2.177294795505348
2.033651863261843
1.879813290768375
1.7234540178851525
1.5709190764915855
1.4272650926707215
1.2964651154616402
1.1812819275497686
1.0830029433607329
1.001404769947063
0.9350701452595928
0.881961838222044
0.8126768976109409
0.76637029992878
0.780550699286779
0.8651365541319849
1.1188058282528854
0.9374131713405175
0.8057789419736381
0.8401296905848128
0.8787337082413971
0.9193653336465982
0.9568034273600635
0.9849942760955503
1.0222104646002477
1.0717789226610548
1.1371098748137665
1.2211771296576905
1.3256551059161559
1.449697492872412
1.5890277603948417
1.7363914817668378
1.8829393988741505
2.0193509251549533
2.136809823057504
2.228138809059358
2.2889177707540567
2.318296475074581
2.319217016109846
2.2978372147866497
2.2622134644011274
2.224857279894739
2.1919134875566026
2.1633427636257974
2.1403489564301266
2.121707377495395
2.1082987992781947
2.099794655350293
2.096005872862943
2.093632176471416
2.0863214864289783
2.0668006846958047
2.028378360224928
1.9667875896192917
1.8815534541597512
1.7761514720087375
1.6568683270463433
1.531014390197468
1.405366558780173
1.285324813063973
1.1747062498599332
1.0758578977602784
0.9898707305487068
0.9168395086471406
0.8561634320183839
0.8068600273260216
0.7425031375916031
0.7007159119497439
0.7133618266099735
0.7818572422961715
1.031050522771502
0.966983855718421
0.7896941398359798
0.8030100969159611
0.8489979001514036
0.9089429739443311
0.9582391312572341
0.9897465480528241
1.0267684110414346
1.071925477313946
1.1282858537008251
1.1989633195597618
1.2865090883689436
1.3919037017852804
1.5127164869032756
1.6390955747564728
1.750547166907585
1.8359307614202909
1.897210891537826
1.935028637167791
1.949691302541583
1.9429582453629501
1.9187603279128258
1.88312086618738
1.8431430004554519
1.8089431098123077
1.7830127971427678
1.7635505102915288
1.7503192690675997
1.741987726912587
1.7387577678905837
1.7408830065766223
1.7489072979305325
1.7602587495719408
1.7702696328947363
1.7723354343985078
1.7593921664399117
1.7261069723524245
1.670688604497601
1.5954285022511174
1.5057438016051656
1.4083121152210765
1.3092894855691484
1.2133279798757874
1.1234692826919532
1.0415204009178054
0.9684841121623299
0.904850742310509
0.8507552832172982
0.8060641600078216
0.7473807136247824
0.7109711249847437
0.724394559982618
0.7735636933894359
1.005087279161691
1.0027992439917741
0.8020327532306508
0.8060655937523898
0.8573616429018588
0.9288791355845449
0.9841726752687775
1.0166035878385178
1.052060612348573
1.0926751741333192
1.1412195333155435
1.200670466608581
1.2735628246767148
1.361086175119227
1.461857252503903
1.57002951841082
1.6690655185178707
1.7314966137347005
1.7653441742544158
1.7794853974269476
1.775903566410192
1.7563111080288556
1.7239103615135698
1.6840151887206871
1.6432939822393653
1.6110680929559889
1.588545696595321
1.5732820309720776
1.5643840849750432
1.5603600633047476
1.560931858815202
1.566465723975797
1.5782905536972143
1.5951806266428132
1.6133500858569074
1.6260677579986784
1.6258038491070632
1.6067754156714071
1.5668317402318441
1.507962014586714
1.435244532879829
1.354866396032834
1.2722902163478083
1.191377669853954
1.1145227005337128
1.043226257772952
0.9785500219431507
0.9212911786463298
0.8719888717631213
0.8308903420788901
0.7765273480020319
0.7421587880018023
0.7530879954697552
0.7892930222575277
1.0115726295664433
1.0422493960107295
0.8240201392430418
0.8240525318307558
0.8809971802660425
0.9624268200631201
1.022033908174007
1.0544687651954057
1.0875276401372163
1.122891599216257
1.1630470466054175
1.2107744432824525
1.2683456512550473
1.336446740041131
1.4128196142659346
1.4907263110568862
1.5584665925369015
1.6049404093883681
1.628775994018273
1.634451477203919
1.6254627857366049
1.6038545254293273
1.5718761899984948
1.533674850521597
1.4954858919357061
1.466356902751264
1.4472533249605304
1.4356906619907541
1.4304409443178279
1.4299279608401716
1.4332922631651412
1.4405527217319656
1.4540582555922366
1.4749916908707517
1.4996088193284822
1.5203483637421142
1.5293320171829063
1.5207462737928035
1.4925087898803489
1.4466205245842947
1.3879586802905373
1.3221624238415925
1.2538153120478703
1.1858503838943633
1.1200622014570105
1.0578213779626726
1.0003864004923633
0.9488683058496036
0.9040994218740998
0.8665386174433402
0.8163776643048453
0.7827544429057685
0.7892076693361176
0.8171676998414621
1.032525217583824
1.0869388703982048
0.8566596906580197
0.8564536800328971
0.920184755409342
1.0114281083256338
1.0744308202236676
1.106023648278566
1.1355824997819925
1.1643477196601404
1.194559481166226
1.228861760322654
1.2693298462465232
1.31628214608014
1.3671322157794952
1.4159583216196414
1.4551877979999144
1.479702912982244
1.489306728068247
1.4866546499928277
1.4743396290354753
1.4539411526484562
1.426673200875214
1.3948629291352397
1.3630919519135938
1.3393257340592255
1.3248060924797642
1.3176259306563358
1.3166006070040759
1.3204458660835467
1.3279272768248387
1.3381889638626465
1.3532343790333643
1.379012081557653
1.4096766030682066
1.4368408409833537
1.4529463468222494
1.4526346975630466
1.4342454150458661
1.4000284735536954
1.3547158850294272
1.3031810719728316
1.248737010771253
1.193173693068524
1.1378025668960212
1.0841004031919261
1.033663003862488
0.9879151968368317
0.9478909657927586
0.9141374312712324
0.8684619543175537
0.834882352486554
0.8354229751147006
0.8595750133426548
1.0670424154954348
1.133821558575429
0.8998236423154571
0.9028976845329285
0.9745222619068693
1.075324963332156
1.1406718533555917
1.1705201755794306
1.195445888145211
1.216293931068691
1.235170107402891
1.2547647549853245
1.2772260793867023
1.3029418784941529
1.3297176447759502
1.3530842462588828
1.3683183647356132
1.3731189399701549
1.3683577768189787
1.3564612906499838
1.339583611126878
1.3189448459180524
1.2952569726470233
1.2698001225519588
1.245499528452878
1.2282327915552083
1.2190338632036781
1.216704290383553
1.2203605153758308
1.2294815176272695
1.243320759493631
1.2623567659416954
1.287119992234983
1.3170184989718066
1.3502903457781565
1.3805623130537539
1.4007825376635257
1.40606852387128
1.3952723468518355
1.3710071572091436
1.3378274431848909
1.299486382313664
1.2576541575673226
1.213051513840586
1.1668405836374325
1.1208200453341817
1.0769422149650887
1.036848181995294
1.0016385092152886
0.9718262293074053
0.9308120955578663
0.8972802153865301
0.891803565841444
0.9134952565315214
1.1120170414907378
1.1800966076754007
0.9527632426565638
0.9619551953929484
1.042522671676253
1.1524241013906558
1.21897689992736
1.2462075542376583
1.265456733303886
1.2772478039707869
1.283727631635694
1.2878989219934618
1.2923212887459092
1.297851705477645
1.3030449372510067
1.304797932784024
1.3002606471844613
1.2886985426240458
1.2716288449761874
1.251428538544266
1.2299820012484324
1.2082396068830419
1.1866013923989869
1.1657659925990156
1.1475954497966698
1.1361002578912782
1.1317778773582454
1.1339199376589841
1.1419249736123573
1.1560550999412642
1.176074425211766
1.2035389731220723
1.2384978965295566
1.2764802803998923
1.314693124936177
1.34836180190117
1.3719931340653282
1.3817462386127493
1.3771844634635784
1.3612845934796802
1.3382827864254774
1.3107213940957616
1.278958257592282
1.2431825303337964
1.2046684635339127
1.1654987709082414
1.1278228760463926
1.0933265118002702
1.0630330438061713
1.0373227502670994
1.001323677526946
0.9687759320990226
0.9580288340481993
0.9757378735864783
1.162972723025231
1.2232396276696076
1.0133337942230352
1.0305564771400382
1.1211696041288925
1.2396253440527774
1.3063050087805788
1.3301739244875728
1.3429058417538595
1.3448152413391672
1.3383268672857056
1.3270551324020148
1.3142636952800477
1.3014977823520586
1.2880824314455557
1.2719212984338806
1.2513129855480003
1.226424961229412
1.1991669159297293
1.1719004123338872
1.1463252008983134
1.1231824906056749
1.1026315030749632
1.0849578282044987
1.0712802826633867
1.0641806773222204
1.0636171213821681
1.0691723027528177
1.0804347772538185
1.0982489055528164
1.122727399720381
1.1561498493763356
1.1985462085973837
1.2437926844679459
1.2882298652200184
1.3271540306231124
1.3558002585609226
1.3711286125041797
1.3732167575935907
1.365066247341149
1.3503975079571513
1.3310518392811301
1.307012138003759
1.2784511833019283
1.2467572255103039
1.2141071198883457
1.1826579754461986
1.1540013535964557
1.1289905355530467
1.1078150534930902
1.0777374307309304
1.0477749723375307
1.0324441388616188
1.043246175207072
1.215248663829923
1.2600205674141254
1.0765637009280558
1.1035670903177746
1.2055420902678962
1.3322793187067177
1.3983080195815096
1.4182728261819662
1.4239081930273878
1.4155209779904778
1.3961199535976603
1.3702040663893842
1.3418946663381126
1.3134117727001764
1.2846153147987776
1.2539483150180002
1.2203212391615732
1.1844691367695386
1.1486449937165915
1.1152818405256222
1.0859716583994055
1.061275883915699
1.0411281551347773
1.0254667197504093
1.0148330882905623
1.0107313906270896
1.0126507392332356
1.0203131352068384
1.033424284859332
1.053192946735901
1.0799762084135216
1.11653388015819
1.1631097860589823
1.2130044501649437
1.2622721649031667
1.3062096436086987
1.3403291729716644
1.3618915355980414
1.3710249286953429
1.3703883033709294
1.363153666037103
1.3509008969426564
1.3337408371169295
1.3120141653458224
1.2871572999329908
1.261311199321465
1.2365468359285205
1.2143219356835524
1.1953079774809832
1.1794845231838493
1.156929035929912
1.131407008767596
1.1118170628211903
1.1126336241500936
1.2647124856997087
1.2850780857240067
1.1343905465329394
1.1738820220215371
1.2887477541888126
1.4241539285491376
1.489247606675808
1.504957380684587
1.5031777570847147
1.4845761483442945
1.4530979529813464
1.414284508918487
1.373058527835765
1.3320682067688312
1.291286969131028
1.249189021106276
1.2049300632152762
1.159762457319763
1.1164445711616935
1.0776376495674869
1.0448822517926117
1.0185398980788498
0.9982847913853595
0.9837242715320592
0.9749244808345415
0.9725875498433821
0.9758072728066167
0.9843210770812552
0.9978948713261514
1.0179025759589644
1.044864875880412
1.0817930898779118
1.1292533299154532
1.1807123861114133
1.2323655380806349
1.2796756615997609
1.3183069446269682
1.3455259142911062
1.361211425227298
1.3675499924179908
1.3672845555859807
1.3619243243805472
1.3517643541599687
1.3372466012484985
1.319747154143694
1.3012887624390173
1.2838409087980776
1.2687745117102596
1.2566405153621214
1.2472198770861345
1.234253743359088
1.2151462165091382
1.1916371083822166
1.1802340901590442
1.308017158163854
1.2911984649171209
1.177948822724771
1.2332958182254006
1.3624587156412755
1.507534425550853
1.57174871767411
1.5829376190457252
1.573734903152269
1.5456996525143658
1.503973414702855
1.4550748108254161
1.4044527562978022
1.3547697001890877
1.3055730069873537
1.2548258031441695
1.2017210419258757
1.1482901658247975
1.0981748660817572
1.0544410094385277
1.0185600944117883
0.9906033078640275
0.9699127131847552
0.9557627854111901
0.9478308782257243
0.9462563581820365
0.9498120834057362
0.9581497293516457
0.971041117095066
0.9898527877805859
1.0151950344019338
1.050122340672395
1.095557256161826
1.1456674837412966
1.1970778079490836
1.2455727016916227
1.2869525556400043
1.3183634697328848
1.339324618972052
1.3515842576770265
1.3576218007647969
1.3589686307796014
1.3560140114663817
1.3491249606824411
1.339459753687848
1.3288387082506892
1.3191428679324413
1.3117527003426375
1.3072152254268339
1.3051585889172255
1.3038536459374979
1.2932698849469086
1.2667374826237994
1.2423426956672003
1.3426054371233227
1.2723374078445484
1.2001123308906432
1.2741005607702711
1.4182279279929733
1.5737646111912056
1.6369025314486292
1.6433729154878765
1.6273317986505236
1.5916647980873697
1.542651251194035
1.4874732147255274
1.4317290878603908
1.3776806758926938
1.3238694635181405
1.2670667723067184
1.206397309975556
1.145364982513833
1.0890858996860537
1.04110136773505
1.002645986465058
0.9733380688610894
0.9521061376918423
0.9379043466110326
0.930122952835104
0.9285688086904875
0.9317826033539202
0.9392589918302683
0.9507159229787231
0.967368308511661
0.9898393796155398
1.021059632257134
1.0623015381480512
1.1087723900814581
1.1576687259655822
1.2051689300215305
1.2472180595811528
1.2808253052775231
1.3051767361946238
1.3217158618110432
1.3328583069249633
1.340254253660977
1.3442897588455187
1.3450551880639434
1.3433041858346644
1.3405479512887541
1.3385799962801603
1.3388954622996625
1.3421908418540143
1.3480340045407653
1.3599259973275761
1.3599338613425869
1.3320691908849565
1.2955233404618052
1.3666330926916117
1.2269831139141094
1.1971512091685415
1.290959707205536
1.4493763159745032
1.6147561687948973
1.6761329387786212
1.6782081862867462
1.6569258359425814
1.6164911533221957
1.5639273043805035
1.5066563294468995
1.4501594010845673
1.396172633453896
1.3418198341546215
1.28153655575577
1.2141223833179742
1.1460347874014007
1.0845841683169946
1.0335020355595705
0.9934188435219522
0.9633184308414534
0.941681921431712
0.9272026216829996
0.919111542587197
0.9171060189873811
0.9196080406086722
0.9259328185617958
0.9356851515445855
0.9498068548287506
0.9688328677822904
0.9954538426539835
1.031286003377413
1.0727232968553793
1.1175101839127937
1.1621863329268316
1.2028494921985815
1.2364222988170355
1.2618619935423654
1.2804973281898082
1.2949338816494864
1.3071078934932197
1.3173515881400317
1.3252808938848184
1.331042656111555
1.335704813990492
1.3409313992596623
1.3483963448136398
1.3590984448646943
1.372689466826606
1.3982273998057344
1.4103544555766803
1.383432914578062
1.3369209931724224
1.3789102396382213
1.1591288114356264
1.1694341409318756
1.2823108896485509
1.4527394870066657
1.6253089131197287
1.684547263048887
1.6837175335553924
1.659942579739498
1.618259268695245
1.5658812186393243
1.5100614574712654
1.4560754527416802
1.4055491160872433
1.354717550392358
1.2938078945326779
1.2198859289323403
1.1456547688228622
1.0808941098502223
1.0285478547994047
0.9881974096949254
0.9581236193054594
0.9364363496330097
0.9216900871332189
0.9130983665414533
0.9104353285067548
0.9121308383858595
0.9173680762226382
0.9256227982781609
0.937480782173469
0.9532099092774989
0.9751639767012209
1.005385344560194
1.0413758251590277
1.081207634856549
1.121709779139256
1.1591715222712138
1.1905065497879626
1.2145511358357575
1.2327144650024355
1.248123793344992
1.2633019856911019
1.2785278416086836
1.2927224004941547
1.3052120502303763
1.316480594572552
1.32797803986024
1.3415328750381432
1.3585225299725268
1.3788518721275504
1.4169106328623853
1.4415628061805763
1.4179903626090833
1.3645121347416078
1.3788889853112103
1.076632059824828
1.1209816438411815
1.2506392467938336
1.4293707740235702
1.6048351767051443
1.6626869823290116
1.6615716653061732
1.6388467550448373
1.5996322747788319
1.550712698819
1.498739816794509
1.4486087688437699
1.4022393223236056
1.3569945546814937
1.298776506537215
1.2182794064353262
1.140624126830489
1.0757432368407822
1.0245499619346423
0.9855190640658341
0.956418424793236
0.9351894090837669
0.9204122882134257
0.911407877534691
0.9081333082163633
0.9091260703504
0.9135339453829836
0.9207862895743618
0.9312071295765653
0.9446245099913797
0.9627178339411531
0.9881645124821017
1.0190375205754645
1.0535829934290508
1.0890001278541517
1.1218289900866067
1.1489963280970927
1.169235198792054
1.1841663410447758
1.1978892018130394
1.2140544054891491
1.2328615971734456
1.2521718074563062
1.2702753081473683
1.2869939120368896
1.303500387239556
1.3216827513674927
1.3432333316725937
1.3684255905098328
1.416154824802455
1.4524679605647384
1.4344552675598732
1.3772307183890609
1.3666766115682498
0.9884495214489741
1.0580683118114418
1.201475633951135
1.3836929795288058
1.5571765799931752
1.6155725518794901
1.617260976009857
1.5992270694434512
1.5659397485603939
1.523180815882144
1.4765726836489397
1.4302419901927157
1.3858449564599336
1.3413491152765584
1.2835985519861184
1.203970382040997
1.1297346133681427
1.0688568955975253
1.0212643063619198
0.9850246326194078
0.9578075296945753
0.9376423439371793
0.9232824612393402
0.9142225226918851
0.9106069326822489
0.9111322451283714
0.9149937712197983
0.9216644449932272
0.9314349287129955
0.9441153216103172
0.9608314984556902
0.9829304530130576
1.0091780651676514
1.0384835030591775
1.0684540703461658
1.095818931763937
1.1174247334423102
1.1317759163296854
1.1406669764936717
1.1497993037047736
1.1650338775078168
1.1861296439159317
1.2091216328336079
1.2311677221376203
1.2515439235567898
1.2712011830289836
1.2920309915103563
1.3159175710844526
1.3435128014946256
1.3969424133508423
1.4434070666109717
1.4329663914876885
1.374953665694968
1.343034946560443
0.9023214456499761
0.987491011020663
1.1415553113819872
1.3213339682684102
1.4887099759687352
1.5504191411437205
1.5578119141518056
1.5475783495190942
1.5230043990962254
1.4884680344880628
1.448266199376585
1.4054574441218044
1.3608380073396467
1.311648620991888
1.2510274583633292
1.1811773388099962
1.1160285014848856
1.0620326848146149
1.0196232782768226
0.9871554084993271
0.9625593549988471
0.9441329813904682
0.9308433134394489
0.9223017252228958
0.9187785963867738
0.9192223220178248
0.9229635993387781
0.9295293477499789
0.9392384207448345
0.951951071887253
0.9686523212309381
0.9895990438532895
1.0129574211900225
1.0381427875864868
1.0632380889536448
1.0851453618299216
1.1005557193253064
1.1075464822577468
1.1076691129637408
1.1088908980715175
1.1219465402777713
1.1442440031666492
1.1687644235521986
1.1920500767715485
1.213239776898368
1.2332465911357002
1.254016816734684
1.2775947295631918
1.304992442120132
1.3602003116710155
1.4156409256526707
1.4147414134866827
1.3583971943068536
1.3093315178507607
0.8236593011938356
0.9151492552367587
1.0767008535651694
1.2465776376272637
1.4061574553786216
1.4744546034769055
1.4899095887859382
1.4897672378342255
1.4758700902815078
1.4510181460553018
1.4180978325859448
1.3791479734361098
1.3345645809896216
1.2829635217233282
1.2237528373538347
1.1620516335585838
1.105631488502066
1.058613169586189
1.0214636281978726
0.9929184589334321
0.9713229003505968
0.9553213079724
0.943965382294239
0.9366172740829896
0.9337230328841418
0.9347599811326744
0.9391549105183357
0.9463804509915181
0.9567986391985264
0.9702713093785282
0.9877603778562244
1.0090528733169353
1.0315537425252292
1.0544586101131537
1.0759959894131557
1.093162201058105
1.102501032763404
1.1016135269488798
1.0910266489043177
1.0799829407109975
1.0916154772044173
1.1131341602570979
1.1354424465073083
1.1559056561551582
1.1739478965145067
1.1906223507260367
1.2080324291336604
1.2284404637185946
1.253231032762341
1.3071525697965933
1.3711182623658804
1.381631596994233
1.328995916278314
1.2674273620659642
0.7555294801432518
0.8453126433960226
1.0091024362431678
1.1614732993185082
1.3156293867465338
1.3938518220362548
1.4190861820978595
1.4305490014985702
1.4286278710187041
1.414582813751305
1.390006153202548
1.3562358574146076
1.314025825510746
1.2641077518868613
1.2090212764783905
1.1539590857140403
1.1041947292386536
1.0625536924507204
1.0294473691431374
1.0040007377027254
0.98506578298139
0.9717604253783823
0.9632123618831687
0.9577596900808335
0.9564364996435863
0.9591878426643622
0.9653239078014675
0.9742294629242199
0.9864084341054055
1.0017192149749483
1.0212053812196897
1.0443385010222814
1.067758320896934
1.0901930571782767
1.1096568446133053
1.1230673474056379
1.1269072189085243
1.1187310939421802
1.098960218647733
1.07754432492752
1.0838081809727091
1.0978710181447724
1.1122009335915344
1.1246678500106773
1.1349162989076822
1.1442077318086494
1.154877348580175
1.1694474114853834
1.1896534320795935
1.240208751530664
1.3124074483228874
1.335052717665609
1.2887694240872913
1.219512618919498
0.6992248812636921
0.7806722971739047
0.9336459824479192
1.0693858336984923
1.2232580146951446
1.3140221994172783
1.3500998905013826
1.3740906169303728
1.3850817721799917
1.3829686290041705
1.3682518643367727
1.341830763423229
1.3050015272980338
1.2599281356933516
1.2102878039009068
1.1608665307075157
1.1158709447458568
1.0776727741326286
1.046876918301602
1.0230928920446953
1.0057091322866103
0.994288529552212
0.9882021553789521
0.9860094109362172
0.9880820437879668
0.9939265702596236
1.0030715767372678
1.0149073231040342
1.0302065932505078
1.0488081729829144
1.0719338111663552
1.0987419125381799
1.1249366582462847
1.1486526155475512
1.1674377566624232
1.1779690471333943
1.1767988567066945
1.1621256993762417
1.136463878128093
1.1116731515431701
1.1016340621208702
1.1000754055368307
1.1001317115300882
1.0992043871287587
1.0970643552994734
1.0952404177847639
1.0963189639414255
1.1030266369982646
1.1173159567708595
1.1632289150093176
1.242390042400809
1.2753300812791102
1.2401318559071906
1.1679231531368732
0.6549537149486265
0.7230750924436041
0.8517424051897277
0.9786570724348952
1.1359128856150613
1.2404012521194716
1.2877475481956207
1.3247596597817883
1.3494424626896773
1.3605244109406875
1.3575404228404646
1.34092918930586
1.3121748717125026
1.2740001785643311
1.230343843942346
1.1856801900373337
1.1438589217953823
1.1073231115615636
1.077137788621358
1.0535307921465984
1.0364765696192129
1.0259832685325119
1.021891094192768
1.0236519783826292
1.0302385084954007
1.0403309685273239
1.053763930283511
1.069911050918177
1.0899074753063325
1.113539878719453
1.1423145616573998
1.1750251381227617
1.2061223223254285
1.2329563914936952
1.2523369499251726
1.260509317466569
1.2541601617304825
1.2324584896404007
1.1995894684633748
1.1656010462259614
1.1385813464196899
1.1173007357083071
1.0980778860227793
1.0791485715401308
1.0608514636786388
1.0451314901361697
1.0347803810262561
1.0325528103551393
1.0403642353430531
1.0809708602646209
1.1636426160612279
1.2050343213448647
1.1856903514795314
1.114976723077335
0.6223903097286695
0.6743949473765772
0.7784807359946022
0.8989471654438458
1.060490849169227
1.1785077295330557
1.237025026172118
1.287222161004814
1.3262311156434223
1.3517563975901439
1.3623578747798952
1.357769840777966
1.3391487310612948
1.3091342152780299
1.2715724930707977
1.2308050128267272
1.190750353974273
1.1542757676809243
1.123133516828239
1.0983121321534248
1.0804681434342185
1.0701557545183429
1.0677264243625433
1.0731118864677167
1.0844269337090713
1.099540423913548
1.118384075494548
1.1401865202882224
1.1665058083647553
1.1970476526103204
1.233736822168108
1.2749410328648119
1.3134013299142904
1.3453465332501056
1.3664522882004009
1.3722518886131858
1.359540085183006
1.3285227200369862
1.2844526380617547
1.2360090999772233
1.1893251419038822
1.1453523720758927
1.103257396614157
1.0630674094421941
1.0262097919882918
0.9951617043844698
0.9727742241507508
0.9615527528113296
0.9630595754077281
0.9980427022963342
1.0788195843978565
1.1285171954377065
1.1280841655540887
1.0628534989030092
0.6010231055484908
0.6366300305476272
0.7217109796251603
0.8368205622352585
1.0024714039506968
1.1331459084496038
1.202438864591825
1.265740290564664
1.3194922533569593
1.3604671660963046
1.386171691450527
1.3953411347934475
1.3883425158238207
1.3672907023227452
1.3357548242029447
1.2980731690080909
1.2585079757663342
1.2206055924756851
1.1869924139712225
1.15954517937454
1.1396914283051949
1.1285979651009594
1.1271198446445618
1.1355902563449913
1.1515607885426087
1.1721385617476519
1.1972341209072264
1.2258248520842996
1.2599529763240909
1.299246655553087
1.346217178317445
1.3987457304486928
1.4472714513814633
1.4863954104410286
1.5101171954907704
1.5128914369990063
1.4915956067724625
1.447676602461643
1.3875956395701503
1.3196515500623964
1.2495487507303615
1.179900168071564
1.1123953563985092
1.0491449275267408
0.9928524993373236
0.9464405553621449
0.9125436188393508
0.8930751072643484
0.8888975655869792
0.9172860185126526
0.9918216834141352
1.050325735412593
1.0698525179443685
1.0135270893471904
0.5903333974890648
0.6112998768600962
0.683657396914103
0.7952987736619156
0.9651247762722117
1.1075818394738612
1.187175106100715
1.2633426373440833
1.3319982065986646
1.3890630863482623
1.4309293592049588
1.455099886931842
1.4607993656655385
1.4492873652232714
1.4236964183204983
1.3884084543792434
1.3481953226811745
1.3074661212491914
1.2698742036199444
1.2382993112800733
1.2150281903236824
1.2019151942320987
1.2003754486912181
1.2111952222242597
1.2315169491993518
1.2576707415835457
1.2894892380143215
1.3256600460337187
1.368789954365345
1.4184728279833752
1.477978536642292
1.5446130125669502
1.6058284371533285
1.6539908896739348
1.6808111495541995
1.6792815310692466
1.6464405990651574
1.585473924712975
1.5045879757660658
1.4124282049469752
1.315130388470972
1.2171828582995825
1.1227669309382946
1.0360392946096024
0.9608085635991134
0.9001251805059267
0.8560308519002277
0.8294758462665168
0.8202139714207418
0.8402780516902875
0.9072627192081822
0.9744831149249582
1.013355904012132
0.968749057546728
0.5898610860318397
0.5991103792927613
0.6643906221716601
0.7749900260214535
0.9495777118938568
1.103193783846037
1.1926278473533345
1.2813059121145496
1.3647551165388023
1.438139936362934
1.4967369070636922
1.5366864046637907
1.5558327406755825
1.554321925260206
1.534677411673717
1.5012870741242064
1.4594997553929119
1.4146992224770107
1.371679491549592
1.334423919025229
1.306168849974317
1.2895439850994952
1.2866135574013062
1.298715152443437
1.3227373762489316
1.3541821278379484
1.3927629160287642
1.4368974596913024
1.4898290016664313
1.5511562042709728
1.6250095093711594
1.707969097150763
1.7838524617115579
1.8422439668106145
1.8720464369756722
1.86450383332697
1.8170684103825723
1.7354396810771284
1.6300034344282373
1.5099322838807094
1.3824719156220484
1.2545275462973053
1.13286789009378
1.0234620046852767
0.9308075254310689
0.8576327368078253
0.8049952866945271
0.7725360355670579
0.7585417147167088
0.7694621949306314
0.8292721711729504
0.9041681145307195
0.9607354038836897
0.9301212174084394
0.5991996768303629
0.6001036781860258
0.6631166298802176
0.7751101433478084
0.9552056439617819
1.119452983980476
1.218220556572651
1.3188774710702837
1.4166807068683815
1.506146029067845
1.5814995244903653
1.637499649743759
1.6704913066616278
1.6793250639898176
1.665742366996021
1.6340303973004313
1.590085268892275
1.5402895565723826
1.4906297784379656
1.446257373888357
1.4114282902719701
1.3896180347955598
1.3836152833824638
1.3954403525294186
1.422037163472206
1.4580551448210923
1.5030311425304397
1.5551118173961396
1.61815182698549
1.6917244043484025
1.7807951488185572
1.881029667782856
1.9722056883050063
2.040840726809482
2.0728171758456027
2.0575875104530077
1.993525611902777
1.8897728624029182
1.758242996444501
1.6081627182053029
1.4489094454658853
1.2905694332093045
1.1425490157892733
1.0122312958137478
0.904269998856926
0.8206200129744339
0.7610414863448179
0.7236299942756198
0.7051564139116393
0.7074139045738487
0.7608617903395135
0.8416629237424023
0.9138416194560894
0.8993783220304944
0.621947798971562
0.6174167347034332
0.6827982726451876
0.798865136689355
0.9856942030826007
1.1612178220109053
1.269893607750512
1.3833854309505729
1.4967431858452758
1.6038657761279584
1.6979066259175064
1.7721257060535673
1.8211376691327714
1.842189729783906
1.8359435441736152
1.806384057901814
1.7598875370663358
1.70388965448186
1.6457074711429456
1.5918420637109196
1.54775768031176
1.5179378061342803
1.5060053671473181
1.5147900906586986
1.5422460517977241
1.5824960171892213
1.634150965851527
1.694842010436625
1.768999914955482
1.8560960072339359
1.9618852249103478
2.0807894956969486
2.1879731215042417
2.266609148579637
2.2995217818141556
2.274729916353267
2.192941787223055
2.066468710178225
1.9049379656779901
1.7189561884447728
1.5225919486214539
1.3302958090260557
1.1542323466374367
1.0027259668708086
0.8799364532677756
0.7864859102119091
0.7204231438481193
0.6780432339364901
0.6547858339985612
0.6484905042618655
0.6955196929090485
0.7805843711344791
0.8682523897656024
0.8767390376394913
0.6881016706065108
0.6842142952354799
0.7624941055133254
0.887496008347741
1.0812985119896574
1.2690788076802992
1.3897213257885368
1.5195259147309699
1.6533453831146163
1.784326714402609
1.9043124189563256
2.0046806759790643
2.077729307504773
2.1183417903828747
2.1253083209300607
2.101672530466794
2.0539387777440394
1.9905758993271763
1.920511715866099
1.8521023163071935
1.7926680529436902
1.7484332071095339
1.724674500584792
1.7258865113304718
1.7510376604272815
1.7930822320914288
1.8501491504952279
1.9190797467258618
2.0045421524853704
2.105602298645262
2.228389731011127
2.3654163506517984
2.4869718598587425
2.573806169213298
2.6082748454399804
2.5794051320520115
2.4838223587426667
2.325106521280372
2.1155175723171697
1.874684039554672
1.6250911521151885
1.38713931609575
1.175693169084111
0.998920664853495
0.8590865538675417
0.7542722330523546
0.6800270914262583
0.6307364285493651
0.6010345954462895
0.5844702033949758
0.6226378318813776
0.7090903101921965
0.8161823235681733
0.8781003842192615
0.8146553424434014
0.8287306228175148
0.9276486034673759
1.0540885935961724
1.2317743330211186
1.4074582593597136
1.5249655752779792
1.6552059424384773
1.7928913801023838
1.9306913652473592
2.0602648041654446
2.1730651713194695
2.2612151326373184
2.3187627855351645
2.342990971366516
2.335135257157627
2.3001072714175117
2.2453775086199985
2.1795930531181478
2.111484101461653
2.0492590602600655
2.0003324034754852
1.9710745955355637
1.9663592887890993
1.985495456423627
2.0215972299637293
2.072538178237056
2.1350931864828406
2.213026294440207
2.304915360533041
2.415679473568139
2.5384491263100064
2.648332210629177
2.729700018902838
2.763531813224522
2.73196220415366
2.6253592687951404
2.4467347966454347
2.2119142659176254
1.9454232816560377
1.6738476539626324
1.4196084966821916
1.1974391768161956
1.014026603964402
0.869758928526594
0.7611134450570308
0.682737346355897
0.6289980407550286
0.5949794305674512
0.5717566249935288
0.6027443626331327
0.6838416539290937
0.8003329146964223
0.9494819556653188
0.9385890900196086
0.9938289889654911
1.0991952051549092
1.205777556746147
1.335751156364365
1.4634632675799086
1.5516832837800694
1.6508355821470073
1.755808665740019
1.8612633994694554
1.962198432853916
2.0537201709904744
2.1311150845131146
2.190204018690138
2.2279808808894974
2.243414688796019
2.2380125324199223
2.215721662802661
2.1821661348271832
2.1436819304723014
2.1066289284241067
2.077046801673251
2.060352452669065
2.0608068766778356
2.0779543414506203
2.106817268684178
2.1458257404148573
2.192279475929248
2.2485348028626513
2.3130930219701877
2.389480919686761
2.475005181148236
2.5545492095556313
2.6139494589100694
2.6346109034503113
2.6000274779404733
2.500974959542696
2.339260653227634
2.128320834281938
1.889694191406048
1.646875986932214
1.4195476465157202
1.220447711150001
1.0551864541352656
0.9238605255706944
0.8232092419506207
0.748701838830657
0.6960586981286512
0.6617881290503885
0.6378179110841781
0.6688747026588051
0.7405608587580468
0.8480102820031371
1.0887197216792968
1.0278721787455576
1.1381938568800962
1.2547987615560747
1.3390957536572152
1.3935320642258493
1.4394228552003097
1.4718212564796986
1.5072922976445047
1.5440175455361924
1.5806433452247555
1.6167007995917297
1.6525978894927473
1.689083337704504
1.726442549112341
1.7639191045728084
1.7997847794741202
1.8320785209871155
1.859517374634691
1.881921588970057
1.8999779421757486
1.91481602841987
1.9279246361578526
1.9414134811410075
1.9582214067974775
1.9790478449742959
2.0037259733196735
2.032881945944736
2.0649158316883325
2.101618199673023
2.1424722951834374
2.190446556816131
2.243678718652768
2.291666992242327
2.3263633140224393
2.3372467623894324
2.3128788965633165
2.244208235587487
2.1286617171982356
1.9727284706653476
1.79101821023282
1.6019398943631034
1.4224027609418723
1.2642238342929888
1.133332758592362
1.0319629052099397
0.9594870945785512
0.9020140655059917
0.8580120656345616
0.827730409962598
0.8065233211952838
0.8385950521493772
0.8894482083115965
0.9833193493694486
1.3036098937027267
1.1454777817361836
1.1839210966773663
1.295261583775374
1.3596415328311027
1.3972736442652882
1.4285185416922785
1.4533474075172241
1.4864217235635862
1.5300072669981688
1.5866038265434266
1.658817081033927
1.7489496008262715
1.8583495695858654
1.9866273739896476
2.131021092596792
2.2865185846899654
2.44744650058152
2.6092646735835716
2.765470712693069
2.9034193319656234
3.009035841805998
3.072886001450733
3.0928172257593167
3.0743818869423385
3.034512803924601
2.989360892377791
2.9444880988345843
2.9050257303922655
2.8708363678906537
2.8445030135985228
2.825262939427339
2.8109238446456364
2.7930606857695013
2.7582118456462466
2.694785000477626
2.5974512071747466
2.469623884259146
2.3223657052018525
2.1701376797521585
2.0256951261988667
1.896449878271997
1.7818838824171217
1.6677237211584546
1.5512811979169068
1.4427516929428534
1.3489420723717287
1.2716905518518953
1.2088898641039056
1.1565522167362696
1.083347387925365
1.0766543969565994
1.1832658675028305
1.3643192959831763
1.6139764810890869
1.0349834580168347
1.0722535779945346
1.1398420424442217
1.1765313837148146
1.1865689466457747
1.1978791618310165
1.2141153028555292
1.2425650983696668
1.2876337602496273
1.3538429230093187
1.4452251930423294
1.5645111647127314
1.712508518149022
1.887714417109793
2.085862209736849
2.299380619709448
2.5172491803054537
2.72587234021571
2.911115882960202
3.060883742922358
3.1673093246804394
3.2280004479623616
3.246224419584744
3.2300724771246467
3.1953633116799587
3.155872320956771
3.115925497361142
3.079599850319052
3.046233137181321
3.017674438052304
2.992325944368045
2.967853066762487
2.9384003062686697
2.892870448943225
2.821305797766645
2.7183407288097245
2.585368546190076
2.430081659366006
2.263397753933788
2.0953017605667905
1.9318405673521617
1.7752357284196145
1.6269089436729331
1.4897870590288385
1.3675170467368718
1.2625013870111126
1.1749130575648405
1.1030069254588486
1.0442928585780025
0.9664477203848852
0.9258417764629273
0.9651860551721341
1.0765865847857359
1.3122556886240018
0.9659725367096887
0.940383081519683
0.9903313939991691
1.0262684669888662
1.0499879210625096
1.073760881451816
1.0962477480537853
1.1302652476615738
1.1800453923065635
1.249653892044406
1.342051915083599
1.4585788458592668
1.5989877423803374
1.7610632240248216
1.9400951218997768
2.128579550977261
2.31643442445873
2.4920005628981223
2.643815293433374
2.762715939003913
2.8435857854001036
2.886185064801773
2.894884578541028
2.877481535647863
2.8473569024566436
2.81492195672773
2.7829691839281163
2.754327243807855
2.7281829977543617
2.705777674901563
2.6857251209060204
2.666285822566696
2.6433538920923305
2.6087229889091264
2.5545560581990285
2.475593241646987
2.37076646509103
2.243369796039103
2.0996583913078135
1.9467632173504863
1.7912150278253467
1.6386362468995246
1.4939843913993713
1.3614815005895264
1.2441273249264364
1.1432777546701915
1.0586547487704392
0.9887990514322724
0.9317767110479058
0.8553016557973517
0.801372081621519
0.8117721622209298
0.8948556635384516
1.1417404706021645
0.9405125116097459
0.8297974413595325
0.8671273474474486
0.9124610604688849
0.9604715939843389
1.0035588928425863
1.034961328496059
1.075380693960553
1.1280505274491186
1.1962191734958623
1.28252248293317
1.388016709004757
1.5110251998433668
1.6466824063152505
1.7878252816382565
1.9262193488174861
2.053441638671701
2.16184043339832
2.2455957116135585
2.301586554051628
2.329862910060175
2.333599839577372
2.3184688901090817
2.2915113245446794
2.26300681197212
2.2380458944905555
2.216731310652667
2.199978790979654
2.186862919848909
2.177913820453411
2.1726429270172
2.1701138532378206
2.1666143996481115
2.156174462366732
2.1323085509867483
2.0894794771540357
2.0246700536404885
1.9383009671513345
1.83399662236943
1.7173795719210758
1.594623579950888
1.4714367968117732
1.352611494060677
1.2418671627537847
1.1417539213016648
1.0536187279753435
0.9777294843441224
0.9135747349348445
0.860254310573774
0.7876974272903262
0.7348835602454308
0.7404552084998673
0.8052721358177657
1.047482153969446
0.9649960942023104
0.8051346220356675
0.8254160476711098
0.8784028459114286
0.9466543061009253
1.0025615092178262
1.0378041437246872
1.0784869454318835
1.12716285180918
1.1868825362276476
1.260702881161618
1.3509523871644695
1.4580714627746252
1.5785727647768515
1.7013991546065166
1.8078276617333966
1.887828790289308
1.9425841678335556
1.97385714986113
1.983364603902759
1.9739554849141017
1.9500705668357263
1.9175361013090637
1.8826933944529587
1.8540374152984471
1.8332005510975729
1.8183832933707114
1.809109493057701
1.804174916975061
1.8034746620405777
1.8070277824211824
1.8148244012049368
1.8242148073978335
1.8309242317264764
1.8289733603683054
1.812201440018438
1.7763343777696143
1.7204468970160531
1.64710042804092
1.5611938713242046
1.4682827913965741
1.3732880130168301
1.2800128644552533
1.1912327477248106
1.1089113244879902
1.0343354553160806
0.9682092695455976
0.9107823492342769
0.8620142556609137
0.7945268026492521
0.7455961486120697
0.7508954075592733
0.7974871596196482
1.022709997307467
0.9981301131507703
0.8148612704502308
0.8265820117394139
0.8848525107348783
0.9648871536351008
1.0268593519534128
1.0629747191503331
1.101959505299823
1.1458673864456592
1.1974551409007759
1.2596531613203623
1.3347762400024916
1.4234437169069978
1.523081825151074
1.6257092015483599
1.7156080789282024
1.7769556702057383
1.8096998363500385
1.8201523467201093
1.8125898391179034
1.790486928408487
1.7580145308543136
1.720544229294213
1.684055046968942
1.6564102684801087
1.6380828219884227
1.6266482406259197
1.6210258377535895
1.6198081134365248
1.622386252658476
1.6287642673090441
1.6396789621759083
1.6540943220926465
1.6687779614191824
1.677562815840886
1.6736896951326727
1.6523415852455279
1.6122216440108728
1.5556512429365106
1.487263423672218
1.412125597285189
1.3343884521833063
1.2569855041723486
1.1820096613418571
1.1110971748394476
1.045551165757032
0.9863258250805796
0.9340281990000145
0.8889777705384794
0.8255480728935451
0.7777780621583247
0.7800434816971497
0.8152286682228166
1.0307809839948303
1.035865626592271
0.8359613329131655
0.8434460634331036
0.9071895019018641
0.997226091761841
1.0634076944508113
1.0993561196918233
1.1356773242844118
1.173954617005324
1.2166386149878512
1.2664575058026464
1.325494411166283
1.3940138269155582
1.4691390431226607
1.5437884715794528
1.6073910772097155
1.6508331411944974
1.6721263402083464
1.6746023855398036
1.66220399246173
1.6381483445013032
1.6057783544870519
1.5695966492231375
1.5352047817259795
1.5101676385935532
1.494760076965367
1.486562947165764
1.4842319446651389
1.4862970213807059
1.4915664383535612
1.4994373461556616
1.5112182440405872
1.5290491039655976
1.5500260989671601
1.5668531671296724
1.5722829594253338
1.5614336653270846
1.53311755209169
1.4897683578147052
1.4359000871124055
1.3760018910764171
1.3132419983373311
1.2495796336810496
1.186522229522212
1.1255567164333413
1.0681079405008604
1.0153527141743142
0.9681191059172348
0.926898901159956
0.8676127266123597
0.8198239060117217
0.8171087201361684
0.8447268005786943
1.0531291677035874
1.079730691444985
0.8687389846532698
0.8750754628564491
0.945354544101346
1.045337924297467
1.1147523028268038
1.1496065392871846
1.1820507025801874
1.2132111920963817
1.2452761219694837
1.2808474515439197
1.3218879989037935
1.3685091825818856
1.4179609461152536
1.4645213985237793
1.5012734524648128
1.5235216834870358
1.5308153339583834
1.5255638181999092
1.5106057913917095
1.4881562533309824
1.4602226833308172
1.429683797281711
1.4008954421225488
1.3805496592599487
1.369161394827181
1.3648473115410324
1.366345525220452
1.3725116182573585
1.38189800163914
1.3930051703030497
1.402215544142245
1.426887780024854
1.454358292977813
1.4776083065422263
1.4899679999051363
1.4871077835439683
1.4684100337799015
1.436797111812731
1.3968000631489503
1.352010278852513
1.3040822567365622
1.2537879406282508
1.2022074514638648
1.1509135078035801
1.1015767021650025
1.0555853942904732
1.0138866360071042
0.9770053882922535
0.9224741222830208
0.8741421903778622
0.8649594349317076
0.8877376679484673
1.089027521512693
1.1268453092393944
0.9128707899521702
0.9209312839646774
0.9989178126968518
1.1087496188709198
1.180314465068882
1.2130864243300754
1.2404037301811237
1.2630020995485847
1.2829386670713059
1.3028928315112214
1.3249938472640332
1.3496045702595347
1.374605804001182
1.3958287237135067
1.4089525009772956
1.4118310570288437
1.405215149172193
1.39145965826336
1.3728757582298046
1.351031040019435
1.3270735988325257
1.3026312740957278
1.2805916053567608
1.2660022312912063
1.259314840218397
1.259307841936943
1.2650154601721584
1.2760241373239245
1.29142206803991
1.3113813801943197
1.3353514957384875
1.3621719604045697
1.3911279756725998
1.4166171820290527
1.4321858169776789
1.4338700933608437
1.4217356771739411
1.399612803503494
1.3722939274822161
1.3418267590214887
1.3076431150909902
1.269411840876812
1.2281675296278027
1.1857983943740538
1.144262149061063
1.1050870802710446
1.0692174315702505
1.0370823936718279
0.9880166314469655
0.9395997291939926
0.9237210933606745
0.9424775390279263
1.1354783953329832
1.1742051639012858
0.9670773489198813
0.9794027594865828
1.0663963741543927
1.185831961921218
1.2583276349564234
1.2880140931911586
1.3090140779341362
1.3217851933758158
1.3284542125024965
1.3320549671492068
1.335211517083021
1.338880308472028
1.3418057661892049
1.3411940971154719
1.3344940268554277
1.3210763013889724
1.3024067790777274
1.2808380260775913
1.2583458197031616
1.2360674748442961
1.2146290274800189
1.1949006868390226
1.1787100328563895
1.1694809940889968
1.1672896410900933
1.1714068198796816
1.18114861952096
1.1968613055931472
1.2181764488692504
1.2464670482546751
1.2811982291982642
1.317393756940888
1.3522512839560639
1.3814188987721183
1.400118066436341
1.4054711119536394
1.398368045273899
1.383575373747661
1.3662977358736816
1.3470988570048255
1.3236316170525413
1.2950121331786593
1.262400024021458
1.2279242204833345
1.1936915608275418
1.161237126148795
1.1313878131375403
1.1043842233344991
1.0617875812687423
1.0149307844665665
0.993028680681739
1.0063037447919145
1.1880738525499257
1.2185873115808474
1.0282256595387118
1.0473290270485025
1.144833199771319
1.2734968147329677
1.34563534717964
1.3712922793049973
1.3849524267947526
1.3869591299596173
1.379762227783768
1.367040589242264
1.35217517779461
1.3368781728465315
1.3207111861872038
1.301878677838325
1.2789377509239956
1.252159077345804
1.2234396478817213
1.1951292082943028
1.1689681316893048
1.1457811783001555
1.1258280743875628
1.1094654226964185
1.097767465782639
1.0928341445712872
1.094292157419782
1.1017136394926466
1.114601519806949
1.133874926120963
1.1595317642803569
1.1937203685770252
1.236039680375426
1.2799881840303533
1.3218232781712123
1.3570609465029262
1.3814953389664661
1.392964792282592
1.3927740113331823
1.3854857039468995
1.3756895891969192
1.3638426045786418
1.3477419068823586
1.326453966540686
1.301072225267737
1.2737016633194458
1.246415199377089
1.2206554633550386
1.1970823590700967
1.1757141990021327
1.1410215727783095
1.0981748867829269
1.0711255195109175
1.0761154094528818
1.242083403383251
1.2557686949819127
1.0906760032307226
1.119703655543065
1.2294531887406264
1.367034530595923
1.437649675910783
1.458474021866344
1.4640310384903197
1.4547950213143606
1.433835152875376
1.4057171963923873
1.3746914817562181
1.3431623962714059
1.3112318625706465
1.2776313770514187
1.2415177056340627
1.2037397611743057
1.16656277952384
1.1324131044299783
1.1028876644621373
1.0785604052370488
1.0593814044944172
1.0452956509343894
1.0367919583044278
1.0349353789692142
1.038931847199284
1.0485012887268566
1.063252954590693
1.0844637014496987
1.1123789515666156
1.149650798341277
1.1961669944991766
1.2449462846080201
1.2920034822571405
1.332836815092901
1.3634680587413233
1.3819750846769503
1.389572216361307
1.39009307254447
1.3872220327764735
1.3816032760791723
1.371790528798314
1.3571139647343413
1.338584651499919
1.3181761913976953
1.2978637935818724
1.2790055703223309
1.2621403689627735
1.2470927246388759
1.2220902376597966
1.1859152710887086
1.1545461885431938
1.1483075977862855
1.2932008227836913
1.2797759814456808
1.1468348079603587
1.1898293109833742
1.3136229739956122
1.4601164645742355
1.5283704065177308
1.543754795000757
1.5407762157084814
1.5204070997998755
1.486644784679975
1.4450620926279842
1.400686377233098
1.3563273378696894
1.3121769061827233
1.266987174721179
1.2201659063830057
1.1730918838282958
1.128550973929159
1.0892036044153774
1.0565739816899016
1.0309854341501088
1.0120639340352633
0.9993707585887952
0.9929067078549968
0.9929541920878532
0.998362282548472
1.0088780193834321
1.0241570946543788
1.045632991687913
1.0737082575067032
1.1112960832505483
1.1586533914924535
1.209048829149569
1.258699551074562
1.3032919036273634
1.3389798012015048
1.3637859836551645
1.3785393043225782
1.3863399696682321
1.3902473047679338
1.3910522128396847
1.3878401448664706
1.380137092763336
1.3688314194501243
1.3557192062311736
1.3426806948449446
1.3310655586264362
1.3214065988013903
1.3134133544423867
1.299943055937254
1.2729897635791765
1.2383676612892618
1.2189186634305766
1.3378932887572303
1.2837434611080065
1.1888700872593942
1.250107342266419
1.3893626323499084
1.545005562317196
1.6103962290878044
1.6199575472785237
1.6084654546556056
1.5778526569151732
1.533266934386791
1.4812144222058283
1.4272054461543198
1.374005740827431
1.3213338936724437
1.267437375913941
1.2117921790050457
1.1565542123444432
1.1053852597829343
1.0613581967369439
1.0259227270898421
0.9990767035250079
0.9800588175470628
0.9680451554893685
0.9626258968268351
0.9635366290691988
0.9693537281324843
0.9797602806199477
0.9944096866885307
1.0147163483583757
1.0411593434654691
1.0766950467340695
1.1219704571960702
1.171031428575452
1.2205875497937262
1.2666725986604594
1.3055526037092657
1.335054874879235
1.355521148042726
1.3694516192483146
1.3795691829270342
1.3868236434184231
1.3905785329034588
1.390333588770507
1.3867080334457247
1.3812325035220272
1.3756817466173572
1.3714789145068118
1.3692980095705207
1.3688611004353968
1.36842416170568
1.3530515405518526
1.3168962697230102
1.2839400360413402
1.3734865319793106
1.262673036379811
1.2105934253221449
1.2934128353564058
1.4485327956440406
1.613163467528975
1.6752438426055456
1.6789439466279203
1.6597027469131234
1.620770460159097
1.5684293341677662
1.509843292459353
1.450616698246344
1.3930027742876852
1.335633929127568
1.2756444665866997
1.2125442593316489
1.1498894254089966
1.092745482449328
1.044680079724284
1.0069274959707182
0.9790139939280642
0.9597160221597949
0.947834864333044
0.9426413120738981
0.9435587226101048
0.9489941733733946
0.9585100791425918
0.9717157198441875
0.9898630547318862
1.01342623851365
1.0452247660513119
1.0862758233971215
1.131735064136596
1.1789487175496007
1.2243643309281458
1.264351970383354
1.2965068480473982
1.3207094024273127
1.3390452189158153
1.3541694105689226
1.3672711498739252
1.3778309700194296
1.3850980451696904
1.389234725223845
1.391378208800446
1.3931465062128108
1.3960833690694654
1.4011525274774983
1.4082687554736264
1.421626729044175
1.419833769606443
1.384607814176439
1.3396920851022325
1.3981245223999414
1.2160659011973767
1.2088548051858552
1.3146834178868967
1.4845001081014342
1.6565712111554716
1.7148106529976093
1.7133363014689191
1.6882298927170498
1.6440272283952142
1.5878288019701634
1.5270808087439223
1.4671941243743802
1.4096692979318517
1.3515132500960614
1.2878261167299683
1.2181704988330255
1.1487139993683826
1.0865196759577678
1.035437657404929
0.9961680352014428
0.9675974447915939
0.9480091992737629
0.9358887835213037
0.930308772441799
0.9306079198651033
0.9351397652894315
0.9433314860108793
0.9547194232272757
0.9702894502036894
0.9904144658798519
1.0176324077111083
1.0532879446442274
1.0937986297322773
1.137142014797488
1.1801356853499034
1.2192392539935533
1.2518468856003866
1.2774741385449624
1.2979981968521914
1.3162884172871487
1.3339371846851782
1.350472250057828
1.364704106259814
1.3761558870034842
1.385432204315562
1.39390664817701
1.4032276027129171
1.4147451282104528
1.428767735663464
1.4555900428008426
1.468559093552022
1.437067502575882
1.3831828418652234
1.4107021452133544
1.148426823934915
1.1840808077182874
1.31212398625352
1.4936898707274813
1.6697078571850472
1.7240272125981786
1.7192236163069448
1.6913636891351587
1.6457759580607032
1.5898401093460228
1.5309027760794724
1.4741079856034143
1.420478928876317
1.3653816156966652
1.3002507910575996
1.224431033545401
1.149026452230304
1.0833586677241742
1.0308131877029916
0.9911419671440157
0.9625088619019004
0.9427735512721747
0.9302316334883118
0.9239035658456797
0.9232363141250189
0.9266365227330956
0.933424307909203
0.9430654773987147
0.9562393910541054
0.9731020020705939
0.9957633646509808
1.0258421409151475
1.0610181056705144
1.099728030856136
1.1390462948022841
1.1755371821496454
1.2064676276781556
1.231092293233262
1.2512651662913958
1.2703879466096561
1.2907312188277822
1.3118633407384734
1.331983533633786
1.3498216481229024
1.3653424251595971
1.379589204475073
1.3942381970273519
1.41099889841911
1.4306864558681684
1.469291340985217
1.4968090138230776
1.4715468800482185
1.4123705202224468
1.4108157240410595
1.0675660487115017
1.1398051703695544
1.2875050935518397
1.476266533223688
1.651233598559714
1.7027808410510858
1.697604370298331
1.6709409118546514
1.628156162678714
1.5762603457693
1.522085339216173
1.4704599759928716
1.4225677109526178
1.3735373795852033
1.3091729034634714
1.2271738085017099
1.1477379214325718
1.0811477267487708
1.0291593559940657
0.9903766606726537
0.9623630395511417
0.9427438063044901
0.9298033050247699
0.9226570130815828
0.9209827357472038
0.9233085718808727
0.9288994596111312
0.9371932160356569
0.9486331549817353
0.9631118514312449
0.982130738415252
1.0073927161669678
1.0376276440744585
1.071480843606951
1.1062830280344276
1.1387799152057052
1.166164137240073
1.1874597568557808
1.2046056345503104
1.2219227421167804
1.2428126202138412
1.266861330972107
1.2914117651953818
1.3142849151265799
1.3347834574659994
1.3536007063810542
1.3723661141404804
1.3930041938543505
1.4167431195894322
1.4641525182383197
1.5044570612080195
1.487174163663226
1.4262680852572243
1.3987298831573018
0.9820207836723653
1.0814360370578504
1.2454230896992105
1.4354540549966437
1.6041896653925776
1.6555845903209954
1.6535265877922054
1.6321346042452336
1.5960635187450347
1.5513305910009052
1.503795325608622
1.4576677923338808
1.414271544460956
1.370003649179773
1.3072909025007333
1.2220168635176618
1.1432781855115712
1.0792478734947353
1.0299699699709484
0.9933088262857831
0.9665804974128036
0.9474400042542691
0.934344584383642
0.9266182731620822
0.9242005851718369
0.9257575146523928
0.9305451152143834
0.9380179221865202
0.9485302391427234
0.9618857478417857
0.9791390833589447
1.001270323966429
1.0272848820621328
1.0563529734833814
1.0862267083216957
1.113839330774304
1.136258077588581
1.1521810738034468
1.163593249088254
1.1762539247151547
1.1955354177486326
1.220781540293003
1.2479835341258498
1.274023598926783
1.2976650807904104
1.319342245192432
1.3406413513045852
1.363577861340585
1.3895878129648405
1.442204151770506
1.4928344107420728
1.4846435096267034
1.4248789600840113
1.3753358398942337
0.8989885864679561
1.0147859011764007
1.1918326967343025
1.3755966512321713
1.53460269851644
1.5896232081967936
1.594035064292619
1.5814450839048555
1.5552478575445703
1.519998261768206
1.4801839987755838
1.4389409251987888
1.3968323570104841
1.3497825538856154
1.2859657348991915
1.2082584097493207
1.1367762144091778
1.0785603183137729
1.0336744418346975
1.000047697544344
0.9751718495061483
0.956971046519334
0.9441950061673806
0.9364139749172294
0.9337735335546984
0.9350680110528149
0.9395860091490241
0.9468097739618538
0.9570985812092342
0.9702849711186267
0.9873207613239834
1.0083667382400974
1.031678834769998
1.0568662969700462
1.0821831604082985
1.1047285292693763
1.121374484356176
1.1303223268635783
1.1332681879279167
1.1380376887367112
1.1539457428381186
1.1788444944490248
1.2064543701038004
1.2330210620749165
1.2571017872693526
1.2790680135957218
1.3005536364460626
1.3236652280596346
1.3499630009468389
1.4044772233570375
1.4637443362338476
1.4656834898871547
1.4090205994660323
1.3420761286898601
0.8234065014969147
0.9448794925799191
1.1322163354898243
1.2998750837572122
1.4495993150292326
1.5125963147588848
1.5262338814642475
1.525069152104192
1.5109590788607494
1.4867500687524602
1.4553433375420872
1.4186108482836073
1.376308190400797
1.3253366581175337
1.2627915056817272
1.1950186984080515
1.1328798162211224
1.0815840557503842
1.0415747907386046
1.0112490450240579
0.9885457272334887
0.9717917373653105
0.9600190242106424
0.9529409755179661
0.95079150577987
0.9525173400624827
0.957491119483672
0.9652016032711055
0.9760661884480979
0.9899393891439183
1.0077830821666343
1.0293256008745384
1.051967947164551
1.0750500045891176
1.0969923734747435
1.1149867789408099
1.1257071238284149
1.126765294446054
1.1187547256894061
1.1111378922607569
1.1233992675127078
1.1463567922064624
1.1711565254784295
1.1945469271604916
1.2153586504845053
1.2341324799248385
1.2526796353611438
1.273282884540224
1.2976837006160795
1.3514299239924568
1.4189324975339617
1.4326582228852458
1.380118282005321
1.3008256549450805
0.7580288289006087
0.8753855512532254
1.0675825132712398
1.2103138223868226
1.3563118229307354
1.4314214387713242
1.4562522397483049
1.4682091738499248
1.467587978282287
1.4555134487945367
1.433339574046845
1.4019355867429983
1.361194809603451
1.3106531980785787
1.2522850788648177
1.1923832568333115
1.1378105767742983
1.0921992430305882
1.0560796175677212
1.0283610719453793
1.0075608870513115
0.9924998691137503
0.9824404407045824
0.9769909607899449
0.9762621178813655
0.9793675626398528
0.9857899996095008
0.994985246791154
1.007500724246732
1.0231978738192196
1.0431461828516158
1.0667871532683633
1.090677467784445
1.11359419308485
1.1336946223344642
1.1480607423697786
1.1532277960505413
1.1465269677226408
1.1275388878780388
1.0988202053624498
1.1124224068566433
1.1289409618783754
1.145874287608839
1.1612138416134095
1.1742386575819888
1.185796361212464
1.1979712567309666
1.2132874744938649
1.2337155813288483
1.2846362128465554
1.3601107636768768
1.3869380791502528
1.3400114298469201
1.2537391115059688
0.7040114106789475
0.8089022300513925
0.9812357140625904
1.1123240268758336
1.2618568660934613
1.3520966579497145
1.3892851688256993
1.415336138859714
1.4291409603464456
1.4302715558666441
1.4187504726505233
1.3948143470000594
1.35896892857531
1.3127686097806703
1.2599935832534368
1.206317690500798
1.1569426840692558
1.1148147543791511
1.0806842826711969
1.054051678367449
1.0341006351429756
1.0202350891526062
1.0120708979320572
1.0091666062742217
1.0110895471678734
1.0167948117177128
1.0259049717124074
1.0378402448863238
1.0533865535229068
1.0723966079416116
1.0961530819730505
1.123828480811518
1.150978568155478
1.1756776953258914
1.195508936503965
1.2072315359558334
1.2073571123702984
1.1936672051150794
1.1674552436555397
1.1395639238371094
1.1300449154380139
1.130559988977105
1.1329905432788419
1.1347018994418445
1.135174072871065
1.1355815611979339
1.1382915803676676
1.146026766926717
1.1609060747660975
1.2074936792124533
1.2891232331421645
1.3264611616608826
1.290848666953745
1.203089913341366
0.6615653543385855
0.7479850317296209
0.8872463313708238
1.0163849652367485
1.1734289749413802
1.2801479185190079
1.330163566065168
1.3708223559965127
1.399851099338499
1.415503567688303
1.416659842101727
1.4029980381528155
1.3753220813161855
1.3360523253693732
1.2894236017774616
1.2406537586288202
1.1943510927813796
1.1534417807297643
1.119181786317322
1.091808903612302
1.0712522597155958
1.0575425679303383
1.050772332543537
1.0507796887531051
1.0563855806421307
1.0658853398682258
1.0790028388213297
1.0950903460191115
1.1152755998258317
1.139378081674395
1.169013952138648
1.2030533098132223
1.2357440834603568
1.2642700397104174
1.285337497696801
1.2951512852938396
1.2902621434751846
1.2693699636524927
1.2357854538711113
1.1995449785382795
1.1711592658714218
1.1501613683105805
1.132240597996721
1.1151880693173644
1.098930540041637
1.0850436740562197
1.076105227419348
1.0748549661058708
1.0833236519765612
1.1244592514088279
1.208203620502592
1.254002255231661
1.2351420823533406
1.1511278455717622
0.6304535764003868
0.6957560605321854
0.8073866705054158
0.9326488408939224
1.0976681857542523
1.2207748564926522
1.2836074476145887
1.3391447203933706
1.384187007190056
1.4158582335297274
1.4319322012924478
1.431291212454183
1.4144157418080798
1.3837071011392132
1.3433132899865219
1.2982376835739318
1.2530927147857611
1.2112533003515538
1.1747651797708725
1.1447722057924052
1.122042430169723
1.1072813915346227
1.101097020999814
1.1037045976303794
1.1133464037744671
1.12748754121684
1.1457927278855295
1.1674255815145236
1.1939266843735707
1.225060155092828
1.2629229715386265
1.3060331230341231
1.3468755095327578
1.3814146304866992
1.405075758428075
1.4132040922405984
1.4023526807450595
1.372245345216193
1.3275040921125556
1.2769399603177174
1.2280850404238277
1.182931039426143
1.1407327148845503
1.101217043864699
1.0654058225852672
1.035412346831221
1.0138720028689332
1.0032421489206094
1.0051123592963935
1.0396642341065263
1.1205875487333958
1.174568553403608
1.1757082042740985
1.0999727203670846
0.6102851541230762
0.6551365341119302
0.7465742240787846
0.8674520503033121
1.0397061495242659
1.1784261764397643
1.2538479835172736
1.3244241038826017
1.3862242784220686
1.435352802299196
1.4683973401428823
1.4830931688884286
1.479004275328155
1.4579100252832262
1.423605892151815
1.381058429751635
1.3352685796451513
1.2904151911601245
1.249591115746305
1.2150141905826088
1.1883922961709266
1.1711666500051636
1.1644994737902257
1.1690292864826242
1.1825993304094198
1.201822133072576
1.2261814324934512
1.2545350498444907
1.288900734051446
1.3289949243242265
1.3775724609083122
1.432732722428712
1.4845833325060678
1.5273696518970548
1.5547032994889076
1.5607022676969813
1.5418868661944323
1.4991799895745967
1.4385110064852844
1.3683563464031196
1.2954769936376485
1.2234757498482456
1.1544490944760601
1.0904625952545728
1.033952944993955
0.9875447086730181
0.9536601623739127
0.9340955924956614
0.929588266971181
0.9560697153207468
1.030681944456893
1.0932707331959444
1.1153885476810128
1.0515515257873633
0.6006537164990329
0.6279139621232128
0.7058894797669505
0.8236037061788237
1.0026688862530562
1.1562275136178763
1.2439918317868428
1.329711877302134
1.4088776265260146
1.4766361751771255
1.528285915027923
1.5601006904314076
1.5702605548343465
1.559487814892764
1.531028039509267
1.489901221788604
1.4417523275984112
1.391842755422301
1.3445423062422563
1.3033069745815473
1.2708938252945494
1.2495565635663834
1.2410728278614638
1.2465645731634414
1.263615676102483
1.2879485612057018
1.318793104969129
1.3546616977236332
1.398138208468991
1.4489385221258864
1.510645956663286
1.580823837442742
1.646467663190715
1.6994945765895195
1.7311154918469396
1.7338743405230286
1.70435324034772
1.6451114357430323
1.5637833626520894
1.46921753920558
1.3685115399962933
1.2671215232621875
1.1698044338778386
1.080889635391636
1.0040869771554186
0.9422351592150614
0.897156477070628
0.8695866985418618
0.8590365349302971
0.8761357454929581
0.9433202230934068
1.014564953721907
1.0568119557112978
1.0075902637464564
0.6011818715241556
0.6146950268278284
0.6849359346290755
0.801632544789313
0.9877560551656391
1.1556349372577526
1.2555233089721594
1.3563988788090762
1.4532866632474328
1.5404264244772181
1.611762553578177
1.6618938356180424
1.687287597110914
1.6872836627008336
1.6643925816496066
1.6236966224170117
1.571635210364896
1.5147548893185079
1.458892591145736
1.4088928865650459
1.368671947267927
1.3413765256224646
1.329462291630187
1.3345975681074747
1.354276893101913
1.3832841309630823
1.420538613286946
1.4642630019844558
1.5176926114262095
1.5805698662682517
1.657390266956867
1.744991106619368
1.826549663990792
1.8910994925400935
1.9269704159309478
1.924933097278646
1.881944123938485
1.8028387524231149
1.697188104125436
1.5744356591769084
1.4428589427279406
1.310390919778779
1.1845189367760391
1.071557787047779
0.9760412642669988
0.9005420796170369
0.8458653220151559
0.8113641041321417
0.7951495108666908
0.8026091698510202
0.862798171559114
0.941898805514493
1.0022950054386612
0.969694979052065
0.6115134756101122
0.6153138447074592
0.6826739848005215
0.8007670943417781
0.9945392556419338
1.1762912699547767
1.2879811532560235
1.4037690027309087
1.5183024676694434
1.6249702071313696
1.7163605349218218
1.785304474535592
1.826372543151819
1.8373036818472224
1.8197085783349507
1.7786761537911842
1.721486202234878
1.6560730347983172
1.5898572093251504
1.529177217739837
1.4791922618567162
1.4440010832872792
1.4267729627872816
1.429769567802882
1.4507031723212738
1.4834731749419579
1.5266595466563495
1.5782298297206627
1.641991246398899
1.7176419967898533
1.8105515679669204
1.9166258901187485
2.014791593796016
2.0909129418518155
2.1302773797755465
2.1219828912338863
2.063956807883925
1.9638152848527342
1.8322466909996058
1.6791156132932645
1.515003312997496
1.3511261658996803
1.1977469448058695
1.06272003005491
0.9508073275073289
0.8638090717167017
0.8011870443951324
0.7607779036937087
0.7394172242745267
0.7381080121054634
0.792269275941103
0.8776653494010043
0.9537908141274917
0.9395815787196177
0.635451094670835
0.6327059214417131
0.70185539352927
0.8242943807591944
1.0273216539412628
1.2241002876349842
1.3486133159648575
1.4807503094214194
1.614808494270672
1.7432771390771933
1.857253301582413
1.947558729581307
2.0065284160418266
2.0299346587458347
2.0182047168983894
1.9763143192685229
1.9124374081938365
1.836077189447096
1.7564841739101111
1.6817488898156718
1.6185038304500308
1.571972886657188
1.5461310919299325
1.5438313083401625
1.563359441343465
1.599844914731356
1.649453769864765
1.7096695854040171
1.7848538890171979
1.8746133368349247
1.9851770371823942
2.1112155998717204
2.226842294331842
2.31450191298786
2.356487264430749
2.3407868302075423
2.267368849821307
2.1452815694219893
1.9836711439380392
1.7942870396737547
1.592391182921633
1.3936894804031073
1.2113485975122338
1.0542446503804248
0.9266479380673128
0.8289737991148276
0.7589612544923708
0.7128348390818517
0.6863651768371795
0.67673012912031
0.7250708368339496
0.8153315112079778
0.9067810173298759
0.9171012572130136
0.7039240578559394
0.6998516804452626
0.781574638839903
0.9148459706840167
1.1295594345463007
1.3439561034951544
1.484370676947854
1.6375369874592738
1.7973970057067994
1.9552613817713642
2.1002271237797285
2.220389578190012
2.3049690316225533
2.346869118395909
2.344608898050535
2.3026531216432713
2.2300368703827758
2.138118454132426
2.038505462462007
1.941726860714045
1.856667533182004
1.7905281562454296
1.7491031632683536
1.7371329014227275
1.754142943779353
1.7915435537591422
1.8462117635012292
1.9146328072182304
2.0013678883701784
2.1056447139159085
2.234194280959421
2.3799431978889705
2.5121390703659268
2.610901219964222
2.6577999496311375
2.640491781953582
2.5538121158597646
2.4000308335420346
2.1909693529017966
1.94688285242565
1.6916358467025983
1.4471189948152314
1.2292863594613106
1.0468170110066066
0.9019968135707863
0.792664589641564
0.7142061520950634
0.6612024261870802
0.6286546409557515
0.6096842025986482
0.6503860963271236
0.743047297456896
0.8536206773287266
0.9173670574398256
0.8354977661332132
0.8430935636694095
0.9463485359532319
1.0858583443601757
1.2897598117518316
1.493803178744198
1.6310949511036918
1.7842387517612208
1.9472925953636293
2.1110967743097704
2.2642315670490243
2.394495458358864
2.4908095871693927
2.545395811277838
2.5555757755574633
2.5243444024988113
2.4594295071227754
2.3713942704222153
2.2717131773924972
2.1714536142237932
2.0806350961400932
2.007950563435148
1.960435091548498
1.9429030871624111
1.9546268043173929
1.9869308025685752
2.0363908911269624
2.0993493561032546
2.179528998374157
2.2757195300545785
2.3936782851035074
2.5271540554014646
2.649879419582881
2.7451862105452127
2.7930871038471974
2.7742044317843706
2.677088591282716
2.5036363813972553
2.269751785401155
2.001018408550249
1.725449542225392
1.4666783630496727
1.240149997684389
1.0527873525177394
0.9049283019266285
0.7929454694465754
0.7115219844072634
0.6552287938620515
0.6193685760047429
0.5949707520822026
0.6293081509863094
0.7171880182506507
0.8383267839128575
0.9932774957786941
0.9609842467200472
1.0063448452260242
1.116216097389367
1.2366101267303204
1.39097288184058
1.5418352094233352
1.6446394427960935
1.7596444560429352
1.8810764340468762
2.0017362626245054
2.114352590263291
2.212009013449453
2.288545449492972
2.339206802309999
2.361456782689536
2.355664944809681
2.325253179090889
2.2761098051794044
2.2155510142182266
2.1513607813801263
2.0912081407509784
2.0422839374211614
2.010779778448575
2.0011098133973237
2.012800492528054
2.039312216253415
2.077985189571127
2.125716926815271
2.184907297876053
2.2542453950697166
2.3380213306842417
2.433929583032081
2.5260728344862455
2.60023702064234
2.6364333502137898
2.6160850289791844
2.5282628091332735
2.3739580789392125
2.1667944394973184
1.929211582588741
1.6858051721236285
1.457121400766741
1.2563529143617629
1.0892111918371499
0.9557316836779167
0.8526916604889908
0.7758338399731424
0.7212016710129758
0.6854741959415389
0.6602728890028987
0.6929894037506451
0.7707518471116999
0.8868331157150615
1.1431969805182536
1.039536974561422
1.1530113123578374
1.2719146104273795
1.359763857214199
1.4237289329165614
1.4829823326569198
1.5229918344528288
1.5650388634269603
1.6065518911245449
1.6453769782295748
1.6803198736660463
1.7112965419320572
1.7389424548850259
1.7639191174129885
1.7863760671763484
1.8059063267144377
1.8219466410529344
1.834237642750521
1.8430019743210486
1.8488851660851426
1.8529810589311972
1.8570927149259868
1.8639590321300152
1.876940855135497
1.8962251496496956
1.9200555520937403
1.9481713803123033
1.9786629180491357
2.0129917307196483
2.0516947006364785
2.1026630619471307
2.1668293504961067
2.2294424342847026
2.2802734421038253
2.3077448482486824
2.299473534309737
2.245340424439666
2.14173111313346
1.9944579731246894
1.8180836027590908
1.6315792878046376
1.4527361404170205
1.2942125253679602
1.1624488947516347
1.0587847415981015
0.9881214416076459
0.9291927718780523
0.8835513227854737
0.8517440245284104
0.8279725121983601
0.8563871255098527
0.9137810008087185
1.0232432910470393
1.3691375885885158
1.1867053098151734
1.2011112346691064
1.3418011185935168
1.409589603587189
1.4419445568120772
1.4664121102656056
1.486791691177126
1.5148166243768528
1.5524974931332585
1.6019563123101195
1.665381473635526
1.7447310779699032
1.8412338306110008
1.954802777998018
2.0835794605494438
2.2239585688887207
2.371274532395663
2.5203233789739246
2.664308884378194
2.7937476879677976
2.8982639856449413
2.9699778504685077
3.006127100991442
3.010080676114457
2.9931701724199606
2.9688151402408334
2.9429708475230307
2.920102806685319
2.9010535557685744
2.887771734388502
2.8796501560395384
2.873196047907636
2.858753581973105
2.823504527095601
2.7569379985320075
2.655067858536539
2.522537986391789
2.3711807073845144
2.215674027870034
2.0686326957017163
1.9373637390612384
1.823112574320449
1.7123844496308651
1.5971928673207192
1.4884769940424967
1.3931080047787368
1.313252988691997
1.24745657119064
1.1929013168779694
1.1218054617561792
1.120321469897706
1.2354096354339077
1.4344254643351537
1.6975081751286234
1.0641407336794408
1.1114458902568771
1.1892814922954342
1.232885982866821
1.2462023556492956
1.2556322169806775
1.2692952354408913
1.2941650628340833
1.334680536260757
1.3952543684522634
1.4794999192907077
1.5893928735907235
1.7249057117393698
1.883979554807995
2.0624001185154692
2.253534547167348
2.4482934475506255
2.6357723149873085
2.804719382210068
2.94545615322857
3.0515935181632883
3.1210539699945397
3.1562413444621904
3.1633870297652806
3.153014205415688
3.1362103919651334
3.1177072301251374
3.100709893599626
3.0855404191567937
3.073104084524701
3.0617444934673674
3.0471606852300415
3.021676141393117
2.975067456545767
2.899147193500579
2.7908699158991888
2.6537918198433936
2.4968756219675736
2.3310480892377443
2.1651965488562213
2.0038277230672743
1.8482042190392851
1.6998387162047814
1.5621021252364797
1.4387269271715657
1.3318335738603655
1.2412495510568315
1.1651556906900433
1.1016077253253365
1.0168040545944392
0.9732668075954819
1.0146652289485725
1.1318439872347033
1.3636452148676634
0.9830867039108124
0.9768519093348114
1.0356449243324308
1.079713620495891
1.1107840931269046
1.1380909735459768
1.1616664842507878
1.1960650733319582
1.2453767730063152
1.3130029137215875
1.4007363619682702
1.509771527233887
1.6397928147551004
1.7884514583160611
1.951230687652399
2.1214288034745827
2.290500787784345
2.448942696843824
2.587671888700414
2.6995664965122264
2.7806932111559246
2.8308685201147976
2.8534496229419952
2.8544700364342352
2.843088163225193
2.8277807695572506
2.811760859030523
2.7972772149100336
2.784261641786986
2.7732493388720223
2.7627180059169074
2.7493829329028565
2.727886093502553
2.6907755454784406
2.631768826564823
2.5477017380652316
2.4395152050345024
2.3116612196607282
2.170226619727622
2.0210486316493195
1.8690955729547922
1.719021678720472
1.5755978564756024
1.4432508986532455
1.3251632184890685
1.222697441468254
1.135468534161029
1.061965125334921
1.0004316516029876
0.9149695441232164
0.8506220785213797
0.855387864170725
0.9360362872417969
1.1726546772327697
0.9479312221315658
0.8606460638998559
0.9036117683011684
0.9580564159122026
1.0164710477969188
1.067245450181336
1.10275586905961
1.1469104812868807
1.2025824097399023
1.2724897418692578
1.358489464174188
1.460738496313868
1.5770865709591553
1.7030967681316063
1.832563301039238
1.9582380121122525
2.0727815572884984
2.1698532529637986
2.245053201582204
2.296495849944118
2.324954990607883
2.333602258637755
2.327378100714923
2.312080330338115
2.2952344886933553
2.28072034974046
2.2689050063053866
2.2603611308191853
2.2545778394816116
2.251640573528786
2.250876561681495
2.250373318692874
2.2458265540444633
2.2317676752607936
2.2027788550079928
2.1548789924912315
2.0867044794148435
1.9998273302046576
1.8980338430290356
1.7860844841761743
1.6687491666475978
1.5504556766440727
1.4352397706884341
1.3265801103772656
1.2270727721689938
1.138178694479213
1.0602433437123695
0.9928082273355903
0.9350819554145217
0.8524125081376235
0.7846417346564009
0.7800815114696111
0.8402325649846064
1.072757560853896
0.9659642639805219
0.8270532899888324
0.8557733080094609
0.9186506388794041
0.9985890758192969
1.0632941626399508
1.1031254193759177
1.1478295964979932
1.1997025669485049
1.2616055517168876
1.3363138364494884
1.4255616562853912
1.5286990576105055
1.640874497143385
1.751656526582417
1.84789327876245
1.9213296539320377
1.9705058833474014
1.9970278518299849
2.003676961305091
1.9942172909578422
1.9734102085853726
1.9467335376704746
1.9196934299923045
1.898887778679334
1.885106031125992
1.8767177038878557
1.8729974329346701
1.8729805575034402
1.876181761408329
1.8823391909795326
1.8905901450204823
1.8979244353176528
1.9005472688324934
1.8934256508515328
1.871756396400866
1.832763913152956
1.7766693133816431
1.7063347655439192
1.6259435572924263
1.5396488383873959
1.450933930831476
1.3626517845811132
1.2772107859489754
1.1965678728358473
1.1220986166224347
1.054552832914039
0.9941912222124011
0.9410452910545829
0.8626657218279901
0.7965050018798612
0.7898782966431752
0.8334240880599493
1.0511312741088898
0.9956023269715476
0.8332940013039404
0.854415260166371
0.9225773849153484
1.014439727265816
1.0850608846957603
1.1255549233400008
1.168285617858804
1.2150854752591245
1.2685798131178834
1.3315203156499094
1.4058015643723176
1.4912206461295099
1.5840326407313887
1.675768330256431
1.7542788391810977
1.809644722457071
1.8397877096636095
1.8480740615765052
1.8390294185181908
1.817164388385815
1.7872750806578024
1.7546408624500536
1.724577666293848
1.7033741435513892
1.6908390201381385
1.684728266519888
1.6837874556238666
1.686830093648795
1.6929038397243181
1.7016478720444466
1.712740721190734
1.7247018233879718
1.7349603363779273
1.7384219493794693
1.7296600325344527
1.7052927888287306
1.6651558403947244
1.6119114523765938
1.549501277716943
1.4815476803505492
1.410707905745309
1.338965090044135
1.2680730518100376
1.1996490342899284
1.1350123134630457
1.0750579610151567
1.0203071630343048
0.9710923038905179
0.8964810740334361
0.8302684037901833
0.8197179878016813
0.85323136300541
1.0619095417691373
1.030923967557736
0.8530710571295176
0.8696807558630264
0.9430242482286391
1.0448585363477771
1.119369179977243
1.159393065888268
1.1991002461927347
1.239865407682522
1.2840203452897072
1.3341704657383022
1.392138790206363
1.4577401942222739
1.5276635661527074
1.5950895419286029
1.6512042365168478
1.6890461270221464
1.7067278271869686
1.706605889582037
1.6924789003884269
1.6681556264262398
1.6375751297446117
1.6052876662715636
1.5762984310164032
1.5567198204173383
1.5462235971282157
1.5425746133503875
1.5443331753910134
1.5503019096602864
1.5591036495445454
1.569909814447413
1.5823449043130233
1.5971607915984887
1.6130158220163593
1.624101871979644
1.6244235425769178
1.6104512921014256
1.582141908829755
1.5423399133114544
1.4948664181132876
1.4426496870565777
1.387299077369332
1.3298969435916064
1.2716952082407995
1.2141460616609356
1.1585872886465556
1.1060024509464341
1.0570145113776501
1.012051818988601
0.941619145527611
0.8745090406981202
0.858264836382131
0.8844216372636007
1.0863458636493808
1.0732943582332557
0.885611898392143
0.8999965711649539
0.9794669736595262
1.0913094702955748
1.1687370745710521
1.207317551313812
1.2427110518886963
1.2758503781990473
1.308812851275904
1.3441253003259337
1.3836378777839784
1.4273220759043868
1.4724589933682282
1.5138565515514377
1.5456232854087604
1.5638581480861133
1.5681174765319348
1.5605081657655397
1.5438702235647468
1.5207966892284526
1.493793544074147
1.4659705539731522
1.4413507282475255
1.42540009460751
1.4180263690690664
1.417464678873792
1.4223927323022005
1.4319571859414042
1.4447283627845056
1.45975710523739
1.4753865017476238
1.4931793842435694
1.5137257736078098
1.5303702870580969
1.5369846542931211
1.530420029423142
1.5113408427157635
1.4833787499248685
1.4503871056508078
1.4140023734872098
1.3741363533711994
1.3308508512421195
1.2851075050353928
1.2384166661211884
1.1922400089378333
1.1476282058041678
1.1051931891074622
1.0653034790126727
1.000150920486843
0.9320151137070329
0.9085987022606986
0.9287208121642997
1.12401326806693
1.1199938738106268
0.9300141605675598
0.9445597281966834
1.0314456887738903
1.1534652227089066
1.2327966314459
1.2689029629443191
1.2986470261808907
1.3226075401541941
1.342752483273054
1.361732209772016
1.3816817536908401
1.4030339361188757
1.4239337201652096
1.4407831671146383
1.4499648445561935
1.4497405333057043
1.4408278166436859
1.425405115264996
1.4057582143251235
1.383636633389659
1.3604728511637951
1.3380827749545456
1.319223391869001
1.3080801498682317
1.3046018045734633
1.307625033539572
1.3161150092296805
1.3298730259688147
1.3479272019126594
1.3704787359505934
1.3961086872270132
1.4215195811252814
1.445617810447037
1.464553483334513
1.4734673533271199
1.4697792029734658
1.455287798034385
1.4361297707965512
1.4171577176416352
1.3966410465220787
1.3716019791715186
1.341399433979998
1.3071788837904192
1.2707685648716178
1.2338387100971684
1.1974793929160723
1.1621927162211192
1.128152801717701
1.069731282618523
1.0017211735091862
0.970832274188043
0.9850005738399656
1.1720825924840932
1.1677410650025535
0.9842114297464818
1.0015789881450523
1.0975424731689658
1.2298253316522043
1.3098492867161775
1.3423815189282484
1.3651545542147288
1.3785447761456833
1.3846333139319378
1.3864670748700192
1.3867574491695975
1.386656850824247
1.385287124037712
1.380425249001177
1.3700915794375963
1.3539479501933611
1.3334264376215543
1.3107276056999884
1.2877462868279592
1.2656619726843203
1.245220388365976
1.2273832725193707
1.2139063703766704
1.207586270865607
1.208118795784015
1.214812649431463
1.2268992865189177
1.2448675507733349
1.2682278868822467
1.2982358816191188
1.3336849432879134
1.368714607007238
1.4002187832569137
1.4242420906928284
1.4368851687406463
1.4362333425377591
1.4243024522471495
1.4094777193003123
1.4013130953736497
1.3936814348416977
1.3804588630760637
1.3608697341150395
1.3363611415186754
1.3090361085880544
1.2807213495659568
1.252501846540922
1.2247103162457367
1.1972374942777242
1.1474332402773595
1.0821461201282914
1.0444641932377938
1.0510792839435579
1.2262996631268253
1.2125133123765632
1.0443297435664045
1.0679297222618749
1.1750000393956226
1.3173925180825994
1.3966491657930493
1.424475591307198
1.4390681498863025
1.4408132110610203
1.4321751401407645
1.4168734628501138
1.3984162406371592
1.3787732292203694
1.357936743529479
1.3346856765915067
1.3081064973169658
1.2787293513873617
1.2484194893291778
1.2193675670706021
1.1931778509350435
1.170618104286544
1.1519591779591707
1.137581894382716
1.1285088889980424
1.1263248033505948
1.1303499549918905
1.1401892401444729
1.1552438776435472
1.176535434375849
1.2039173249484567
1.2393941462825782
1.2820115325499888
1.3247127357391986
1.3636191484665945
1.3945294253147678
1.4139220271238684
1.4205518304050992
1.4169180914103374
1.4099499200023133
1.4066790058620542
1.4047651948649453
1.398687591883167
1.3867505904023578
1.3699782093939072
1.3503734328750452
1.3297837601782818
1.3092946372385006
1.2891117439330493
1.2688363890936292
1.2298189417817051
1.1708029027299522
1.127513157820779
1.1238717806148237
1.2819059210531556
1.2491003663941727
1.104626063604556
1.1389636858681729
1.2594068679223673
1.4114996183552917
1.4883900749855914
1.5104370388187354
1.5158769411979158
1.5053861362541796
1.4821034905602395
1.450635639041285
1.4153582452247904
1.3789461265798446
1.3419522044399737
1.303697086788581
1.2638689331864168
1.2235702392436978
1.1850253200873
1.1504795148692897
1.1213466991149963
1.098073797327589
1.0805479901085937
1.0686907594421577
1.0629452180302918
1.0639065676506563
1.070517914191701
1.0825361562829694
1.0994510662188792
1.1226196884021868
1.1521246204275808
1.190461870179014
1.2370199106493087
1.2844151885908788
1.328630647602473
1.3654729705169721
1.3916388233853525
1.4061720809509433
1.4115443049243164
1.4132474343193036
1.4159962790250396
1.4190020417409677
1.4186618990026487
1.4132384858093556
1.4033366626401318
1.3907199734198992
1.3772150481447527
1.3640147935830762
1.351383588054013
1.3387605098845072
1.312555221296124
1.2635136517178662
1.216124263113421
1.199518180150999
1.3344065841915267
1.2710990174000827
1.1582244155506856
1.20866858462729
1.3446499788906776
1.5058465922337725
1.5788521988016315
1.5942314672637208
1.5899345895104129
1.5672797113542463
1.5303549445300275
1.4847461481844022
1.4355742333612378
1.3858977934267023
1.3363616372191112
1.2863378374096788
1.2357941932780165
1.1863530721235505
1.1407241392197738
1.101352834980488
1.069545802182426
1.0454539878005753
1.028587647798972
1.0184424748315115
1.014964961645788
1.0179822438794637
1.0261198635969848
1.0391785038830026
1.0566827671494392
1.0801333505872153
1.1097522518136123
1.1482851666437461
1.1955140593908908
1.2443963883740956
1.2911907402504592
1.3319280293697284
1.363444560876563
1.3847399013983421
1.3978735428810536
1.4072930057640183
1.4166583592482835
1.4256850562697165
1.4317530927678768
1.4332567941754109
1.4304861744734707
1.424922296030487
1.41833601767192
1.4121159053785164
1.4068202386141897
1.4019836412466278
1.3899969791341134
1.3542261109531193
1.3047782292264707
1.2736578186464984
1.3800422207704286
1.272235222319105
1.1984093431622589
1.2703049475511594
1.4233367668540682
1.5928006276593254
1.6606639873521551
1.668831367375979
1.6548099936775158
1.6209367735445774
1.5724314315864452
1.5157808779761308
1.4565463996499965
1.3976953697064327
1.3393935089694073
1.28057586123399
1.2213353189065033
1.1640234767449076
1.112137796533222
1.0684917132714902
1.0343046880535645
1.0093833897309819
0.9928137010385347
0.9836630271521374
0.9814426334792957
0.9854367781321255
0.9940474603303947
1.0070426616681722
1.0239487020230371
1.0462417498359424
1.074207543239197
1.110623653838239
1.1556718810070443
1.2031441518307837
1.249847496605983
1.2921908136566889
1.3271175850208765
1.353403242446237
1.372561001953132
1.38829879238542
1.4038380750114068
1.419224724628708
1.4322806912162693
1.4413131263059011
1.446190994357327
1.447993923774053
1.4483284692679368
1.4487565452289
1.450291363062961
1.4528847888763552
1.4555774004198139
1.4357435128594684
1.387074931014558
1.341859351441469
1.4159981536717752
1.2487388193367448
1.2200226002592878
1.3174776550253227
1.4877735641077696
1.6640416792586554
1.7258046093125183
1.726792127870744
1.7039645054753492
1.6609270915267633
1.6040122556220364
1.540357803564171
1.4755691495697554
1.4120116186514668
1.3487542679203524
1.283788449462555
1.2173600158299942
1.1530651192283805
1.0956205375626815
1.0482993260633913
1.0121371817003695
0.9864820387849967
0.9699329447773103
0.9611359654171057
0.9592430132147521
0.9632295209430913
0.9713871340443113
0.9834054141932694
0.9987946525036755
1.018874921754351
1.0439281144511745
1.0765838870480062
1.11738869377606
1.161271599706382
1.2057285493106913
1.247613829708144
1.2839519808563846
1.3132125984813003
1.336345987557576
1.3565582393671618
1.377029660189101
1.39819951761464
1.4180970483851825
1.434730493713441
1.4473844421045365
1.4565814817056617
1.4636110380528686
1.4700916873077943
1.4775269280230288
1.4865894521867853
1.5033047934110175
1.5012710946788863
1.4569009385388851
1.4001216145837603
1.4404341512190293
1.2011941129499177
1.2204986423103432
1.345374395438707
1.5313407330902111
1.7116694415672646
1.7667400399876725
1.7615065095413167
1.732033410333947
1.6831115321451442
1.621898558086651
1.5558307234233877
1.4902329206938147
1.4265075476172941
1.3620187457851258
1.2931593570418618
1.2205424630256358
1.1499395588230277
1.0877468880601022
1.0375695710229886
1.000015461058291
0.9738320263349075
0.9571038115576531
0.9481094757023414
0.945751956185827
0.9489305058080187
0.9559400885855058
0.9663749774387246
0.979724635883893
0.9970691758135073
1.0186218235695188
1.046723671395652
1.082204709262022
1.1212436006336741
1.162047771988936
1.2018930778668924
1.2378503272234178
1.2680642598391532
1.2929599517219716
1.3154304014218356
1.338937915727929
1.3644920150824817
1.390261253667378
1.4138169874108515
1.433729531434482
1.4498365162940179
1.4629720726474629
1.4746536259800427
1.486759630519539
1.5008280702881764
1.5297350492326323
1.5461411865276575
1.5096051191218005
1.445328271824599
1.4524182669784178
1.1345580124513683
1.200183959722094
1.351751677891421
1.5498102336078239
1.729750961532111
1.7783502790184154
1.7690977746742507
1.7364689198605294
1.6859587816034431
1.6250342989723794
1.5610612273553972
1.498972018033645
1.4392416315671452
1.377079131705144
1.3061237730348791
1.2277456359130448
1.1515070035903507
1.0857254987530234
1.0338264533151764
0.9956381956440885
0.9692134436079611
0.9521760972832007
0.9425577820868616
0.9391578438647898
0.9410038956089253
0.946483401424288
0.9551000129039445
0.9663290982030065
0.9809862008588474
0.9991595694569455
1.0227918418252335
1.0528510443774706
1.0867068456334712
1.1232074463420243
1.1599590958810926
1.194058283348811
1.2233594015365603
1.2478158534608126
1.2701318192650979
1.2943331280472863
1.3222588376362474
1.3522384827930662
1.3813319701714906
1.4073395502783732
1.4293702479315922
1.4477479344254884
1.4637762426165397
1.4794827397725376
1.4970672662383477
1.535290057505287
1.5688574081569202
1.5427537931508375
1.4755421407697238
1.4518236673329503
1.0564370631380515
1.161865585520363
1.3372954168482993
1.54199713022956
1.7158456756234617
1.759734981038844
1.7498471069369492
1.7184906318229112
1.6711436750688102
1.6149490291835316
1.5568290393760145
1.5013816525143744
1.4487622889087075
1.3922919982036401
1.3205293371627305
1.2361349150963543
1.1553102163226263
1.0876554382613235
1.0354665237010434
0.9974992045389927
0.9711543753133397
0.9537526444811266
0.943257768942125
0.9385270499114339
0.938859810894582
0.9427782352630808
0.9497092068965389
0.9591270353576046
0.9716242841294191
0.9871499495819284
1.0071907147765087
1.0326042143576604
1.0616885340915407
1.0938040549029988
1.1268179228187654
1.157895116037763
1.1846671966247946
1.2066426838295472
1.2263692264020636
1.2486900502960283
1.276627151702536
1.3087076156422834
1.3414138181761739
1.371799152460649
1.3983125468159807
1.4208347317265242
1.4404692915129798
1.4592279486021595
1.4795035196190518
1.5238756536298808
1.5709350839520044
1.5562071060681337
1.4900641288548255
1.439213927353767
0.9747657565958779
1.1097571099846255
1.3052321111864955
1.5092597491255753
1.671681960672044
1.714533714100045
1.7080387161679027
1.6825798463548938
1.6428982336827502
1.5951852583636055
1.5454989583603638
1.4980364849411978
1.4533884066625602
1.405004463824467
1.3331590997568
1.2425879599363607
1.159651616166874
1.0925693744264204
1.0416979583863022
1.004794801302666
0.9788523162928966
0.9611325912711306
0.9497357281269612
0.9437231376669374
0.9427232497954408
0.9453808594699753
0.9510585670569455
0.9592363245195062
0.9703707237746231
0.9843274720874349
1.0022257557159286
1.0245108323027354
1.0497729421344855
1.0777724514773308
1.1067295845535683
1.1339621437427303
1.156911945511977
1.1746038925241493
1.189349669916936
1.2070808443933003
1.2325591425969815
1.264442546794243
1.2984650051246518
1.3310167903860006
1.3600579939112445
1.3851886277011631
1.4074298160157748
1.4287768938000973
1.4515096127905653
1.4999727099885334
1.555688384003287
1.551565112344974
1.489257496162116
1.4157204589175891
0.896049311495195
1.0483568971543342
1.2603770107197139
1.4537805433353568
1.6025527176738474
1.6495805673241468
1.6504298735598817
1.6349490608907895
1.606599042092707
1.5701009293096562
1.5301762666805552
1.4901411616008287
1.4504885599635664
1.4055487933847999
1.333635295444751
1.2436257486336346
1.16396828313638
1.100453464071154
1.052419704607021
1.017283231547474
0.9920463381912208
0.9741901912312123
0.9621289922233242
0.9552229149284583
0.9533938089512791
0.9553561638467221
0.9604206791668473
0.968064778925936
0.9786963057172937
0.992163931972666
1.0094218910802137
1.0304341500439524
1.0533180012708379
1.0779780391375404
1.1030769803456921
1.126122326494553
1.144352466957655
1.156221734463647
1.1635727088217915
1.1737413042930538
1.1943762162922096
1.2238138267889638
1.2565797193723414
1.288572797612704
1.3175318685020154
1.3429845287224758
1.3660032166560898
1.3886331490882604
1.413016485145475
1.4644623892487385
1.5264211480019032
1.531291535890001
1.4742204087406159
1.3829114608656612
0.8246611066668553
0.9815746277799974
1.2079969872019163
1.3767833160663014
1.5159209465303025
1.572916723187117
1.5844045675455685
1.5819740624437857
1.5675086425340257
1.543918844207618
1.5141792331931183
1.4801066970150099
1.440854613341832
1.3904968667593693
1.3206475662265722
1.2416915233430803
1.1704459712349786
1.11268486273537
1.0683486547545302
1.0352888810879026
1.0109389955919548
0.9932287678452323
0.9809814471854456
0.9738602693226933
0.9719548780644951
0.9739804804554633
0.9792227646856879
0.9871430058972281
0.9981776245576367
1.0121835589964066
1.0301075258623207
1.0515681339547538
1.073922191052201
1.0967520961876065
1.1188945332813174
1.1379797994793204
1.1510409402413346
1.1559076202208771
1.1534620774822781
1.1523592535789018
1.166154519837131
1.1910975674736042
1.2196579878477554
1.2477370799984449
1.2732412278234644
1.2958603517106135
1.3168401207579445
1.3383414673587917
1.362460143525992
1.4151038866258165
1.4842083813235116
1.4979041531505695
1.4464089390609607
1.3426578302508405
0.7630132084454346
0.9124845572285244
1.1528556985805642
1.2806970592553826
1.4201173352236702
1.4922511807345955
1.516715832507408
1.5293073680172042
1.5302718914976874
1.5205996726300777
1.5013782592898552
1.4729058192886293
1.4338175141482552
1.381425314620058
1.3164715229276764
1.2477159059149756
1.1849152867437929
1.1326911860349023
1.091550683110562
1.0600623765173822
1.0363437926403367
1.0189177001118406
1.0070269953012152
1.0005379500561715
0.9994815969443779
1.002485172833829
1.008855605844545
1.018026598773733
1.0305473872024224
1.0462848534164884
1.0662981247595977
1.0899590435984605
1.1137754371160935
1.1367114871668276
1.1573336285707179
1.1731799402109375
1.18110146802333
1.1784779390178892
1.1649667003474011
1.1478827061637866
1.1535591728679013
1.171341907176854
1.1917532528389856
1.2116872213874808
1.229600118765673
1.245551169760644
1.2610614080625115
1.278459347024163
1.2998785246792846
1.3511460176040047
1.4275793343804153
1.4562461246786542
1.407288707735878
1.2970071737147133
0.7121381064279478
0.8440031384889584
1.0362288807585025
1.174759182823625
1.3235014427984344
1.4143275552740577
1.4531332726106176
1.4818379991496076
1.499180017373668
1.5043595200187125
1.4967720866442586
1.4757092601664241
1.4404258652240574
1.3913890915810436
1.3325566335698091
1.271236495398489
1.2142831174379105
1.1654536425696218
1.125656226673594
1.094235884693831
1.07012708447872
1.0525516290144312
1.0412060814067199
1.0360823377697768
1.0368592371577283
1.0418894439670032
1.0505219141415878
1.0621371072250538
1.077489297628984
1.0964424791774567
1.120285027040517
1.1481707823945888
1.175596250671525
1.2007501573717654
1.2215514855589438
1.2351655782259907
1.238312828465485
1.2284855272633062
1.205772085766516
1.1774819906402598
1.167332129117933
1.1704356913431728
1.176732857446056
1.1832484446187108
1.1888767724678118
1.1940930631673246
1.2007139073933781
1.2112094575606964
1.2277221998452053
1.2750025733925763
1.3562388608359903
1.3959272969822192
1.3583748565127673
1.248075534705002
0.6722872196565834
0.7799418087262946
0.932623167248948
1.0722329504832497
1.2338296421642307
1.3449486902078065
1.3986905765554698
1.444099827323099
1.4786487580226653
1.5000194413940857
1.506206558795882
1.4957856592175205
1.468519054329317
1.4263542817294625
1.3740431446445005
1.3180352774148756
1.2641145253281216
1.215899122144401
1.1749020797450567
1.1413741519644127
1.1151746773878146
1.096304417218172
1.084991028404305
1.0814353884281935
1.0848230321539063
1.0929374612029505
1.105083218884198
1.1205101410404805
1.140263294426322
1.1641829109539645
1.1939206290184
1.2284087776662793
1.2618509958432498
1.291478427758037
1.3142156109929615
1.3265515284118095
1.3250910305268089
1.3079640958660628
1.2769137323507527
1.2401143370407819
1.2105648580534976
1.1909581365215172
1.1763835197852426
1.1638586430552904
1.1525861062808835
1.1434172418587152
1.1383704699174293
1.1398914779857177
1.1499311665068883
1.190943014879675
1.2728685493965408
1.3217707068672946
1.3018702927602108
1.1979582108473197
0.6433523623283678
0.7247232477905512
0.8473316793165588
0.9835115131306361
1.157608327080706
1.2890979776572118
1.357930500664503
1.4204947482579198
1.4732560625349478
1.5126302036972914
1.5353390393581539
1.5390650362970115
1.5233192372001636
1.4901951024178954
1.4443618252072836
1.3918580471930482
1.3383184335837637
1.2878288889597598
1.2428349284064086
1.2046894500095615
1.1742932788184095
1.1524902984774164
1.140102014555976
1.1376697482040592
1.1439750966819127
1.1560041144672342
1.172840351218731
1.1934593614991496
1.2192619836803196
1.2500539034145182
1.2880197471475852
1.3318571771855197
1.374045743667907
1.4105398687081407
1.4368495602511642
1.4484390692611906
1.4417343779324374
1.4157106294909538
1.3735441292271604
1.3230625322315204
1.2732932045673886
1.228508529733851
1.188513010115183
1.1525382250539888
1.1208355280701725
1.0947652872606464
1.076397260155308
1.0678610911712214
1.0705792776263754
1.103388397475996
1.1819888245462926
1.2396287136648205
1.2408086125402575
1.148654880717963
0.6250886372443415
0.6818546104167025
0.7827701690231067
0.9144652964455228
1.0996026246793187
1.2508334116135955
1.334786293413723
1.415026132594605
1.4872155623407628
1.5466408996031396
1.5886820202101766
1.6097085244231626
1.6081841191772486
1.585476157183925
1.545788428192261
1.4950407346921053
1.4392878795349136
1.3835776395815365
1.331636522075296
1.2861463748685096
1.2491815196251181
1.2224993366904697
1.2075682126764653
1.2053609105631937
1.2144048983821099
1.2307745224443698
1.2531716303220537
1.280146865408821
1.3135191507197805
1.3530921346955331
1.4017900010238509
1.4580309781728944
1.5119498012685608
1.5577284181954263
1.5889411101473812
1.599658021647529
1.5860831739166288
1.5482340580501774
1.490703860921205
1.421369528752847
1.3480710410574586
1.2760279541567097
1.2081168587969011
1.146295231323111
1.092442830903382
1.0485460007783416
1.0165158845410345
0.9978120399873578
0.9929665556498204
1.016097127893392
1.0887953743785195
1.1553090115231415
1.178456892339082
1.1020111174114235
0.6172013247403972
0.6531649489459189
0.7393790796408115
0.8675738006671203
1.0627134271479335
1.2330240686544118
1.3321820459891986
1.430717744940386
1.5236204321695916
1.6050745714926349
1.6689467643913747
1.7098515834106778
1.7245562266792536
1.713105711716681
1.6790000561916338
1.628222467965305
1.5676535974520318
1.503725476501225
1.4417875664163995
1.386087068387199
1.340011904910669
1.3063054337779998
1.2871221332322145
1.2839081059783801
1.2950721337508724
1.3157156381060935
1.3440426454549836
1.3781000602076183
1.4202386352439993
1.4703508661998084
1.532282276862235
1.604030822859354
1.6726058698784994
1.7298127829793184
1.7667438981278658
1.7757767104045314
1.7530056003242942
1.69987212498368
1.6226283102919858
1.529682428249843
1.4290175881754026
1.3273205984448633
1.230102005945388
1.141828172681204
1.0659322866775858
1.0048263492266378
0.9599370844917805
0.9317093051657035
0.9195316102177363
0.9323385850675288
0.998381541534062
1.0737712598319642
1.117799502988356
1.0596982000527129
0.6193660194883429
0.6391216101967337
0.7164858519182826
0.8432482455678281
1.0481586727555479
1.2370949781082998
1.3515739884000342
1.4689784848222796
1.5836971014174734
1.6887799720708683
1.776395975785151
1.839040027617235
1.8712999759011273
1.8714728063355235
1.8421730493956734
1.789558868576681
1.7216388422796383
1.6465813378575087
1.5716648076922282
1.5029197220051431
1.4451746035683135
1.4022139735103178
1.3768869337841894
1.3711049926230143
1.383299522943278
1.4075886741203398
1.4415854740264251
1.4829060412352126
1.5346210689330426
1.5967357068299481
1.6740453005800768
1.7638765985929847
1.8493566123201386
1.9193755844873412
1.9621318333927646
1.9682163616897166
1.9339700557310555
1.862723642954864
1.7623784427166624
1.6420272192880436
1.5107845612470194
1.3776351789240144
1.2508114573877407
1.1369457140276058
1.0405455134022867
0.9639716932192588
0.9077757937925783
0.8711421847962537
0.8522617777216097
0.8551898031218715
0.9151094572359639
0.9987425391217755
1.0613486334760291
1.0232709365789612
0.6312224690811833
0.6393869045270587
0.7128930919807352
0.8407348827405964
1.0557119249960147
1.2628034025859163
1.3925121791523736
1.5289869197812853
1.666065633080306
1.7956246514562564
1.9079951408949194
1.993305433042311
2.043648919854694
2.055296120633739
2.0298509298164746
1.9737141741556252
1.8962259031983038
1.8075370051017794
1.7170718927063815
1.6327969698448621
1.5610632807934892
1.5067164533190904
1.4732714556832545
1.4630480641702208
1.474663762382588
1.5013656410826655
1.5402444104975581
1.5887772113433725
1.650588898949209
1.7255661646248521
1.8193717673245133
1.928436057130254
2.031562776466746
2.114472266135116
2.162394947837641
2.1643976181402933
2.117674521392082
2.0274942490952874
1.9024542439881846
1.7523575481985891
1.5886724797063223
1.4236155488230455
1.2682533803819944
1.1309180803579952
1.016537275027788
0.9268676968544942
0.8612651835452395
0.8175828819050336
0.7929491783517147
0.7873472966749815
0.842177967683026
0.9327039150316068
1.0111300864553396
0.9943291459395749
0.6567462925856294
0.656715666767499
0.7311204265525796
0.8633305308048135
1.090281416533364
1.3171473970902823
1.463653343270311
1.6214610120753044
1.7838532070806703
1.9413529696812941
2.0821003044792055
2.1933542234627597
2.2641458761659634
2.288244065425713
2.2660194216851464
2.204200170658342
2.1137749049981833
2.0072968052799522
1.8967509728888536
1.7923864394548004
1.702328052775114
1.6326334388587895
1.5875433118882982
1.5697832376875474
1.5784936733688522
1.6066198290589822
1.6508213659095612
1.7075235827781727
1.7805884989368155
1.8697722670715087
1.9816351675620805
2.1114414290245556
2.233143623237639
2.3290971096102564
2.3817335001547812
2.379309140630072
2.3203904968704725
2.2101622766022393
2.0561534407936626
1.870414972331276
1.6690004637399853
1.4686306049537066
1.2834023430550636
1.122825686645426
0.9914793379088306
0.8898665381723928
0.8157871660033734
0.7656993909186968
0.73579702656365
0.72251016481111
0.7726661740949262
0.8689053792385257
0.962443763919981
0.9724458231003872
0.7274082381535073
0.7237111327207703
0.8100113898890161
0.9548479908026638
1.1984909647410145
1.4492689119785314
1.6167262504862983
1.8020219405015574
1.997971797711451
2.1933329192193978
2.373114178842874
2.5203119353659083
2.6193131094318756
2.6600814419836607
2.641153350072698
2.5697592605890254
2.459228668151585
2.325417909856263
2.183801994059167
2.0478109314448063
1.9282152030883992
1.8331922747985276
1.7688156091146603
1.7395012420725582
1.7448168154066401
1.7742695134416222
1.8232420906204712
1.8878957419543339
1.9724161165711958
2.076251950822716
2.206594316610312
2.3571980858961257
2.4973132019370983
2.607147722785029
2.668150398950607
2.6668810181419795
2.5959296894559354
2.4553027638205123
2.2553674327318856
2.0160609166534345
1.7619178423900006
1.5159573412518959
1.2951941353352268
1.1090318081826263
0.9601427214293984
0.8465790028388119
0.7639838416686114
0.7073280688374677
0.6719999825808405
0.6508733576112187
0.6951696526317649
0.7951155790676344
0.907442266386399
0.97198935300305
0.8633825163650773
0.8644990153004326
0.9727659236225809
1.1289693616437617
1.3676145555698318
1.6091836693538486
1.772676912178211
1.9563893278475095
2.1538381573590692
2.3537570925461604
2.5404870240281405
2.695975274720556
2.8035004509575625
2.852076824724213
2.8394486751016204
2.7721229946072716
2.662808612291099
2.5270006831155056
2.3802666846107123
2.2367724453566318
2.108745648299323
2.0062252255729263
1.9365057975345337
1.9034445926549284
1.9055912248258897
1.9320363168195436
1.9778037417211674
2.038821247523167
2.1185970790664896
2.216190072475078
2.338071231435561
2.478889096552977
2.6118749767499074
2.7199292572393072
2.7826349757671696
2.7795935243648655
2.6975790008918956
2.5367606437073276
2.3120897421071787
2.0491259366867793
1.7764777456929512
1.5185473968171361
1.2914198986548244
1.1024506005356236
0.9522830604901982
0.8376035749095185
0.7534899593497534
0.6949217798567786
0.6575019373950275
0.6325382740949688
0.671339598885099
0.7669727424501649
0.8916230945375828
1.0509364928434737
0.9931457457830957
1.023685821730337
1.1376492529248152
1.2748948441182186
1.4612725242037166
1.6420458458569573
1.7634419047163192
1.8987627610229727
2.041827527768026
2.1833180148212206
2.3124774905711614
2.418812274378272
2.493618698810397
2.5313904047881675
2.5308177110103256
2.4949431928905232
2.4303341607242945
2.3456683694341636
2.250419410875344
2.1540870764459132
2.065859609959377
1.9941783162009574
1.9458006774247851
1.9247299611999404
1.9299522392802482
1.9530444867370873
1.9901124299996367
2.037686339225273
2.09814483539116
2.170455456551189
2.259645172128853
2.363842934977622
2.466420940251923
2.5536199250193974
2.6051054435515093
2.600813619941049
2.528155238574427
2.386914643682312
2.190184512765914
1.9604607134989205
1.7226966115363314
1.4978095207737554
1.2992239074836363
1.1327522024810308
0.9985627391660723
0.8938350287759211
0.814964584412785
0.7585624460378806
0.7215942661819551
0.6956207568234928
0.73048952545002
0.814958636612147
0.9400908174944763
1.209389913050108
1.0570531198366007
1.1705243988299152
1.2891502952728255
1.3793888033969637
1.4545823136165519
1.5316315470294692
1.5816588232517823
1.6328236500470903
1.681528591141532
1.7242661914071524
1.7584787649945155
1.783136266737145
1.7987346117233738
1.8067927801435515
1.8091961248418156
1.8077014164293443
1.8036874595500985
1.7980775738876387
1.7914106609726317
1.7841481581090386
1.7772359076543849
1.7726623359018558
1.7735120879944717
1.783136597942992
1.8011380612268824
1.8246440230306922
1.8528020270598058
1.8833478294982886
1.9169321551467475
1.9509329425316084
1.9836386858078272
2.0647714193625992
2.1435636101005064
2.2109274895179376
2.255427534326626
2.2644114081323825
2.227122497185271
2.1390160822978905
2.0049580796740614
1.8389136974878728
1.659819730616557
1.4859313336283202
1.3306282485695682
1.2012014514613043
1.1016065148350351
1.02770778781688
0.9669856848331824
0.9196171676188222
0.8862115953248227
0.8598138759123479
0.8853363997088919
0.9497755737132658
1.0760642965026506
1.443331631071194
1.236729206513154
1.2604468278972134
1.4020754663795882
1.47149237497847
1.4959913532542872
1.511180992424278
1.5256922285690269
1.5472687425640488
1.5776444161716663
1.6185137137067311
1.6716076534782678
1.7385326088286546
1.8204166593959603
1.9174742216501055
2.0286364562364523
2.151410258742145
2.2820076367691446
2.4154866352209314
2.5456367031400653
2.665039363891145
2.7660584149627483
2.8426808698417045
2.8923717593385887
2.91705982099822
2.9227930207227355
2.919840308418253
2.9141758270644194
2.9092709664420737
2.9068016151887135
2.9078383415576976
2.911791219144286
2.9137090070735425
2.9028839249373686
2.867709362294963
2.7993724467013115
2.695639326601436
2.5624010547435856
2.4118764251015437
2.258340622077267
2.113612494894349
1.9841529416374897
1.8690834575849398
1.7570845134398132
1.643704773893964
1.5361949004013755
1.440702664557186
1.3594864158494584
1.2918382814124716
1.2363011503673371
1.1682443776647027
1.171763816233311
1.2928201896575315
1.50693061718544
1.78166959753521
1.1041055933516921
1.1665099162166668
1.2531511288730173
1.3027851793257874
1.3193958934184666
1.3263454523130889
1.3368275438888193
1.3573096549802308
1.3921350528444076
1.445353483421109
1.5199403808760572
1.61713717408855
1.7362995041056195
1.8750433356279883
2.0293596497105524
2.193634918752734
2.3607583845968447
2.522580967900696
2.6708524825969335
2.7984746127167464
2.9006953997864917
2.9758900381377553
3.025738072761238
3.054761268176755
3.068301509293824
3.07450716508247
3.0783245147431653
3.08191879762316
3.086570148590229
3.092101044528071
3.09676788232677
3.094084075033262
3.074276256328996
3.028202155744089
2.9498311039796103
2.838839829990099
2.7011972485643505
2.5471494034787274
2.3873927173521006
2.229195075963153
2.0748235782813143
1.9242128636740825
1.779151021487673
1.6437459219457424
1.5218925124748497
1.4152400580047002
1.3228563373491857
1.2424976121836215
1.1731367136329296
1.0794620338101746
1.0307542489288144
1.07288233336312
1.19518831344757
1.419673411474172
1.0096848250833186
1.0255351459866435
1.0939725869955732
1.1473274069594976
1.187753353979271
1.2192935919496561
1.2437685609525972
1.2778933012640625
1.325781902521088
1.3862462609482578
1.464512092033595
1.561427889864002
1.6762124900004458
1.8063829958823086
1.9477748393841368
2.0947091030565512
2.240406647473221
2.3777127690571187
2.500060697858802
2.6024506816215656
2.682176499340981
2.7391233905293007
2.7756037555719324
2.795797576246687
2.804342909172336
2.807521981321256
2.808931914009113
2.810159481816291
2.8119657405295753
2.814119340356895
2.8150063185036847
2.809625377719042
2.791061555514491
2.7526910439373884
2.690042834105202
2.6024269427756566
2.4931680942643113
2.3680721463151606
2.2328881576497577
2.0916630807546057
1.9473821020325492
1.8036476966521422
1.6650985492000983
1.5363198263222948
1.42050765391945
1.318814454754925
1.2305536433007769
1.1540783702710475
1.0879332309512721
0.9921730607698998
0.9148348420622426
0.9120518184537143
0.9892193468481907
1.2107883289824002
0.962503392759365
0.8993694389456341
0.9510808033934495
1.017470425248328
1.0898963614156898
1.1506210813665956
1.19078255066411
1.2379740772226369
1.2939533349658108
1.3605035454406142
1.439058538456173
1.5299763732426748
1.631889515611568
1.7414506090449264
1.8535748541988233
1.9621668305445936
2.0611622933312757
2.1455793853646816
2.212283572373248
2.260321120236939
2.290844182579465
2.3067299426725087
2.311990624866799
2.3110563494658467
2.3083305864838772
2.306415557715749
2.3060839449334822
2.307538733235436
2.310812819211829
2.315490887579998
2.3207419516708923
2.3234858630267246
2.3185676412002385
2.301069148198763
2.2668671937186247
2.2139040231257825
2.142846456190221
2.0566418500326504
1.959217858697879
1.8542952260043082
1.7451119543465905
1.6348053984318602
1.5266231545174973
1.4236223551509364
1.3281399157946316
1.2414318432103248
1.1636813606754837
1.0943626299719609
1.0327940281326295
0.9392545990882509
0.8531966989317273
0.8353258351243632
0.8895786228496756
1.1085740421572956
0.9726716380580044
0.8567659741306123
0.8960956458649103
0.9722224036931074
1.0677579745582177
1.143486279275674
1.1882353226912368
1.2360759242821198
1.2887381158054152
1.3487535994840558
1.4185326823841828
1.4992157609563506
1.58951061721818
1.6848151209713054
1.77744245703451
1.8587985651167516
1.9225452741539686
1.9661591143739992
1.9903085428291156
1.9976484635690093
1.9920193153069163
1.9779975668872578
1.9604794981354412
1.944104685485364
1.9334133427692486
1.928516387776848
1.928201796560935
1.9315491849318684
1.9380011806095556
1.9466899375723747
1.957115930318886
1.9672603567842275
1.9732010301879455
1.971506115339244
1.9583607221300787
1.9308362002217516
1.888175122053836
1.8320754186667059
1.765757185242288
1.692551056323356
1.6150837744467679
1.5353959696176425
1.4553788482038421
1.3769011772519
1.3015832845322393
1.2305154426211886
1.1641780855039487
1.1026377483548633
1.0459189499249688
0.9558780401423241
0.8682911682327689
0.8455409564886246
0.8846807404299365
1.0930683347590129
0.9980085310011296
0.8593509697651062
0.8919388646685008
0.9732085639529123
1.0804916360186585
1.16151113936773
1.2065334882848802
1.2521902772711233
1.299861662170026
1.351914425066945
1.410856346368568
1.4781793857245773
1.5531631597334987
1.631953796130256
1.7075686272019306
1.7716791584251061
1.817892107923603
1.8440542266539264
1.8517701912318487
1.8445921938394063
1.8268100931721962
1.803072268686467
1.7782317657864115
1.7569303465529167
1.743862098646958
1.7384171143342961
1.738787079911739
1.7436428506830792
1.7522183476781281
1.7633313483191602
1.7764629323515102
1.7899381723543033
1.8007125329544629
1.806407591172953
1.8034112253503807
1.7883787836772482
1.7600195006979862
1.7196909266895097
1.6704572510834523
1.6153916835540187
1.5565252560382028
1.4950575409046887
1.4320645284110534
1.3688087563475697
1.306552735416786
1.2462382417381683
1.188350763901262
1.1330718928269212
1.0806215426457466
0.9940912997351807
0.9049030227218919
0.8768863837292161
0.9068458861635963
1.108157320738338
1.0301277950908374
0.8778376225047183
0.9053895643835879
0.9911921815231306
1.108062073202606
1.1922937572933525
1.2364543677617739
1.2788431184644218
1.3204404932591427
1.3633408477322029
1.4099825984802696
1.4619893893905092
1.5189993316500614
1.5779106570576185
1.6331067393993157
1.6781087762260702
1.7081342762494636
1.7217708078491254
1.7205831812607406
1.7076289052612383
1.6864200678192853
1.6607300084956407
1.6347337492317697
1.6128169419924911
1.5997520416719917
1.5949016807003091
1.5964393635900493
1.6029411165175071
1.613671315768015
1.6272749028248454
1.6431821400412259
1.6596635571847893
1.6741169873395132
1.6850395089986865
1.6890008546364603
1.6824671723706757
1.6640531302344337
1.6352818178242885
1.5994423656321488
1.5593951081513946
1.5163429492485798
1.4704818651887206
1.4221470589817302
1.3721942705695755
1.3216959178064878
1.2714971988803792
1.2220107773690998
1.1733576165733566
1.1257347168394707
1.0435925075562766
0.9525861095111088
0.9178983620092271
0.9402518159653204
1.1357922209985416
1.0700642733105132
0.9099821884767593
0.9339487233847105
1.0250584630438573
1.1517393752155962
1.2383903410759058
1.2807532587236476
1.3185526639157368
1.3523873484684232
1.3841142569727272
1.41614231309452
1.4502765779683093
1.4865882205915795
1.5228437122401357
1.5549677336366312
1.5786180303128157
1.5910762153313662
1.5921236637244027
1.5834398596034334
1.567416482121414
1.5464374116501305
1.52291270916982
1.4997225918212806
1.4804264094368966
1.4694223215836573
1.4663517129130381
1.4697759854268204
1.4784235930081593
1.4918758481411087
1.5088777347706526
1.5291496781137577
1.5506897237420088
1.5699733126844533
1.5856265427536553
1.5946072296174045
1.5936735328574996
1.5818756514032
1.5616739356155938
1.5374751868271124
1.511979523175277
1.4847085075959725
1.454293589055445
1.4203472282390845
1.3835464267364574
1.3449706877022265
1.3054553428365931
1.2653047447871948
1.224446997195781
1.182875882513148
1.1069352379911586
1.014671090908059
0.9719441757806793
0.9868416735433089
1.1760183993076991
1.1152017034196215
0.9536861931781985
0.9763816294857771
1.0743147172483014
1.2114245892726798
1.2997683862020137
1.3393541323723657
1.371188868074684
1.395595887850843
1.4143524598666828
1.430021545430172
1.4447879425447236
1.4593547300023397
1.4725038744060468
1.4816898568540138
1.4844661591771275
1.4798388271929859
1.468587262892865
1.452528212021566
1.4335568845579074
1.4131866526194041
1.3927239020462485
1.3738246982843412
1.3589604998240838
1.351562321136908
1.3513833970198574
1.357506457097792
1.368930103132404
1.3857785273470686
1.4071400781588175
1.4334675616074917
1.4627368817419695
1.489480380693691
1.5111209309782963
1.5245163200334164
1.5268168663664061
1.517408063954791
1.4999734794079114
1.4836483562298128
1.472887751176536
1.4616801003249147
1.446122177481324
1.42562043097272
1.401128520979211
1.3740051987477089
1.3452148809272084
1.3149714450231917
1.2829193102279808
1.2486895778214535
1.1814268654240956
1.0900623395865454
1.039046105876597
1.0457783086533703
1.2261613357734993
1.161938527457951
1.0059668246024691
1.0307275420447142
1.137707232810795
1.2858412103861239
1.374879648156911
1.4105822645417847
1.435038896233663
1.448477655065769
1.452840071521701
1.451106881034921
1.4460859548284382
1.4392895268018409
1.4305538341991137
1.4186760595915004
1.4026826668728487
1.3828040623422162
1.3604640844691174
1.3375035622344102
1.3154102626784476
1.2950685999585292
1.2770435197481025
1.2621538437768558
1.2519822599601382
1.2487789813965333
1.2520951094027035
1.2614238471845152
1.275985456321586
1.296476802259777
1.322341478407291
1.354812175475373
1.392030546416366
1.4270249770953454
1.4561847801949177
1.475893100958791
1.4833328277092985
1.477707374005105
1.4609049477561404
1.4370070668970039
1.4463391190162542
1.4499501058833293
1.4468884656652143
1.4375930589262833
1.4235358549098867
1.4064692002087904
1.3876276200572915
1.3672405182053537
1.3446538843991487
1.319004644571504
1.263508043192676
1.1769044843895704
1.1184381510390127
1.1151183543147483
1.2821359063217992
1.2055155515443308
1.0626792678570651
1.0941019744232834
1.212896236869545
1.3722180301880007
1.4604596574565967
1.491029653895906
1.506730722336123
1.5079376744043327
1.4970454323297262
1.477722750983206
1.4535865118137832
1.427004212259501
1.3987267424560705
1.3685575367743177
1.3365374775861991
1.3036989284816904
1.2718592708977063
1.2428258594342758
1.2177582907148696
1.197074890258709
1.1808247020133578
1.1692566273245293
1.1632915282697203
1.1640641161094631
1.170760111389488
1.1831251956266757
1.200502227311961
1.2240477168578796
1.2534739783334161
1.2906464219000302
1.3339791510588457
1.3756986266191369
1.4117455391939875
1.4383049034193196
1.4527581334152144
1.4548859434535075
1.4478853627868313
1.4402607891358465
1.4439398130507943
1.4525335352676196
1.4570912451531357
1.4558535440175777
1.4497731412731931
1.4406622626246066
1.43011299488475
1.4186709888486957
1.4055765731833494
1.3894168334884922
1.3488765251206163
1.2719775167470058
1.2077314412757427
1.191719061550889
1.3391562748136219
1.239995511610117
1.1185892441132224
1.1625555530968859
1.2961649602839105
1.4661212570241573
1.5515606966227184
1.5756846055202571
1.581435710304186
1.569624030724213
1.5433896927056616
1.5072966859636456
1.4658212040017966
1.422044919441018
1.3773119487074146
1.3320027073014697
1.2867658026007829
1.2431735443781895
1.2033534780016413
1.1691221226449786
1.1414072060451406
1.1202670422252488
1.1053410205790424
1.0964234078427453
1.0938935068312892
1.0979240582974623
1.1073212134123103
1.1219627283972404
1.1412429278198444
1.1666145957387064
1.1979711630050094
1.237608237351358
1.284283892134317
1.330077595251275
1.370931100119544
1.4030803234867821
1.4240897664608698
1.4340757883690194
1.436656957545751
1.4391008499498656
1.44796022686584
1.4606873441739139
1.4711510437867679
1.4766457251247163
1.4773276125090307
1.4747279864451008
1.4707227865680843
1.4665829299401774
1.4620691328579345
1.455507150035794
1.4322773377006575
1.3700916323915695
1.3024713426102765
1.2713793106213938
1.3925068783637258
1.2589014611909863
1.1679296385955074
1.231148219553997
1.382318352060162
1.5615112575461312
1.6418225281284944
1.6583034782236556
1.6533136756817768
1.6284072852718317
1.587714721812365
1.536780807166781
1.4808145151571064
1.4232797189798558
1.365646812979798
1.3084121303366056
1.2525372043339016
1.2000676314277081
1.1535264707973334
1.1148602011726385
1.0848543569447167
1.0632541738281727
1.0493103082611142
1.0423866200949727
1.042373816332977
1.048669051303779
1.0597681709793607
1.0755976912195089
1.095567965734706
1.1212588608196523
1.1526728245732614
1.192319700595526
1.239339455227117
1.286234367977761
1.3292847667609529
1.3649690409342878
1.3909775589532256
1.4074235012767997
1.4177216866137743
1.4281763296188617
1.4437550007840179
1.4626984090620876
1.4800730902919084
1.4929484582145367
1.5008447730433039
1.5047979203699464
1.5066128512451558
1.5082097475712495
1.5105314390840454
1.5125277672157622
1.507277585149739
1.4640507709530657
1.39634164759923
1.3492217934541209
1.4381597664213217
1.256776856607003
1.2053114583111106
1.2943271033842063
1.464922739363479
1.6510810408153163
1.7239471356753184
1.731968416004273
1.716138406472446
1.679027007877661
1.6258859582292602
1.5631641407825747
1.4965080462793505
1.429288197031125
1.3625454082821895
1.2964480560109457
1.2321300342059298
1.1722579471017232
1.1199790322954317
1.0775167851340821
1.0455580000506803
1.0235183892680413
1.0102284380889939
1.0046109731705866
1.0061041128424795
1.0135408906106538
1.0252170087669459
1.0410507633867316
1.060459608688407
1.084999341111157
1.1147273227305137
1.1521700991106332
1.1968575277748619
1.242152916100126
1.284903519973444
1.3219624891211323
1.3511034529969648
1.3722194104469212
1.3882862898246033
1.4050134775676324
1.426934476693447
1.4526862646585992
1.4777169261314163
1.4987676802641368
1.514680392934057
1.5258133924797952
1.5335260846708614
1.5398764193869294
1.546972314353085
1.5553959405499551
1.5667931807658333
1.545633310068437
1.4820923424833126
1.4202860674165088
1.4731560287351375
1.2311017742601131
1.2266867316090306
1.3465915715335675
1.5369657088400495
1.726886703515925
1.7903593605183965
1.789814368505781
1.764077276344433
1.716859217370764
1.6544704712603897
1.5840189558798212
1.5111922008071812
1.4387407990994172
1.366686635869834
1.294462000379536
1.2234209705522223
1.1572351435641908
1.100001737060704
1.0543203679350812
1.0207362758830614
0.9982627626214249
0.9852628294332598
0.9802178170548634
0.9821683412752972
0.989616452601525
1.0007820151197249
1.0155378269564341
1.0333160475497236
1.0555315837657635
1.0822589551819985
1.115884404882211
1.1563027231666994
1.1980004011525223
1.2385064326876312
1.2751139001928011
1.3056459165984562
1.3296430358800482
1.349520488775707
1.370607582515518
1.397578603918602
1.4295164658626212
1.4619751827024567
1.491250674840252
1.5154168762121856
1.5340042591259937
1.5476661045650044
1.5581019343472424
1.5679929976577922
1.5799422626016304
1.6047466934943773
1.6075049404143678
1.5529945532668148
1.480215271275978
1.4957479449966855
1.1834262322357374
1.2300039026187373
1.3833094164301318
1.5918547368572005
1.7812283756828866
1.8341324505137377
1.8260023519968271
1.7926406769937064
1.7387528300539357
1.6714051642315801
1.5979999851768034
1.5238891784917685
1.4507501974113037
1.3769876795276745
1.3008764684274698
1.2242711280557013
1.1525216998924475
1.091024488807302
1.042712473782518
1.0078346996881082
0.984897902758457
0.9717737557674943
0.9665457617560533
0.9679521882776224
0.974405627861338
0.9841640350094651
0.9970308310624042
1.0124659328111727
1.0316702226918828
1.054708063865866
1.0837157492918335
1.118883811045926
1.1558892612898664
1.1929603197807395
1.2278414210969435
1.2583852984754647
1.2837145479638687
1.3055904714793523
1.3290010233917817
1.3590798887566033
1.395581083536501
1.4341783761308229
1.470718128691771
1.5024766710695043
1.528084383835151
1.54736866538988
1.5613826714141568
1.572647169458072
1.585121245119549
1.6183069771258072
1.6453089085991042
1.6043226932714787
1.5258578509763203
1.5053467724278202
1.1189676895093315
1.2153194220773271
1.4014597514495681
1.624459266430397
1.8077096820355498
1.850273768539429
1.836943971642938
1.7996911179125992
1.7437623721007756
1.676480216209748
1.6051480229806865
1.5345642107451953
1.4651072857293839
1.3929300822280843
1.3145025977136897
1.2327967161723572
1.1559500435043497
1.090894137587071
1.0406005078705571
1.0047622094966502
0.9812877416460564
0.9675919409006246
0.9614662212634992
0.9614850695459306
0.9661950473027346
0.9739709712527492
0.9845288094940935
0.9973635471902189
1.0134349663834366
1.0327757674083802
1.057207306063208
1.0870912596618185
1.1191775701751012
1.152345229979745
1.184774324543367
1.2143545823400432
1.2397959745197904
1.2621397463323223
1.2858940991742602
1.3167284767183556
1.3554028725555403
1.3979277133854389
1.4398078381895316
1.4775943491013837
1.5090737654382893
1.5333069370921917
1.5507076999370262
1.5632280875919533
1.5747301925396502
1.6097929003215425
1.6588964112104352
1.6342591636201478
1.5556069913421422
1.502339974283026
1.0449217960781565
1.1843757529953949
1.4000656131755966
1.6317127415751138
1.802396130879008
1.8371227503135419
1.8223856947486674
1.7861061468735249
1.733442933955961
1.6713914873130773
1.6068072940030518
1.5439683008422906
1.4821907831797283
1.414714888548619
1.3346482633387866
1.2473780324241983
1.1657374034455683
1.0979717906987492
1.0464345103362442
1.0099610154217846
0.9858398910026346
0.9711434451336703
0.9635361412652983
0.9615949884259486
0.9641720807757012
0.9697846577590405
0.9780431262416723
0.9884717308004336
1.0018044176777698
1.0180296534081539
1.0386359170627888
1.063980944662957
1.091603864563723
1.1209395344074518
1.1505827760757223
1.1784991054273066
1.2030540984778566
1.2245570230835556
1.2468198520682683
1.2759121255814858
1.3139440650972853
1.357584476796834
1.4021732181072546
1.4437082189750714
1.4793245085095215
1.5075412798687926
1.528400234146612
1.5434732272597333
1.555845833670612
1.588379108156333
1.6521820901546094
1.643860832569164
1.5693749919404965
1.487838832401534
0.9684529578346046
1.1398729846085611
1.3801340604815038
1.6121691336239203
1.7649206590577926
1.7971066074543853
1.7856708416896951
1.755634027254716
1.7114542301658764
1.6592390387858842
1.6050754863146954
1.5529235510084194
1.5020699333851586
1.4429069953009384
1.3605219678934442
1.2660854510740556
1.1803072270767774
1.1110762636638023
1.0591646704561546
1.0223807217813135
0.9975102761212301
0.981481942011235
0.9720354103109249
0.9679143234457389
0.9683673864472863
0.9720240770014055
0.9783713296246368
0.9869432668667721
0.9982959098303995
1.0123763748598924
1.0303823184321543
1.0524867131128657
1.0765894864591272
1.1025224641817863
1.1292791326613338
1.1549611578086285
1.1776794730768116
1.1970466184772006
1.2160255691096007
1.240895939189464
1.2753800203597636
1.3170945647821253
1.361385067632567
1.4039243752369859
1.4414726466012115
1.4723009660604034
1.4963977920166232
1.5153547152596512
1.5319588151945636
1.567681621056574
1.6322699251247363
1.6362121645134902
1.5682254259657817
1.4634090953649246
0.8952767838751763
1.0847468304201504
1.3438780806750308
1.564035051236804
1.6991206462009756
1.7362369813934422
1.7328987806237566
1.713928991524106
1.6826171527193137
1.6436886615947102
1.602046322840081
1.56121929052732
1.5216432391622607
1.474921571833618
1.3872424961950798
1.285356734534769
1.1981571826258028
1.1294837103761597
1.078225795668417
1.0414580954029453
1.0157853001284738
0.9982626511035154
0.9869086268885002
0.9807610675134927
0.9794637291782896
0.9816871665961061
0.9867845685614527
0.994273387511135
1.004599401579527
1.0176833334519428
1.03453354186983
1.055029823612614
1.0769411529610464
1.100230326311378
1.1242453277797062
1.1472722998498859
1.167227534213282
1.18306313654178
1.1968163057439583
1.214879295667331
1.242921037124608
1.2796952573406106
1.3205834582707174
1.3611292901713075
1.3979935378559842
1.4294483602760362
1.4556049370805884
1.4781905787419403
1.4998562643361097
1.5444871308313382
1.6070355635900941
1.615434739801922
1.553799247557723
1.4308317042144967
0.8291742302293547
1.0217668979883379
1.291560208338268
1.4842957286456089
1.612607579756177
1.6625920172761632
1.6714441468674635
1.6672820833159447
1.6519349474629341
1.6283327859000158
1.5996064050968897
1.5678614916999087
1.5325186588695774
1.484195962571945
1.398029058513625
1.3017517306548985
1.2190869053142106
1.153502090165549
1.1038219095126458
1.0672551479728414
1.0407163378891078
1.0216843883913775
1.008619024488416
1.0009129311958025
0.9985151978217064
1.0000455518972025
1.0047295956919569
1.0120427704743453
1.0223991889616602
1.0357076753963728
1.0529175646060138
1.0736071080932212
1.0950092348984757
1.1168622215509565
1.138693049358021
1.158947097274577
1.17536088843338
1.1862445139487028
1.1926072017264004
1.200845605739009
1.219409990244546
1.248388819967021
1.282846669109755
1.3182694507581236
1.3514428777447103
1.3808102665991862
1.4066407635154412
1.4306894361739988
1.4553051923693818
1.5061959392378905
1.5732202050360906
1.5862751980766092
1.5276697419283565
1.3919330601293711
0.7722346248774191
0.953767901850439
1.207204735616759
1.3777077599831338
1.515175311526955
1.5846204977061495
1.6085929633105165
1.6216708429310238
1.6240995180034923
1.616756273714982
1.6005202964898804
1.575221872528274
1.5380021250904619
1.4818903149136908
1.4047488715805947
1.321776908240378
1.2471474731666852
1.1857711021648196
1.1376657718376586
1.1008922518106596
1.073110170672994
1.0524683423100674
1.0379606865492634
1.0293172931064334
1.0266261872782247
1.0283418934846544
1.033578549693114
1.0417438059875135
1.0533040607257644
1.0681592585420212
1.0873289259666394
1.110128167030655
1.1329979747612535
1.155137758300345
1.1758986504061084
1.1937176100393592
1.2061365028346258
1.2108922247415097
1.207859601697763
1.2027417740975015
1.2083125615780927
1.2268241115198761
1.251861637354547
1.2788300055166126
1.304865048596599
1.328729939197979
1.3508713808166564
1.372998278999874
1.3971274774499807
1.4490543474457624
1.5212730767509348
1.5453138973776592
1.4907125408429756
1.3485060928543273
0.7254105123046234
0.8845072412987693
1.0944600051286457
1.2612093210363504
1.416789117018596
1.5099427813981294
1.5507700567708773
1.582425222444837
1.603614614563977
1.613184778666972
1.6098144878068577
1.591584397329353
1.5558662164402652
1.5011883113502131
1.43194140950724
1.3585206278759294
1.29019787875752
1.2315219473426091
1.1834061007124985
1.1449513146410628
1.1148008499305384
1.091937222987941
1.0759445564543175
1.066849569235654
1.0646758770866591
1.0675352358212542
1.0744150211335373
1.0846060118707816
1.098705375523801
1.1165885655634158
1.1394677360046643
1.1664354916125086
1.1929704204461589
1.2175453259546145
1.2388995284823403
1.2551265292944092
1.2635323611152494
1.2615479446243731
1.2483769422587496
1.2280915342453018
1.216278489067992
1.2206746243186948
1.2324638109737547
1.246925291390888
1.2617344979618952
1.2761015221604437
1.2906978212252103
1.307196269083943
1.3273572558007245
1.3753674976695978
1.4501851241187786
1.4857835132322408
1.4433122795646907
1.30231168133332
0.6890392706561228
0.8190513840831286
0.9884777528016864
1.150846682389215
1.3260341126594786
1.4448209174625983
1.5033553084002607
1.5543406105595317
1.5951342236921797
1.622838181357081
1.6343642684110418
1.6267964581648455
1.598379007506532
1.5503795279619104
1.4884939982785899
1.4211360862489582
1.3557033941479308
1.2966101616318495
1.2456130351989336
1.2029575417986773
1.1684214121181034
1.1419396005553248
1.1237576843424453
1.1142285387651225
1.1131811180299516
1.1181295291954951
1.1278319080684427
1.1413534495602282
1.1594770782230157
1.182021829071725
1.2105281154982026
1.243922606396105
1.2765418469228493
1.305969479311451
1.3298973006451245
1.345644453987901
1.3501922639344788
1.3410841775544222
1.3180108732077367
1.2851871531111085
1.2548364412982151
1.2377399122621915
1.2298176193016217
1.2262825549647112
1.225032447240125
1.2256329466259412
1.2289341203361104
1.236527101981873
1.2499018014993972
1.2901328017580755
1.3643143189558664
1.4108820034026057
1.387031230786734
1.25511391234905
0.6631722132542317
0.7625691367910126
0.9002256678591842
1.056376930391338
1.2493826978657232
1.3941000091266036
1.4707757204705512
1.54180901693544
1.6034542822548408
1.6514039027059466
1.6811149818785314
1.6887096194795437
1.672410136804476
1.6339836032583746
1.5789757096197978
1.514931668797274
1.4488231988082285
1.3855844649452322
1.3281207537490989
1.2780407832515386
1.2364180438042391
1.2042438129542212
1.1825003596252759
1.171951066238545
1.1722406923829265
1.1800380793549732
1.193694312758031
1.2118666193234753
1.2355366347174486
1.2644425286933727
1.3006500428548615
1.3430227598760875
1.384442379647276
1.4212864866779877
1.449731732682414
1.4658907785794635
1.4662995445624494
1.4489459189343041
1.4146974620437245
1.3687074444103653
1.3204396009051564
1.2785595278388748
1.2448994577318406
1.2176998498365974
1.195674846170274
1.1787512326265723
1.1678259467445231
1.1642278240573383
1.1690024331667386
1.1989296201749924
1.2698268836190751
1.326938303249341
1.325118997923572
1.2086869456643752
0.6477140023934344
0.718745108470974
0.8328748311438188
0.9827579412680703
1.1911575931119682
1.3613306984658675
1.456554354172923
1.548663267018624
1.6329954774023563
1.7040075686338838
1.7556815302372615
1.7827015887237527
1.7821673545398387
1.755027289335573
1.7061652071928486
1.6428196812313096
1.5723841168928006
1.5009572520525265
1.4330357909089189
1.3718930200652582
1.3200809570451688
1.2797378946455096
1.2526273795345193
1.2399757063747778
1.2413265299124574
1.252341247644285
1.270802787192572
1.29474439630229
1.325312091119139
1.36221275938131
1.408350659190319
1.462612568178073
1.5158308488268233
1.5626496107231702
1.597220618337608
1.6140816102227074
1.6092714417855063
1.5815085778875762
1.5331207678646046
1.4701808643748873
1.401071904944294
1.333402513278339
1.2716227195532992
1.217493861185701
1.171761860659329
1.1351464358218444
1.1085454582914627
1.0928000825200057
1.0882749431178849
1.1067899861494765
1.1730028104118186
1.240457680251914
1.2613783068395064
1.1647631257125532
0.6424516007011817
0.6893761878398372
0.7869735014950103
0.9319540420335952
1.1538731404175349
1.3488683787327507
1.4631760629091342
1.5777212390080126
1.6869980904392803
1.784185182479493
1.8615130720666355
1.9115998005794426
1.9295061667595745
1.9145463337753976
1.8706964318587431
1.8052539744123086
1.7266641650063215
1.6428001379903494
1.560233228634519
1.4842289212280306
1.418993412778745
1.367867959512161
1.333383538650292
1.3172008281868377
1.3188397363209505
1.3328762703520296
1.3564587544591389
1.3868145108305532
1.4252007902391506
1.4715682104543883
1.5300099273611503
1.5992778816373416
1.6672794742484558
1.7263171247946947
1.7680474085153006
1.7852090878229334
1.7734770053520923
1.7326532574539923
1.6666819976245548
1.5825640652225779
1.4886560183132989
1.392949382457424
1.3018824677553915
1.219958209752292
1.1499961625367356
1.093610179913359
1.0515914872538628
1.0240832564306115
1.010590542757983
1.0179457128662064
1.0793819810855
1.1569065852765912
1.1992203174727334
1.1249598607833038
0.6470484625701393
0.6748596957859494
0.7618626741213783
0.904201511275194
1.1386424603376009
1.3578499451136843
1.4917729590389737
1.630146151204693
1.7666102472573388
1.8928732575362195
1.9990129160838794
2.074964451884033
2.113035171473808
2.110363479590356
2.0699009264947588
1.9993197945664052
1.9086637131186686
1.808145540221543
1.7068667994375393
1.6123762660863576
1.530659764681469
1.4662564429889973
1.4223793528592965
1.4010083179106108
1.4016830061684216
1.4178587484419891
1.4460898481108115
1.4827248597941507
1.5293312904532539
1.586616782187762
1.6596934847072107
1.7467077764047254
1.8318154460743885
1.9045072568916808
1.953658070238232
1.9702493676039703
1.9499730160697806
1.8939989642609123
1.80764285967619
1.6987055709200136
1.5764373617568472
1.450494100063307
1.3296378692143973
1.2206494189633574
1.127871633727235
1.053395062848053
0.9976004974366122
0.9597420448622896
0.9383936367262957
0.9359310173932279
0.9933493830885528
1.0802332492140883
1.1413375407852946
1.0907651020449955
0.6610424220547345
0.6747729829747254
0.7563384381171504
0.8987727388256664
1.145428576544828
1.3880075889443333
1.541669223033606
1.7047051249430738
1.8698977467234457
2.0272629442272256
2.1643171661499543
2.2677737098973365
2.3266435338827764
2.3355416485629075
2.296395731228645
2.217579946829906
2.111222349473293
1.9903434079751003
1.8669178485765798
1.750960182575196
1.650270551757435
1.5705116641271655
1.5154395059746386
1.4871846437593093
1.4853159635937654
1.502090175731524
1.5334019607079343
1.5755221012725231
1.63118109691439
1.7007158750611324
1.7898491245808257
1.895897003464765
1.9988676490696167
2.085272787255391
2.141271201234504
2.1565358063222093
2.1273247801602237
2.0558012896798794
1.94758815204688
1.811303010488787
1.6583262075923684
1.5011848592405699
1.3513353432443913
1.2174312258398168
1.1046268109942843
1.0148672889491421
0.9477547345960862
0.9015320686905077
0.8738787602945008
0.8635735980905395
0.9179791165475765
1.012902847778348
1.0897359851371493
1.063629414569382
0.6884706913641396
0.691694309029222
0.7726258271555101
0.9187654667890264
1.1794984931535895
1.4471555164684369
1.622633820818917
1.813641359131786
2.012093123342811
2.2059232427023714
2.379335192389538
2.51481936972043
2.5970890745212643
2.6175871901587673
2.5771784476784276
2.4854689656235958
2.357486288872592
2.2098633574476154
2.0580759481669992
1.9150078671712338
1.7904718547795406
1.6912951480503053
1.621719805481409
1.5839422025276575
1.577714746587569
1.5940368002899323
1.6282437475246911
1.6768205100300797
1.7426810410774898
1.825666413458792
1.9322679461730015
2.0587303638767342
2.1804209426709713
2.2807391393181815
2.3434547721505874
2.357792254302816
2.320491118757585
2.232298925457053
2.097967415744263
1.9283868206226351
1.7391749108221743
1.54715896551344
1.3668874504735515
1.2084593524416236
1.0770516460362576
0.9737423612367594
0.8969159086834614
0.8436496922770107
0.8107430708064827
0.793965521623406
0.8458839099657435
0.9478386289655825
1.0393848413609401
1.042972852332851
0.7602844385023501
0.7573316983550435
0.8485477156819545
1.0081300033444494
1.2893430055347554
1.5869357920465015
1.7890633985416233
2.015583401126537
2.2579708102321683
2.501673249885467
2.7260837697353653
2.906882883198241
3.021401512257941
3.055587275395635
3.0088155533983825
2.8933417379219213
2.7292911874733794
2.538927288748984
2.3427289411942804
2.157516698250218
1.995951109383266
1.866830356689198
1.7757757965379206
1.7256187170024944
1.7154034322086105
1.7328474479806715
1.771670311120749
1.8277723434775635
1.9045423542558124
2.0016578199987407
2.1263478164057656
2.273621052763884
2.4145140905873226
2.530596077383265
2.6045317360310833
2.622702025988549
2.5754216285594267
2.459509624133434
2.282410200563298
2.061994157087822
1.8218549932224735
1.5850638907809402
1.3693034394663706
1.1848891186290935
1.0354222939284976
0.9198254987220829
0.834548270099482
0.7752678709978397
0.7379047696544414
0.7155433242575839
0.7643618859589678
0.8716613059464347
0.9814429731771769
1.0421875939399587
0.8955277211290736
0.8932011271496908
1.0058323741802788
1.1809822326092567
1.4620511357689403
1.749808927172477
1.9454760368642159
2.166778613598054
2.406905127038487
2.6526142818379026
2.8834702319422165
3.0734142789289223
3.1963399067847766
3.235035245116346
3.1879654461145273
3.068293900395428
2.897251411607831
2.697715412163693
2.490624492863673
2.2938120891923277
2.121962268360472
1.98623947346174
1.8929422192132441
1.8431852016109942
1.8339391026122305
1.8520574598433603
1.8909798153870805
1.9463428187035667
2.021160440390115
2.1147775895254717
2.233982047591277
2.374587426818898
2.510858860073561
2.6263960283699377
2.7015966427324223
2.716207410082874
2.6557532043928083
2.5180904236267936
2.3156514525537144
2.0720020893851294
1.814627634115977
1.5676484204193333
1.3474734232324752
1.1621310345510836
1.0131096971369413
0.8980065982546555
0.8127705709994766
0.7530866828300913
0.7150219078816148
0.690775808530423
0.7350787893294198
0.8381719411615635
0.9625897541222398
1.1205588938653506
1.0342285297868186
1.0445046727489873
1.1606703387193902
1.3160144760018402
1.5407124141528608
1.7569762877219355
1.900029221633664
2.0589457090738192
2.2276709434233757
2.3951654026180513
2.546186378493388
2.6643373079773816
2.73637895595572
2.7557584188430093
2.723771181182493
2.6481562582325058
2.5402622270487516
2.412408854297146
2.2764887263169866
2.1437693027859925
2.0250002371871805
1.9297319101582848
1.8646535083036444
1.832394328118428
1.8307320475713913
1.8493153037135945
1.8830511419784053
1.9282209516195479
1.9870555476707195
2.0588432556268015
2.1490897382211833
2.256367750269942
2.3637794899367157
2.458467589385071
2.521330671693301
2.5324004054046427
2.4781810311314527
2.3570107559030813
2.180343503639701
1.9691657802707916
1.7472980099708644
1.5349926455167768
1.3454252984305088
1.1844973840376278
1.0528411410647445
0.9485341982808366
0.8690549005526088
0.8118690668039094
0.7744104012348594
0.7486926126607271
0.7862954928251147
0.8769323749979834
1.008495226084447
1.2799385457166312
1.0799526061971172
1.187116223393279
1.3005154493204731
1.3904792962377008
1.477749680209366
1.576871449937582
1.638090219575028
1.7005698422241813
1.7593575647114974
1.8086976809340711
1.8435458007199177
1.8611161432120333
1.861708835222843
1.848438366314569
1.8260640537167871
1.799499379047506
1.7725881633498828
1.747523395115718
1.7250362933379513
1.705241324021357
1.68874940940182
1.6774227720913264
1.6741858607497915
1.681858523837875
1.6992516132059914
1.7227402512167074
1.7513064743888824
1.7828857027636689
1.8188262310553351
1.8579985413479236
1.9042012283591037
1.9676310569735846
2.046190235205232
2.1212238473956484
2.1769171277706914
2.199728810705708
2.178574646434504
2.108204610126329
1.9922207985252032
1.8430974893053074
1.6785890540491148
1.516438701397641
1.3702168908837336
1.2479836688038346
1.1529623851369533
1.078247882066704
1.0165849139345844
0.9681105835531979
0.9335087158285147
0.9049392095583597
0.9285780985693194
0.9997259114687926
1.139618829224588
1.5113273208731333
1.294696332228002
1.3316597132592691
1.47491516703034
1.543368501255821
1.5576577751664098
1.561236299462617
1.5683765638693399
1.5818926652463543
1.6032555017300194
1.6337393128873088
1.6746486468990398
1.7273001574278024
1.792778905639067
1.8715812022576594
1.9632673452650826
2.0662173268486264
2.1775272081251704
2.2930296487319444
2.407451734866173
2.5148424227065687
2.6094203876190725
2.6867750938453203
2.7450385316396098
2.785489501692945
2.810006345378259
2.8257854980668258
2.838450103158216
2.8502960517426317
2.863563844311864
2.878330094778031
2.8939218380456815
2.9040759920171735
2.897479934523375
2.864336495985462
2.7980671479829313
2.698361439743605
2.571991641361786
2.4306965831341474
2.2871228522523035
2.150703899481592
2.0248581474931053
1.9066061480416072
1.791257702071635
1.679105018349535
1.5745766036589972
1.4816193163205094
1.4017183269047675
1.33452577145918
1.279622098152542
1.2146625936048083
1.2207640496138266
1.3424584786280098
1.5638976956583552
1.844056581417414
1.157814708519813
1.2373163198850745
1.3306793688532506
1.3844164486004014
1.4036480848807071
1.4081975362732635
1.41542942315495
1.4309827681511071
1.458794657926937
1.5022890021075581
1.5638709289099766
1.6444422901902815
1.7431978370786383
1.8577476931568364
1.984400236633333
2.118460115051805
2.2545310305091424
2.3869101555967247
2.51014408594095
2.6197049783164243
2.712637288726488
2.787998911541858
2.8469680821701506
2.8925590225725055
2.9256028927345037
2.9513400344525937
2.9746674585329544
2.9967538979890596
3.019737373149398
3.042510168350748
3.063416407822715
3.0741207952836787
3.0627647580416113
3.021282059438638
2.945769940742325
2.8384805874950105
2.707491814394039
2.5639317364109573
2.417807619368994
2.2740927560900226
2.132119761652283
1.9908154179915802
1.8532500668045309
1.7248184464440486
1.6095790709932918
1.5082302784008497
1.4174284421469479
1.332209405910714
1.2546986290780229
1.1491412940482837
1.0915718949815079
1.131562633075301
1.2567299675039194
1.4691502496503719
1.0502500480781376
1.0874895301002847
1.1661279116556449
1.2292086472889707
1.280265740559056
1.3158290693630124
1.3395203274487288
1.3690976482195512
1.4074869083595822
1.4582047351346084
1.5235252134246138
1.6041534486279203
1.699236670521422
1.8064461046971727
1.922175575140782
2.0418734261401617
2.160517588208355
2.2732095460650408
2.375795777772306
2.465374670138398
2.5405669275161937
2.6015120895522643
2.649641401703147
2.6873159385048764
2.714649518862566
2.7355088488230974
2.7537198490083785
2.7702241442099482
2.7866685470936208
2.8022155197950407
2.815399271963964
2.8197414723087877
2.8066151819655967
2.770084316864961
2.7073828224380327
2.6202594574512115
2.51450384798603
2.3974025885620636
2.274067218918188
2.145893555992819
2.0135571607133516
1.880163795288621
1.7507607192780394
1.630132953991775
1.5211378781375293
1.4241792992176558
1.3377237115070149
1.259725490611026
1.1893103217448553
1.082663212687298
0.9907934090824756
0.9790711698951978
1.0515984421999751
1.251953870205343
0.9886253249529052
0.9482635361992853
1.01158920269238
1.0922485018477541
1.181827093208785
1.2547344273559227
1.298553147423731
1.3432434821950758
1.3906444449487652
1.4444514271997062
1.5071302519044574
1.5795071903959799
1.660724191346537
1.7482747631804365
1.8382869183896051
1.9261294600165426
2.00725264822214
2.0780312292307075
2.136359773780935
2.1818656411642965
2.215756109785345
2.240406123168603
2.25880650492787
2.273975012425557
2.286956210761228
2.299014163860382
2.311413618619968
2.323989890513982
2.3374461183712985
2.3509065840769567
2.363523856472729
2.3710570428314224
2.36728095016681
2.3477715677137336
2.3097327197451496
2.253151347993634
2.180878806405364
2.097304843730233
2.006360939094956
1.9105633186115714
1.8117831930819506
1.7122831749286047
1.6147757516678072
1.5217740386728658
1.4349401792142096
1.354815855018145
1.2809987712092417
1.2126635128452379
1.1492080317323845
1.0463845156579306
0.9412889908667355
0.9080641951120583
0.9547751215048267
1.1542445957061596
0.989294065423703
0.8970566503561884
0.9493217561366115
1.041554677203224
1.1559755710699289
1.2441974257023352
1.2927193515770479
1.3401030734021075
1.3876448606670317
1.4380839299280488
1.494035402226037
1.5568228318160524
1.6257287773949731
1.6977317698878194
1.7679770526966048
1.8310384750135527
1.8824901287227842
1.9199862441653182
1.9434504230210619
1.9546414285616938
1.9565594638949573
1.9529177828055522
1.9476573944715567
1.9444203526573676
1.9455516115972142
1.9507186738938445
1.9594012861380716
1.9706132478125973
1.9843934916529085
1.9996042226106783
2.0156809571853382
2.029385066049643
2.035386135413868
2.0302990259101845
2.0114869493902288
1.9781294707605515
1.9318343113222811
1.8760635312310063
1.8145080750647284
1.7496669224899697
1.6828074123995642
1.6148243789318786
1.5467854814374258
1.4798332727734802
1.414814797824438
1.3520218404491784
1.2912225606662846
1.2319928055591212
1.174211424663156
1.074605756560218
0.9642943132952168
0.9222519658581135
0.9544407665011928
1.1490860326101768
1.0094794544377517
0.8965536379490144
0.9426114762689944
1.0395375522025079
1.1649015774770197
1.2569833108274648
1.3055699722729481
1.3516208038178983
1.3958621990850961
1.4404692521157656
1.48796593533701
1.5399674658628488
1.5961934653834418
1.6540462229370558
1.7090428871120997
1.7561451781228197
1.7914404226584337
1.8132344209334705
1.822078724240165
1.8201243007374155
1.8104585862702802
1.7967026304531057
1.7827414432061413
1.7723426302119878
1.7685728837247636
1.7707764841671434
1.777899291728151
1.7887324135898492
1.803123521387109
1.8198470012887815
1.8384793215818573
1.8561082197145509
1.8675883633824202
1.8700257148519772
1.8609490682958612
1.8393242621782961
1.8064381364225983
1.7656261160117521
1.72061327963159
1.6736996404342888
1.6255056735394084
1.5760447476422852
1.5255633849520704
1.474590713825777
1.423580456818017
1.3725948388155633
1.3212753982934238
1.2691520968965988
1.2161562794560972
1.1199668827697915
1.0062340336135835
0.9570324099684139
0.98019977758652
1.1707690845429355
1.0375335069856533
0.9145074201641533
0.9543870910934451
1.0546056900927887
1.1886250993303988
1.2828785460584595
1.3304127771052932
1.3736638788524986
1.4129506022529923
1.4500114915220805
1.4871990043488583
1.5262833643504452
1.5674166576912183
1.6087000211416578
1.6466339680110222
1.677371031739633
1.6981508828637997
1.70808509174236
1.7079923258594925
1.699739845001932
1.6857131547357807
1.6686620004305721
1.6517665763925848
1.6385479975112442
1.6325361819271011
1.6332777305690882
1.6396902571131717
1.6505887361312161
1.665846415929912
1.6842739001381588
1.7056448470560381
1.7271780450096024
1.7434773314672933
1.7517954674285894
1.7497527450691641
1.736295774727752
1.7127693842722584
1.6828651629053188
1.650732808276564
1.6184793444211203
1.5858534655615157
1.551939669450919
1.5163420150267077
1.4792160955777216
1.4407946884288148
1.4009575722023817
1.3591345335023006
1.3146262991011917
1.2671927760246342
1.1758539730650253
1.0593879962969097
1.002195305240029
1.0170873332590287
1.2034145556310045
1.0739035024631913
0.9463830951981407
0.9808788818591685
1.0849782849422493
1.2282650856679518
1.324402325040471
1.3700369678952775
1.409031594255472
1.4414082645143365
1.468603719833177
1.4928583851167283
1.5161265407757125
1.5390762576204968
1.5607066063260104
1.5788255740903596
1.5911607936686694
1.5964269722575053
1.5947011686994572
1.5870548989368944
1.5749405704336168
1.5598256570816096
1.5432438350892264
1.527166497093271
1.5143505810905655
1.508311106006678
1.509026887300871
1.5157392635024225
1.5274560288911
1.5442814753681517
1.5651845988434765
1.5902905931697016
1.6168600258255865
1.6387312008208872
1.6528805040769692
1.656832655515978
1.6495564370409332
1.6326686228943632
1.6108193597366394
1.5895905647587683
1.5710828326366548
1.553440873881796
1.534444611928244
1.5131433990572494
1.4895432071014
1.463854142917662
1.4358723198058934
1.4047745595657115
1.3694665730269284
1.3293114915827224
1.2455804606848684
1.1279288433596186
1.0616289908378416
1.0674733846147864
1.2477626090630132
1.1159867249408848
0.9878904470478019
1.0202253638342702
1.1301518310666345
1.2840187337013462
1.3819089472565385
1.4248026545455974
1.4580912445283314
1.4816495408006483
1.4968367346776603
1.5059818556399378
1.5113842002995113
1.5143729189663901
1.514978021653134
1.512398533031735
1.5059219838192697
1.4956228926605928
1.482394990652469
1.4674675354774613
1.4518980002936281
1.4363885729017114
1.4214847763184069
1.4080781502638684
1.397997272209951
1.3941026265777425
1.3965450845758236
1.4049815244291213
1.4186425310829516
1.4380212886589105
1.462311741530721
1.492141935743822
1.5248352874257358
1.553205664567918
1.5736767018005637
1.5834358862245321
1.5812712438966525
1.5686820711797969
1.550941163923077
1.5370358436867162
1.5310657877311649
1.5276069725527583
1.5223446551063182
1.514005448867636
1.5027778169102208
1.4891687414821297
1.4731415271704686
1.4536818311870214
1.4291494419125808
1.3982591015928751
1.3259546933747866
1.2105992179527445
1.135173442377419
1.1305517656260937
1.3011420226010948
1.1598902814608263
1.0357267876345013
1.0703820460125903
1.189172855712494
1.3549260170411643
1.4540620579170382
1.4932116697284574
1.519294249819787
1.5322335946234478
1.5336040471518275
1.5261134260784563
1.5126311404910446
1.495281961507754
1.4751487320490613
1.4527042545546673
1.428543981789126
1.403786346228869
1.3798715842838567
1.3580432297134535
1.3389752788626115
1.3227757134897407
1.3093293966123012
1.2988580817557387
1.2925130456909708
1.2921620765401562
1.2976793265802435
1.3089927538428106
1.325456436786075
1.3479942842668942
1.3760147214169434
1.4106996062766928
1.4495264780764807
1.484454551878073
1.511463629552851
1.5274326642669507
1.5309785675930088
1.5232963789876348
1.5087769154401607
1.4973661513523293
1.5010768717007448
1.5098677679388275
1.5160501648378293
1.5182412115699575
1.5169887865130027
1.5134691861598544
1.508384478063115
1.5008308268858472
1.4884198965590105
1.468866805351804
1.4126357316988825
1.3049984576796951
1.2216463086979696
1.2043451742020919
1.3594986798283577
1.2003584928611646
1.0862396383784103
1.1289801620639388
1.2603724081021863
1.438599674240966
1.5376684639353544
1.571809790951845
1.5891550465430924
1.58991416846656
1.5761980556269926
1.5513982501914843
1.519149115597152
1.482405060537427
1.443164940868373
1.4028950405593905
1.363145250568546
1.3257511668164048
1.292483618630225
1.2645255773894053
1.2422169661047686
1.2252148466662982
1.2129573220402539
1.2052482294895228
1.202758937402512
1.2063114330290305
1.2152832791474053
1.2297299851152368
1.2490285341946223
1.2744696756821943
1.305626036186855
1.3441662772460359
1.3878076421281536
1.4280573512613524
1.4607412387901721
1.4826337188551146
1.4923695285024563
1.491254514476259
1.483750320410162
1.478671511585047
1.4870747689007136
1.5031186064414501
1.5174167573490016
1.5272830324144306
1.532890127607377
1.5359460263040141
1.5389082494972819
1.542218312416547
1.5425191418761144
1.5359309319354304
1.5003270572485798
1.4069896815301668
1.3180550057371752
1.2854686794259615
1.4179132282412177
1.2311556795012126
1.1351930845536826
1.193128989258969
1.3410913152112323
1.5310740547091006
1.6277477326469427
1.6553878756693567
1.6625711951907631
1.6500464197605813
1.6207571442167485
1.579020307219592
1.5293177790678754
1.475308575914838
1.4196041124574743
1.364276030479311
1.3114731896454552
1.2635115387206965
1.2223977425070287
1.1892739489279884
1.1642331827165409
1.146591813178997
1.1354408658497988
1.1302384717560638
1.1312255860382134
1.138256433591745
1.1502188518162935
1.1672230293175179
1.1886224918948134
1.2159538666575158
1.2488981522196703
1.289464315446261
1.3356688896719096
1.3790437564611593
1.4155549123053928
1.4420600691282632
1.457261455406051
1.4625668111817183
1.4626525671579182
1.4659048109211927
1.4804759327047143
1.5025932130277075
1.5240662525206305
1.541071822157677
1.5527796172241088
1.5603073521123223
1.56710006198165
1.5772386260868103
1.5884650564649279
1.5948429496605991
1.5827586180507163
1.5102121061346776
1.419166213990775
1.3692478478763024
1.4713722562209217
1.2461213748166942
1.1781918693644504
1.2593212222197194
1.4274845889974812
1.626852223436967
1.717888852067248
1.737496095114912
1.7334578104454783
1.707286217346293
1.6629666725714525
1.6058523687757076
1.541193751818721
1.4730591941537712
1.4042347342471357
1.336966802198573
1.273718891337819
1.2171897766819888
1.1696575021319862
1.1323146372220068
1.1050996927430285
1.087051391094452
1.0769327440676761
1.0738398967335772
1.077574101242986
1.0871722878928398
1.1011445384481986
1.1196184896068038
1.141921717100194
1.1696978796756834
1.2026938470294308
1.2430836286293958
1.289226545143042
1.3331455320321013
1.3711903483884007
1.4004406328629986
1.419625493286025
1.4300298594621983
1.4362196979258597
1.4464537076640924
1.4682097389448268
1.4979990957615472
1.527938678020324
1.5535720334520133
1.5732054402283961
1.586971932742219
1.597147548947408
1.6088387835241513
1.6251788669797207
1.6414921552310675
1.6526969859251712
1.6062606356035196
1.5177737254431887
1.4502002053286096
1.515548404012328
1.2407422572952034
1.2112988860471234
1.323471326472136
1.5145029886357428
1.719214171802316
1.8008777134487441
1.8112096098046822
1.7955973046703202
1.7564562800481618
1.698873218502697
1.6291711005228335
1.5531215342005014
1.4747713534051565
1.3965663209550834
1.3205175406917873
1.2492436387589227
1.1858907258945877
1.1331559961346562
1.092404621803334
1.063484979312457
1.0451707894605233
1.0358724945661775
1.0342878575717978
1.0397725443428063
1.0507474447935135
1.0654911995060705
1.084121564458886
1.1059635698006107
1.1326372559285978
1.1639341613599452
1.2020319304417149
1.2456674554609288
1.2877405730530938
1.3251511319130398
1.3552864611718707
1.3768356342045351
1.3907211349525745
1.4011030718628328
1.4164817762307391
1.4451533454030565
1.4833327679177175
1.5226323997756632
1.5580448000047256
1.587081517040469
1.6088690354383548
1.6242278394345033
1.636592424009248
1.6518582858026218
1.6720165915758813
1.7026462948131098
1.685993914041748
1.605820046198137
1.5228185801939427
1.5473940768640615
1.2136046150280413
1.2315879039866466
1.3810941739079419
1.5961459633454815
1.8007735253984531
1.8694985795667656
1.870019099867971
1.8435553301032532
1.79341510142225
1.7256461033611017
1.6472850249382758
1.5642472251478075
1.4800591360395712
1.39629360766332
1.3143826137115842
1.237108136017279
1.168303771766107
1.1113124283455347
1.0677756695821334
1.0374606834496478
1.0188452105197212
1.0099517349996754
1.0090641187352776
1.015120942924209
1.0261662526357023
1.0403940273481336
1.0578853737468694
1.0779969131165634
1.1022197845614168
1.130388240887121
1.1645620463091704
1.2038749274398206
1.242348851057134
1.2775119942387554
1.3071009393208557
1.329713462453652
1.345719768411585
1.3585716454357029
1.3772026576021918
1.4118417718634741
1.4578759514454767
1.5061496461090558
1.5512762440715218
1.5899904021814082
1.6203374848147263
1.64174326538471
1.6557138921028554
1.6671792157358067
1.6838308559901032
1.7265923304430155
1.7418581788336467
1.6761587524231516
1.5824799456055882
1.5654320575536032
1.1669479497935054
1.237428410584866
1.4276248219532301
1.6660239059552342
1.8641608948694433
1.9173881172960834
1.9087207080403588
1.8735197805860104
1.8157692970443504
1.742127099763312
1.6599366286354156
1.5748308108986324
1.4893285011806872
1.4036046765521208
1.3182416001487558
1.2364101558492027
1.1630733658692525
1.102480484936012
1.0565785446375744
1.0249872937241662
1.0058280368511987
0.9967167613870882
0.9955536204928124
1.000938269613673
1.0107983388831654
1.0233671543868508
1.0386586417968615
1.0560905312283226
1.0769534687459694
1.101130675446811
1.1304888217859521
1.164544094453338
1.1985124015869018
1.2305517629924563
1.2587733856935006
1.2817023842716524
1.299117743020577
1.313576320651764
1.334191134115175
1.3731154185768466
1.4248627512667373
1.480147663294396
1.5334659538370314
1.5808121550818772
1.6191361331918175
1.6465707069072202
1.6629925025369043
1.6710757436760062
1.6785444162798386
1.7221551632620042
1.7703525875821573
1.7243304034336957
1.6262123396079715
1.5697192328680427
1.1059701552904884
1.2284275516297396
1.4588444499159354
1.7181320889203278
1.9026498464098434
1.939884200470216
1.9242223650852945
1.8839414182887648
1.8232909924064122
1.7490386461294194
1.6683710766921256
1.586277304853052
1.5038683550631993
1.4193446426495027
1.3321643335810402
1.246434665998239
1.1689677469978097
1.105145885922711
1.057107073594594
1.0241720624303041
1.0040363899074176
0.9939300088662552
0.9914571854401886
0.9950075100986454
1.0026460570121036
1.0127257667041374
1.0251558888353365
1.0394263909342891
1.0565900525856275
1.076580153128311
1.101033863720195
1.129785272603614
1.1591452906879147
1.1878494715486698
1.214418166935241
1.2374225529774072
1.2562439127896474
1.272739329755879
1.2953273498512334
1.3355676680395803
1.389224701724898
1.4481859811645705
1.5068814634624457
1.5606185036912017
1.6053747920973793
1.6382424458556042
1.6579993658404157
1.6656250654441154
1.6651068001225529
1.6918155683740914
1.7734996211088294
1.7495815161210804
1.65306001041493
1.5615405650315863
1.0372484526983137
1.2051167573654757
1.4712836801538516
1.7474827610655987
1.9107121166789565
1.9348830416813354
1.9161707881986572
1.8758408283264518
1.8179238923676317
1.7487698069705042
1.6750072789378003
1.600818774319001
1.5257025378353462
1.4450421858279123
1.356587015706736
1.2665746871551475
1.1848528220557266
1.1179637019199204
1.0678801792978083
1.0333940431277422
1.0117262486558503
0.9997961595281074
0.9950551731920287
0.9958466275093442
1.0005838748479923
1.007761881089134
1.0171412002582314
1.0282707564577698
1.0419591908956949
1.0581794545159984
1.0783322924600849
1.1024533660958813
1.1277063968883825
1.1533114834524643
1.178235378890275
1.2012582221007615
1.2216344864928468
1.2407413829506262
1.265093279386289
1.3035011427364187
1.3550477698206012
1.4138182674132849
1.4743212071148237
1.5313873866326513
1.5803378849760943
1.6176491241804307
1.641650899272319
1.652895455339083
1.6539609100670358
1.642255586367742
1.7590274772733145
1.7546860543022689
1.6639141180595671
1.5429407573621208
0.9670722226799395
1.1685809506166782
1.4622733563416013
1.7495458250372984
1.8850642135443703
1.9036041587198267
1.8872085938810836
1.8526481160366712
1.803334549878327
1.7447528382012152
1.6827028674063076
1.6207276066977598
1.5570703079964874
1.4828315336255926
1.3919374228706356
1.2958809519738033
1.2094772875528244
1.1397062922263645
1.087667949519587
1.0513792315958077
1.0276082983307624
1.0131065111203612
1.0053547848707214
1.0028197269031698
1.00439813203745
1.0086924070996035
1.0152710608147446
1.0237097246271223
1.0345950247391122
1.047922347258786
1.0648765918681038
1.0855451325210579
1.1075926939433454
1.1305842332739564
1.1539434688690244
1.1767670787093376
1.1982758423891045
1.2191894666514178
1.2437145312915032
1.2782793953535212
1.3246970265990312
1.3796210760367502
1.4381653076488248
1.4951271576965346
1.5456379034137586
1.5860447597727405
1.614752051837668
1.6326455790861982
1.6429434495874116
1.6615586082248124
1.7398302282159133
1.7447306316458069
1.6608693439146718
1.5162195068751387
0.9003570766100819
1.120254924074296
1.4288855729430014
1.7147232607031853
1.82687136155044
1.8508460386511245
1.842647975570297
1.8195663709281467
1.7841341572399017
1.7406109930774551
1.693729674860244
1.646779766044732
1.5986795001089589
1.5353265218661853
1.4368992801631697
1.331957884975964
1.2412253609671888
1.1693015551378692
1.1155941614970095
1.077311456673723
1.0509492093530712
1.033312709885673
1.0221112908857606
1.016078530761238
1.014639634207368
1.0164293277686887
1.020792942143691
1.0272942055074763
1.0363461081467351
1.0479520325157718
1.0631335295567326
1.0818782538714342
1.101921728768323
1.1229715683908228
1.1448783966810465
1.1670827824362466
1.1887071365312014
1.209636273970398
1.2321321157538274
1.2609967625032958
1.2997207075986885
1.3474266819891885
1.4003670970772841
1.4537888449587457
1.5030766542001315
1.5448097219419925
1.5776566867697412
1.6027449238672937
1.6232795386363044
1.6623354788677625
1.7238890544868182
1.7251459787409718
1.6463152911668972
1.483509071426967
0.8403438914771215
1.0620813398077666
1.365425248150095
1.625444368297748
1.7434380429430667
1.7842723577739243
1.78955066633362
1.7826683289644034
1.7650940690651968
1.7395026785160168
1.7090463999784793
1.676264416991599
1.6420969931967655
1.6055032164474283
1.4803724862755354
1.3702740194318719
1.2787534052873935
1.2064122818275422
1.1515399255594923
1.1110889858251691
1.0816993499896332
1.0605300328594356
1.0457103807375183
1.036336943330602
1.0323248109680114
1.0322427901771065
1.0351994275688392
1.0407098718306287
1.0490826989765065
1.0603215283665266
1.0753705608004656
1.093998117612914
1.1135422302849574
1.1335787364632357
1.1543187717135859
1.1755224763817445
1.196097344243368
1.2150488290695913
1.2330705285782368
1.2537542283854746
1.281861674659825
1.3190458505788443
1.363041756816112
1.409786735145491
1.4551133345264318
1.4959220184277442
1.53100706352288
1.5612504860729852
1.588948054049852
1.6394418410036957
1.6981531557150922
1.6976725713582848
1.6219589049033394
1.446525578379529
0.788876007436827
0.9970717292128602
1.2697864489683852
1.5007967169895262
1.6464085663503902
1.7128330398211267
1.735505235327624
1.7480609975725347
1.7507364596240065
1.7442502560319253
1.7293483600446502
1.7058146335173203
1.6700349104545653
1.6074130689904425
1.510745242815941
1.411030833837804
1.3240120019376012
1.2529200528886153
1.1969670674872848
1.153778605371659
1.1206752809051106
1.0954930448885565
1.076943805874237
1.0645315565287532
1.0585564445516953
1.0573928696372705
1.059900815587017
1.065504662196506
1.0744859689593016
1.0868395662210038
1.1035421361225597
1.124077585098993
1.1449586971695993
1.165315533277047
1.18558527500643
1.2057289110353109
1.224286238387725
1.2393931215331937
1.2503782108899748
1.2597076810272492
1.273519722703906
1.2968537561849147
1.3291318724157328
1.366632089342362
1.4053988800850277
1.4424893131473067
1.4765907557143707
1.5080340361517033
1.5380587787598083
1.5915564982765844
1.6504602894347198
1.6568017771091892
1.5879664563939515
1.4065420399836555
0.7468948297994028
0.9298062624232017
1.1597785871843036
1.3719964189249683
1.547793498482359
1.6450116468886353
1.6875146982210276
1.7213596115641
1.7454436879466764
1.7583609758441363
1.75810604762182
1.741474305857169
1.7033632007228758
1.639221827226855
1.5549844805559438
1.466204232062017
1.3842895404380782
1.3138280987296478
1.2554230884321065
1.2078939851562989
1.169647105364898
1.139462499450177
1.116765496396895
1.1014878126044525
1.0941721307590886
1.0928024899903237
1.0959392770301293
1.1028433336964587
1.1138344910667362
1.128871651958737
1.1490750470554463
1.1736307848246914
1.197962684463642
1.2205667697547682
1.241739760020277
1.261260732562358
1.277194980945137
1.2869284184689254
1.2886299613425174
1.2833658536264847
1.2782601935382452
1.2843537168288484
1.3030922056493275
1.3293524559739278
1.3588138627435034
1.3886226939875923
1.4174014831250632
1.4450859864666716
1.4722841126882766
1.5215296773034384
1.579935255616959
1.5979063729486622
1.5434345160026646
1.3645719908054974
0.7148640291996852
0.8659471467819647
1.0556335877643797
1.2539765269490653
1.4571786946655403
1.5875801441064046
1.6512796452365444
1.7074782389627765
1.7537736971952285
1.7868645810500106
1.8025263065252608
1.7960480773418481
1.7637139853448844
1.7060852462190939
1.6306123510752641
1.5483817679630365
1.4683634160451282
1.3954704081876184
1.331530812622809
1.2767658632684793
1.230929850589379
1.193948924265432
1.1660779826545815
1.147715154207573
1.139523288922522
1.1388195796164737
1.1437375521326139
1.1532428839233626
1.167720881019894
1.1870301219328225
1.212520420621257
1.243096479079514
1.2730757904180456
1.3004193775424846
1.3245568495681044
1.3444157640640617
1.3575456622942563
1.3608895608264786
1.3520929225764855
1.331216137256786
1.3040582255573359
1.2889974961832555
1.2923723905135966
1.3044125226511216
1.320502870285568
1.338295805718085
1.3567005830657697
1.3756429993995134
1.3955646440193226
1.4352094235402115
1.4918042907733091
1.523226470724075
1.4890259741303025
1.3216714461769765
0.6929981688493252
0.8107307625391307
0.9673504870710149
1.1540498904014498
1.3809277109148426
1.5451297032738067
1.6309346643777884
1.7105585310970408
1.7804530748164473
1.8358540830742096
1.8709631447018864
1.8801397356522158
1.8601502002678774
1.8126197344794082
1.7444532955452563
1.665025111139677
1.5826250997016817
1.502890571910491
1.4291108373331358
1.3631845557816122
1.3064570678067475
1.2601633778502364
1.2254768463851564
1.2033057026167304
1.1943763585225715
1.195046802944518
1.202844390147538
1.2162512184266145
1.2356782672144455
1.2607616337791552
1.293147845768885
1.3316058015452223
1.3695498407181539
1.404307524442884
1.433654993024814
1.4550461336924951
1.4653619504363455
1.4615105990317134
1.4416715387699313
1.406932415832714
1.3636764130223828
1.3268592565843835
1.3065120189640702
1.2969089341039477
1.293281815251961
1.2934883649879418
1.2966973824577062
1.3029201683607412
1.3125470615394905
1.3395860092029275
1.3936034893182245
1.4389557492961915
1.4279859398532244
1.2791779785066588
0.6813189057990101
0.7677418427155412
0.8987637649394766
1.0757067853656146
1.3226393631449436
1.52026655487756
1.6291149698425174
1.733832957546956
1.8298282179833625
1.911108106449398
1.9704252901482477
2.0007516354956607
1.9978013329782094
1.9622745477333439
1.900025192243581
1.8197820482930798
1.7302614356017567
1.6385424525332595
1.549894507879546
1.4682856866315679
1.3969022495971075
1.3383989319890919
1.294882573016451
1.2677516577941663
1.2577808670925008
1.260144272601838
1.271624360490651
1.2900520841383663
1.3157369773224692
1.3478621129216641
1.3885500329708624
1.4370251169681658
1.4857007403191234
1.5304606211016694
1.5668600011041407
1.5905472032815695
1.5976392137576905
1.58539040544757
1.5532974422067922
1.5043810073449309
1.4460696245643463
1.3890100774648237
1.341153713430645
1.303655478079128
1.2747687181722929
1.2530740842039176
1.2379569094500507
1.22937421107951
1.2274935397629543
1.2412658646280932
1.2928633145457074
1.352003404016981
1.3645608185339604
1.2387124986513274
0.6796281703865403
0.738745875890746
0.8508227177118735
1.020211515008089
1.2840750700550125
1.514158379529941
1.6471400112880146
1.779305126588645
1.9049343194613944
2.0166282876956587
2.105271887794241
2.1615853920882593
2.1789754315463243
2.156178388262369
2.0978632987624577
2.012774659481167
1.910936448211945
1.8016626231168749
1.692829872226422
1.5908980111402398
1.5010966185002095
1.4275155373664836
1.3730948705826265
1.3395901383179734
1.3277961384381145
1.3315632543124887
1.3468987505306664
1.3710216584749428
1.4039978405412903
1.4439114391604377
1.4942911993028136
1.5556141408241781
1.617979783216811
1.6749347051184535
1.7195324600923885
1.7455476951380184
1.7484738158372877
1.7262629895857118
1.679980322614254
1.6142268586026731
1.536724062330752
1.4564826718399515
1.3810153405456433
1.3146144289253086
1.2588739362547463
1.2140855287075991
1.1801455193147241
1.156867338547791
1.1439858073262772
1.1457352860407053
1.1958332654958386
1.2681848072753417
1.302536066206238
1.2019637428553798
0.6874765829141543
0.7241622586150456
0.8231280245279028
0.9875866699609903
1.2659939566621887
1.5270511215150948
1.6850931293969558
1.8472197636514902
2.0063691904372156
2.153213255452116
2.275996687332704
2.3622081246964237
2.401961066288401
2.3914350096253876
2.3341996225738866
2.239660670002072
2.120010606465623
1.9876038810454189
1.8535297661953483
1.7270805742676087
1.6156096037466916
1.5245246162728228
1.4573755268506452
1.4160313238420983
1.4012372755342952
1.4054154128693723
1.4237570458582258
1.4531426261718736
1.4944325017333344
1.5413935047714598
1.6040272557461743
1.6813479521465584
1.7597723786379142
1.8302537847271612
1.883337620281364
1.9111754679454582
1.9090413816406298
1.8757328064405618
1.8134665117032798
1.7277593953246315
1.6268169596211524
1.5200508046056889
1.4161606373922906
1.3216652200731782
1.2404602894046157
1.1742589525534617
1.123351232998404
1.0872500860245602
1.0650967881263875
1.0572293814900717
1.107023233711461
1.1915145603572033
1.244686561964891
1.1704739747153168
0.7041653831729202
0.7235820275417418
0.814653977151682
0.9771712239618627
1.2685582843168135
1.5584338786103575
1.7416456102846305
1.9353675397070969
2.131071982016953
2.31690345137639
2.4775619637261976
2.5962906105122174
2.659065308038543
2.6591608815721157
2.599346213410418
2.4904541797501727
2.347731421672946
2.187304959438343
2.023927400454289
1.8698755176850135
1.7345332343203128
1.6243798499840387
1.5432701200072412
1.4928932182203307
1.4738524566268771
1.477060724422498
1.4966932355875768
1.5290189765433806
1.5747757115887067
1.6336559004842706
1.7112570015919633
1.8062461624431794
1.9014766995849814
1.985382229702014
2.046307606818945
2.0755195310044914
2.0685582130286106
2.0243216131099597
1.9449573874563488
1.8366176957564173
1.7090355982768726
1.5736998760586052
1.4415283712944467
1.3210312969843223
1.217524914906539
1.1333618136809918
1.0687456608479209
1.0226462087346122
0.993516128276761
0.9788154710308279
1.0292663951471808
1.124245849384998
1.192824382740099
1.145602970752097
0.7335973790542542
0.7393531575856277
0.827179923285173
0.9914686597199991
1.2968391036942293
1.6162136284505724
1.826757419620628
2.056421343310602
2.295258910839942
2.528141744294215
2.7347796467744496
2.892332485738288
2.980969720210719
2.9902503762210415
2.9225462835097207
2.7914324939013153
2.616766801080731
2.4197285438010057
2.2195384503913798
2.0318061850183247
1.8679491770118648
1.7353087453876226
1.637744065720412
1.5764719306715955
1.5518834592985387
1.5532676420945275
1.573872288730559
1.609934771615909
1.6631669557850974
1.7334877562097433
1.8267622763886766
1.940440288103884
2.053072377763861
2.1503486691200684
2.2189306366500228
2.2505264892486783
2.2402622022824867
2.1843189464080948
2.0838828455912837
1.9469481285766843
1.786734488773881
1.6184939458778085
1.4561542116355162
1.310022066280499
1.1860464996673912
1.0863653340416686
1.0104901587795772
0.9565371922946719
0.9221631419985116
0.9027022014219042
0.9544330486754861
1.0588243125180743
1.1413786396323935
1.1266909106174336
0.8045456416993703
0.8012679055108611
0.8959870391437492
1.0722202878740235
1.397890418229547
1.7501919009570746
1.9922479274246028
2.265740432331814
2.5605081837823565
2.8581010371485975
3.1312108140345547
3.3465672123695436
3.472763621357372
3.4912362155572776
3.4038030427020516
3.230575874235146
3.0008197652289366
2.7443841452123183
2.487031003890065
2.248717794441674
2.0433970280147253
1.8795681123291634
1.761113559669936
1.6881478321496506
1.659417966277111
1.6612754396482308
1.6856447678720958
1.7282317289684885
1.7911679624181807
1.874296839677142
1.9842462328021528
2.1174939545366454
2.248793165800886
2.3624213853849554
2.4439582667392235
2.481373437899236
2.4637185017002365
2.384414316823927
2.246570354095625
2.063696938982612
1.8559662388022857
1.6445717214690643
1.4468727277288356
1.2739966656714816
1.1309516075094055
1.0182209262091158
0.9336868857295063
0.8741751674695959
0.836412893946704
0.8143525386705548
0.8673635131035897
0.9794249328068609
1.0790027219396654
1.1255483961964252
0.9292442009055913
0.9278692089546728
1.0418287956788388
1.2348775356745634
1.5615711342562197
1.899939510915124
2.1305036887410895
2.392078450729097
2.6775242991357415
2.9720960750846066
3.2516304393396744
3.4828196464962287
3.627924947162916
3.6567730704684074
3.5646526154156715
3.376499769808075
3.128443087862309
2.8533260315210565
2.577655494643316
2.322818858452547
2.106559452537831
1.9402676124131615
1.8260337497852424
1.7602856199753116
1.7384220966985018
1.7457590046908393
1.7743508446793328
1.819732415854371
1.8840831660786435
1.966996430820993
2.0749655153011184
2.205087332056335
2.3344146378433543
2.448516891777723
2.5302817986036876
2.5614742013838763
2.5276668945797427
2.424300529333446
2.2596677658684694
2.052825794235304
1.8276595408794056
1.6062855896777963
1.4046999368017354
1.2316674881717666
1.0900283502220125
0.9789120552609828
0.8956766568371787
0.8371099152610089
0.8000111507869133
0.7782753877524472
0.8281847124838163
0.9357487711486403
1.0525321087818853
1.1971071785970948
1.0803008155817426
1.0658566165403842
1.1806384021923502
1.351620340721081
1.6155570618051447
1.8685431227705636
2.0334688418088507
2.2157584400577126
2.410011551381707
2.604723795370956
2.7805840135756816
2.912941754302711
2.9807698131477247
2.9760097441538234
2.9048956758686066
2.782541160137583
2.6265810742957694
2.4532462883118993
2.2764701191930614
2.108835796105753
1.9623018490074657
1.846920911211958
1.768260465378444
1.7266476122265377
1.7183260987041376
1.7314399051694784
1.7599361428866593
1.8000185352978284
1.853578667339681
1.9201796074220232
2.005310823058195
2.107918565028346
2.2117758855704714
2.305375057127317
2.3723812755133173
2.3951412030179804
2.360807385852739
2.2664800301547476
2.120833506739861
1.9413734688097402
1.748744501656771
1.5610152339232704
1.390329652611413
1.2425393262538846
1.1190214186952199
1.0191770806614833
0.9419470699375109
0.8859674219386723
0.8493970952292482
0.8253988821839112
0.8657594948680144
0.9598108089268981
1.0904951647433854
1.342707459531001
1.1061495377788195
1.1974450901629294
1.2988635702088123
1.3845481237878028
1.495700607499537
1.6071503141664956
1.6773335797323632
1.7513836000504004
1.8227849310372202
1.8820005982512862
1.9197048925803777
1.9302901240792547
1.913931055595435
1.8762995174983381
1.8262177446897874
1.7725826617352898
1.7220017469114577
1.6778986061860772
1.641061306745638
1.6111055582947775
1.5880605368567038
1.5732231373684482
1.5687836648810343
1.576570558808687
1.5943807313910814
1.6181392607240532
1.6469117355953888
1.678961695549905
1.7162805755760477
1.7586395670890502
1.8103019495887753
1.8740249217438367
1.9444973836445716
2.0141554345366828
2.069912425865948
2.0985285732656824
2.0893106184799946
2.0367782614493497
1.9430600895966241
1.8181067912913624
1.6769549724424029
1.5353398698656486
1.4059479027939021
1.2967515610702374
1.2096548531550597
1.1382231059120065
1.078273783004306
1.0304833620046252
0.9958120123620232
0.9659551214183939
0.9877288779796805
1.062902149725723
1.2068910494262488
1.550439818366828
1.3570724697879755
1.4038676249378323
1.554129020410894
1.621016446050116
1.6237784384496736
1.6140031297598931
1.6121954219597472
1.6156821087572972
1.6257820455768872
1.6434775784350435
1.66979488183438
1.7059301305806884
1.7530796250484562
1.8120839168580756
1.8830353020572215
1.9649617844321554
2.0556541610554984
2.1516828720587244
2.2486522500010926
2.341732242159706
2.426453249848377
2.4996233221336666
2.56007479941777
2.608902618102326
2.6452919735470517
2.673896246071438
2.6997196100497716
2.723970617018515
2.7491373834315236
2.7744383553640204
2.7991281749668495
2.8161854697723836
2.8143789331737534
2.786051553976433
2.7269287093185755
2.638190702996057
2.5264681179904334
2.40150359781693
2.2725895092652846
2.1456208468428075
2.0224236311276207
1.9028580325232067
1.7877957811809955
1.6799519042498172
1.582333661981789
1.4965699498500538
1.422608624016332
1.3597209210732093
1.3078966480011516
1.2463899252316615
1.2506676266137802
1.364367061406939
1.5796538446239012
1.853652173277086
1.228208106804627
1.3215335881794454
1.4190062535301533
1.4734879629093587
1.4917359051776682
1.4977713822572278
1.5004573750180223
1.5090810481778176
1.5274295271285232
1.5583593222533754
1.6037935511373602
1.664500816351764
1.7398436273198465
1.827745501441073
1.9249503478097654
2.0274762711681644
2.1311319806508915
2.2320107580251323
2.3269146702709906
2.4136657581501626
2.491258986987124
2.5598330165264103
2.6204795263994907
2.6749552796560794
2.720444215588826
2.7593612445987783
2.796173335612099
2.831284993557478
2.867552584125928
2.903466790557662
2.9379383535331707
2.9619516741814995
2.9622285320925092
2.9316071883092882
2.867727833505097
2.7744759689681238
2.660873617608223
2.5376432551362385
2.412577761372452
2.286917477664792
2.1580517981610536
2.0272397929459656
1.90062839323711
1.7848666444905785
1.683907919665389
1.5981641891863883
1.5251549112721272
1.4229444608529445
1.3340053404855021
1.2143646687687604
1.1437058715891226
1.1769149883535894
1.2998956310268153
1.4945398370947551
1.1111454897005095
1.1650162797244337
1.2527263764676495
1.3235145759537768
1.3830224786926593
1.4179916995343864
1.435254648565911
1.4554759331120328
1.4826449013220266
1.5197396937509973
1.5685283498338098
1.6294828520707985
1.7017588234012526
1.783295080861184
1.8710728159238181
1.961532816116108
2.0511046610340804
2.1367550964525996
2.2164259405046325
2.289234750223886
2.355372625468728
2.415733995275834
2.4714090514257134
2.5232266108158443
2.5668630380857493
2.6032725558866288
2.636033876059821
2.665406959265848
2.693916786612807
2.7205805095185362
2.744652919923859
2.7591877336231434
2.75431452593114
2.7245423797649995
2.6682010764153503
2.5886333200138623
2.4933739273656674
2.3912224795712507
2.2860109120966268
2.173955087383255
2.0545032757662023
1.932904092297938
1.8157275887558986
1.7078317570735755
1.6110167688054016
1.5239059467684988
1.4430158951196455
1.365453789581568
1.291596451112526
1.1749571203099862
1.0694971550005306
1.048878140600816
1.1152760253388931
1.2873674216967446
1.0329586700050966
1.0113415309570728
1.0875816048574467
1.182146090935929
1.2877771144723569
1.3753531499459215
1.4083383604242166
1.4391666318719605
1.4710769021858423
1.507066471531258
1.5493465589489892
1.5989859462134812
1.655736820443866
1.7180538556480618
1.7833381729684163
1.8484135482298818
1.9101643431724402
1.966179479487994
2.015220026284237
2.0573827209919036
2.093930690456666
2.1268525208813633
2.1582680198236415
2.1898301459210683
2.2190021521556993
2.245426029780782
2.2707153114089107
2.294289202505362
2.317578404142169
2.339444710063333
2.359361958808149
2.3724548137382597
2.3716946321225176
2.3531276203598384
2.3150263639523887
2.2589485976901864
2.189352466509682
2.1115267132179842
2.0289176881348006
1.942849499421093
1.854744313331899
1.7670927974496302
1.6826503268462571
1.6033639620838334
1.5297920002966208
1.46115706322642
1.3959238752689116
1.3326602483512189
1.2708042052405533
1.163797302366604
1.0442622913946074
0.9969018066472352
1.0342288894892198
1.2052432870168583
1.0217659252043576
0.9518619276891701
1.0184067628623312
1.126983840109034
1.2593830364579492
1.3578340553362214
1.4055716567380152
1.4455018016723769
1.4800715182802293
1.5129099080491932
1.5472610942774883
1.5852613217365
1.6274659813250663
1.6727359480633612
1.7185801755163839
1.7618942554997505
1.7998511983285022
1.8306232039837698
1.8537274116337377
1.8699957723114577
1.8812934740553773
1.8901068792717897
1.8990752476501669
1.9105194619608157
1.9242665594368056
1.9396341637040029
1.956971624085234
1.975412536898388
1.9957408516828092
2.0167864846716888
2.03817283828255
2.055830370615312
2.0631927510437373
2.056809067018517
2.0348969472038
1.9982863469291712
1.9504970832857926
1.8964861804345616
1.8404089291310917
1.7842264563341537
1.7285048162835026
1.673712534423973
1.6204698460187905
1.5691328609584763
1.5194017524077663
1.4702648101200997
1.4203168634037884
1.3683373633418994
1.3139088115346091
1.2112173279406095
1.0832290637697362
1.0223123700893721
1.0443019646388365
1.216086365480471
1.0355738702160677
0.9489690537161155
1.0092587386914216
1.1219902148999192
1.2642802440449044
1.3650010329028992
1.414430750668992
1.4565840147784732
1.4915708101442844
1.5217010949577285
1.5500364899001904
1.5790957463031488
1.6100176140268039
1.6422877923276165
1.6740577379383281
1.702901692416647
1.726675649972805
1.744126411573289
1.7550981638168806
1.760425034080437
1.7616869248462714
1.7609504356895713
1.760538632592637
1.762811361078942
1.768898988548048
1.778434334985867
1.7914502460592916
1.8071454013153714
1.8261118001879377
1.847273067244981
1.8704194500682165
1.8917889502115321
1.904616756745638
1.9054799323052882
1.8925467387001058
1.866452731553755
1.8305695780607747
1.790050901312603
1.7495066604716232
1.7109213423154417
1.674129341696094
1.6385315935638223
1.6037719928819445
1.5694932538683721
1.534944425209911
1.4988367916694134
1.4595640547430846
1.4157380657573118
1.3668436975771001
1.2678075683323875
1.1344482684494634
1.0638824823036865
1.0762814957196005
1.2473736916137192
1.0584493631676963
0.9676701050848096
1.019178083832009
1.1336687628590558
1.2836725471780461
1.385872186711485
1.4349524457735086
1.4763284657522764
1.5093011504939187
1.5351308405717445
1.556309867111671
1.5753631906271715
1.5938689550621712
1.6120631412546067
1.6290786959981673
1.6435907228018418
1.6544828767883186
1.6612284975287077
1.6639338001701354
1.663191296598922
1.6599082942892605
1.6552099845009607
1.6505035741149245
1.6477195672506342
1.648933626245611
1.6545043406421487
1.6645685915568031
1.6785084637835208
1.6968602204887504
1.7186510954385859
1.7438507109127246
1.768865379848676
1.7865278304878391
1.7932793995371055
1.7871872102074697
1.768781719322386
1.741473744396575
1.7108912761205393
1.6824029337984956
1.6580329061131054
1.6367379691665718
1.6169431795569351
1.5975934679388453
1.5778968904858321
1.5568353536892334
1.5328977410765443
1.504200395191359
1.4690146541025584
1.4265142421255328
1.3329854728776542
1.1958631078996549
1.1155322246281727
1.118682588944835
1.2875424605419294
1.0899008945288635
0.997737106840967
1.0428714781243957
1.1595762646579029
1.3184692285915875
1.4225472986953989
1.470282877459109
1.5088591725555442
1.537336308566136
1.5563606455923777
1.5679032603138983
1.574392655947243
1.5778219026213296
1.5793140768054557
1.5792477447434492
1.5776898809501978
1.5747676326159337
1.5707765638989162
1.566083745214889
1.5609934642323744
1.5556676858578036
1.550124560624007
1.5444710197564446
1.539681720335095
1.5383047531130944
1.5416416396113835
1.5502108605265006
1.5635998167552
1.5823842111433764
1.6056768305677047
1.6336747920217034
1.6628801961680812
1.6855617189553762
1.6979212868359754
1.6978554649998086
1.6857676967689785
1.6651046715588045
1.6421599485790856
1.6237890058399487
1.612384785130531
1.605509398805801
1.6003883741597542
1.595413538465482
1.5896089422029067
1.5819336349385456
1.5708124987234926
1.5540728373186428
1.5294545818884269
1.495534517409691
1.4112342564209468
1.2729478950326392
1.1821017345300981
1.1746504296057416
1.3383033745679558
1.1272459208399304
1.034468580458325
1.0778138261218926
1.1992413985877863
1.369128700244602
1.475691409553176
1.5213077056369444
1.5553158917906778
1.5768440186102042
1.5863879520958735
1.585707771851429
1.5772621634552053
1.5635213115818314
1.5465727632111759
1.5281212806239228
1.5096515419656351
1.4924732760738355
1.4775841619153913
1.4654976510798872
1.4561883375721092
1.4491653479100286
1.443609911626847
1.4387055432786977
1.4346328956407817
1.4336964531237735
1.4375258444439794
1.4469243855232856
1.4615738964439602
1.4822260374754712
1.5080748523026644
1.539635313002993
1.5734959673022724
1.6013356537412853
1.619125793301485
1.6245743948591047
1.6179092052251782
1.602400731447653
1.5845972345245996
1.5735138563674818
1.5732909601043679
1.5792600729933792
1.5869518735562003
1.594350599738883
1.6006183127185187
1.6051475745686745
1.6067614321944153
1.603142228706012
1.5912362229812307
1.5686138869405224
1.498743336385627
1.364143313927199
1.2631433472676
1.2431879968798003
1.3967008948918764
1.1664025215036717
1.0754292154915193
1.122048091428507
1.2521118304214385
1.4350466146041467
1.5442245157046255
1.586839252116735
1.614569297915839
1.6268268610835834
1.624397843743034
1.6092630776519032
1.5841827911991793
1.5522108923240254
1.5163882828137014
1.4796408490492228
1.4446817913605123
1.4137650378851128
1.3883655720379797
1.3689900677049633
1.3552366964055622
1.3460569153112185
1.3401138339938754
1.3362950377823792
1.3346444585476978
1.336739032099408
1.3435634274513168
1.3558730669846213
1.3732938406505155
1.3968730858543292
1.4258937961155513
1.461258887982182
1.499687164063111
1.5324102147908487
1.5553037729951562
1.5659788427023913
1.564554320352924
1.5540823119892428
1.5407131190990202
1.5343297299688656
1.542554642080933
1.5589593744673893
1.5767554168231324
1.5933769917526877
1.6082054490922157
1.6217747085251848
1.6346885623429739
1.6449905358935841
1.6480342430567534
1.639687716123172
1.590405280732674
1.4664222170618564
1.356948400419028
1.3220240206524718
1.4584109803610683
1.2019638739448189
1.1176318746017428
1.173925480723747
1.3173451114608317
1.514340732395448
1.6251441034976097
1.6635450465041797
1.6832695582346637
1.6842008290983281
1.6678089812219032
1.636736346573403
1.5943412833748054
1.5443280818266965
1.4905537047843467
1.436898906188018
1.3869917889748244
1.3437456668454668
1.3089164338720038
1.2829253267239908
1.2650327913239396
1.2537755259244607
1.247530737731388
1.245162522322697
1.2467448622082362
1.2528961237005338
1.2636440718926605
1.2795694041979315
1.3001524602019083
1.3267305530550397
1.3586507378141084
1.3971767958508887
1.4392097131807875
1.4758049051650362
1.5029364356496864
1.5182613523578516
1.5219051754084354
1.5168727170712044
1.5091373470850884
1.5081581950757976
1.522550535588014
1.546695206003737
1.5721484658268605
1.595069978887433
1.6139641610167412
1.6298073396984636
1.6493702889165072
1.674528290522936
1.694685198392387
1.7031108524995264
1.6801255177110073
1.5747760110974935
1.4598599887774404
1.4073508155470666
1.5181578075868098
1.2278536323183178
1.1578549250668875
1.231781064670363
1.3935409026421564
1.603703814893013
1.7135915576983511
1.7461823580598368
1.7562496857099774
1.7443006430005545
1.712788885247846
1.6653670896516957
1.6062049594107337
1.5396145015561573
1.4699955152494717
1.4018058204461914
1.339238002280494
1.2856221154213736
1.2428849490624427
1.2113733092061132
1.1901099908381978
1.1773570613972053
1.1713091719470978
1.1707745759990111
1.1756915085268627
1.1856823321283305
1.1999669288614974
1.2189935600173738
1.2420957207515324
1.2708121798092649
1.3045204461740025
1.3447381591974812
1.3885997523454665
1.42733382844052
1.4572005053735373
1.4760140478511126
1.4839194967448588
1.4838453702623862
1.4817039628094826
1.4868818939076178
1.5078835469016767
1.5396434258986496
1.5730496625191257
1.603058563563263
1.6267260123557647
1.6419984349282126
1.6474597325591671
1.6921613092038048
1.7293117737556125
1.7546676210860175
1.7610351437060907
1.6819197603424876
1.5659475492765662
1.4939714175265728
1.5705271851803202
1.2385394179789664
1.1930327001695795
1.2936501075056173
1.4784296892420103
1.698399866146958
1.8032318715664228
1.828182045439699
1.8272663757628045
1.8016958517411257
1.7550512873144257
1.69216909692278
1.618085262421414
1.5375390515200937
1.455091846943166
1.3753555683402392
1.3027729969881194
1.2409391303269794
1.1919367363154498
1.156109050887967
1.1323475693588103
1.1187277021991995
1.1132663204400737
1.1145951168475725
1.1223503909508405
1.1352687477618262
1.15200671546806
1.1729363564253035
1.1972925102345502
1.2267017136823237
1.260558972084844
1.300501424630843
1.3439602198990426
1.3827159984495583
1.4134665470263557
1.4342419227132557
1.4451191118465603
1.4487152197229807
1.4506243137726025
1.4607037381357255
1.4890647250289601
1.5300615200533574
1.573422485187499
1.613461568029657
1.646771747738679
1.671478748096917
1.6893571059236143
1.7149433301960488
1.7548595108158835
1.791783283457781
1.8257941137622355
1.7787453746899382
1.6674051878560896
1.5758955171478026
1.6109304836933467
1.2304499010246246
1.2205937362972694
1.356958074847845
1.5685696321208904
1.7924726380235971
1.886952927039773
1.9025394518450978
1.8899848091159697
1.8511697401182392
1.790747119700001
1.714685310001411
1.6287504655691523
1.537801303943045
1.4461230488327408
1.3580820584348423
1.2781502176527915
1.210151153881052
1.1563930424714255
1.1173146582085427
1.0917594367853465
1.0776531798956936
1.0728013654147295
1.0755609671052
1.0851811938422615
1.0997152278523827
1.117484259438288
1.138807265542258
1.1628843884946716
1.1913163446219466
1.223529257017918
1.2611590549706218
1.3020132017980643
1.3387729279088185
1.3686756728627834
1.389985713326652
1.4025861741147312
1.4084582856838614
1.412325525618532
1.4248090494057786
1.4610814111474688
1.5127281892474196
1.5673546844619448
1.6191094915272495
1.6641339241493731
1.6998684263116315
1.7260981915729525
1.7478677671134135
1.7763783181092652
1.8132668186253336
1.8675730834903566
1.855944826517481
1.7558463377737696
1.64730123378907
1.6364254929113884
1.2030076097328322
1.2386297660325447
1.4182044783790657
1.6591680607692632
1.8791762889538115
1.9577716697780687
1.9628541014113383
1.9390292871877428
1.8886805454450821
1.8172748876210894
1.731631694307718
1.6379304130787897
1.5407503918303285
1.443660061685223
1.3504606693924917
1.2655698452463393
1.1931322988624302
1.1358168989489752
1.0942572424082337
1.0672959340324422
1.0527110672140272
1.0480637049479289
1.0513920757465123
1.0615524138195793
1.076176370709078
1.0934423005594465
1.1136067684121822
1.135897365424936
1.1617897681459233
1.1907738204612983
1.2243994168093468
1.2609318472859812
1.294207066231071
1.3220498089250088
1.3429644785935793
1.3565587423062788
1.3639159509195575
1.3680660145163135
1.3791063655416165
1.4252492505275123
1.4876938016235337
1.5530592753630497
1.616292660191269
1.673022553481782
1.719510438531662
1.7535735961586936
1.776278232923273
1.7945620631465122
1.8200849820036158
1.882158758640256
1.9066497424479114
1.8242520159941966
1.7036228594413005
1.6461519944985743
1.1587700955194418
1.2458563942557375
1.4727516223269517
1.7441943386632452
1.951524609489232
2.0097336457143085
2.004288684179648
1.9708861947397203
1.912125011595908
1.8338651582343033
1.7433131324538391
1.6466162456037108
1.547633243117531
1.4488049098972777
1.3531611717050391
1.2651606383640286
1.189504397564336
1.1294005752069776
1.0857483301901563
1.0573917133633537
1.0419409934659425
1.0367000980615315
1.0394045583387856
1.0485817072153478
1.061738933203825
1.0770618059016042
1.0947103032833907
1.1139863894024613
1.1361643194811364
1.1608336099606094
1.1894123650651376
1.220678186890243
1.2497328822446625
1.2749857138097178
1.2952061418890026
1.3097808921454726
1.3189762711926132
1.3240655241213062
1.3272049965344204
1.389655548869956
1.4590860512657489
1.5322331422826196
1.6047404235596514
1.6715572325482828
1.727651324379681
1.7690919743580422
1.794507267145973
1.8070949193942891
1.8175653654367037
1.8710929407457266
1.9291680295429814
1.868866395038016
1.7424138536294815
1.6412736204521077
1.1025977304956927
1.2414354977100426
1.5148508113390773
1.8169330317508265
2.002726839740412
2.0386099786504848
2.024250550840449
1.9844759198279371
1.921749405542968
1.841820544970443
1.751729221882342
1.6571050299287313
1.5606478455345285
1.463271293994602
1.3671392136045353
1.2770878037851499
1.1987847380370167
1.1361685721646333
1.09040971836387
1.0603012233696192
1.0432534919574916
1.0363317782486778
1.0370433298465396
1.0437086745911275
1.0540107175259386
1.0662385025095473
1.0804025148677534
1.095899542957572
1.1137520535075036
1.1336719303349
1.1569290403667738
1.182812349788318
1.207639298387166
1.2303551013422351
1.2500446429106162
1.2660821309707346
1.2784667614025018
1.2888408026346518
1.3089872293781564
1.3621435489535743
1.4314169741275051
1.5077773559322198
1.5858879803886203
1.659836286499638
1.723438493016147
1.7714025164272449
1.8008411725644737
1.8128552009579564
1.8145553538431642
1.8462743399030113
1.9285886325395947
1.890171861639667
1.7636624633882845
1.6244777689196237
1.0402640853911245
1.2248105243855658
1.5379460179677327
1.8709964126105727
2.0263032768374343
2.0423811740948987
2.0227245343100617
1.9812886193916464
1.920100911396197
1.8443254355837668
1.7603136557320311
1.6727632140177002
1.5828102768421577
1.4893277179223403
1.3935708098867585
1.3014928947128703
1.2203865023430922
1.1550565149059708
1.1068261957018157
1.0743201203227166
1.0547163700229745
1.0448979762944732
1.0422673081126403
1.0450959550049168
1.0515017633882948
1.059910134779687
1.0701182153296944
1.0816081603896968
1.0951273273265847
1.1105111248118105
1.1288828287090231
1.1499738054001034
1.1711158702625264
1.1916931144574368
1.2111497249849699
1.2290926408741454
1.245783404063396
1.2638579438893152
1.2925140145955207
1.3413961456960077
1.4066238433623606
1.4818384485846716
1.561306642453518
1.6386142732492226
1.706918779841243
1.7601931457643658
1.7948771963778059
1.8113737666243785
1.8151743814551908
1.8329622703516226
1.916191770525627
1.8924028889315458
1.769421304221762
1.599207351201495
0.9771387565364139
1.1957211528296336
1.5351500706823185
1.901591726978082
2.0164256835927894
2.0217063443302354
2.002307913387837
1.9650863177128113
1.91151156331021
1.8458147774410234
1.773278418177896
1.697455744812533
1.6176137978976102
1.529600205774195
1.4335613469688324
1.3382243890872343
1.2535065093337059
1.1849442661382747
1.1336755319386131
1.0979792645078987
1.0747924134707998
1.060917076365467
1.0538060919981922
1.0518440822405286
1.053764466527198
1.0581015537887495
1.064377066753053
1.0721269775945175
1.0818288172402286
1.093424921941343
1.1079074606421337
1.1253207844099877
1.1436837146868761
1.1626672388921724
1.1820772599713023
1.2019064247747335
1.222727659932224
1.2468267522032002
1.279301214213609
1.325177679417684
1.3848977515132364
1.455440718901114
1.53206006924297
1.6086739429322128
1.6785417175671284
1.735643646591251
1.7764171366862163
1.801197009033541
1.8147987905397125
1.840312383966977
1.9040437657802554
1.8815731008284933
1.7628618301436763
1.5688454563896477
0.9173991131611573
1.1545075469527333
1.5001798817186989
1.9066357205260844
1.9707330705013961
1.980422104576466
1.9679956569911963
1.9412840072209525
1.9012599844963438
1.8510200167905653
1.794561701919848
1.7344136138297048
1.6681784961043493
1.5864772734558346
1.4872077314911747
1.386229899155947
1.296998442238259
1.2247844942825157
1.1699500576362465
1.1302831984409643
1.1025558626667913
1.083651383975142
1.0712442435180523
1.0639700744718694
1.0612638002446846
1.0616973900012359
1.0644699685906744
1.0691309027177924
1.0759220362767112
1.0848684351658129
1.09686331377611
1.1120956723915558
1.1288441343084328
1.146856158389709
1.1662647203004513
1.1875177401839254
1.2112786114484104
1.2387133834718018
1.2720130294017489
1.3140274366277447
1.366606237202157
1.4292620359216675
1.499040663765351
1.5710371356564028
1.639353858110405
1.6985609464541134
1.7453714361081505
1.7798602870555187
1.8055025784274727
1.8461649480592457
1.8928244393256133
1.8622080926659283
1.7470373016580487
1.5360496888128452
0.8638651107467777
1.1026743627105098
1.4310122214808958
1.7707675716526567
1.8952294988318303
1.9255376554035157
1.9266482081165692
1.9161836139747639
1.8946957692296504
1.8639874083375692
1.8265237281709208
1.7839622821000585
1.7338372286037125
1.6585946178221185
1.5505153062066745
1.4429052393009745
1.3497468703991884
1.2741548767331172
1.2154378858827264
1.171059335271789
1.1378898896021445
1.113142798556049
1.0948964881890468
1.082141351849503
1.075015006891151
1.0720246325922749
1.0720149843572693
1.0745053018391046
1.0795588356430001
1.0872585763219849
1.098452891859005
1.1132982382737158
1.1298335408757796
1.1476072791420404
1.1670515323746475
1.1891563651725703
1.214409359297573
1.2426645575576905
1.2741150028363115
1.3101444848285237
1.3530547054908295
1.4044584723311548
1.463706379804888
1.527666992401095
1.5916749393560625
1.6510208534511053
1.702478964065837
1.7452527520934804
1.780741510214771
1.8329466886713184
1.8701510167749502
1.833919315046764
1.7236655460153243
1.5023679474432994
0.8182615409790573
1.0434207767445058
1.3362575501982772
1.630020426174827
1.8033055343065159
1.8661002867803038
1.8860487218369144
1.8962101356918974
1.8966450588354404
1.8876069463153307
1.8693744116979962
1.8413939756373865
1.7992114677509135
1.723267967734199
1.6141777172422873
1.5067766962468607
1.4127427533624737
1.3345598417747786
1.271507419940917
1.2213823760012146
1.1816245111149983
1.1501072294687447
1.1255077849348423
1.1072497217135593
1.0961094078891327
1.090379777950645
1.0885107925391568
1.089933948818876
1.094599393938466
1.1026211481981552
1.114881763670536
1.1313592330998317
1.149331374741692
1.1677806626182747
1.1874918999538302
1.2101718323693378
1.2356777424844714
1.2625355490252348
1.2894464452354226
1.3165756484253186
1.346449912227249
1.3830148240242546
1.4286142073168053
1.4820887315701687
1.5396741651907038
1.5968790495492386
1.6500195273869915
1.6970289596647856
1.7373231120755486
1.793425842502877
1.8251714654220754
1.792050945847414
1.6923842885937317
1.4682015261895707
0.7816145257457926
0.9815795331981777
1.2325213928311631
1.4954693461992203
1.7089899032639886
1.8111737193497999
1.853641970570401
1.8872224774947908
1.9112815658636664
1.9242563417325331
1.9235286670087581
1.9048050063016888
1.8607308213397882
1.7844270845295231
1.685974824803603
1.584757511696241
1.4916437238629632
1.4104432537974976
1.341504291544228
1.2836619272542749
1.235427354759262
1.1956803141878887
1.1638959604014947
1.1400006131574711
1.1252997851489188
1.1176369750037163
1.1149766352621213
1.1165670095237479
1.1222977021612057
1.13227456864512
1.1475110053475144
1.1677356169879107
1.189044584954293
1.209349629085517
1.2301262859316724
1.2537152758169223
1.278525988696075
1.302059240636642
1.3218348934140858
1.3368379373160788
1.349668852404291
1.3675897523761007
1.3975619639085968
1.4396646756141196
1.489357241436903
1.541464115373809
1.5916663949627676
1.6370019406334788
1.6758230252735213
1.7276628945890111
1.7556185223729175
1.7334335158591268
1.6516176925292159
1.4331481299196989
0.754555660510153
0.9226484182728715
1.1340157322603126
1.374832382945135
1.6226159160187603
1.7678437639643483
1.8352561508407281
1.8939202497351277
1.9423464212931167
1.9772579891207775
1.9935038134177663
1.9846285372225816
1.9450482260695485
1.875339971806076
1.785576382121413
1.6889501803143112
1.5947896472474772
1.5077961689025794
1.429701596111458
1.3608405110687136
1.3012102100396818
1.2510002809580794
1.2106618786986705
1.180686004646835
1.1627807348939863
1.1540137970301385
1.1517001714045196
1.154754269491272
1.1630209766833672
1.176528501852405
1.196504451769432
1.2224290375807059
1.2491037328341688
1.2729194134339512
1.2970752397113698
1.3219331782027168
1.3453122825143884
1.364017268706499
1.3746212568191076
1.3749413850137373
1.3665723738218745
1.3610042688403554
1.3760995082899692
1.4078826118144854
1.4476643031404919
1.4901138117314756
1.5312769050963568
1.568357355196746
1.5997399516261412
1.6408018943645013
1.6661479786936915
1.6599356123133826
1.6012880115069452
1.396739456842127
0.7374476309891592
0.8714385916756642
1.0489519721115663
1.2726869791482254
1.5500220216135403
1.739963247786932
1.8341488820378924
1.9193796780321457
1.9933040334770338
2.0514904869247803
2.087334480918378
2.093661125479675
2.0660807594282216
2.0065952429492553
1.923717169394616
1.8281808551120478
1.7288111828186585
1.6313835408371569
1.539367998291027
1.4550345796654935
1.3802356405094676
1.3167072086250007
1.2659839490443567
1.229133954730776
1.208146735633589
1.1989627680797672
1.1980458880779599
1.2037910716035343
1.2159627900520928
1.234391957397897
1.2605374035498271
1.2935970431034478
1.3271646258045557
1.3581762097909822
1.387295885983968
1.414129443349451
1.4359217088217846
1.4489339241256778
1.4494610550541644
1.4351362557408915
1.406118240756767
1.3655757981590717
1.377175619974296
1.3959857506186437
1.4197846100899079
1.445777015287952
1.4713044984912265
1.4943919135339456
1.513985250242643
1.5406138114607277
1.5648919256391514
1.577244345751514
1.544131879339363
1.359364939868015
0.7303676987481744
0.8312305095159049
0.981125860606595
1.1912227194339673
1.4934345154849245
1.7279670864839607
1.8506821400984101
1.9647915815546788
2.0670342768665217
2.152245655486161
2.212840579567237
2.2406457663327486
2.2304326217837485
2.182987959034394
2.105115008679253
2.0065492868238133
1.8966591138606115
1.7829851546377389
1.6713499438171036
1.5664709985872909
1.4723840698234743
1.3924969539635752
1.329399806569568
1.2846368131251924
1.2603549674144974
1.2510780431761943
1.2522576526651392
1.2616261734512217
1.278805506432588
1.303264501740586
1.3366265958581895
1.3778581643936463
1.4199829968484343
1.46026697382979
1.496728854886216
1.526840009030001
1.547179298746509
1.5539978643654553
1.5443684517859264
1.5177399835467804
1.4779945423658303
1.4379022010007247
1.414741207670913
1.4058091410413607
1.4043990531611061
1.4071887878528144
1.4120770641755105
1.4177353607830474
1.4235721147511708
1.4352161418697327
1.460440943103077
1.4921392992944116
1.4842983612873857
1.3226478743028414
0.7330364072175771
0.8037137298413076
0.931828647010213
1.1311299803943107
1.453108062801743
1.7299573218379352
1.8829037437553526
2.0294625570541944
2.1649882542578056
2.283202474545062
2.37499041165516
2.43008809677999
2.4408589802154976
2.4057758105902822
2.330095550228083
2.223494813064349
2.0969016809440957
1.9605280861758372
1.8232952243159732
1.6928687383942636
1.57567333773637
1.4767354523083769
1.399491818429105
1.3457170309235962
1.3175711945629673
1.307977157517092
1.3112963458669746
1.3245865449141927
1.3473294607819462
1.3785416235446382
1.4200517565007114
1.4712431697042827
1.5246392568920528
1.5760483419076714
1.6208585537061593
1.6546311819262542
1.6732520799233275
1.6733656781858488
1.6534444453402928
1.6151606004980474
1.5644016993417706
1.5106566170989622
1.4626658182820438
1.4237484150705184
1.3933324387757864
1.370034319594154
1.3526786575773657
1.3404629484167785
1.3329800585677587
1.3315880048658153
1.3599053920066628
1.4104097816873216
1.4255752336124896
1.288828581114774
0.7447657887754202
0.7893618069991397
0.9010549609252227
1.0923278733805082
1.429024974746363
1.7437833819992965
1.9279627907561014
2.111006304927051
2.286011956628288
2.44433737319163
2.5740149166774464
2.6613427466132173
2.695150948173858
2.6711659694141545
2.593552016700582
2.4729372325125207
2.3229413385829076
2.1574408416546476
1.989161758001102
1.8290548168822272
1.6859125862788373
1.5661044816213463
1.4735297489544046
1.409830957328301
1.3770193981164731
1.3663408994544568
1.3710417266779793
1.387606636116161
1.4155067316144316
1.4536694745026275
1.5048112364464292
1.5687931190932745
1.635759091199298
1.6992262363580812
1.7523626414459128
1.789390756578324
1.8059646069898183
1.7992765181730748
1.7688187369796164
1.7172954778796108
1.6506833465641408
1.5769374462773125
1.50373546675716
1.4365926733780472
1.3784623441176636
1.3304464868706967
1.2926328326730117
1.2646586218725269
1.2460454290248486
1.2349674298508106
1.268133977149001
1.3358951124759377
1.3705517351717444
1.259912349648193
0.7644687446669528
0.7878442059426736
0.8881328388519077
1.0743606983906084
1.4217724551744175
1.768689290033427
1.9834112851704757
2.2054596641977584
2.425134452404135
2.6299313407289
2.803292667045476
2.9265144876703353
2.9838729278353013
2.9682215702770507
2.883412352701764
2.742302045778044
2.562472750085058
2.3624079331675176
2.159124258747447
1.9668954247030301
1.7965814142690202
1.6554204558641898
1.5472846373817501
1.4732874939700993
1.4351401266165869
1.4224620302083708
1.427441152328645
1.4461921379797267
1.4784618337204658
1.523722498710319
1.5858876950754888
1.6643012002743662
1.7455034330656516
1.8205149600466468
1.8807595067128782
1.920522927529915
1.9359041479396577
1.9234955455750593
1.882270823094816
1.8150433160638513
1.7283243960595494
1.6308987876419818
1.5317906554566907
1.438496009743696
1.3560915545206813
1.287265558171181
1.232890887124541
1.1927206392839327
1.1659754076863098
1.1488403364072142
1.1877918775980756
1.2704451841726812
1.3206038950680363
1.237337636130864
0.7956603178061007
0.8011170801946668
0.8941231010345823
1.0786156756726433
1.4356125837823244
1.8121425862994818
2.0583948532918854
2.3241671602219807
2.597185726225654
2.859640703658064
3.08780148160275
3.2550366543616764
3.3387771858827215
3.328305255329751
3.2282988430970594
3.056073833799061
2.835442586544557
2.5911389886640337
2.3453110571128324
2.1157001037619496
1.9149065721244496
1.7504802281973286
1.6256771837328736
1.540599464717634
1.4964541859133167
1.4812139957194628
1.4861096340022395
1.5070955931737802
1.5443628986617135
1.597795597897933
1.672121761423089
1.7658865641937835
1.8617394176570454
1.9478011029832958
2.0136089806560094
2.0574209664957053
2.074618392010763
2.056682634538994
2.001438411916633
1.9127293318747691
1.7993770006479373
1.6729991310056724
1.5452954815044297
1.4258559861573492
1.3211080073547437
1.2343652432864753
1.1665401419099883
1.117041815629534
1.0845533609550373
1.064228612881164
1.109797465548619
1.2059452643932311
1.269465497373124
1.2203488772675775
0.8630819690654757
0.8553850818714951
0.9493780105781807
1.1409098438490626
1.5110101738592006
1.9161058142460086
2.1949990615950346
2.510071623255319
2.8490369709108467
3.189503877903249
3.4980773059588732
3.7338460752190428
3.8585325258535605
3.851276703452281
3.718263061865746
3.4879569799094257
3.197708430536744
2.8833144646850006
2.5742914059912994
2.2924478030283235
2.0518950580979674
1.8597999168565709
1.7176796287008562
1.6232217578354395
1.5756321753543132
1.5605244755206642
1.5681690754970063
1.5941902560407613
1.6391959021124252
1.7031225066743731
1.7914498989312164
1.9020685147475753
2.0145939886981874
2.116448938738304
2.196853514903437
2.2475396117612227
2.2592336580665537
2.2233307445238566
2.138070114446043
2.0106345901446123
1.8551088882795492
1.6883188249232572
1.5256049630304285
1.3781555663369556
1.2523652264661216
1.1506491828914418
1.0728019651587661
1.0172264392394783
0.9817746540403093
0.9617898617575615
1.0149838705734038
1.1226582656058157
1.2009860737010114
1.2182557627613504
0.9676056966748009
0.9660310761616887
1.0750481479745027
1.2797783994526677
1.6455424749182832
2.0282100716556912
2.2881853972047823
2.581951829509929
2.9012093680863518
3.2295227637233324
3.5403627166527087
3.7975135765470567
3.9602655425159226
3.9943617715166844
3.885526725735658
3.6092139560935563
3.284096287625632
2.942329583164101
2.609558514867477
2.302378940660819
2.0541810856726532
1.8675474814012463
1.7379646369329347
1.6583865239160323
1.6237858407232277
1.6188908072881272
1.6346765905242224
1.6667563963149727
1.7162074872695856
1.7827991316414495
1.8721307051454026
1.9824988300584994
2.095034696784821
2.1980780406917027
2.2782820484125486
2.3213679923190296
2.3149660891151775
2.253058390901804
2.139114131975541
1.9856542644538042
1.8104482526976158
1.6314693457674285
1.4629930403822182
1.3140372214641634
1.1888675089691878
1.0884901899389592
1.0121000770268977
0.9579999468826338
0.9240572050565038
0.9064751243807194
0.9592368271568381
1.0630688895441225
1.160935254490702
1.2747558522129188
1.0828766091792847
1.0841507383928328
1.192456791727976
1.371364817541505
1.6650237455227543
1.9472509262274864
2.128762263243409
2.3274585859759838
2.538303831699023
2.750337383776103
2.942670187424105
3.08352201389134
3.1422808797109187
3.1095589525865908
2.998937280737867
2.8340903943630518
2.638428615800904
2.4307717874817025
2.225637421473914
2.035611749154441
1.8726478799946058
1.7461413468704754
1.6598996620428943
1.6121229372612176
1.5980439090328868
1.6051885264707062
1.6269333362737493
1.6595718040457887
1.7044410434254627
1.7612444557730078
1.8348550998336441
1.9244880459069316
2.0158478209173345
2.09934802117218
2.1623810244636807
2.1913955393159816
2.1759501940564374
2.1126702943060782
2.006917246286184
1.871197492915103
1.7211230550870444
1.5709885971151425
1.43088253797464
1.3061309657757894
1.1987450720487338
1.1095224766944127
1.0390466470178705
0.9873836654902296
0.9536955390276456
0.9328746167623742
0.9739798615047802
1.064803263386191
1.1822525348826405
1.3861776464809854
1.1328438703155101
1.197028263934823
1.280544599894025
1.357306447005858
1.4921126236720987
1.6100923256808033
1.6838203027608398
1.765566044352953
1.850100259258165
1.920787694455035
1.9619131093889486
1.9653352772896333
1.931821372860883
1.87025515771316
1.7938670094432188
1.715502329862252
1.6442802556480574
1.5846197335062928
1.5372434766391339
1.5011703686662463
1.4756242975758573
1.4609557597762595
1.4582384287181147
1.4681143414307032
1.4872919602599695
1.5114994422094368
1.539984835457391
1.5712648924184907
1.607562951636055
1.6489195675250774
1.6993150325036703
1.7593979307876637
1.821575484995028
1.8805960747049637
1.9281820765920838
1.9549122471983047
1.952615999688069
1.9167285877365121
1.848168445066681
1.7537318631506207
1.6444355265183797
1.5324918635114806
1.4284296487185262
1.3393837364076284
1.2666265070527374
1.204603329280765
1.1510219901803043
1.1072354090646068
1.074599917235074
1.0446399214952269
1.0618828361349024
1.1337718010507496
1.2664104045089684
1.5403343929824131
1.4128741002019312
1.450989868488749
1.6220402833106793
1.6924670530020174
1.6834671188370804
1.6597770106894774
1.6485004687763054
1.6412867312386747
1.6394059110197305
1.6436850646283685
1.6550208164412032
1.674664423014663
1.7041320902236488
1.7447921221704992
1.7972995700595382
1.8610990609187597
1.9342036012191608
2.0133478220295626
2.094461958344676
2.1733450372763747
2.2464214326416205
2.311433394739333
2.3678582079618424
2.416856889631785
2.456486036213203
2.4897164222516883
2.520796696500564
2.550203650621271
2.5803357888970626
2.609933343604099
2.6382070877511064
2.65813191011188
2.6592813165258167
2.6357859991609707
2.584924552369914
2.508320004786975
2.4113937160187584
2.3012599196328916
2.184309799989009
2.064995474155677
1.9463875049991437
1.8315103064882856
1.723846456742165
1.6265523086720124
1.5413155520314477
1.4679101652549047
1.4048121854394309
1.3505624498168984
1.3050238854837295
1.2491918636460813
1.2488425562721468
1.3463794805818408
1.5404335515664678
1.7944911850587943
1.3081468012019797
1.4049331872384132
1.5043170891950184
1.5571754337715489
1.5785808283896754
1.5744685264815128
1.5705161747591156
1.5710328589714782
1.5793842939774447
1.5978251764569573
1.6277573460084638
1.6698036411823418
1.7236257072959997
1.7877001927536098
1.8593331920927925
1.935035707889175
2.0111725170156367
2.084680298100699
2.153639138067856
2.2175318295970587
2.2771151242899745
2.333942371574305
2.3896928001452826
2.4455495972780885
2.496240639803539
2.541490482944831
2.5847773265741614
2.6258461609498838
2.667924191448546
2.7096627527859276
2.7509352133121303
2.7836023507038017
2.7945329575346616
2.777373369345489
2.7303483417471455
2.6573103186369242
2.5660685809737527
2.464418312274496
2.3560376251835122
2.2406081879637334
2.119277412023883
1.9977427769487248
1.8836749094205034
1.7829637044524385
1.6974418500647186
1.6235423408816163
1.5499168668385714
1.464874477807556
1.3786786552877692
1.2537688789280974
1.1718824775071959
1.1950986516113442
1.3090065826135482
1.4820713756327195
1.1900567172973175
1.250902498548771
1.3431719840402596
1.4156705851795426
1.4739117275703002
1.4996958676912535
1.5090274749626753
1.519487158748293
1.5349118028573463
1.5581646744228441
1.5908793016557943
1.6334398706739812
1.6850427160735808
1.7438374713069642
1.807202969476488
1.872190828249219
1.936099874454604
1.997063691275547
2.054479472525659
2.109113054297487
2.1627934369417625
2.21773385301836
2.275637770297024
2.336835161685771
2.3934652480219385
2.4430616025544545
2.4879224831809768
2.5268844742482304
2.5627083874761807
2.5946792677600414
2.6236066274972654
2.644011021796114
2.6465728145751988
2.6263464699855787
2.5820817551315822
2.5174381687494796
2.4399171787465384
2.3581684039296578
2.266440605312018
2.160898944020775
2.0480581577922194
1.9358487098229058
1.83117518829556
1.7379792662460132
1.656317343208615
1.582500198824866
1.5107641765068318
1.4373633182666041
1.3638739210550916
1.2436125805314844
1.1314401148271813
1.1052014287674352
1.1643998017937776
1.3053244411952918
1.0956313551252006
1.0845691410469813
1.170465921356456
1.272764088236107
1.3808463695336781
1.4513671031187851
1.4791124460049807
1.5001564629814343
1.5184321071532771
1.53764249962266
1.5606794788325864
1.5892991842094182
1.6239820424960159
1.66398953396333
1.707620013501171
1.7526481087102312
1.796887128078695
1.8387574043023762
1.877712029958325
1.9143887495846035
1.9504185335678734
1.987905795624222
2.0286801843544398
2.0734948217595193
2.1165533519428124
2.1554432807608843
2.1915085004517416
2.2234652877359804
2.2532177426416613
2.2797154496702725
2.303236760789514
2.3194740216464527
2.3217439358693754
2.306674181472632
2.2731390700596354
2.223232306894368
2.1614584280609814
2.0921604194055643
2.01733302111006
1.938358787404473
1.8581678571957705
1.780480798608176
1.7083603728817902
1.6431905732635463
1.5843306031238147
1.5295144925076023
1.4758793896345914
1.4212479814404106
1.3650285106062132
1.2621449540366174
1.1398364336159013
1.0853142712533053
1.113138393928057
1.2492663156386727
1.070463668669149
1.0164103885140279
1.094437250433697
1.2133414848801496
1.3516651513000617
1.4469083496412718
1.488455817306998
1.5184776973771938
1.539065875372439
1.5539896869306455
1.5671531507111358
1.5817524671861614
1.599719246957075
1.6215195815208563
1.6463323367674754
1.6725268568444922
1.6982867337855503
1.72220145467191
1.743677929310816
1.7630864703304392
1.7816186795638476
1.8008922262409097
1.8224044363581826
1.8470138346848233
1.8717956878401605
1.8954737072526415
1.9191048667540505
1.9420957688603449
1.9659708546316628
1.9898293353170158
2.013682408536837
2.0333776221915056
2.0420298034834734
2.036358902282903
2.0151375102481923
1.9799835643893005
1.9350483361292459
1.885452910041274
1.8351538348717904
1.7861091968503204
1.7393737468122505
1.695934274926096
1.6564517949997242
1.620696866336768
1.5872640312728916
1.5537812871333356
1.5175786132825089
1.4765664954745867
1.429960388937287
1.3337504667260736
1.201453251118934
1.1291862295636157
1.1397680797365417
1.2794879924301332
1.0766726286106227
1.0097870000786673
1.0815405827480633
1.2048782587456495
1.3545685620098706
1.4553824151784227
1.501713193744927
1.5369938133866676
1.5604983097468232
1.5744850071744714
1.5826360702749434
1.588659875900906
1.5953654697534219
1.6042375911697395
1.6154805130119148
1.6283950633219055
1.6418963931113224
1.6550006949085958
1.6671721790676828
1.678474020843395
1.6894947739863828
1.701068301290189
1.7139198791922485
1.7285178445197351
1.7435409045372807
1.7588834968676101
1.7757892415101992
1.7941134784379316
1.8151597886055586
1.8381172890688107
1.8629707333629153
1.8856632410413032
1.8988818851301716
1.8991642904688273
1.885180171775418
1.858459549788445
1.8232558836677706
1.785284351583816
1.7494017863116982
1.717716974762184
1.6903247548816174
1.6668823278296734
1.6468926309450618
1.6292981380687688
1.6121770102350854
1.5928485236939534
1.568414321204963
1.536553229230943
1.4962627391330756
1.4041466466203198
1.2646687624379616
1.1800661146346905
1.1800172023326474
1.3216699586844536
1.0933619899688158
1.0241973700483211
1.0879807628313034
1.2126511158970648
1.3710204985177254
1.4749656256537858
1.5228266759185993
1.56020563702223
1.5850853787939996
1.5979752575491566
1.60154899886878
1.5994223876041955
1.5950049407036238
1.590820016712532
1.5883202175552613
1.588044843171297
1.5899255842400537
1.5936053483654076
1.5987063363613478
1.604997618491002
1.612384773571768
1.6206720875434213
1.6292766916899402
1.6375792732904115
1.6454456008010356
1.6544969454343394
1.6665436922269936
1.6817737528021357
1.701238687341512
1.7241022201122065
1.7503255945554907
1.7758728982480967
1.792976211737075
1.7979733006540786
1.7894370300320632
1.7688654613254804
1.740674421831507
1.7112466118573542
1.686512017676188
1.6687655646645196
1.6570889291367346
1.6500122820407328
1.6462123588788147
1.6440859148479818
1.64136451771985
1.6351055838374067
1.6221161301895186
1.5996956910777327
1.5664392182506415
1.48021574747457
1.3355384640974417
1.2390595100885926
1.2288063813271297
1.3703372367146696
1.118793709115794
1.050896805935052
1.107382324368446
1.2335389224058653
1.4017901036946043
1.5090815279357224
1.5569722777064745
1.5938770536827922
1.617602263978478
1.6275045056329378
1.6250312916267347
1.6132766963721958
1.596022008579338
1.5768745209554278
1.5587562726060915
1.5437052134281024
1.5328726620015274
1.526645433549749
1.5248586818057706
1.5270285078859211
1.5324495948532069
1.53996169839188
1.5474053555118246
1.5520975885583925
1.5545507270233934
1.5589332569359962
1.5678684668302534
1.5815894499869685
1.600816345735401
1.6245748320532447
1.652824574977007
1.6814969511188902
1.7023521416781933
1.7115636560186456
1.7076247407819196
1.6919975191381451
1.6691993189228667
1.646318011114769
1.631005489286243
1.626044608953387
1.628914409120159
1.6368846943276818
1.6480209534357677
1.6604507738846066
1.6718254739084815
1.679136836947994
1.6789301940074595
1.6679547620358346
1.6440936386000327
1.567897665259458
1.4211004207062923
1.3122681229575026
1.2903387534608164
1.4282909657487979
1.1501348915742517
1.0829514910210742
1.1368001386092488
1.2670362768153671
1.4475229632028563
1.5589606320508904
1.6058790105802854
1.6399596852618288
1.6594309116786738
1.6633688751794011
1.6524093642653475
1.6290628835220795
1.597310440135147
1.561772770079196
1.5268603049935638
1.4961272470819422
1.471907028289537
1.4552447043061354
1.4460893200110532
1.4436279528257447
1.4465501722595393
1.4529684985112032
1.4598544609554887
1.4634220167643999
1.4643669348906285
1.468016534843886
1.4771705935963517
1.4918401776248162
1.5126385233165156
1.5384917461590397
1.5694846767048556
1.601526289834206
1.6259808389656938
1.6389757451582403
1.6389883875230107
1.627435667721716
1.6087425034918361
1.590263042285969
1.5820575674297683
1.5885614537311292
1.604403292883482
1.6253395031693263
1.6491027699879452
1.6739212286986993
1.6978670291479872
1.7183979950824944
1.732028340346979
1.734736550193383
1.7232404889637636
1.6628727284849445
1.5194576666772526
1.3989218151883382
1.3632995755381165
1.4920542659845635
1.1832390137452116
1.117495865903586
1.1742712435472435
1.3128656890278063
1.5079531131632447
1.62397064533652
1.668965472290801
1.6980592828609857
1.7101581889480617
1.7048114646935761
1.6825806211557852
1.6457127743105373
1.5983523418367604
1.5459605139902892
1.494235379213883
1.448032816333728
1.410648091774374
1.3835855588416133
1.366751951286418
1.3588904145798064
1.3580158327567224
1.361625559730427
1.3667303978317178
1.3708918951996656
1.3750046775801985
1.382379922211737
1.3950615017026684
1.4128616235199163
1.4366785373474609
1.465458228729663
1.499549634944461
1.5348990903805373
1.5626420771806513
1.5790355121994057
1.5826634411088325
1.5749722558194137
1.560265050373233
1.5456281193868988
1.5425126921536048
1.5584592013770682
1.5849250868422584
1.6159749658834157
1.6490212546945733
1.6825310828293703
1.715674450017347
1.7476003284822108
1.77539939088531
1.7937895338683665
1.7976639158626184
1.759675018212352
1.6271766680360547
1.4969029649631835
1.4450391872971338
1.5567748198238753
1.2128679139185141
1.1521019336352787
1.2186269032860946
1.3708220509544933
1.5817085379688236
1.701512456264932
1.7433579751536112
1.7654242791805248
1.767387535965705
1.7498062308475755
1.713918141664752
1.662219745680282
1.5990849234528817
1.5305577864485855
1.4632464567779406
1.4029426079247362
1.3536140974957627
1.3170425671053374
1.2930273477494196
1.2799177498238798
1.275230283667605
1.2762007874245984
1.2803739600114656
1.2866884880847416
1.2954834974570366
1.3078530489152251
1.32504805753695
1.3465898611820522
1.373694106329083
1.405325696807696
1.4421078031160388
1.4800854801533334
1.5103968527334144
1.5296017906974662
1.536517964246352
1.5327272662080977
1.522591960034038
1.513258972999884
1.515993749016798
1.5386916704546623
1.5730613363934287
1.6118116247734655
1.6513794005284468
1.6897633876994826
1.7270757013072293
1.7661651929573363
1.8067138402876892
1.8413547706290174
1.8623728165247653
1.8521564889740234
1.7389374660312982
1.602230897380603
1.5314002091560772
1.6166777426583507
1.233446466561056
1.1844081877248955
1.2690997524697443
1.4404909380050954
1.6661490992995187
1.7870982602049135
1.8241629041106744
1.8373621606055603
1.8271358469304246
1.795340881295636
1.7444467932702323
1.677678988587609
1.5997211125783488
1.5168889987966385
1.4362312039958278
1.3640560022019343
1.3047296236842099
1.2601969898599312
1.2301816953466949
1.2127964491408256
1.205311183223221
1.2049387331466044
1.2096230213684294
1.2188008962849928
1.2318525598276577
1.2484521446089547
1.269398928094845
1.2939401572004856
1.323485412222576
1.3569800370630216
1.3952385978162256
1.434473695940365
1.4661082915111434
1.4871330872205288
1.4966571011778476
1.4963803711249524
1.4906845426505002
1.4868271119732632
1.4958342847248032
1.5249192676144931
1.5667356214074761
1.6133210695387565
1.6600185724632863
1.703773473435668
1.7438397576962492
1.7845487718801467
1.831364468570322
1.87821727460406
1.9147088666055518
1.9339122529566553
1.847465171155465
1.7089039438289237
1.6169623112834983
1.6659944062158376
1.240217598971727
1.2124159844904847
1.3248770538193229
1.520821345413342
1.7572881902937818
1.874712008077995
1.90505176634337
1.9079631495600349
1.8845370234179482
1.8379468367157035
1.7721428419239555
1.6913665254040657
1.6006299832425197
1.5061964923135112
1.4150859232257211
1.3337329873350467
1.2666867159255304
1.2160058439630894
1.181411039238637
1.1609252404099701
1.1517246671987227
1.151025172060293
1.1568789186099067
1.1686819769272045
1.1848860649811956
1.2043190744497971
1.2275575439521014
1.2536736891822229
1.2841542203545109
1.317927769305222
1.3559003536272451
1.3945496058987878
1.4259015000314834
1.4474568922019733
1.4586007858698526
1.461010611675343
1.4588156001138781
1.4590624782647337
1.4731342531630576
1.5090928015822607
1.5595001172509946
1.6156480142197127
1.6721198208866555
1.7249942396476425
1.7721527549318403
1.8152790157340646
1.8603691967071798
1.9092723716727915
1.95435292405388
1.9987965226605624
1.944169161504076
1.8093965348890795
1.695733477867754
1.70010758667663
1.2304136799806802
1.2346230323134493
1.3845200078020763
1.609574506072659
1.8498655402416369
1.9574912257464827
1.9791558672507228
1.9710521910217684
1.9346874042968372
1.8743105335043904
1.7952761717487833
1.7028700421409992
1.6023460250809107
1.4996061290767935
1.401241638545399
1.3135104095910368
1.2410104161742732
1.1859182931985706
1.1480323011798932
1.1253865705380435
1.115126953692861
1.1144256576642082
1.1212458957363165
1.1347202857944045
1.1525868818703173
1.1731971559566994
1.1969998418110774
1.2229937724919187
1.2526365427478028
1.2848799608448205
1.320638741539525
1.3567817701839182
1.3862536953803424
1.4071094880442403
1.4189649098916843
1.4233087518075107
1.4237033326381243
1.426566902167495
1.4441400350445535
1.4870572483460773
1.546786779395293
1.613645671070024
1.681697825790413
1.746147126920515
1.8033337351527539
1.852116432109611
1.8954256111188366
1.9386004430732966
1.9824061551611232
2.0420197684405643
2.0208035625762366
1.895932582512026
1.7621756634936365
1.7165386213010736
1.2039543214540562
1.2499260828620276
1.4452827531941501
1.7027617390768608
1.9376176353612218
2.0286511310063275
2.0401493260432666
2.02124915856641
1.973544658218574
1.901933665461943
1.812827648657173
1.71233064254943
1.6057298296627023
1.4982817314688723
1.3958565054296401
1.3043570261625714
1.228393948584841
1.1703134259037014
1.130068405060422
1.105765599678769
1.0945396836393122
1.093478881740947
1.1003729964775428
1.114044880245911
1.1318216621476453
1.1518370442433747
1.174424848806327
1.1985949230493487
1.2256779576455354
1.2547070565830256
1.2865523026143173
1.3186082570099822
1.3449940761576522
1.3643348587518638
1.3764452836287335
1.3825346536314664
1.3854291816455493
1.3906232424897704
1.4110429021836584
1.4602620715013448
1.528443764641534
1.6054306775696825
1.6850245907004444
1.7615198094481868
1.8296070157338797
1.8856472903903652
1.9295137304721288
1.9657215713564211
2.000829114399866
2.062200943091446
2.0719563115375554
1.9622861835203556
1.8122940442283946
1.7154364027699243
1.163348886394779
1.2573653542011285
1.5025089042321977
1.7942757216811518
2.013718151719454
2.0824443788443143
2.083290149184004
2.054958677485321
1.9987857324896263
1.9198150224680917
1.824985472985932
1.7207893056655612
1.6122286362534948
1.5036565117712781
1.400054511487629
1.3069445109205724
1.2290238648715925
1.1689020865646678
1.1267540703430983
1.1007905157406543
1.088138239433661
1.0857917085551705
1.091371121119834
1.1034471667404921
1.1192848249793022
1.1369864734568085
1.1567356540232847
1.1776137697933928
1.2007410960009093
1.2252900135012916
1.2520621748683083
1.2790867661188137
1.3017974258129443
1.3193739932048991
1.331830765342803
1.3401414967046332
1.3465330096251562
1.3558579201140653
1.3806784807704087
1.4339911755232884
1.5075106702013443
1.5920281690412608
1.6811666558478562
1.7683342063110388
1.8466458391359477
1.91027600915321
1.9565480018811718
1.987995518967668
2.0126787662218133
2.0638726687090885
2.0974567687142507
2.005455353093995
1.8444262077414246
1.699407527670805
1.11286657517803
1.2558795312724926
1.5493860821483174
1.8759047590233158
2.0712447735260766
2.11491670539993
2.1061713757543505
2.071076505935677
2.0104488340688693
1.928998039349617
1.8335746892294953
1.7305056529641485
1.6241187814342808
1.5176326820094341
1.4151060635978245
1.3218343515877986
1.2427997699376283
1.1810011007537868
1.1368807645661627
1.1087579043284528
1.093753321317079
1.088794609663247
1.0914028475369233
1.1000187015437055
1.1121954499672004
1.126122775929743
1.1417694842521806
1.1583192885559799
1.1766195628314713
1.1960241773048412
1.2172642914331198
1.2390540606998564
1.2581308221428629
1.2741704561255782
1.2874030284612927
1.2987093793454558
1.3100464483301142
1.3260256955333571
1.3569987584271594
1.4119922611986087
1.4870552253764777
1.5753685823919317
1.6706229170954794
1.7655768246893913
1.8521240775252064
1.9227627265923695
1.9729289127099656
2.003395860106353
2.021510549553342
2.0582357912146163
2.103281722387042
2.0264030837494036
1.8594225848809038
1.6727655607812766
1.0573808141383405
1.244266004887755
1.5773883397776731
1.9375173737603493
2.1034899929806676
2.1243661044912074
2.109051804534053
2.0712394877864306
2.011138074516755
1.9327337473455166
1.8421796897967795
1.7450558608406714
1.6445979107683868
1.5426638616867878
1.4424931488569177
1.349549506056949
1.269447135484751
1.205707938179365
1.1590406061121474
1.1278461518618998
1.1092474943098776
1.1001684390211786
1.098146106288862
1.1016408726054723
1.108791277822868
1.1179200514784682
1.1287038913026157
1.1404296893276344
1.1536367908966398
1.1678795095767962
1.1838296038577831
1.2008597279380282
1.2168439135650677
1.231840232613288
1.246289173081267
1.2611151933581535
1.2781993344979954
1.3015968120391008
1.3383646255955142
1.394105396643298
1.4682022219665254
1.5566707833775713
1.6539885045260396
1.7528882937361714
1.844747829941346
1.9211872985253973
1.9765686370109259
2.01049158207356
2.029009674053723
2.0577769599412212
2.099380667505201
2.029325915460176
1.8601132566298098
1.6404583264433605
1.001372164429432
1.2214792451070606
1.5778148730763717
1.9654516133130207
2.1044314689181225
2.1116632946543636
2.094822270553534
2.0595825183993073
2.0056726187613148
1.9360951629404333
1.8557876962508808
1.7690601809691442
1.6776192973571427
1.5816408012829135
1.4837954724572413
1.390508222777686
1.3085527976421198
1.242043636491972
1.1918574038874965
1.1564116001366465
1.1328528364443726
1.1181962864597434
1.1101286661928405
1.1072674027346796
1.1085327649436811
1.1123588450345767
1.118058672433947
1.1250025035784479
1.1334189424671344
1.1430605830954834
1.1545594537194994
1.1678448446979692
1.1816227089699016
1.196162944791859
1.2120700628271053
1.2303837721786044
1.2528869806174896
1.2826013439207715
1.3236527139587868
1.3794557621660373
1.4509106997713737
1.536303514332763
1.6315266554720191
1.7301247670207642
1.8238960616463356
1.9045359708482161
1.9661180296607959
2.007460851795227
2.0330074597756216
2.065247321430914
2.0934887336120247
2.019455394437023
1.8502100294463864
1.6069839548035723
0.9483846114185045
1.1872524378633615
1.5449989010143081
1.9356949681658193
2.0711456733661637
2.080600475283609
2.068746966068598
2.042129891822828
2.000283587702532
1.9451024415043288
1.879937601281164
1.807434499374419
1.727309962799621
1.6373893719819932
1.5402284561998574
1.4447813011253732
1.3595943528423309
1.2891724675596776
1.234302213041895
1.1933292250699852
1.16348213677957
1.14199780891303
1.1268456571222374
1.1168984209896424
1.1119401103197235
1.110446066331934
1.1113146441583126
1.11397042748472
1.1183605703413364
1.1244187392431593
1.132764657717511
1.1437236423249533
1.156422522055114
1.1711268508031047
1.1885308593302102
1.209824720477185
1.23660982623261
1.2707191791115395
1.3140907835478184
1.3685879892486725
1.4354803364412274
1.514615889254717
1.6036502064328853
1.6977284778824466
1.7899696412315151
1.8729530243172334
1.9409429002108411
1.991917893081893
2.028112510575999
2.070974917163973
2.084440592472988
2.00010756629079
1.8329712725637433
1.575538558581955
0.900950622321737
1.1428062685055498
1.4806939681678812
1.8405604815677379
2.0084906126235844
2.0379723757942325
2.0380009835382284
2.026016081426116
2.0016342417380475
1.9656092317660219
1.919465935987068
1.8639346832354653
1.796370879245085
1.7110396143900115
1.6114832340113228
1.511818893230505
1.4222421785576917
1.346911334742085
1.2862053317062354
1.238403833646519
1.2009776601493352
1.171576722247011
1.1485944810512125
1.1312252423352618
1.12010816572422
1.113652354663466
1.1103054172770568
1.1095080756125164
1.1109772318483473
1.1147987021868535
1.1216169422369056
1.1319624358737288
1.144905882280762
1.160460070114375
1.1793329748262489
1.2029187037434625
1.2325735467297387
1.2689792504701722
1.312423834703136
1.363474551957471
1.4232333052976491
1.492735440099759
1.5716968742845172
1.6574888610450713
1.7451241925157346
1.828394626345413
1.9017235070119527
1.9618461165904748
2.008292364219352
2.0616260936230537
2.0631800769740214
1.9707834732241665
1.8100399977894306
1.5475163612052165
0.8608038241359203
1.0912019953934677
1.3952177482225026
1.7184715290569086
1.929057068709909
1.9927637716572613
2.0108684487426194
2.0186539916130246
2.0159309029477157
2.0022785462001558
1.9771124783278875
1.9387843371984004
1.8819934239708196
1.7980837942333214
1.6948889584004412
1.591418294226292
1.497580688235314
1.4167124017615778
1.3489252072740257
1.2927373694763755
1.246193844516713
1.2076398923893588
1.1760737100728826
1.151081895916743
1.1340966463796776
1.1232927243488267
1.1166101121063445
1.113440509771426
1.1133249986446259
1.1164600688433195
1.1235657319805297
1.1351985587255269
1.1498901481831814
1.1671311192434901
1.187572619679622
1.2128978748295094
1.2441243590437547
1.2808321808807384
1.321960319584217
1.3668996093297856
1.41643942115832
1.4728537675287354
1.538393064525333
1.6130695600370544
1.6937407686807642
1.7750071763964264
1.8509627738074015
1.9167876790520977
1.9694901678979526
2.0277546725365494
2.0207089487557193
1.9284582181879977
1.7810143547607398
1.5223720771204041
0.8291492933260293
1.0369477533016493
1.3021822721319536
1.5954044114478625
1.8466580783122526
1.954328039653795
1.995503793763278
2.0268271563556968
2.0482327095788655
2.0580414773595286
2.0531125909990564
2.0284894765717443
1.9766820514201568
1.8935725338131546
1.7915708314311796
1.6873684610866682
1.5898501919095518
1.5023794702778586
1.4255214731807169
1.3585992857498659
1.300692629627651
1.251193264508734
1.209930185329222
1.1769810617786631
1.1544794808743457
1.1400967852579336
1.1311417460829252
1.126840482101983
1.126594135896011
1.1306518091068418
1.1398733984130343
1.1547224860377052
1.1728054401749917
1.1928469349276027
1.215332801144284
1.24223507526323
1.2740478810076385
1.309310490101402
1.3457932763130318
1.3818143310211974
1.417914379306176
1.4580328674525758
1.5078124747018604
1.5699783130318894
1.6421460934886878
1.7186010476944835
1.7926627207849448
1.8582963557764631
1.9110189378714952
1.96644276591419
1.9538663189742878
1.8712694598704191
1.7444581849823793
1.4978044272768891
0.8068313632039577
0.9849456859977561
1.2126409698994531
1.482324107115106
1.77137234440921
1.9300978412173888
1.998303524270876
2.0555832200906
2.1019093007890874
2.1344731710877127
2.1477023945185434
2.1341408287937678
2.0875210188066604
2.0095904970888987
1.9121268394273863
1.808053647713919
1.7056215801785097
1.608905137422304
1.5195980134821838
1.4384188169208252
1.3659633522507322
1.3030213096714034
1.2504706965975538
1.208972465568655
1.1812459554837407
1.1640961662650264
1.1540018855763676
1.1498505703560098
1.1509025119045937
1.1573776674281495
1.170335612800176
1.190105726029452
1.2132018342799988
1.2375444118780092
1.2632293401070533
1.292069140960906
1.3238778612589983
1.3563100090689917
1.3861584334599744
1.4108388671321248
1.430691125694799
1.4519217452005693
1.4852376338127353
1.5351942318779443
1.597458231968831
1.6650532673908824
1.7310460218884565
1.7893600316419729
1.83544002135909
1.8809161678014765
1.8660130886254949
1.8009579288916735
1.7000602157776519
1.4704957285959155
0.7943554135358988
0.9393855812199413
1.1334452991658992
1.3843267581102665
1.7081375784657284
1.9232788368993254
2.0219237695169325
2.106817274767349
2.1781898784174967
2.2329576103287923
2.264446675761688
2.2646685462452694
2.228860998858414
2.159814990099411
2.066988793780604
1.961095235642889
1.8503286636251801
1.7399644457233496
1.633438056136052
1.533451861833378
1.4425721405137661
1.363264980184368
1.2975766305947345
1.2467545465872794
1.213952927572548
1.1947289567764778
1.1845110499335796
1.1816558471774175
1.1852443163774702
1.1953631837594154
1.2133051676223885
1.2392790377844205
1.268767737568868
1.299166837391386
1.3298479663113039
1.361510345743459
1.3931715365666908
1.421851969659604
1.4437736372374863
1.4559110810726823
1.458387426219681
1.4597372310763996
1.4783574467199292
1.5165293433468
1.5653312599650833
1.618038797858852
1.6690008400997702
1.7133314291701969
1.7474234166017182
1.778483861446306
1.764755315300405
1.7224323517459053
1.649805922823499
1.4385921049102148
0.7918103664103529
0.9031440516930578
1.0681594396945993
1.3036319355289374
1.6572686797018015
1.9307882995336403
2.0630552655035714
2.1777801050780266
2.2759201096609334
2.3552983913776915
2.4091522297953283
2.4289712403808985
2.409222969237562
2.3509468464674352
2.261307960270961
2.1499558092759
2.0258182862940037
1.8960925856551671
1.7666896817697715
1.642903986137596
1.5296444860685858
1.4311735085737731
1.3506391212680724
1.289721532096455
1.2518137473861557
1.2309165793981125
1.2212453904501424
1.2204892173053608
1.2275103295773346
1.24217658915165
1.2660547616431173
1.2993272818310102
1.3365819956251144
1.3747889270512526
1.4121104750673807
1.4475132080700321
1.479052553925918
1.503444598432807
1.517078545043189
1.5176135521308367
1.5062886392147206
1.4935584996052345
1.498203923852159
1.5184257760277473
1.5463369240349993
1.5772626176153823
1.6073267886840745
1.6331808427148289
1.6524164806057515
1.6679481439350274
1.6589283744065
1.6417517284566896
1.5970647350790508
1.4044022679442227
0.7987684815027497
0.8777591695683628
1.0183218893425625
1.2409842390864987
1.616650933154411
1.943416950707728
2.1117290616772126
2.2609334761730424
2.3917467130449808
2.5025815574109913
2.5860072423653633
2.631724207334686
2.631707570335938
2.5843268797671692
2.4949018313811395
2.3730007241370434
2.2292701189487167
2.0737756339976747
1.9157183023479003
1.7635157651989344
1.6245956744676386
1.5048889467296664
1.4083492911768734
1.3367722522415362
1.2935649834765945
1.2710014127315843
1.2620315110218985
1.263664681969787
1.274572236871323
1.294421865278701
1.3251732348867316
1.3671082401874832
1.4137364522334757
1.461153314640756
1.5058808977331744
1.5451637031115197
1.5762604996010907
1.5960475408615376
1.6018844447198821
1.5932741570361801
1.5738518250338969
1.552598331322133
1.53855823443847
1.5332046511245878
1.5341675138786874
1.538977622582722
1.5453908834402517
1.5514378934424327
1.5556859248367296
1.5574685636238363
1.5562095952691306
1.564183885367542
1.5449825365646208
1.3721687214272635
0.8142265624032154
0.8637114329320543
0.9843394825704861
1.1965199433596376
1.5851274707728433
1.952825283431939
2.1571320678725514
2.347419087359519
2.520595997276471
2.67283714377539
2.794333238934347
2.87167074220621
2.8934311061209876
2.855259960277901
2.7614327405485475
2.6226416250953046
2.452489343854593
2.2649794038894786
2.0733369247375912
1.8893905864129694
1.7229486922473884
1.5811935651836482
1.4683832544436572
1.3860050458147652
1.3372655930898645
1.3127114422222799
1.3040983568405116
1.3078844182973102
1.3226820022386547
1.3481215470638266
1.38671581873268
1.4387773892945053
1.4961001958061444
1.5532994579819404
1.605072624872255
1.6473743802276097
1.6774370502810059
1.692915302367596
1.692232246676766
1.675976740909114
1.6477221025165356
1.613261268935974
1.5783418542530077
1.5467400183620383
1.520142179570282
1.4989003786611805
1.4826163263213092
1.470518108313517
1.4618059760182458
1.4533402277379093
1.4619012902822093
1.4931429390898616
1.495529007552767
1.345019275802792
0.83663365127521
0.8607409205077654
0.9659781976291584
1.1701889425526635
1.5644111661365319
1.9601554239348684
2.19709341605656
2.4320085791811317
2.6558081693146303
2.858747083413843
3.0260242243231636
3.1394575749769413
3.1834660054516033
3.1512458330847704
3.0471968469617785
2.8846916481246687
2.6817317240090515
2.4572779510502616
2.229037418008704
2.012158901174007
1.8183442371370973
1.6553731156467033
1.52719851393439
1.434567455528118
1.3803145397195158
1.3534281735024467
1.344656081350803
1.3501137822542666
1.3685217984011242
1.3996501036726683
1.4466223261960838
1.5095313541386737
1.577826128021173
1.6441890926227707
1.7013627062324757
1.7448401330628365
1.7741326150995467
1.7875026905750768
1.7819931225268328
1.7572400124293257
1.716105720976832
1.663853419515164
1.6066818038462902
1.5502581368143813
1.4988057955175793
1.4548734879213183
1.4195560208571811
1.392907609330195
1.3744102454573268
1.3596397671611806
1.3787869478888868
1.430056799334109
1.4494175397644493
1.324516748114138
0.8689410767556492
0.870218296791065
0.9633571163291272
1.162006178159635
1.5581564333746858
1.9754052164154785
2.2431932063622897
2.5259559815410473
2.8097488121548526
3.076399052736903
3.302162511467905
3.460486691968512
3.529334814151224
3.499155829567751
3.3761031685753737
3.1788483823979456
2.932299873500957
2.6621040449158158
2.391211238059786
2.138018559407763
1.9155137727845089
1.7312586027399424
1.5881409413713043
1.4856258433604108
1.425938851024068
1.396615951876258
1.3875640241728244
1.3947073821612166
1.4169858077035613
1.4543506899801597
1.5105098196416513
1.5850728114812604
1.664663463270191
1.7397310187879897
1.8004785221927802
1.838807829808751
1.8759953328047376
1.890308312797102
1.8782168636263528
1.839799514060719
1.7790851457086958
1.703135639244523
1.6202913280004263
1.5383649414491818
1.4634199388711076
1.3993351984020215
1.3479866336080202
1.3097441274853383
1.2840445740410877
1.2662119859797765
1.2969606458540799
1.3663611029715261
1.399723801205259
1.309661079212682
0.9309142931779012
0.9132596122505223
0.9999675908133911
1.198997296101265
1.596836237686252
2.031090503450576
2.3271820698208145
2.6583426664444216
3.0101454737290765
3.3577822961560435
3.665598279898841
3.8914026776754618
3.9976266656871444
3.966179727085222
3.8064441314712676
3.5491736835335854
3.2333094845105803
2.89583668416662
2.56692950446361
2.268379797467108
2.013601502063301
1.808563346848688
1.6534935562593223
1.5451205105869705
1.4837170871734138
1.4550942630622212
1.4485809164185954
1.4599139361533708
1.4884205826599877
1.5341138820477667
1.601304069572348
1.6890512216318168
1.781524279333926
1.8686392467002795
1.9418639472259556
1.9960639573548589
2.0268219603393733
2.027220934025468
1.9921973168831368
1.9228057566399999
1.8262873361240284
1.7137271104530833
1.5969236741783397
1.4858263532652947
1.3872969761241762
1.305131575239002
1.2407718452711896
1.1941221563996465
1.1641764812607884
1.1475472300181997
1.192340877939359
1.2783742126031694
1.323969694011574
1.306786513136408
1.0116164867034163
1.0022904820643446
1.0987681868080894
1.3039706210491444
1.6880732166483046
2.091312111670946
2.362479594442229
2.664961834595204
2.988078703051376
3.312933947214675
3.610667601245292
3.8429231085373847
3.9673940368769443
3.9517602094261193
3.7943985220343572
3.529591168156825
3.204347639106784
2.8590379743543983
2.5241758263340803
2.2233385581686185
1.9738230603692908
1.782506415556218
1.6464852322554508
1.558635761775156
1.5146321073324231
1.4995699070667843
1.5039057294214935
1.5234763642401397
1.5583478354091855
1.6083878216263707
1.6781047568941299
1.7666988837547641
1.859374127487325
1.9470682511589021
2.019969513232318
2.0680268629214478
2.082191546103147
2.0567871111394607
1.9918870014316996
1.8939648398508886
1.7742023429834732
1.6453564019363554
1.5187574030753206
1.4026059189463096
1.3017960978063468
1.2187065541828082
1.154143095205947
1.1079206863455677
1.0790924545693834
1.0658915256699837
1.114685700144569
1.2017781773842242
1.2706832941416564
1.3434213969418014
1.0920630047827178
1.096507882781372
1.1933413608855876
1.3691233876244533
1.671863042217976
1.964702637665641
2.150623356009341
2.3509411797659814
2.559597042365143
2.765166037924375
2.9466792802936648
3.0723991708337137
3.1120707998381807
3.05780795018877
2.9262212446101414
2.7441869399374896
2.5369394915144228
2.323365188334944
2.116808306419023
1.9281484800210065
1.7675639609227685
1.642944205888623
1.5571300616104085
1.5077904247883789
1.4903009709069865
1.4926390454700087
1.5081160830939766
1.5332271623892975
1.5687029076067838
1.6142322842004366
1.6737348523442417
1.7466123923453993
1.821277652621845
1.8903674551308514
1.9448316991098582
1.9752250869026935
1.9740676966603465
1.9383540877660903
1.870873605396942
1.779508307766251
1.6747757111837374
1.5668043823721791
1.4630723449910807
1.3677565318760228
1.282837278527122
1.2098976791089555
1.1507469114346809
1.1067004964764255
1.0779221857727523
1.0610196675495869
1.0982680273251735
1.1762056319149543
1.2686593282820537
1.4072571672566452
1.1555105158694203
1.1872944104785683
1.253658468097417
1.3323379270789137
1.4651016574305233
1.5824080953699873
1.655004173085852
1.736495169649611
1.8306921766103124
1.904202448290138
1.9435806644247293
1.9398628328467329
1.8940895873152164
1.8169485434208812
1.724259591648673
1.6312184349664092
1.5484424057569788
1.4809433923432225
1.4293707807176523
1.3922483459164723
1.3680321494362764
1.3561315900872268
1.3566276173333478
1.3692648035352073
1.3899605808774402
1.414449188669622
1.4421144604553826
1.471557697992313
1.5048330157152243
1.5418451431568423
1.5858290627639358
1.6366186880482365
1.6871961865031357
1.7336660838324696
1.7707339600988563
1.7925593518670724
1.7939971187396242
1.772012402645868
1.7269070930291253
1.6627526214921775
1.586615736303488
1.5068311371146756
1.431182779494815
1.3658469926963497
1.3123432598902303
1.265025637953457
1.2225206386221805
1.1865395297364247
1.1586072570819905
1.1302057681096187
1.1385930050630757
1.1968505420462792
1.3047502653388257
1.4893018583422646
1.502187459251378
1.4348423215767014
1.7271948982441245
1.8151020369992605
1.7728512434646815
1.7184002105738303
1.6897503741113649
1.6644628269986892
1.6431976855354895
1.6259622102809654
1.6128916316995958
1.6050385359586976
1.60486637277115
1.6160484898492276
1.6420266752789934
1.6836128105294075
1.7378051963838823
1.7990813562988677
1.8615174393046376
1.9202873933268265
1.972458704147842
2.017229678738254
2.055635752403006
2.089819481497998
2.1189044458513306
2.1445052507890603
2.169193463501779
2.1927789525021018
2.2167054025902795
2.239525300191328
2.260111418896052
2.272627993334852
2.269605967303382
2.247314199838877
2.20419322899156
2.1412706564458954
2.061692983056599
1.9697962471213228
1.8704013198890248
1.7686052294890893
1.6696836400186863
1.5785941463310451
1.499078541449459
1.4328413626033254
1.3792807505797224
1.3359617837198356
1.2997468437063644
1.2682089451121272
1.2406243762552567
1.2039108908046816
1.1977196434838895
1.2549188014047905
1.3826796140224287
1.5699879328996893
1.4755049329438985
1.5511105484623318
1.656911220022844
1.7021263059901879
1.6921773133934872
1.6629145895251622
1.6462543385623856
1.6335231432960016
1.6269958434735965
1.627712854591212
1.635938741883577
1.6517412770405944
1.6752604559427617
1.7064150016992443
1.744189910242349
1.7861206798833789
1.8286142243711905
1.8681238675799547
1.902560021136416
1.9322075811696038
1.9597227605336054
1.9892113154715625
2.0247415383731173
2.068797322582003
2.11561960263241
2.161161119671948
2.20586641365229
2.2473818306371602
2.287711936369758
2.3253398303493302
2.3611962977948493
2.3906160995626093
2.404891860908523
2.3996880458921543
2.3727482914629126
2.3247726603905163
2.258469952573185
2.176909825271293
2.083145556280485
1.9814861046904482
1.8783787372611411
1.781326570569043
1.6965717736075339
1.6270362097099986
1.5712366263530255
1.5232644592942277
1.4745076709279001
1.418742500876817
1.357649080106826
1.2555584759366807
1.1752164453259506
1.1817412606589728
1.2646964308556126
1.3893218372558358
1.3794148058408988
1.428659111476778
1.5138897953316548
1.5697396768992022
1.596027984016541
1.594028074079456
1.5881759638883677
1.5826618672655108
1.5806754953941424
1.5846435396767227
1.5958499037155789
1.6144018494256156
1.6393691781691706
1.6689910081121766
1.7009406832958338
1.7327063071043238
1.762138771118374
1.7881229129680565
1.8111844750770876
1.8337586255018055
1.8599034087244397
1.894429756963585
1.9416220671248297
2.0038346225105435
2.0720978812309054
2.139970482725869
2.207730981317656
2.2710376697266685
2.3312516680564572
2.339082079199358
2.348450805904157
2.356514018464781
2.3569501346097934
2.344608451356139
2.316614703102607
2.2730738872809946
2.2155766674992097
2.1449688744356212
2.0620829065055637
1.9706738451108707
1.8775040154037872
1.789981054136206
1.7137271763135082
1.6509149524525777
1.5995865678956074
1.5541207257337886
1.5074128134210412
1.4549436214003328
1.3977387190467814
1.2967696453101447
1.1985299720548461
1.1744861259808275
1.2184799107831896
1.3008643550140295
1.2564380780327011
1.2445903870540362
1.3297123518178862
1.4227215123484338
1.5013440488013157
1.5359458225957248
1.5449326029753756
1.5473509366358045
1.5454896221142227
1.5424876605905564
1.5413660353276493
1.5443100925347124
1.5523153067055222
1.5651696293046975
1.5817136077151306
1.6003114819619366
1.6194442681618968
1.6383008521038671
1.6572192072586545
1.677838423311869
1.7028681756147364
1.7354536306843473
1.7781857931525533
1.8318584812126426
1.887667175494643
1.9395353202344654
1.9866036605374342
2.02516037224373
2.0566605051695848
2.080885405033306
2.1002747695964272
2.1135924287834915
2.117011785947603
2.108122319824144
2.0856122412617197
2.050309817410704
2.0044485651934885
1.9499885192185986
1.888578413835869
1.8234361966579173
1.7593714345454976
1.7010419774916274
1.6515113064020823
1.6114256208940845
1.5788478972875066
1.5498998032529827
1.5202012131493394
1.4866210017285106
1.4483722569116004
1.371598428559249
1.2742971184436793
1.2278100396995142
1.2407585946255866
1.305954197723474
1.197733309446132
1.1554237862168348
1.2368253067226442
1.3509441640796884
1.46613346333902
1.5289320574765504
1.5522040538179345
1.5649601750305595
1.5670090886576429
1.5604945462721227
1.5490904437740536
1.5367747240699818
1.5268229743854282
1.5212509908745109
1.5207201336962333
1.524821196062662
1.5326037559524281
1.54318733840623
1.5562738928438098
1.572395015003061
1.5927849849851543
1.6188614630405944
1.651400188428524
1.689634667304226
1.7266706830215306
1.7592912244029832
1.7886604334191525
1.8144205271586995
1.838942773574358
1.8620050101233814
1.8843690824517474
1.9029528319814308
1.9121340752333431
1.9094283015249218
1.8940692483394985
1.867613898154303
1.833361190004366
1.7948748684303488
1.7550718528850866
1.716774472581868
1.682933620642468
1.65587581985321
1.6365948095943412
1.6243213414214837
1.616459963602526
1.6090867917224851
1.5980077097625607
1.5800074559714672
1.553711133728397
1.4871487207162293
1.3797666449183077
1.3106517959723458
1.302128938144315
1.3691160711453154
1.18511251483369
1.135521926060103
1.2115088570230967
1.3323373642914365
1.4654526565575028
1.5422117742285026
1.5736185346633877
1.5940136586736569
1.6012360112784438
1.595591931903221
1.5800619674069016
1.5591479491114277
1.5374562530877465
1.518665286337029
1.505044105552028
1.497469699330508
1.4958007612297
1.499432324481238
1.5078410666640278
1.5209289978248433
1.539005119012828
1.5623325342919252
1.590340835122227
1.620990579710403
1.648443583178243
1.6717041395091181
1.6932616849701216
1.7138174149692549
1.7355099791892599
1.7579217062183352
1.7813267540201914
1.8021129202827253
1.8138884197765657
1.8140201556218638
1.801977151656226
1.7797736609037795
1.7513984022190732
1.7213671251092573
1.693408247822368
1.6703316734505842
1.6542027915116466
1.6461122879794874
1.645897394409606
1.651885685843896
1.660851095265123
1.6684428578877253
1.6701193815224202
1.6622754227374088
1.6430930012692766
1.5807680847767376
1.4627047673139595
1.376349131854161
1.3549962104743458
1.426363986032853
1.1866427906489905
1.1366434943066055
1.2060046876341606
1.3300025219579217
1.477353749587429
1.5644695735334317
1.601626663873886
1.6281603157161169
1.6407190264936538
1.6373765196449577
1.619482253384717
1.5913781377937422
1.558729686456626
1.5268975045058355
1.4999272576753786
1.4801996671519702
1.4685979724130163
1.4649914061255203
1.4688174984038247
1.4795387977640275
1.4967513191051067
1.5197482578069297
1.5464530716986977
1.572508247950419
1.5921700946627446
1.6077571180477002
1.623571537273482
1.6407938135933346
1.6609896727307567
1.6833578855549618
1.7077512471911547
1.730122252788525
1.7435279426016381
1.745275216112723
1.7350742471207612
1.7153684136073475
1.6907836853238574
1.6667702808779856
1.6479460930239467
1.6371400397068605
1.6355733024663097
1.643311169577292
1.6593136700573696
1.681225109340818
1.7053016559481031
1.7267713378707752
1.7406648943876608
1.7428587058085738
1.7309564473802233
1.6735293557818263
1.5456922604131826
1.4427913505579382
1.4100393703411487
1.485134986150473
1.1974399825058921
1.1503610643804438
1.2127621453945
1.339324326478976
1.5012349308178734
1.5978727742961756
1.6391182601133902
1.6698599113850234
1.686750124847667
1.6858878030208777
1.6660567754954017
1.6306290777194998
1.586158980965884
1.5398877527142332
1.4979296883592657
1.4644209591023558
1.4414447346889483
1.4294598351475643
1.427955020236252
1.436070556319593
1.4529420186469029
1.4774866838953826
1.5069528898038225
1.5321593639175637
1.5423572905008467
1.5495534605910857
1.5607560602198747
1.5761333691047759
1.596093978873922
1.6192222313815703
1.6449447632984455
1.6687600093023387
1.6832824377470321
1.6858786767122942
1.6765609463869793
1.6581993623816482
1.6360267127028378
1.6166559136481653
1.6061850050776936
1.6071617011596295
1.6194204579343712
1.6420421173135245
1.6733479551352057
1.7105343245674836
1.749538455455402
1.7853067862938539
1.8124709380749529
1.8262651168548278
1.8234625769834052
1.7739692678381949
1.6381849546848082
1.518114428539223
1.4732182904173867
1.5498743683208092
1.2142065129505484
1.1711188947049915
1.228854460406113
1.359523036808212
1.5373843309865602
1.64324514668117
1.6867806414700595
1.7186313337993717
1.736599246897748
1.7362351540407635
1.7136722261466544
1.67044760522585
1.613633781839733
1.5523332409405428
1.494758696386162
1.4467999449297344
1.411706979528922
1.3904812606132262
1.3826086808170457
1.386834840203604
1.4017581100718113
1.4260906362310006
1.458542061735569
1.4974225690051166
1.4871137267823002
1.4891698801827948
1.4996452975172017
1.5158959923359234
1.537441517121122
1.5623861377525037
1.5899078494717436
1.6151133932345094
1.6303467059091357
1.6332016373570046
1.6240530146950543
1.606105308283129
1.5848839592288857
1.5683628868831128
1.566704844281861
1.579797651199536
1.6049986161968985
1.6409492527803595
1.685759831751158
1.73651415532682
1.789165931591379
1.8387077948776613
1.8795793458281231
1.9063474399752873
1.9147057630332502
1.8774707893895999
1.7379226965696797
1.6012266964212696
1.5427694842457873
1.6162186913188996
1.23277156214444
1.1942369847094125
1.2520189062665117
1.390232771237791
1.5856909733822617
1.7004023127869032
1.744450840311942
1.7739012612640217
1.7881120517064297
1.7838745306328838
1.7561646059219336
1.7044581919753625
1.6356464244236637
1.5601581615184146
1.4879009020973806
1.4262335973837135
1.3793875683918604
1.348786421743514
1.3338097141649154
1.3326319928466572
1.3428677343306963
1.3617549704688148
1.385241216932969
1.4045926286636434
1.4137131786452883
1.4237765043416573
1.439287828059794
1.459301328560466
1.484044803286196
1.5116003551253487
1.5411762319979958
1.5676371681462056
1.583295030304413
1.5861619735441186
1.5770547289521375
1.559440002520493
1.538627480436611
1.5205935430095188
1.533619163236653
1.5583783154882491
1.5947592435594466
1.641806838322167
1.6976379582386036
1.7593961599417514
1.823326519413846
1.88486923922747
1.9386596263828595
1.9787756828831216
1.9997413824242
1.9791422576567557
1.8417683780026726
1.690160952616653
1.6158571515519826
1.6784822998785751
1.2486406768338831
1.2166403010544218
1.281051816819514
1.431517130933874
1.6453783895745235
1.7677092764114108
1.8105060689118335
1.8343991680541063
1.8400653280273331
1.8265679977404732
1.7900947738257091
1.729174280271353
1.6497018449697562
1.562285017800175
1.4777180056187191
1.404368748773324
1.3472311386857012
1.3080818591052639
1.2862155596716294
1.2793142579555294
1.284160302863481
1.2970187032539569
1.3137345764994777
1.3307243485250153
1.3466424790773754
1.3641386010426593
1.3854239766437877
1.4097079032565778
1.437819894573921
1.467858415112656
1.4991401081923972
1.5264450736884905
1.5423164784123669
1.5453634271006331
1.536995937618401
1.5212447845633736
1.5045358367694057
1.4984022608214973
1.5143816577695206
1.5466321228422006
1.591611886392975
1.6475694328220523
1.7122589869656981
1.782684279799876
1.8553002228553834
1.9261473997788634
1.9904989669161524
2.042483596907016
2.075808438258453
2.074474114926344
1.9457278498039179
1.781930884174612
1.688726314834964
1.7304198045363484
1.2576753521879993
1.2365329187948484
1.3156640121180336
1.4836060023868385
1.7147597269832486
1.841970831030623
1.8817399068955598
1.8978082417766922
1.8917671577218622
1.8650713192841417
1.8166827724322097
1.7459063476015924
1.6574249665268346
1.5608629704193524
1.4669698887194553
1.3845938864907148
1.319265213002443
1.2730887695581719
1.2453948775801538
1.2336386487892652
1.234254574041124
1.2433994003613429
1.257756375256833
1.2757120352152953
1.2956797684848864
1.3176997748182573
1.3429481599550983
1.3702744712219774
1.4006931139349224
1.4322335626403921
1.4642844237558919
1.4917113767557904
1.5075474972847638
1.5110987204369553
1.504436875506729
1.492273404585966
1.4819618681743554
1.4836161355818294
1.504234385625384
1.5421834064641804
1.59434945535467
1.6582696397649153
1.7311309267312367
1.8094721031073946
1.8894818608739452
1.9673587043229694
2.0390587024733327
2.0995112248504144
2.1426179635045974
2.159816149401414
2.0451325983781383
1.872588097829801
1.7571322453683011
1.7664639811724252
1.2568175818869232
1.2530977609766634
1.3559722491942279
1.5463639959917086
1.791023277919769
1.9186088862397348
1.9536147521340175
1.960720097986151
1.9420632616452809
1.9010666117941093
1.839638087183693
1.7588640549188979
1.6627605591294217
1.5595185324454595
1.4591264859653401
1.3703855414600494
1.2990976660969724
1.2476427929642164
1.2154857621111317
1.2000710773570464
1.197786485060988
1.2049211591391096
1.2186504359589725
1.2378714115409675
1.2603025030174595
1.2848120772697755
1.3121323841022707
1.340874072114636
1.372084388125849
1.403749451879338
1.4353121613348643
1.4619110928031243
1.4772926298645614
1.4814292705543353
1.476891738804511
1.468657879160236
1.4638756205001255
1.4710629393367363
1.4961895573957038
1.5394499110830748
1.5984460338508277
1.6704141993355444
1.7520063384981215
1.8390641178376852
1.9269559881644427
2.011211981809201
2.0878213623574355
2.1527569456721225
2.2013438578274833
2.2326016312047474
2.135100330961828
1.957559469750927
1.81696853166476
1.783067628761489
1.2446659755709297
1.266196498848125
1.4017272858886873
1.6185257937653783
1.8700907688889081
1.992114888636987
2.0208084404944495
2.0188939985204715
1.9886459239095187
1.9347151597180372
1.8613033181063776
1.7714182101259557
1.6691038152543025
1.5613095941557986
1.4569128626410404
1.3642368164271197
1.2890785106625928
1.2339958103933208
1.198621109438949
1.180493525326403
1.176062217297432
1.1817349534713728
1.1948791394678444
1.2144341539145491
1.2376282844877602
1.262751419515824
1.2902864502709874
1.3187377562763543
1.3490986752265632
1.3793871668863045
1.4090970590033065
1.4338163185489718
1.448179835907726
1.452717639990183
1.4502605735656002
1.4456594363018405
1.4454319742013204
1.456990906745769
1.4860885116086777
1.5341991470418337
1.599731147321722
1.6799101551944535
1.7709635799618948
1.867932078001262
1.964979936518207
2.0562609076519935
2.1369023922943304
2.203400909710269
2.253075240270147
2.2914961038377557
2.211331313533188
2.0322779013000876
1.8649608824715176
1.7796672610539408
1.221655693536742
1.2759235852445294
1.451405032784939
1.696820281772857
1.94663633577633
2.056750009617415
2.078000258001457
2.067867089838909
2.0282841333372064
1.9642977734723719
1.8815472193290557
1.7846602264239937
1.6781087405834192
1.5679557623141414
1.4618910354131254
1.3674856371891526
1.290305813292621
1.2329829955792644
1.1953077209309195
1.1749467913166307
1.1684317335333996
1.1722417217348946
1.1838042199476708
1.2020065178151662
1.2239638176603602
1.2477356052756545
1.2735930333396428
1.3000324444494462
1.3279085307066945
1.3553539862630124
1.381911230831135
1.4037715039435754
1.4165897074053702
1.4213361505032478
1.4209200990343995
1.4198534452668108
1.423903071198558
1.4395487815682009
1.472356497680167
1.5248070359928219
1.5962802227835184
1.6843115022095618
1.7849061526175671
1.8923495999384812
1.9994573752823064
2.0986266914026435
2.183474510595674
2.2502599875266798
2.298020528261647
2.3366796640353367
2.271118495728819
2.0929995769480714
1.8992545294552943
1.7588980406498524
1.1897409915944093
1.2820915729835283
1.5014030323242926
1.7752393456789428
2.0143788837685235
2.1073954982154746
2.120787725063902
2.103878653750932
2.0578658427839938
1.9875065355400068
1.8990979100432166
1.798389724435668
1.6903154094287656
1.5802812164270763
1.4748346133263983
1.380674349404911
1.303002451611424
1.2444510389612957
1.2049525243632377
1.1823106389981515
1.1731448475565291
1.1739926396123455
1.1823307298948158
1.1970576600820717
1.2156111843046087
1.236055158895765
1.2584094607194904
1.281229024651497
1.3051433444986051
1.3284754160553367
1.3508166829728099
1.36908909739241
1.3800496783821499
1.3850044700765956
1.386824905779354
1.3895896108175645
1.398281505475449
1.4184475609381164
1.4552203978891147
1.5116994214140387
1.588287678796514
1.6831571171709496
1.7923924265989577
1.9097396078049493
2.0267830872123267
2.1341435555628148
2.223683778090109
2.290874322902798
2.3357855123931768
2.370099471822868
2.3141806027801524
2.137563228497072
1.9197215727103178
1.7259839700950428
1.1517325768761517
1.2838624270665813
1.5457268000374296
1.8448483059777452
2.066742864334328
2.1403897795378453
2.146546115328851
2.1248848282213295
2.0757290182928965
2.00313129811086
1.9133890911897762
1.8127611021330021
1.7063934729814751
1.5990953246621533
1.4963642370891446
1.4040411604197172
1.3269367096424796
1.2676616969925643
1.2262905844858027
1.200783869726348
1.187881469882414
1.1842228591096868
1.18740478086881
1.1964655494036947
1.209574013231403
1.224935903398465
1.2422366203690784
1.260126085863383
1.2789331056656357
1.297233751431482
1.3146782029077184
1.3290117132854913
1.3381064422897877
1.3434982448430082
1.3479347222958744
1.355021403998848
1.3689644747098175
1.394360426951468
1.435652053321562
1.4960877438399065
1.5769045803011141
1.6770972510364264
1.7931551798591827
1.9186473544368035
2.044306208793996
2.15931677687779
2.2539548356151697
2.322687956445921
2.365890684280136
2.3950831240926234
2.342725826831365
2.1657682412347152
1.9278678554830913
1.6875414643778326
1.1106023427432168
1.2797415530873382
1.576646091447861
1.8946340628691933
2.097930339861889
2.1541964176812436
2.155034330903176
2.1313304642680824
2.082698682133626
2.012306768944874
1.9258822787806698
1.8295119834842364
1.7281393204638191
1.6259316401011912
1.5274827681031167
1.4379263753585951
1.361765254785617
1.3016212122745092
1.2577357741739799
1.2282763568539428
1.2101875961243878
1.2003185584983673
1.196502855520589
1.1980411879907846
1.2041186847064176
1.2131148403122292
1.2242832573274993
1.2363839852241045
1.2494000444013869
1.262211422782346
1.2745506460413416
1.2850306107506442
1.2925594337093367
1.2987752558276777
1.3062178806869802
1.318003241866505
1.3376000890528121
1.368685856425024
1.414876797573686
1.479171958836032
1.5632733335652997
1.6669473303447149
1.787324722822292
1.9182355454361137
2.0501538843635445
2.1714845375611747
2.271426753392473
2.3435072684396343
2.3877455943867
2.4148369445161477
2.360275587348172
2.1791101203446885
1.9263227392070552
1.6501976086258243
1.0690300061759501
1.2680351187002743
1.5866704145328097
1.913963251666361
2.1043632000608237
2.14982667923137
2.1486428108526954
2.126425794343164
2.0824390635064343
2.018912940865177
1.9404950470759226
1.8524018725389175
1.7588809785252695
1.66338056381938
1.5698389637297976
1.483004324177873
1.407276731317233
1.34536761688611
1.2977276944262859
1.262813672559166
1.237916700933615
1.2202591267061695
1.2080333660911131
1.2008479404673345
1.1989859364522502
1.2009387393244715
1.2054555410171093
1.2114207389639102
1.218473037146578
1.2258373821507589
1.2333637752577757
1.2405141816870227
1.2470465210471084
1.254544320850297
1.2652519937632019
1.2817979760853713
1.3069847045377954
1.3436566047675356
1.3945856392816922
1.4622588082042505
1.548442122292664
1.6534466926056184
1.7751526962330106
1.9080900214733445
2.0431847823564433
2.168904389007364
2.2740727083439043
2.3514680453701575
2.400144239333457
2.430314768978004
2.36945124877351
2.179853558147164
1.9180220195925262
1.6193815681133232
1.0292829285012688
1.2476568879061065
1.5715104333951297
1.8969728513573973
2.0861823939489406
2.1309878563252176
2.132286656677074
2.1158839711027198
2.081067480792313
2.0291179449698142
1.9631606155720236
1.8868687534078028
1.803249038013803
1.7149413372386397
1.6256513436644109
1.5403114065031378
1.463552684868378
1.3982658358218076
1.345136086892845
1.3030008533834272
1.26967725363287
1.2429579074881576
1.2214898164334969
1.2051163439568746
1.195083106039651
1.1898826275014431
1.1877459335543412
1.1877105640611179
1.1891178592927478
1.191563335608935
1.1950503359253728
1.1997992878611417
1.2061288276115678
1.2153919624352665
1.229458432296896
1.2504972870654631
1.280743929898148
1.322323476264798
1.3772013840879738
1.447194219814817
1.5338036458616948
1.6376288893223359
1.757339542501757
1.8885633253433
2.023373640562689
2.1511294726317534
2.2609529813495177
2.345041434704221
2.400924267867574
2.438896910927981
2.3699598526783823
2.1698105518046664
1.9053120373036279
1.5984787313195739
0.993325857167721
1.2189210617255706
1.5323987977982667
1.8467681843784614
2.0479146660225673
2.103871117482852
2.112974995287279
2.107249055564201
2.086264832873426
2.050358886866635
2.0007959979510024
1.9390895438387479
1.8663759120810195
1.7843639058633065
1.697262160899598
1.6110994732811967
1.5311173757196581
1.460380058023746
1.399757451155741
1.3485321454764874
1.3052259030578082
1.2683997814410215
1.2372326953803523
1.211671431908433
1.1936778315006453
1.181624178433874
1.1732518441466073
1.16777539438887
1.1643054741235004
1.1628028241237138
1.1634492556888585
1.1670683013621546
1.17417693065052
1.1857256760704666
1.203152525010282
1.2282232826407407
1.2627187353387432
1.308147985764934
1.3657035948948812
1.436433078440319
1.521362500593851
1.6212145327735732
1.7355079292604414
1.8613019668925013
1.992350352830035
2.119491787937161
2.232583387371923
2.3233067357930066
2.387280984985906
2.435001497625572
2.3583677070683686
2.1495428916581103
1.8892979082362802
1.5883779849102748
0.962963431287905
1.1838489060836326
1.4756687361269023
1.7741369365207873
1.9973942918673027
2.076450631027948
2.0990650763577765
2.1089868553489497
2.106189047350176
2.0901099877438636
2.059955222234936
2.0145454099650566
1.9524310841291848
1.8743671864982183
1.786404174528322
1.696727130817562
1.6112356249434483
1.5329350899942986
1.4627663287028727
1.4005131069973575
1.3455659643045728
1.2974322645661684
1.2559290622656079
1.2210942552908315
1.195460559804325
1.177115837768561
1.163284062478626
1.153314847323195
1.1461370009504186
1.1420264704921796
1.1413573870555376
1.1453680009393725
1.1543936457261164
1.1688405240229658
1.1896800467726243
1.2183392729463403
1.2562395931864434
1.3043364891625966
1.3630577222217255
1.4326336728728488
1.5135408055254673
1.6066108116076148
1.7123335323744242
1.829424296952953
1.9535434392439206
2.0771811694683096
2.191032154724946
2.286289665531758
2.356656883217864
2.412351615995482
2.3300343846972824
2.118622644209808
1.869800950438285
1.5873866327296369
0.9398600983212126
1.1457484488322787
1.4097216081017137
1.6912470270058226
1.943326841385017
2.0572862521884816
2.0992337768303733
2.1294468710916616
2.148337616591868
2.1545606104081156
2.1451819671551577
2.115896216784894
2.062243982527458
1.9850777613591517
1.8939562400487948
1.799052479221357
1.7063042915742663
1.618438579656626
1.5365101633378164
1.4609671123404295
1.3922681086359232
1.3310520274500994
1.277950619042447
1.233285207859407
1.2002212019426264
1.1763103425875174
1.158092747998461
1.1448981068064996
1.1354775114268914
1.1303269954285473
1.13002412081543
1.1360489781716634
1.148230965798033
1.1663454324751505
1.1908647555550758
1.2228964773210826
1.2635338102649947
1.3131917129122186
1.3715415802943636
1.4380286615756148
1.5126560394299537
1.5964986123515283
1.6911705898431193
1.7970721221855261
1.9115826361178674
2.028569031271013
2.139433070132416
2.235054246666421
2.3077360321430493
2.366624771549745
2.281880875774114
2.0768169654801785
1.8461083037377457
1.5915328052420492
0.9254051575453762
1.1083050856766465
1.3420223215022367
1.6073221406803344
1.8927602728353172
2.0539753021628537
2.1212614158250807
2.175673186331109
2.218182735642223
2.2469382829473803
2.2569025784180945
2.240659880761476
2.1922772278371796
2.1152744669634838
2.0214643484040016
1.9209758895323796
1.8194577936062806
1.7196714911373931
1.6231744364573852
1.5314281242526115
1.4462439734420343
1.369616258554286
1.3032020780297056
1.2478468809603316
1.2074645035237903
1.1787661795799196
1.1573624692513893
1.142332589619039
1.1322102260974218
1.1275862572416564
1.129253832450143
1.1388174201917405
1.155394461113511
1.1781158022257936
1.2068955716076188
1.2424238976776292
1.285387390032122
1.335647528678199
1.3921894248859052
1.4538321270170496
1.5203298394866007
1.5932250305010178
1.6753323225561645
1.7684514143207104
1.8710783722742956
1.9779364098729104
2.081058627152926
2.1714983616424877
2.241109417744875
2.297251295228324
2.2142677209328614
2.0252404538259667
1.8180918271305764
1.595328035694446
0.9204927532054682
1.0747065583823607
1.2778808745987116
1.5281277262794997
1.8490944203679942
2.0712240055714846
2.170719863190559
2.251744154551429
2.316839794599509
2.364993711592348
2.3900437599659443
2.3834472608838495
2.3407477169801467
2.266813553442367
2.1719842272500016
2.0653818367580645
1.952850715540357
1.8378973706495756
1.7232166165996952
1.611775852504709
1.5070765724392094
1.4126718641383567
1.3313688841237916
1.2646337288914422
1.2171115479453742
1.1843723847916336
1.1608886122359978
1.1452793825592236
1.135813134565291
1.133053005370229
1.138021881376232
1.1523951714623197
1.1744904475150237
1.2028276721556908
1.236655438917462
1.276018100492809
1.321022345848009
1.3709908460766675
1.4244179878609282
1.4798130960314038
1.53701978819474
1.5982420151056511
1.6673027425213203
1.7467038423313552
1.8352625594242127
1.9282198138038387
2.018501240464732
2.0980876036650393
2.1594344343437744
2.207746606624108
2.1311514529837243
1.9665880733073557
1.7867407379572289
1.555212206336094
0.9253079728045087
1.0471671170335617
1.220632814151497
1.456943392016364
1.8109417230896587
2.1069667281044664
2.2495801759714484
2.3548148622883347
2.4359708671983324
2.498884917380665
2.537584521604147
2.543207526968853
2.510832849408936
2.4429949509890876
2.347495501056769
2.2328607281593382
2.1058561681082137
1.9715701870043563
1.8345909471140138
1.6999314003325445
1.5730623000382733
1.459151747793372
1.3620783224286899
1.2838053304732544
1.2295225622307064
1.1934224817217909
1.1687357799756855
1.1535029081548276
1.1457141310519035
1.1458230292577096
1.1551045036018968
1.1752880286438512
1.2038363351041363
1.2386543112814359
1.2781660730425832
1.321508899952465
1.3680565789602874
1.4167130367451957
1.465842383220656
1.5141055495048832
1.561800054892973
1.6117505053011092
1.6680724535754887
1.7329572850944224
1.8050865386810129
1.880456103510794
1.953462532988616
2.017736316340241
2.0671057014206067
2.104667175466697
2.038782554507846
1.9043895502939274
1.7536473364399094
1.5174539574410248
0.9391781472055939
1.026868074664061
1.1722506012827754
1.3956128713393794
1.7736380460065282
2.136240074048113
2.354760923897813
2.4561414709581535
2.552359455085764
2.6360592049016613
2.6963760155549794
2.7217218957417413
2.7043883525780745
2.643889982818699
2.546189709268491
2.4200522105883056
2.274056309903343
2.1158215730621475
1.9526214938330342
1.791967781955472
1.6413772801599542
1.5074280811927856
1.3947392958191538
1.3054559631812974
1.2450270916925503
1.2061633910520735
1.1808821940637944
1.1666388824765632
1.1611882577444186
1.164852618876429
1.179188038088915
1.2059451064944795
1.2416071657978553
1.2833572908591617
1.3286128842277183
1.3754309287120983
1.4224582314298488
1.4685040888874243
1.5123681597575058
1.5534106390424227
1.5925597615581182
1.6326164561667036
1.676662564863603
1.7258836588064135
1.7792428021433326
1.8342007683833117
1.8871575629879032
1.933767798976592
1.9695306282609961
1.9957970645413754
1.9438262704998788
1.8418946416700157
1.72002262512963
1.486848350522372
0.9605236944714122
1.0141346850103266
1.1338596189979453
1.3453355353769871
1.7349840170861053
2.1205273945333696
2.334217829455155
2.5057285346234925
2.6484135062654537
2.7708546393705356
2.864711725718207
2.9170903662416356
2.9177935242663553
2.8640286909299717
2.760981229832272
2.618753651740681
2.4488528166827868
2.2624504708146778
2.0701997264722856
1.8823245898143408
1.708152964557948
1.5551725761015676
1.428200297992268
1.3291437901920475
1.2634185164509701
1.2223224838022089
1.1968185654609516
1.1838701641046596
1.1810884419957859
1.1886948731023357
1.2085459541153196
1.2423233868338581
1.2853153131991182
1.3337972149557777
1.3840267647063182
1.4329380354025063
1.4786556647607587
1.5205384158504835
1.5587756514155162
1.5939318277406291
1.6268142144998952
1.6584707463090926
1.689974059998667
1.7221089583491258
1.7551268934215223
1.7885220195952305
1.8208439035538115
1.8497071302913144
1.872166387187148
1.8883331748357142
1.8517952394239585
1.7812665812144077
1.6860902845253
1.4655390183720576
0.9869469414850166
1.008672556339051
1.1060379583545976
1.3070916382430402
1.6988092875781013
2.090911442887087
2.319595455230365
2.534982839074694
2.7304389831209
2.9014436764464016
3.0366248827151683
3.120516790880066
3.140194841335644
3.0910925431543306
2.9786853870973378
2.815681368821526
2.6177279657541077
2.400469146842355
2.1783608392450913
1.9642093518682378
1.768606437449222
1.5992375548144002
1.4604819399994065
1.3535950082370674
1.2837132449075823
1.2409519124798745
1.215481004833566
1.2039256258934001
1.203867162823366
1.215480171779261
1.2409123134037665
1.2816413791343377
1.3315455283721689
1.3858246301213795
1.4395090187868902
1.4884327406638485
1.5303601270998761
1.5662661814864884
1.600369550460741
1.6336346263196115
1.6626513465990453
1.6856883922861752
1.7033318064247103
1.7174292598082912
1.7300753249647556
1.7427787523351717
1.7559496500854048
1.7687847537208143
1.7795602237972736
1.7876429787105872
1.7662783404370146
1.7234318776377204
1.651240288579947
1.4534157386564235
1.0202506427073468
1.0105243141697837
1.0871114120794714
1.2786766016932127
1.6677410135225963
2.0663549309922957
2.3140784963627876
2.568073376183331
2.8154045849387765
3.040794649052659
3.224671557662622
3.3453882871367884
3.385466662430831
3.338287642653668
3.21063747617022
3.0196160103107417
2.7868866003084554
2.533960872374885
2.2797111142009694
2.0393647418836376
1.8240878078185225
1.6408865513713946
1.4929307018981233
1.380324058480194
1.3076221178180374
1.2639708758881858
1.2390175260885998
1.2291933092562677
1.2321757681843633
1.2481354283229245
1.279505087333277
1.3273842974473884
1.3839656546765788
1.4432281997340475
1.4989974256633034
1.5460725241000115
1.5812681800262716
1.6038410539365773
1.6475915209903307
1.6813759082135278
1.7030103490885502
1.7125747277968444
1.712305640190392
1.7058149214509097
1.6969891796942305
1.688987333180475
1.6836430542930123
1.681358029117968
1.681376995809741
1.6827174241374785
1.676920878525061
1.6596792464101215
1.6086039945078365
1.4486293862209259
1.0708871886625047
1.0297397037209315
1.0865310362425356
1.2700558853338881
1.654185579437837
2.0602674153148746
2.3272208610991094
2.616397826371192
2.912688575096457
3.193706828587987
3.4306517258096205
3.592436835715857
3.6536031646606406
3.603430954271631
3.450513669970952
3.2191282768459444
2.940430131568143
2.6443989060765625
2.3554043422396114
2.0908272869014946
1.861293789593252
1.671664720732694
1.5224746655593164
1.4115818349798959
1.3417811657820997
1.301440148070392
1.2802936204006274
1.274762068125968
1.2829440075818586
1.3050041856801122
1.3437052616481
1.3995733001264006
1.463072410087508
1.5275468190837065
1.586956649348859
1.6374731402156375
1.6786540249937572
1.7120562079120358
1.7365766228845598
1.7479752022272523
1.7436044188194155
1.7246076939856922
1.695130647260081
1.660562249505678
1.6259182629659332
1.5949293751083256
1.569885302544989
1.551869403593552
1.5409838058051748
1.5366911874841316
1.55018503786562
1.5608012225449623
1.5344494423928141
1.4529038818857731
1.1082939669848912
1.0725475480637827
1.1308118132544374
1.3102897369002662
1.6728399427293241
2.04806111104829
2.291471281847114
2.552216839802022
2.8162167577507424
3.063746576965088
3.2699753344434974
3.4075886517181733
3.453067504688913
3.3957606465599546
3.2438871551036432
3.021555937339375
2.7591491148994685
2.4846829244197197
2.220082527855886
1.9810906030272142
1.7779883521399409
1.6157471242510897
1.494341798809437
1.410232897502837
1.362339449005032
1.3389187210028892
1.3313297582185717
1.336183116968439
1.3525293451918692
1.3803248938772714
1.4224404337831782
1.479050648183256
1.5411445151987715
1.6032280615623833
1.659873578298574
1.7062790167303594
1.7386169820312378
1.7542285988135882
1.7519120264730232
1.732362090766729
1.6984016551680972
1.6545728234455466
1.6060868631158023
1.5576284175150845
1.512638892139083
1.4733758054226918
1.4414279310052047
1.417998088283813
1.4036905394379184
1.399449987365621
1.4254849408319294
1.4557709336051219
1.4590995985289938
1.4548200005503136
1.1274323084876192
1.118114599043447
1.1836331485327103
1.3333132519583477
1.609485244602612
1.877084955185705
2.0419569629354446
2.2120985561008872
2.378488038659265
2.5287629589667566
2.6460563068836827
2.710687243090108
2.7075631869009875
2.6352294561731404
2.5074475321457705
2.345931884114219
2.1713595312023077
1.998518529479424
1.8363914052712982
1.6908475908759653
1.5670072690291958
1.4694127176297176
1.4004557817155292
1.359272460400104
1.3430601575741257
1.342363863381014
1.351486547853181
1.367436375160881
1.390179307646038
1.4191711341512587
1.4566350513169206
1.5020822228941315
1.5486331566711922
1.5926409571986058
1.6299852723968085
1.656600530567136
1.6692718276630778
1.6664694890988951
1.6488741371667555
1.6192876538127323
1.5818751091333776
1.54099073255442
1.5000204020543706
1.4607454598678162
1.4237981421363934
1.39006272291962
1.3613181054685883
1.3394214792483459
1.3253613678663105
1.318751293865412
1.338865208766366
1.373054485246163
1.4030733139173581
1.4271783971951586
1.1860229100662816
1.1658860883065385
1.2096405464856195
1.277121269790556
1.389352528134365
1.4913581059700458
1.5534470215937202
1.6193740987413088
1.686322237750547
1.7436781018974759
1.7739496240359403
1.7650323786522557
1.7163250889588908
1.6374267735447134
1.5436572741291126
1.450356909691097
1.368660819996264
1.3040914975271325
1.2574726342437796
1.2269525841397215
1.2100695944690458
1.2050778776238766
1.2111111416857383
1.227406181334199
1.2495908383164456
1.2737761011510105
1.2994152767437732
1.324967557113865
1.35173223248466
1.3789475354268856
1.4081263570366163
1.438330407344483
1.4656882405847809
1.4893210665783918
1.5079464983949153
1.5200765096165492
1.5243491932610318
1.5199141163985679
1.5067898609974695
1.4860608812802858
1.4597834084298689
1.4305872484960092
1.401120655491722
1.3735644553982205
1.3595065753679185
1.344276508623875
1.3290261862745547
1.3146970663027844
1.3018836524911548
1.2832514074326247
1.2708455418142246
1.2863390390940788
1.3364034273436525
1.3803602271795699
1.6860883151841342
1.7896086507354365
1.9940924888337759
2.029768692371928
1.8914500749721748
1.773362434309429
1.7167785278867052
1.6681352141323553
1.6263799063612412
1.5886882423514028
1.5514060054659768
1.511244197889715
1.4664712712055736
1.4177117431836017
1.368024981326385
1.4322073336830572
1.5031705131375572
1.5724506902919988
1.6313822542562868
1.6733308519527539
1.6955397167633801
1.699666605582973
1.6907526496035965
1.675213677956098
1.6603725092168498
1.6489812642563197
1.6406349215890996
1.63507196087006
1.6312344878395841
1.6282863031946204
1.6244297523026712
1.6168031942046546
1.6028305310276225
1.5801744604588366
1.547421200045341
1.5043478260387215
1.452155284172753
1.3935993231345198
1.332831288719897
1.2747961642943435
1.2242728435440229
1.1848701934538448
1.1583048339272917
1.144130925859861
1.1399607455550256
1.142171732075951
1.1470005079495917
1.1516500734612054
1.1548088617146235
1.1563237403067859
1.148345794804632
1.1300098507014453
1.119111751934521
1.1518184117544041
1.8376531913421887
1.8860993535586241
1.9650329444316195
1.9338721908801373
1.8181573845882224
1.7347829748681693
1.6977471548701868
1.6689128931235573
1.6480620569809477
1.6334517151078114
1.6224649612697266
1.6127834957534415
1.6038347518483456
1.597856837234327
1.5993250529021696
1.6114762854937978
1.6318924756678168
1.652601747683933
1.6648861831516273
1.663816937186658
1.6500682567174214
1.6291005644754741
1.6086482916889473
1.5958400245454638
1.5945426754921912
1.6021725689466604
1.61621437486314
1.6339933221795788
1.6547668529800998
1.676212890825765
1.697211047440114
1.7139371662935017
1.7216963548729818
1.7190023285669078
1.7047750773833208
1.6785454208811723
1.6408130842122388
1.59341624329951
1.5397756500960393
1.4847290647419893
1.4337602635535087
1.3917816131672378
1.3618773006615263
1.3443507511817832
1.3362488313024607
1.331622606260586
1.323247920992807
1.3062970269630632
1.2814577925091186
1.2313513729515708
1.1832477581981746
1.1709737529694269
1.1840746209441753
1.2027670992243267
1.8014762710966474
1.8007737671765682
1.8155595605134223
1.7828813423744818
1.7182445975318097
1.6701187493898135
1.6468572949369158
1.6278056553773144
1.6141232987918641
1.606172261833798
1.6033728941808616
1.604348335642585
1.6073346372782873
1.6106868095958187
1.6131888649362556
1.613921090143301
1.6117938529089662
1.6053453258506862
1.593389645742415
1.5763056433711478
1.5569855176498812
1.540607437512215
1.5332159903838452
1.539742527906739
1.55923251006554
1.586309299377731
1.6180815496097174
1.6502263217243518
1.681653323705994
1.708658567015335
1.7302837290781659
1.744472959888348
1.7501835212875148
1.7478059562500377
1.7363830736482837
1.7149915524091368
1.6838084827359014
1.6444814350215404
1.6000277844286377
1.5545259569732326
1.5125882014338468
1.4785056564348
1.4551596415188486
1.4429556394983916
1.4390466947328018
1.4372999450240476
1.4300696092293803
1.4124328532709511
1.3856030106206134
1.331017074037494
1.2825428117571545
1.279033934243602
1.294274866908946
1.2779939238498697
1.6089276167129596
1.5816682886947353
1.5964548718578353
1.6052250837548883
1.6029813142496372
1.589307970868352
1.5777041914201202
1.5642966911631782
1.5504594316668827
1.5376483453230438
1.5270289799903909
1.5191398790506856
1.5137167806185567
1.509767884000084
1.5059018872789351
1.5007928532032564
1.4935916231114614
1.4841539332010163
1.4731361089790287
1.4621064835891577
1.4536538640170125
1.4512174435495322
1.4583656684356183
1.4775309325862183
1.504963143571058
1.5352754947600538
1.5662497993029227
1.594285091808999
1.619199472495112
1.6392838497526425
1.6555413604218736
1.66794098767039
1.6755802473277293
1.6777633058950954
1.6728668948473868
1.6597204061682134
1.6384981944190946
1.6110271286344617
1.5805660667346173
1.5510775532959846
1.5263748698452304
1.5094327523780393
1.5017521518763532
1.5027511868192356
1.5094458263753059
1.5169007351442991
1.5198660948567544
1.515131000785815
1.502870176051611
1.4707618761216965
1.4350546416260082
1.4257063141405226
1.4172696204985304
1.3746962242086593
1.4629069920245215
1.4414414249934653
1.4649271855795063
1.5002046047348665
1.5378563744051599
1.549181166499484
1.5479484395624874
1.5415999182269644
1.5307771385301003
1.5164929443935562
1.5001022569970028
1.4831386200372858
1.4669712220989617
1.4524424240888263
1.4397122198731225
1.4284197112758787
1.418086717179551
1.4085659034973304
1.4003481687675385
1.3946594591543644
1.393363419158004
1.3986554557118729
1.412474699640812
1.4356219236414967
1.4634169379783948
1.491478888515303
1.5187938002615646
1.5431896143686177
1.56546261816652
1.5847151242872914
1.6018589653201327
1.6159067692395277
1.6245938542607634
1.6270619182134878
1.6224906332954465
1.610918222383385
1.5936169917338396
1.5731502551656082
1.553197152627683
1.5377783549902093
1.5302037175836887
1.5324142097564195
1.544627263164797
1.5650744949363802
1.590003884698936
1.6143125495319135
1.6329476757121577
1.642528387925777
1.642193254490152
1.6212377190528524
1.5743059441924294
1.5368162156247678
1.499102929230227
1.455017591962033
1.4045108105506718
1.3892538641964027
1.4130089162577553
1.4577148761992524
1.5151764735929865
1.5413847704019923
1.54742402442979
1.5472645149109163
1.5409446477867854
1.528619585392582
1.5109009940540228
1.489224520116011
1.4657169900595957
1.4425744751672684
1.42143240719092
1.4031252338248632
1.3878883656943373
1.375803382860698
1.3672219658776161
1.362983839437878
1.364372404482757
1.3728252452829672
1.389422930847988
1.4142167282610352
1.442267608301455
1.4698400629718793
1.4966151914454562
1.5209798953130123
1.5440200142050269
1.5647599557312624
1.58368824312799
1.5988381613935039
1.6071301250913512
1.6079225887743513
1.60122924407341
1.5881664915321887
1.5709941849324884
1.5529971244332301
1.5382593380943275
1.5308295059475163
1.5336724520909613
1.548130391075074
1.5737045633304256
1.6079171393707905
1.6464229477160752
1.6836740564156705
1.714177864340477
1.7338634566214233
1.740877402716319
1.7233747528749852
1.6594385999375603
1.5966257655515894
1.542771790176159
1.5049560271940379
1.3727267927275504
1.3618691804700307
1.3824457452429888
1.4323836055479757
1.505582783720186
1.544840846526608
1.5575829181520222
1.5635768414423012
1.562485625792788
1.5534958137061845
1.535869824746448
1.510281236242572
1.4793743135613342
1.4468374140632665
1.416038203222433
1.3892499868919888
1.3676232724942496
1.351606193699369
1.3414578187104722
1.3375938560860814
1.3406525802719973
1.3512977825096604
1.3698393129283342
1.3957870735762932
1.4241707575640725
1.45184081005369
1.4790136793793234
1.504359561057372
1.5290773772437567
1.55192675768633
1.572939015983333
1.589176423747252
1.5968473822912905
1.5955981762536617
1.586264729595859
1.5709865168328812
1.55298368851456
1.5363134189703385
1.5254876476840609
1.5245035990329636
1.535948494048988
1.5606704717149829
1.5976491463857014
1.643904959614142
1.6946503976192342
1.7439225931963849
1.785678408454024
1.8149787102569825
1.8288441382370768
1.8137398808256464
1.7313708652938282
1.6436193481196393
1.5776788714455572
1.548496249498539
1.354186049924092
1.3468051542827733
1.3624301919816346
1.4163148180515448
1.5048501320416638
1.5572727993875624
1.57665575581868
1.5888036372671335
1.5934383794002038
1.58893762458658
1.5723337806710924
1.5424255488193188
1.502508191736963
1.4585511226573284
1.4161637913860716
1.3792392599517942
1.349882845766384
1.3288994742588909
1.3164095572910417
1.3123217735949824
1.3165280391624592
1.3288349800602546
1.3487682339848717
1.375420425571542
1.4040270533717643
1.432043350110273
1.4601085023560376
1.48700041385295
1.5139357447268753
1.5393215430883571
1.562725349899521
1.58022182697926
1.5873104634296313
1.5839525518934434
1.5718078116811733
1.554031424999716
1.5348720165688507
1.519296622851355
1.5121966794450241
1.51732566166184
1.5368177168089259
1.571093942175172
1.6187494089241399
1.6764587316721076
1.7391250504203106
1.8004296843105414
1.8537288966882115
1.8930805991817803
1.9142243514089212
1.9018657973506221
1.8001018697785087
1.6861267133961648
1.6090301411730985
1.5901301706129192
1.3426924069889212
1.3390819045641564
1.3502713983909214
1.4083755046425985
1.5124200307410485
1.5777597863106698
1.603086815431366
1.6202924581169174
1.6298176825366146
1.6303080327562778
1.6156253569384171
1.58000215919607
1.528811847451919
1.4720726872586412
1.4175907364657079
1.370419694298369
1.333303423447027
1.3072504440042771
1.2921783710794923
1.2874567448245955
1.2922154441392384
1.3054287707570553
1.3259514221096924
1.3526874016673738
1.3812988104873818
1.4097235453047565
1.438811815939261
1.4672907378322533
1.4963317705448285
1.5240147020721637
1.5495372037674184
1.5681665789835866
1.5748233644734417
1.5697364920536345
1.555226899210473
1.5353413127545017
1.5155349830239544
1.5017225991141074
1.4987435632602593
1.509850302642979
1.5367739073133908
1.5796628457305342
1.636893794109243
1.7049474639423334
1.7785329316145824
1.8510362197770216
1.9152370673637953
1.9642285477382122
1.9925355652720471
1.9835524650652252
1.8639691823571767
1.724076225874036
1.6354104620742016
1.6260497240601712
1.3323719585192284
1.3339685011100348
1.343598550506004
1.4076570469298109
1.5276130212378942
1.605076403854108
1.6350469088599784
1.6550943847104578
1.6667160896942728
1.6710647898598336
1.6602349645374446
1.6149916964606503
1.550666440472122
1.4822864889436655
1.417653711325991
1.3620017379724596
1.3183916447943236
1.2879820936501143
1.2705363018872424
1.264960913454297
1.2697089937288069
1.2830511881909763
1.3033973090271336
1.3297294366861367
1.3581936522459293
1.386941392633569
1.416795155920256
1.4463232697023558
1.4765883436963496
1.5054153853078007
1.5317409886436761
1.5504156220972054
1.556290688560219
1.5499847491685503
1.5341327420389266
1.513249424475711
1.4946214199506767
1.4842678239245672
1.486223331015532
1.5033070452332074
1.5370987013945863
1.5876805978278474
1.6533615563958666
1.73052254277374
1.8137021201028911
1.8959652842550638
1.9695393374457613
2.0267392048456885
2.0612122286579693
2.05580594790445
1.9219841251634426
1.757945633156818
1.6559470005281263
1.65197305757581
1.3198203009510094
1.3282767444712469
1.3409461920205996
1.4137362688962063
1.5497362333301423
1.6378426219437698
1.6707910084103994
1.690920743599556
1.7001695053385697
1.702288322769007
1.7010213777504661
1.6358742230880279
1.5628041142430027
1.4876105972303981
1.4166529226176758
1.3552990117612869
1.3070323737857075
1.2733056692297582
1.2538864300691344
1.2473753402887984
1.2517022489722134
1.264611996757789
1.2842901133701146
1.309947019751412
1.3381185570253846
1.3669402114293177
1.3970563834774805
1.4268330825120852
1.4571461915795214
1.485595646919147
1.5108395544666227
1.5275717162491376
1.531143268493033
1.52293874790293
1.506786703550275
1.4874801300434721
1.473209924619238
1.4679978699722742
1.4754563235950524
1.4984187257607462
1.538568508226103
1.5960772511389565
1.6692885531128119
1.7545214565016582
1.8460861633806003
1.9365985094879934
2.017671713581462
2.0810283719499285
2.1199189301355728
2.1174268361069393
1.9739572510674142
1.7887225885705997
1.6707339013826787
1.6643474258354771
1.3041205946996206
1.3208083295799427
1.3419933149607943
1.4267051851475474
1.5780708065320321
1.674556520142542
1.7087613036291478
1.7266286002477447
1.7296798820139843
1.7209796700326774
1.6964686997394056
1.6404391729363255
1.5678602837547795
1.4909492129609234
1.4171946777960196
1.3526356711346432
1.301362380064418
1.265258533918909
1.244241619361802
1.2367598579784218
1.2403719910965167
1.2524445387520655
1.2710619789312907
1.2956852973006798
1.3231750343599347
1.351577248793741
1.3813067962657932
1.4105453734360698
1.4399396215394262
1.466911717369253
1.4898496950626787
1.5034818095015385
1.5039713454898285
1.4935327184677423
1.4773441966836578
1.462451332433014
1.4533330943894054
1.4534282898519397
1.4662516054871912
1.4947328215008902
1.5407032175782367
1.6044778089483234
1.6844963661538002
1.7770440951727433
1.8761442819180767
1.9738122805456537
2.060899585328436
2.128574473584045
2.170057792874378
2.1691869667410293
2.020526608715286
1.817696784812867
1.6808184348934356
1.6615215735980904
1.2859000879845834
1.3121179367074265
1.347398830312782
1.4469398347373241
1.6117398365877662
1.71353440351814
1.747417978721752
1.7616886433173287
1.757362048205422
1.7371384668058913
1.7003773520565377
1.643853603585026
1.5730633419559423
1.4966041759917266
1.4220985926826037
1.3560053978058082
1.3029147931967158
1.2651330055807997
1.2427906000437592
1.2342851997689186
1.2369076897289624
1.2477145252446058
1.2647028302872407
1.287557552362827
1.3135455128965172
1.3406930316153873
1.369186426902119
1.3970864593935899
1.4248103397277627
1.4497035689626876
1.4700016423980922
1.4807367473198645
1.4790891706843394
1.4681447517988486
1.4534852165380348
1.4412409345065877
1.4357334509201485
1.440146849307224
1.4576419378035415
1.491035222833247
1.5422015427695759
1.6115818548901766
1.6977541563517207
1.797022778855724
1.903127270369327
2.0073999736641115
2.09978824563587
2.1708082699626923
2.213753474117617
2.213395116901154
2.0630338057164246
1.8461726749423035
1.6878775718041172
1.6444647809407222
1.2664707123388443
1.303893887973436
1.358292025129321
1.4746478663220248
1.6494947405709992
1.7528410118643605
1.7850218510578242
1.7952893647040837
1.784469836711319
1.7557658879001203
1.7115653079001358
1.6528114651462729
1.5827332059692638
1.5071928591986963
1.4329578109835701
1.3663964099198687
1.3123322405162199
1.2733830497246932
1.2498898859706202
1.2402565160550523
1.2415609910802934
1.250539759528713
1.2650300701281438
1.2849166410014177
1.3081165814056557
1.3328040225307212
1.3589513355476934
1.384585711577851
1.4099060743547682
1.4323029990629843
1.4499873855300343
1.4584568248207412
1.45572456274784
1.445193740274175
1.4321547647808393
1.4220776506938315
1.4192748690762182
1.4270746680950332
1.4484789605772355
1.4861262222876297
1.5418428365013874
1.6161642670412484
1.707845139708195
1.8132855666170893
1.926008566782317
2.0366808997381947
2.1342917040688856
2.20859264464217
2.2528560420086983
2.2528497847384688
2.103150517539816
1.875197628811174
1.693787736507356
1.6167676042560002
1.2472238513409921
1.2981584745009602
1.3755643867195824
1.509306698492295
1.689504944765711
1.7903040761075568
1.819607329076674
1.826011566906368
1.810343536668723
1.7762341127836414
1.7276009765719593
1.6671074990950443
1.5975105894198307
1.523208010329702
1.449989201545239
1.3838084205077854
1.3294668208149094
1.2897550371367468
1.2651966952269067
1.254245571089144
1.253809691604999
1.2602515334825781
1.271106688909211
1.2864454441908035
1.305213001930719
1.3259515319134816
1.348421043687304
1.3707044195551772
1.3927797583567425
1.4121980871019442
1.4272344404745627
1.4339167986527905
1.4308114546034445
1.4212319887993072
1.4100269880854934
1.4021985524580312
1.4019939960254886
1.4128697113901318
1.43779656892638
1.4792759629705055
1.5390627975633107
1.6177786470211042
1.714392180969005
1.8254735984361818
1.9444214532758652
2.0613282915351814
2.1642825095646505
2.2422479639231736
2.2883552705812438
2.289599555253159
2.1422645650609557
1.9053552577313406
1.7002488884966942
1.5839417978152115
1.2291791536088839
1.2964613070605544
1.3991526893386472
1.5491643066060694
1.7292741276092227
1.8236753626717832
1.849212931023857
1.85216787482092
1.8333654603183898
1.7964467919375107
1.7458098721740272
1.6848595036436849
1.6163649945173952
1.5439632515247386
1.472589690594045
1.407624271810431
1.3536443510079026
1.3134809805592103
1.2878124196484992
1.2752060334838926
1.272485934905054
1.2756005775955155
1.2815648887509585
1.2906005529514177
1.3031577360541249
1.3183728916418938
1.3357603389875579
1.35352825607609
1.3714094779906203
1.3872151493396652
1.3993407722805429
1.4044026842322492
1.4013495281772685
1.3931868170761483
1.384275699545538
1.3792082362206322
1.382084767913332
1.3963646199147677
1.4249683478087898
1.470279370700077
1.5339890310283095
1.6168140408606664
1.7179600109862503
1.8342068483549132
1.9588987102423878
2.081670935923314
2.1898560685073494
2.2717337586049107
2.3202746541516523
2.3241804773910717
2.18087891053578
1.9366483407102202
1.7085302431367104
1.5522921796376326
1.212654610424969
1.2992343702545455
1.4275060428952888
1.5910073346140778
1.765800212718215
1.8509423895956256
1.8722841599203446
1.872428838250337
1.8521287273123452
1.8146592862345816
1.7642474915917827
1.7044901399359573
1.6382274505231655
1.5686686340415628
1.5000364237751547
1.4370676718635793
1.3839654659065521
1.3434807120861152
1.3164232035201002
1.301575366226237
1.2958703827482239
1.294916557555062
1.2948653012443356
1.2959328934244525
1.3006568131650935
1.308952680990502
1.3200004360512656
1.3321691816295613
1.344909476572477
1.3563767430012095
1.3651304134007807
1.3684682283677594
1.3656903997538752
1.359391353257019
1.3534027933915103
1.3518747064857441
1.3586529788897228
1.3770620025461469
1.4098936504192543
1.4593953966800646
1.5271998251453094
1.6141226484950542
1.7195974392874966
1.8406000202178874
1.970441953848435
2.0984050536799623
2.211254405359836
2.2967936422670587
2.347953829031705
2.3557379862265897
2.218407206989993
1.9685067964703782
1.7193235875028887
1.5277121335205692
1.1971499843436688
1.3054447865592318
1.4574109396829737
1.6303765338411647
1.7960153874818066
1.8707271602594142
1.8881050584883312
1.8864081067557543
1.8662757123201577
1.8303931246064715
1.7824036752841366
1.7256694119073914
1.66296286397582
1.5972031292276259
1.5320435862884534
1.4715887896694784
1.419573452181176
1.3785609299736963
1.3494638723043801
1.3314061259948666
1.3217705053294657
1.3162225685320568
1.309539539699298
1.301285293806324
1.296982397018322
1.2974029836984602
1.3012229377351368
1.3069771898821265
1.3138087358907036
1.3202892403742283
1.3251855767683771
1.3265915680545841
1.3242137923019042
1.3201955434450265
1.3177912494085073
1.3206327665667748
1.3321919126875756
1.3555326365406413
1.3932384124871995
1.4473951778002865
1.519577233785929
1.6106899592317727
1.7203535218794095
1.8456823606496178
1.9799391185582784
2.112136157514388
2.2286701641009787
2.317127108760175
2.3706057082556495
2.3829246710485976
2.253571888019444
1.9999557379122372
1.7326617337226524
1.5146286516858938
1.1816161269328775
1.312646740349986
1.4843096409047865
1.6622864461334401
1.81739889662096
1.8826528321112392
1.8971229504342453
1.89503289693396
1.8769311417197703
1.8448267629679862
1.8015003747526956
1.7496703205617306
1.6917714012970173
1.6304705191185238
1.5690421529161034
1.5110800912899531
1.459836804033916
1.4176016636756525
1.3853360998072801
1.3625895898156064
1.3475788241107498
1.3370570228672565
1.3244090700525413
1.3056967529131465
1.2918467481487397
1.2840956822314828
1.280345370219771
1.279308159250742
1.2798374989900785
1.2809807114353033
1.281756423594925
1.281144801445216
1.279315070045052
1.277949826841991
1.2796897333260098
1.2875768622446093
1.3046082776045365
1.33348987622065
1.3765357300253402
1.4356512579000404
1.512350559076281
1.6076065177988796
1.7211652030479245
1.850209766619651
1.987940202548354
2.1231976382753914
2.242224865295894
2.3326543861899447
2.387951480592371
2.405065959627121
2.2852261537761867
2.0299211317632806
1.7478950221785272
1.5150834115680911
1.1652020935381981
1.31751590376572
1.5031587522444505
1.682286371551922
1.828527988203438
1.8875429336722915
1.9010652645235342
1.9006293518828035
1.8867486954257418
1.8607588816686846
1.8243792091159865
1.7792610664167148
1.7271130127646939
1.6703378679267638
1.6121346886523658
1.5558704587975896
1.504411979594366
1.4597225801688967
1.4227194186980523
1.3933265674244606
1.3706343420724534
1.3530926355698498
1.3387220416702938
1.307252369452336
1.2848490182178858
1.26953332894049
1.2585513990641017
1.2509251828985464
1.2453105148516348
1.2412698497197865
1.2381116310570932
1.2357209375295515
1.234717580878447
1.2363301608347341
1.2425830273459046
1.2559024261969072
1.2787605934037438
1.3134504947028411
1.3619798831249934
1.4260593471255194
1.5071302064347558
1.6061912918518197
1.7230409090446266
1.8548734280108172
1.9948574142474051
2.131826669130546
2.252140100047304
2.3437434097098024
2.400585926016183
2.42287911245966
2.313071526535997
2.0575552998158084
1.763801526551393
1.527691264014108
1.148191249054571
1.3168957760366344
1.509714975393196
1.6874919957401515
1.8293234958784432
1.8873481180666651
1.9027791722543357
1.9066919549438874
1.8996019341780355
1.882216048441481
1.855057095945033
1.8182614359613738
1.772272931343265
1.7192116580212176
1.662739761042658
1.6065039342808771
1.5531948652477177
1.5044343372289681
1.4609825840917021
1.4229925706599826
1.390140712356812
1.3614091835690338
1.3336957838552346
1.3025030163909237
1.275059915370658
1.253766055406918
1.2366398213861383
1.223302765291688
1.2123730647362265
1.203932860933228
1.1976060123320282
1.1941070619319698
1.194398427753813
1.1992785691664227
1.2102021075494176
1.2290206610269883
1.257698904017341
1.2981123910005292
1.3519503881827748
1.4207139438565544
1.5057383406794012
1.6079765826942995
1.7271868912027417
1.860532701834483
2.0012417409161136
2.138398223105259
2.258839353672031
2.35112077603616
2.4097036464001573
2.4381027582943635
2.3376655492442766
2.0824108187199157
1.7789696823788
1.546091138938655
1.132417839356156
1.3091601846357137
1.5019186257993837
1.6771938373913151
1.8208763977657705
1.8847449680421098
1.9057422608429986
1.9173043168157646
1.919921801964112
1.913737890575755
1.8980178206794553
1.870878399736809
1.8306578146333652
1.7792915871783836
1.7219879150142106
1.663394865476831
1.6062306920249805
1.5517473038112157
1.5004453766414476
1.4526118812822577
1.4084933206224104
1.3680114037582902
1.3302149786532966
1.2937210474204284
1.2622502640581053
1.2365549190771152
1.2148490200717572
1.1972699844381112
1.1824864749794755
1.1710323440644306
1.1628494654244717
1.1593205801681041
1.1615617018522837
1.169986978126993
1.1855757410101604
1.2097090678692362
1.2439231588235653
1.2897170215796046
1.3484703975037726
1.4214565193579556
1.5098466916611237
1.6144415935195937
1.7348422785072217
1.8681426474291671
2.0077607588304485
2.1433628020403552
2.262709884978187
2.3553109439833024
2.4161233944286242
2.4519723750000977
2.3595183881010042
2.1043563496087114
1.7924872666407838
1.5577483257120925
1.1207362461895618
1.2952256379400662
1.4807930150135318
1.6528633355842868
1.804910396335555
1.8823752196685861
1.9131865757486246
1.9361508225406332
1.9516212409324873
1.9592784645951302
1.95721650573653
1.9408869146913625
1.904751524294984
1.851445636227532
1.7900314170177256
1.7265634415812667
1.6636534468482616
1.6020796921623146
1.5419988191086984
1.483758707266824
1.4281609544663134
1.376138636631006
1.328165535909644
1.284084495369148
1.2476642367263155
1.2182974881862654
1.1934581681033058
1.1733040562333956
1.1564518968199835
1.1437129445966294
1.135305959381339
1.1330634805487876
1.1380244446030512
1.1502813510224301
1.1704581045664064
1.1996010692036634
1.2389302770236925
1.2896358010437774
1.3528101324890847
1.4294761081189558
1.5205621570516616
1.6265827857401864
1.746845145778665
1.8783294726804936
2.0147830030512943
2.146803327073411
2.2635445783979637
2.355834803203473
2.419127131595128
2.4634819005140853
2.3778768369354015
2.123300390016362
1.804610915472298
1.5506331365071075
1.1159696345712726
1.278308657912164
1.450155268096417
1.6176527178469282
1.783063392586636
1.8816751887303105
1.9267083715405255
1.9649346081465324
1.9963424901187534
2.0203387092405953
2.034401530643473
2.030693434907547
1.993900738144625
1.9337274064662315
1.8657286446414991
1.7956586399916081
1.7255838639476344
1.6558254180151946
1.5862320491332784
1.5171718849354219
1.4498961133997146
1.3861793814811776
1.3275866506687801
1.2749868973390925
1.2330713426068425
1.2003832210781453
1.173469415206171
1.1521658990440127
1.1348894102043288
1.122511570736617
1.1154500082625955
1.1157618407727903
1.124190645850674
1.1405707361556536
1.1652754458067403
1.1991299634920352
1.243136887180902
1.2982467574635588
1.3652958173176313
1.4450353330636656
1.5380617777459902
1.6444586680460698
1.7631002361135633
1.8908088185001768
2.0217860237301424
2.147872415894035
2.2600306391624754
2.350741594766609
2.4160036290740794
2.4688942393563575
2.390256620682613
2.1389197515174225
1.816822436661858
1.5286114577328564
1.1200360942130603
1.2623691811583444
1.41500608440664
1.575601483960779
1.7563674378488945
1.8813768072696242
1.9441617805300822
2.0007116420847133
2.05014799040682
2.091621633586061
2.123025662273052
2.1403522339132066
2.087552374903154
2.0212225747285024
1.9472892700260154
1.8701163853148244
1.79182341076567
1.7127828349715903
1.6328304843257677
1.5524498875108308
1.4732964673888624
1.3978714644963615
1.3286934303324784
1.267588918264221
1.2203235813125481
1.184766634565345
1.1565775026891065
1.1351532250282077
1.118650198568652
1.1078438769826515
1.103282478838379
1.1070803316603544
1.1195400078534385
1.140288121991264
1.169494683355761
1.2077974573713302
1.2560232547526384
1.3149434489443748
1.3851913048220716
1.467244059357938
1.5612790777000258
1.6668061415653157
1.7821448562845825
1.903935492059731
2.0269504526463686
2.144521644849582
2.249727090185404
2.336944742125684
2.40280722305184
2.4630678550575484
2.3931836002203903
2.1505278556252767
1.8310438269474738
1.5063061739852623
1.1335030757533455
1.2504166970359338
1.3796516725055357
1.530766635567271
1.7255829213630958
1.8771326807218442
1.9581792193844088
2.0332800140716403
2.0998312921189286
2.155478465670597
2.1950882078813687
2.2050715239928302
2.172238860010927
2.110179265305026
2.0331820322423626
1.9489625986710397
1.8613758267424336
1.7717527063132668
1.6804423056013613
1.5882795189914949
1.4973394309805015
1.41072960283644
1.3317399149775453
1.2629758385318979
1.21110771573258
1.1733555879632023
1.144580304987729
1.123732726272893
1.1087281980253507
1.1001772283047409
1.098729721371655
1.1064791809117598
1.123238585860492
1.1484513165301624
1.1820496858158445
1.2244169734679737
1.276187121779187
1.338029418634763
1.4104882012828965
1.49380655772373
1.5876572790447556
1.6908303544840226
1.8009962180364774
1.914634744466927
2.027222644899217
2.1337764537898205
2.22966749903647
2.3112757675712774
2.3759292151324103
2.4416541419080118
2.3835400079052524
2.1570568579320675
1.8484680805185658
1.494925938150924
1.1554555001225997
1.2437184073254322
1.3467888698443076
1.4865533457259428
1.6923950629871387
1.865880444279449
1.9622880870827455
2.0534926722976885
2.1353480569238203
2.2039167384670906
2.253021623606241
2.2727464047785864
2.254174890295813
2.1999366917474616
2.1216984905206235
2.0301777145455753
1.9319970752319366
1.830359639783647
1.7267493539681895
1.622652966531861
1.520573994596799
1.424025952436168
1.3367652205687608
1.2618675512668769
1.2065726681001603
1.167459336809362
1.138722119187501
1.1189151813433962
1.1057763514933185
1.0997466309412687
1.1015815823519106
1.113339261963034
1.1343494246564123
1.1638465058332543
1.2014146819026799
1.2470516438632853
1.3011725431289924
1.3644944016136609
1.4377010550497793
1.5209017373145657
1.6131556015433681
1.7123546141895805
1.8154497737995392
1.9188471043200077
2.0189051236398514
2.1124877309245442
2.1973137189477554
2.2716860262402987
2.3335513579779152
2.402763153209027
2.359600799335075
2.1570931362303414
1.8686552472161968
1.4996388059698258
1.183549863247274
1.2419073894995956
1.317662263406876
1.4454779168685947
1.6598092869466443
1.8506815517266448
1.9599168987134206
2.0658405219742138
2.163327753708796
2.247048871639721
2.309946447720167
2.3426265003446693
2.336178645133225
2.289019433124984
2.209605344597967
2.110038898583036
1.999927208975768
1.8850514415190887
1.7686129225429592
1.653026161342666
1.5411729892148414
1.4366747340581727
1.3433393747418323
1.2643173707234312
1.2070176056462785
1.1674334858485609
1.1392773784025079
1.1207990623576347
1.1096483592444755
1.10613266113293
1.1111316085004566
1.1266656578468452
1.151574237424542
1.1847902667739516
1.22539728293294
1.2728741940752453
1.327432752702963
1.3901050061410092
1.4621171900632428
1.5436182248191854
1.632861692023688
1.7265834145686152
1.8209622177562192
1.912486573790453
1.998629866348916
2.078270564643203
2.1514373872722934
2.2180471403266484
2.276326003350912
2.3474145952383703
2.3213481387853907
2.1490002265295898
1.8892549126057723
1.5207521716644055
1.214250929122284
1.2435158674782583
1.2926624901406683
1.409300183362975
1.6310627269735287
1.8371560579553685
1.9581848182087511
2.078208843288499
2.1911498514971477
2.290193745006846
2.3670363361089923
2.411770193649922
2.4149687476810775
2.37281678353014
2.2912462532748004
2.182815310895414
2.0599139944282148
1.9313041606218977
1.8023302177275415
1.6765175680725477
1.5570100548315629
1.4471846063595788
1.3504443093501879
1.269598358497104
1.2118247064437455
1.172648541472187
1.145527143059383
1.1285304400465845
1.11932586870111
1.1181480267016874
1.1260193242075776
1.1448982131555858
1.1730815785212454
1.2090638551521047
1.2512892744269557
1.2986284093349316
1.3511296607894088
1.4104805600296983
1.47908389357261
1.5574140627697526
1.6425422813011707
1.7296597326424792
1.8141503571150284
1.892797522572772
1.9644695339982434
2.03031963616312
2.0926616553920208
2.152387857763011
2.2072420492981246
2.2789493413233846
2.2702055528893363
2.1311992562067155
1.9064035769065144
1.5547182054015007
1.2477033413919512
1.2470970544747246
1.268794836176066
1.3748813413394056
1.6054100877008046
1.8281938510441946
1.9619974372193756
2.0968966284405086
2.2255619431741844
2.3394993713959926
2.429006277243327
2.483524764774652
2.4933290111158812
2.45340303080675
2.3677187768553485
2.2487235584124847
2.11137544871296
1.9678712273614802
1.8262385827619403
1.6913587550488016
1.566500548787207
1.4543619610755043
1.357378134605009
1.2775071545682084
1.2211962530265827
1.1836198090528731
1.1582489699207195
1.143116072583077
1.1360505510518675
1.1372895264903156
1.1480370563365094
1.1701178152191176
1.2011139987199642
1.2388816268107947
1.2810816723262144
1.3259027521080033
1.3732047684197464
1.4255790949522908
1.487639047384657
1.5608759093753106
1.6402586138253148
1.7186490216362678
1.7906120578121605
1.853466197936963
1.9079506840678604
1.9587665366564715
2.0114740780531095
2.0661283688997716
2.118000883542705
2.1886069597700946
2.1973969582970003
2.0967042824581426
1.9160900991479137
1.6017214619209093
1.282147466312288
1.2496456900886066
1.241162320317498
1.3378076666132703
1.5825400063076447
1.828118580819802
1.9775895585992056
2.128530469860725
2.271303822401645
2.395227699809386
2.4894989092016293
2.5440412340176075
2.550625008486105
2.5050839685312245
2.4104611717385893
2.278262035865067
2.1250305677045978
1.9665864722430444
1.8144048454208677
1.6751886389150181
1.5521404347802914
1.4464827358656795
1.358547928306539
1.2883168438542938
1.240050428406822
1.208724660246965
1.1885255532395882
1.177724862451948
1.1747409300546432
1.1799219608624558
1.1947616488321313
1.2206868099194716
1.2541536481687334
1.2922683631028489
1.332171000429511
1.372009260321376
1.4121007840350157
1.4555799813845767
1.5069732188404974
1.5672000922938132
1.630702199221104
1.6899611344901357
1.7396570930009765
1.7771649445212858
1.8016113254236128
1.8128901173453436
1.8710587499539104
1.9227253336842522
1.9670718538873824
2.0264110660030217
2.0512616448885503
2.0028374563713283
1.8908935062211933
1.663064930426201
1.2667296833561728
1.2357636848694031
1.2277373434614343
1.32320463143869
1.5633615655891273
1.8014620088630189
1.9430567022911163
2.081443604561151
2.205828130615661
2.3057276473355968
2.37239343144233
2.3994096936018594
2.382897037056233
2.3224499099422777
2.2229291887173557
2.095113872318899
1.9533257058331872
1.8112900092039899
1.6791484216353527
1.5628145977159398
1.4648671374852198
1.3857841497824168
1.3248807987510083
1.2808699567237938
1.254414346697819
1.2403606283052737
1.234456077902134
1.2350753708581643
1.2415950831575355
1.2540103363837478
1.2736922141638334
1.3009083705808646
1.3315777455762314
1.3634936207451929
1.3949911067871095
1.425509822392961
1.4558419054587963
1.4876503824436476
1.5221939788676602
1.5590275326681917
1.595941826776652
1.6302944547389635
1.6604038332004873
1.6860154350877272
1.7080744356436135
1.7283755881241094
1.74873263087399
1.7693883150402918
1.789089117750467
1.8187241980739157
1.8379018735700656
1.8212601552028638
1.7619583755299768
1.6277411358826448
1.2170451155052682
1.2089521767154494
1.2262157869971875
1.3104448653372738
1.4893379507614692
1.6567664660965165
1.7527052043908693
1.8431961827940655
1.9205487740335097
1.977681167871723
2.0087602423118383
2.0093119019742907
1.9768776335242222
1.9129288458326743
1.824475593185507
1.7228924869820168
1.620161545278408
1.5252884073022264
1.4429503111891557
1.3743590355606756
1.3191678728319605
1.2771443558361237
1.248725983684025
1.2343630752157768
1.2329916026672734
1.2397439093894935
1.2517072176049056
1.2666263022067876
1.2842493860799153
1.3032557291399554
1.323735262713985
1.3438532387326028
1.3603546974820155
1.373224691119618
1.383195491946521
1.3915855463364226
1.4000525819495098
1.4102223400739862
1.4232523242549255
1.4395113518855505
1.4585726592643578
1.4795256264652399
1.5013574417190971
1.523156900555269
1.5441361988267657
1.5636205903530984
1.581078440677542
1.59613158597914
1.6084954382859644
1.6233309337684394
1.6256212513157675
1.6083234731701976
1.5650616602436556
1.4708154558392308
1.1815443462228687
1.1865284102935827
1.2138795970028358
1.2539932985257534
1.3188147159965806
1.376631591696662
1.4095495196338532
1.4405905613546983
1.4668344662567283
1.4845071381530632
1.4886543510036072
1.4740632892544225
1.438113314412109
1.3835199015269732
1.3182663823462681
1.2527049614804535
1.1959658834123181
1.1535861936040221
1.126907002120156
1.1138529774354446
1.1105917542301178
1.1136392959304608
1.121593411100957
1.1352438578379005
1.1533715645551181
1.1738816151391969
1.1961318440073792
1.2180251536012854
1.2394897848433772
1.2582770030577808
1.2731521595681
1.2810431653567975
1.2807904511776136
1.27485849451584
1.2663630772406198
1.2582971182294156
1.253041223365856
1.2521532062248082
1.2563477026430898
1.2655810410351027
1.2792056157661016
1.2962058784328494
1.3155004073894683
1.3361548142960329
1.3573313851748365
1.378063022814589
1.3971013420232903
1.4129895726660853
1.4243556543690954
1.4309433821104516
1.4117934668002246
1.3786973507943336
1.3513854643984158
1.2854961088244514
1.7777378953367053
2.0080781664407708
2.10117497349771
2.0525981545819905
1.8731547501655619
1.7287837838796725
1.6593165644910042
1.6014306096355024
1.5564939995583376
1.523907605065647
1.501670955585288
1.487325061783021
1.4791294257067011
1.476953861473162
1.4819457170069428
1.4944138692167348
1.5112570322262093
1.5255091576606947
1.528648858974528
1.5139964349814365
1.479328861430382
1.4276007238349995
1.3656439300352423
1.3017147193084884
1.2485948022417097
1.2081058338841835
1.176657624485491
1.1536293496299903
1.1365133195505095
1.1251367505932537
1.118189022702667
1.1144032455346613
1.1108650885021585
1.1040370493560059
1.0915903497402295
1.0729642168443239
1.0494583162637523
1.0238260795976404
0.9996277936220358
0.9805410078279171
0.9696975996765133
0.9691116539023905
0.9792764644482619
0.9990109886137253
1.0256646767024797
1.0557834357026317
1.0861339117235673
1.1145650697924434
1.1400191568667686
1.1755863426976338
1.1778443370962468
1.0979983112833103
0.9612270051684898
0.8431928072840645
2.146815244210253
2.2052702410388467
2.117983181879245
1.9562311646270687
1.7693500666475173
1.6644856705690754
1.622872800405653
1.5937933906490303
1.5768126186279994
1.5700724728673066
1.5705302573443627
1.5746019789335604
1.57917735462204
1.5826250222877436
1.5850210581236128
1.5868952082045171
1.5868734974614116
1.5801984501821216
1.5600468751027197
1.5211384318152599
1.4630896599876027
1.3913096911816638
1.3151267524301538
1.244584972111793
1.1926489114925805
1.1588256258403278
1.1384227797518824
1.1298666844323966
1.1315331796033459
1.1431700749496707
1.1653246196449465
1.196006249669318
1.2258725941603033
1.2458230589788761
1.2477099696805067
1.2335775358422665
1.213700527719198
1.1950736235816235
1.180559605196883
1.1715220972424878
1.1690473625357307
1.1740608570999522
1.1869275506959178
1.2068707856623382
1.2313445242023147
1.2553988381928263
1.2718699263290856
1.2757083446639943
1.269733382642279
1.2526011288188281
1.2336390198788596
1.2099901419316117
1.1600752738223576
1.0624452870732894
2.1545312928465385
2.1248171063672534
1.9609225273578772
1.778709729937322
1.6366309938954273
1.5785869654841378
1.5613627678197837
1.5538117625897794
1.554793615293488
1.5623007339464003
1.5733455885481749
1.5841542708814196
1.5908158258953642
1.590327727335368
1.5815991494619717
1.5656414552654976
1.544342433169865
1.5182871174897616
1.4855447269528246
1.4431498251001331
1.390312848456583
1.3304620423666365
1.2705472128830622
1.2184977811045927
1.1837101292158179
1.1646994789417446
1.157545994201033
1.1603951326921598
1.1723736707154577
1.1929338447734483
1.2232516207723472
1.2620872978639868
1.3021979304425275
1.3397803140609648
1.3720034749997068
1.3350918579444675
1.3086815063434374
1.292015632893002
1.2837349947394119
1.2825496471402449
1.287719969001723
1.2992070514022256
1.3174841601920553
1.343122468334347
1.3763119597170017
1.4164501072274471
1.4618766955888969
1.438986300248455
1.4138831429569176
1.3730098558865378
1.3496540909181634
1.3638945064404142
1.3668909606887634
1.2727100263814362
1.8726515047676648
1.874808449895273
1.734185567665343
1.5826742718948565
1.4936290938857728
1.4726329041918136
1.4714476803556826
1.4754660898851668
1.4830979661686972
1.4925806112119369
1.5017454976214797
1.5079223911216084
1.5082123972414065
1.5002539972788367
1.4833010479967215
1.4590406693222573
1.4313670924741186
1.4045401454130604
1.380204521804059
1.3560735082925897
1.3289871807124125
1.2990758969138974
1.2703839212140422
1.248480208096627
1.2381176187840972
1.2371819625289762
1.2426969704712665
1.2521034857425155
1.2641382202645741
1.2772808692179276
1.291940280822788
1.3088079965451698
1.3274297923161258
1.3475344499495316
1.366719821508243
1.3782520513054621
1.3712493176589564
1.3599158589320395
1.35554129500921
1.3598017547897983
1.3724823427109658
1.393069427268441
1.420981501568805
1.4552648202486278
1.4937105792973084
1.530696205433075
1.5550628169715883
1.5603643355303536
1.5524722532031674
1.5268160476994281
1.5116850868001372
1.531996957787837
1.5233537797635752
1.4261347163488514
1.6276914391831987
1.6884750795161272
1.5870177274089743
1.4648050014724698
1.406055939885787
1.4029890134210083
1.4084497162719156
1.415931933265304
1.4235709709398234
1.429969943258235
1.4340040936787684
1.4345382094832004
1.4303053175682714
1.4201831478727855
1.4038757803670814
1.3826731967717045
1.3597723995438495
1.339723082337845
1.3263086951552645
1.3176639113509163
1.3080468569913963
1.2970980938796925
1.289006641723062
1.2888733336697817
1.2982884795371394
1.3139054112912394
1.3322269536733697
1.3475733694504979
1.3557852204250929
1.355831086004548
1.3519928120007096
1.3500725244803515
1.3539949264117508
1.3638074921125445
1.3779038568552981
1.3945542228069823
1.4128810135008132
1.3973811728673542
1.3925909825268896
1.399526274169364
1.418356830033787
1.4485422486030708
1.4887173086607532
1.5363455558631731
1.586937449488368
1.632646418508371
1.6643303832088483
1.6798580349518557
1.682430150472953
1.6663294843328373
1.6384024028091777
1.6326991487684734
1.593256828877901
1.4877261449426948
1.5197660314238626
1.6052172740767143
1.5201263282185427
1.412208463212323
1.366897697145806
1.3720363093386816
1.3807838835181339
1.3901468457386121
1.397964413072236
1.4028801744491664
1.4042766136675482
1.4019511399576359
1.395729383208519
1.3853565628722728
1.3708609812201318
1.3531879142080085
1.3346284905290828
1.3186489669932622
1.3090657371995627
1.3045195785193766
1.297760232990565
1.2913716006723557
1.289584398679361
1.2968801772999898
1.3138083673836232
1.3374930532941718
1.366669601318605
1.39836111218052
1.39020933289249
1.380664268817045
1.371393890343504
1.3654322782161379
1.3651103047756474
1.3699602264407345
1.3786764275396926
1.3896147281978373
1.398922081110313
1.3987994226924825
1.3992687075546433
1.4103014581944822
1.4343917805581563
1.4716894374989
1.5207627871508018
1.5784761362452557
1.6393204094679483
1.6935834653100255
1.731781080773945
1.754331657738678
1.7633936826463732
1.7512329983514425
1.705664020452516
1.6727528011913997
1.6143197667195461
1.5072392038669333
1.455977515070789
1.5499016837544932
1.4730675466142817
1.3755877864085657
1.3400195136682567
1.3516591778704563
1.36347480459036
1.3751208539876478
1.3840631418807634
1.388724945610136
1.3886255909927072
1.384196425356548
1.3762544845622116
1.3654450219106122
1.3521892583513138
1.3372060353766981
1.3220452927489337
1.3089518357480558
1.2992224601349376
1.291333709567923
1.284180949320624
1.2792303115142314
1.2794262126631186
1.287761418172249
1.3034799781364867
1.3231149694016433
1.3439665592202201
1.3608881091145182
1.3706778174977228
1.3731152969395581
1.371612920649429
1.3694514966651583
1.369091985747605
1.3710724681650717
1.375039362008438
1.380068323712955
1.3842518021113732
1.3867463051153717
1.392780516317013
1.4089284294175042
1.4386321739503858
1.4826966418953733
1.5397784145193054
1.6065151178017372
1.6773519389206601
1.7407549536119356
1.7841878416283126
1.8133478781400867
1.8286899942663852
1.8202681044885112
1.7563903586187146
1.6939816764409048
1.6194642367922627
1.5145158114132986
1.4184298503637465
1.505712626339292
1.4332574452665328
1.3451812979692004
1.3183186133474123
1.336185532731186
1.3513827052211278
1.3660775984059466
1.3773493829684225
1.3831905707001608
1.3827859148391652
1.3766480398337049
1.3664626157291726
1.354139926372682
1.340693136714657
1.326530787054359
1.3123028623622923
1.2990364517801514
1.2875625453018127
1.2781158598747988
1.2709174199713897
1.2669645485421948
1.2679845103399716
1.2756138624435112
1.2885149674418117
1.3038461470233376
1.3201288416015857
1.335051183738346
1.3480142692469392
1.3576525300135438
1.3641528504964062
1.3676721925442135
1.369032930712146
1.369383792737597
1.3693572056143168
1.3691577430274169
1.368941308895651
1.3706987315459889
1.3791758837067039
1.3992830072976918
1.434075381918855
1.4843310759541084
1.5484830124806066
1.6227500253153253
1.7017103311873931
1.7793704049020258
1.825985996683034
1.8627450097502123
1.8851287293570747
1.8816598396063349
1.7995585497534519
1.7031013277621787
1.6092375460276205
1.5119192359425997
1.4283471096671099
1.4675270196382078
1.3982068969219914
1.3193426053828239
1.3006720963160954
1.32440594287528
1.3430450308112627
1.361209775102066
1.375735448397453
1.3842667637447632
1.3854455024393715
1.3786197118309764
1.3645063775130004
1.3483771627974268
1.3327196603720897
1.3174738884806183
1.3026993889935592
1.2889949203715922
1.2772099886331312
1.2680200505698234
1.2618706638330666
1.2593180068135248
1.2612001725925628
1.26829786625245
1.279244838415233
1.2920148078289635
1.305932353701181
1.3196459798840805
1.3332019805417974
1.3454130260608486
1.355928202819587
1.3632588204235714
1.366339919942586
1.3659841085975004
1.363152020598217
1.3587757546457608
1.3545405848445327
1.3542399366065925
1.3630006461646373
1.3852475962794872
1.4236298097314588
1.4785728921025871
1.5480160469603204
1.6274575075778135
1.710458757519586
1.7889258835427904
1.852381838933609
1.8991904749830177
1.9292502405769967
1.9324380747342822
1.8349591361527018
1.701544360415883
1.5843598660798655
1.4989403532034276
1.415681540332737
1.4308337599577838
1.3657787818159979
1.2967176291152243
1.2861730653195629
1.3152112369686357
1.3369373158070221
1.3583053110044794
1.3760409458982485
1.3876642381312223
1.3918104848688873
1.3883497237132825
1.364175295255452
1.3437031081173327
1.3257724534313022
1.309493435475182
1.294555265116084
1.2813001837679758
1.2704702740955414
1.2627366010675938
1.2583876309582895
1.257490825781435
1.2602395902939505
1.2669535720281937
1.276467689548185
1.287404850423749
1.299517360490121
1.3118818710364195
1.3247398111141389
1.3370821755494622
1.348518712132373
1.3571588359859117
1.3611553300293946
1.3608694362361284
1.3568661746139918
1.3497448631249402
1.342050292605282
1.3392863951180995
1.3472955328877196
1.3704114699501764
1.4109860098300655
1.4690674067156728
1.5421449622418335
1.6252513243280997
1.7116450480880363
1.793991724693139
1.86567971618825
1.9219461543795922
1.9594918598401083
1.9710504055181677
1.862889476764712
1.6919544275886633
1.5490859167520572
1.4766096604167875
1.3878752539684818
1.3933083729789513
1.3347328933135685
1.276572363331221
1.274437672184917
1.3081067901098589
1.332264737813416
1.356005884263282
1.3759206456297144
1.3891980807406674
1.3934110007491654
1.383247298546732
1.3606812912523452
1.3390434608248487
1.3203118532123082
1.303991540531287
1.289741861711748
1.2777691143190375
1.2686793353128938
1.262982719855641
1.26061922127906
1.2611118402956956
1.2642282083180136
1.270182627358763
1.2781927575066914
1.2873638766147046
1.2976303400653377
1.308272397082313
1.3195168317817867
1.3304645638224861
1.3407195411288595
1.3485558970557725
1.3524057527283941
1.3528010003025925
1.3498644486573737
1.3420970083854142
1.3317042008567184
1.3266770577066518
1.3337753174354037
1.3572406532418857
1.3991282010389623
1.4591423451918453
1.5344780121302797
1.6200619319252345
1.7093370474069824
1.795369459566267
1.8718006584029154
1.9333956837077384
1.9762915233398917
1.9973414260285003
1.8834092438805698
1.677613030065496
1.5097953011235947
1.4476913007709156
1.3533504430643593
1.35514809049922
1.3050288737009659
1.258979670201491
1.265741194231391
1.3034304015777713
1.3293362611337822
1.354539278117618
1.3754711147363945
1.3888466010088651
1.3911871091992372
1.3789194319488682
1.3574631198678817
1.33622380645939
1.317867926020995
1.3023713408418847
1.289459903228971
1.2792596276682928
1.272258108972629
1.26875839689785
1.2681608053223752
1.2692679092332666
1.2717005524174556
1.2759968825053936
1.281946982886186
1.2889853477082718
1.2970407718890011
1.3054850583653606
1.3144056588947837
1.322965778164208
1.330696531699253
1.336191535111534
1.3386836024835402
1.339544124355105
1.3400068714476672
1.335351064646416
1.3227209669313549
1.3160874368918927
1.3229144644252688
1.346977417761085
1.3899193922320912
1.4510920553576752
1.5275098868906243
1.6142565066731116
1.7052240844201811
1.7937495185419101
1.8730446750955148
1.9370555461082912
1.9820442856261533
2.012205677208057
1.8957384149178085
1.6618158800798843
1.4732102718255289
1.4163079698095138
1.3194797693313498
1.3184604198615888
1.277825549800719
1.2448141453507275
1.2609392148896257
1.3021814753232224
1.329311191414328
1.3553391683590588
1.3766384209131528
1.3896658504927526
1.3907786343925435
1.3780557007907035
1.3574887997384322
1.337059887051768
1.3196132396676359
1.305360464098967
1.2940445372095983
1.2857195297706074
1.28081381795618
1.279512851890495
1.2803937751404277
1.2809060283658305
1.2811473489295533
1.2825727996470033
1.2856244873958118
1.2899083000878508
1.2952083193210022
1.3009448214548598
1.306996300832976
1.312574295139175
1.3170698523495123
1.319338724075213
1.3193525310661793
1.3190595315481022
1.3212619362032876
1.3288071959533052
1.3120352805852937
1.305741170955056
1.313980454301152
1.339717567739458
1.3841182175108042
1.4461461770297002
1.5226886081811688
1.6092049333735774
1.7003397920655496
1.789876448937028
1.8706257903067205
1.9356158380193995
1.9806233717698851
2.017148275568298
1.899073498677735
1.6475772629103862
1.444951072211245
1.3873195934273952
1.2914619215126544
1.2863153147511
1.2551853458867537
1.2355439827522445
1.261206715436566
1.3055972411741326
1.333589961606524
1.3601049043189994
1.3816129883251664
1.3945404200619838
1.3952658174449961
1.3824804859291628
1.362342441784386
1.3425209848142214
1.3259577271596137
1.31291172469243
1.3030460819512923
1.2963101167356368
1.293143780725381
1.2939972594991478
1.2966342131334465
1.2946422723200701
1.2910012461704126
1.2884361100351764
1.2877436655073646
1.2885870250121148
1.2905428293368255
1.293094293236653
1.295889048872833
1.298208861110749
1.299282956712504
1.2981389267111367
1.2951994279184786
1.292315260938628
1.291699331165878
1.2933742116967921
1.2916936812589448
1.292269012740088
1.3051973153455212
1.3346193821013248
1.381587043824625
1.444677113304611
1.5206587931754791
1.6056427387648318
1.6954749702141498
1.7846871337876566
1.86585981628465
1.9312077003256902
1.9757577850282575
2.006383974039222
1.8952262358386611
1.6376752833926385
1.428741977014324
1.3657246054905392
1.272036349763611
1.2618440282233099
1.2395670315650338
1.2328628871966425
1.267681583244338
1.3146892869431064
1.3432269148620468
1.3700270251114504
1.3918118658050826
1.4051036192452886
1.4060760646017907
1.393048716933313
1.3724988606127149
1.3526369885925467
1.3365193845918861
1.3242896311752235
1.3154005618930478
1.3095873176031603
1.3071994193443082
1.3090848137081499
1.316138653781656
1.3073889323929329
1.29939952374701
1.2924037359498555
1.2874017022793578
1.2842516443717469
1.2823731795946416
1.2813737009535484
1.2806891648514163
1.2797221898924462
1.2775774051740911
1.273434897465771
1.2679636570954982
1.2627365719206778
1.2596813438728247
1.2599730577729236
1.2639157509712953
1.2738236349694678
1.294672325003394
1.3303057922098418
1.3815995880740835
1.4465120814673371
1.5215091482030674
1.6038636004099645
1.6913330032224885
1.7793677461165218
1.8603503385841027
1.9258295694122733
1.9701353111736655
1.9971278320636903
1.889469707488108
1.6346803116820119
1.4261685569416196
1.3562125838358838
1.2617156383881512
1.247530001972833
1.2332323145182404
1.2382429910594197
1.2811115968358686
1.3298984455779819
1.3585676969975795
1.385406865202436
1.4075427460678527
1.421709247475153
1.4235227738833665
1.4096353218085627
1.3873639485535991
1.366528414902033
1.3502109091217038
1.3382340504615877
1.329683069277535
1.3239027221881778
1.3208222569572128
1.320567280343533
1.3208792437481038
1.3147981530439559
1.3046125061189293
1.2936038560201364
1.2841637647808153
1.2767591166683778
1.2707907300348091
1.2660721466532854
1.2618758645815602
1.2577882481144609
1.2528709391658648
1.2465116591742809
1.2395240613832241
1.2332210880448025
1.2295103511281247
1.230351188222553
1.2377166843985599
1.254153892873875
1.282745928422983
1.3257949116113368
1.3831832874581647
1.451257869501756
1.5248694306696828
1.603754833102474
1.6886012306415124
1.775301492720575
1.8558488227403098
1.9213152900149513
1.9655789846592187
1.9911015220749013
1.8875934797775857
1.6406300204608784
1.436708839973497
1.3628538012566334
1.2592442941354955
1.2447117277889659
1.2376779751393714
1.2524917356241048
1.30158205160787
1.350942515899759
1.379158855149393
1.4056248903869868
1.4280370769322954
1.4435752275764906
1.447072142438575
1.430934190624225
1.405116452073172
1.3824595383895222
1.3654174939220307
1.3532217668076387
1.344470292159954
1.3380009231281016
1.3331884097053415
1.3295610975482535
1.3255136147788302
1.3179874385459598
1.3061294825435263
1.2916484583445071
1.2780142791217228
1.2664607758709476
1.2564789458320083
1.2481482522859622
1.2406372701758441
1.2337696889014336
1.226661701294157
1.218993699281587
1.211669084872472
1.2057380211261233
1.2030268819029737
1.2057882820867525
1.2165151630353352
1.2378988684434395
1.272505529129178
1.3219303140733272
1.3856195572084244
1.4585614981285975
1.5293908964365655
1.6048625742273914
1.688038782965232
1.7738970262061566
1.8539759620442395
1.9191431031972965
1.963181300245478
1.9887970730065276
1.893030457371578
1.6563991348232374
1.457831957543205
1.388811219315524
1.2621318829494839
1.2532636355031583
1.253155205776897
1.2753726697216183
1.3283627334114678
1.3768616610764932
1.4039010094311608
1.4293758597366801
1.451685412384816
1.4688590093638259
1.4755694631080676
1.4531586311034357
1.422524082795584
1.3981350966413348
1.3803834435518405
1.367844165009852
1.3586724937472487
1.3512278369626805
1.344414330984067
1.3375289218687285
1.32958972418251
1.318964839764054
1.3044964526847982
1.2867114848389545
1.2693356338065143
1.254087930963644
1.2405337205597138
1.229016241829964
1.2186517832620813
1.2095252559573877
1.2008929689807701
1.1927966831284136
1.1861949486680627
1.181870340492544
1.1814617578674327
1.1872126984928069
1.2016979207506866
1.2275507229711895
1.2670166128840024
1.3212338737792204
1.389409374916877
1.4682818843809013
1.5324382186083827
1.6073486298676525
1.6905769503937529
1.7763324623655639
1.8559653016684763
1.9203347819512917
1.9633958853673261
1.9892339394518985
1.9060126788838831
1.6811662947932149
1.4851983145390035
1.4359158992199865
1.2672169509629783
1.2714240583621181
1.2783026649190348
1.3053323838287816
1.3598766449445312
1.4062072515587118
1.4313617059388306
1.4550755629276266
1.4763902838642773
1.4942561690062865
1.5074482086138743
1.468189072378835
1.4361856608504444
1.4116325943962935
1.3938065102230146
1.3811487072047905
1.3716209916382758
1.3632372816962939
1.3545218007976503
1.344599720248226
1.332829036293181
1.3183824416298058
1.3005134837315793
1.2794116554122847
1.2588405629586858
1.240613645388555
1.224247588997304
1.210273418729957
1.1977846778865087
1.1871085280082212
1.1776955611381255
1.1699687887260908
1.164911685135206
1.163066983010412
1.165836220028185
1.175300906096826
1.193920157358936
1.224154472926966
1.2679382711969018
1.3259374848884906
1.3964988696764267
1.4684642793933826
1.5359553453165977
1.6127015696421785
1.697129172645451
1.7833523558769264
1.8625724102102177
1.9255557032148634
1.9663542735318789
1.9901179262969033
1.9241823297333676
1.7124571630727916
1.513342803441047
1.5039653002951234
1.2712468273952875
1.2957935648870471
1.3099318759747844
1.3393803154302208
1.3937700133021393
1.4372762653854285
1.4601115323968397
1.4812869560833186
1.499920802043416
1.5133410733988395
1.5046542386258737
1.4740956581465678
1.4454364821603256
1.4224272634993298
1.4052494398274833
1.3927560799540226
1.3829910522911424
1.3737833631803347
1.3633512009336302
1.3506281863709593
1.3351418356970068
1.316644696717864
1.295012462997652
1.270646716625767
1.2474625453526125
1.2271015940727743
1.2088859968160064
1.1934079038681022
1.1797422219292841
1.1683951462779776
1.1590259271675183
1.1523939509905097
1.1494613295766622
1.1505924206810694
1.1569719730228798
1.170477805024916
1.1933786308964343
1.227915769595203
1.275723376144395
1.3369848523652887
1.408087924265522
1.4739294719443063
1.5433158041199846
1.6221995691998223
1.7082297327960243
1.7952479533300132
1.8741590441782168
1.935390019326591
1.972629050439088
1.9884062665954796
1.944367064001774
1.7470769267072277
1.537432399365279
1.5897179581296186
1.2470341814323955
1.3215964898247639
1.3430282429040823
1.3731729951547889
1.427047071351853
1.4682860895544876
1.4889366057857074
1.5069471322617496
1.5200629466129947
1.5208843070172813
1.50271306307396
1.4769791580567595
1.4522289071608427
1.4313547362737533
1.4151048374754562
1.4028169752397237
1.3927730336689474
1.3827610034602837
1.3707713093982479
1.355530258272948
1.3366196647650923
1.314226214694009
1.288876659656233
1.2614722336232096
1.2362565936035634
1.2145982716343524
1.1955313626464192
1.1795785317061174
1.1657851208292798
1.15474267259041
1.146296775753018
1.141435240942772
1.14101607264118
1.1452968580292031
1.1553155165092468
1.1727828397824425
1.1997816668115204
1.2383402448485847
1.2898430465320014
1.354059616851942
1.4210445368273124
1.4834871772032934
1.5550649138085548
1.6361969228528248
1.7239725771186298
1.8119731739007556
1.8908241576481413
1.9505696600278557
1.984318379486077
1.981138249239666
1.9653826797431682
1.7827872187325433
1.5559009250858191
1.5006925679045209
1.232237782046239
1.3433152325208984
1.3709367962296206
1.401310694593701
1.456180841748822
1.4974036489977258
1.5168504566544232
1.5311032484371958
1.5345377291703128
1.5231140430292358
1.5030556520804912
1.4806227550534508
1.4589770291035662
1.4399422010929868
1.4243622106137206
1.4119509743691654
1.401306720118713
1.3903116265700017
1.376827066679452
1.359379156544244
1.3375097417213764
1.311693224172657
1.2830289869651972
1.2530121704477755
1.226330774682831
1.204096922397921
1.185046010175123
1.169542798404939
1.1565969004057335
1.1467895410563247
1.1401086240974152
1.1376219448422156
1.139958259976678
1.147316354788145
1.1606683116470529
1.1816347976040238
1.2121619233454146
1.2540946516361176
1.3086385447689517
1.3756855126428498
1.431405781532656
1.4963235144920692
1.5709222638726157
1.654579713753412
1.7441896301750692
1.8332720085705208
1.9124367868950214
1.9717261227448268
2.00441938122498
2.008366541337446
1.9900981920352419
1.819731530307188
1.5718239133717071
1.416662984834989
1.2275786792912093
1.3557069198482652
1.3854280987729948
1.4178558708476268
1.4769280096446844
1.5223898983567308
1.5429481293992753
1.5511087334743532
1.5420120869062741
1.525649152073712
1.506803225145054
1.4871211683840748
1.4677903289725462
1.449939393138316
1.4343805138546666
1.4211567218879813
1.4092714750402915
1.3968577336121253
1.381781126350553
1.3624072552545818
1.338159774106045
1.3096386984571668
1.2783589285756365
1.246357572504621
1.2187738377423407
1.1965313711908843
1.1781240113860811
1.163731932622948
1.1523418400822611
1.1444583126361805
1.140168271500526
1.1404766545342817
1.1456459761929465
1.1558159404745263
1.171936668158298
1.195598747566393
1.2286345050759808
1.2725599528997737
1.3268137809020049
1.382566108559476
1.443316912318352
1.5125774077338485
1.5908109927903467
1.6772130694503982
1.7686260943604268
1.8587301165345702
1.9385176175715808
1.9986372187033181
2.0333593390885993
2.046147461009085
2.0230823188392257
1.8601715157714198
1.5912228382364098
1.3476510726700537
1.232790386981884
1.3237438444277163
1.3791528688045478
1.4181241838599354
1.4836771877280788
1.537153191369651
1.5662275090683182
1.5564074122575304
1.5443202304056742
1.5302770040241425
1.514640160915394
1.4978178265681137
1.4803525060342184
1.4630105039358048
1.4466223080075398
1.4316183447847939
1.417554272718561
1.4030145677529333
1.3860454414068144
1.3649304666630047
1.3389195313499156
1.3085683262633998
1.275595667623299
1.2424215104254357
1.2145287125332667
1.1927179478389245
1.1753291065013192
1.1623780448952197
1.1528543016655026
1.1471594918546262
1.145448159541428
1.1485773688231364
1.1563776225784383
1.168904301231741
1.1870504150277097
1.212287563328816
1.2459927830685653
1.288059434788014
1.3371931961419896
1.3941335057331443
1.459405323984042
1.533091628975299
1.6150240688653814
1.704045695007381
1.7969268479396832
1.8876692105987898
1.9680239712029894
2.029752747317217
2.0682936091826947
2.0911200386040827
2.065662358427642
1.906457458500233
1.6200071921698254
1.3011681483955053
1.2467777795326787
1.3073357360679732
1.3597734351178747
1.4043643865699078
1.4734363449444565
1.525269311645704
1.5435587766399061
1.548267727161136
1.5450738029857451
1.5374970466044884
1.5267511227943837
1.513373755358379
1.4977304280212107
1.4803938780678803
1.4622969514960802
1.444388367909656
1.4269883869267521
1.409383289431286
1.3900166937979923
1.3672063896648166
1.3400028785421059
1.3087557101754752
1.2751481858446871
1.2417545335966382
1.2141992933091292
1.1931956859480688
1.1770163152024917
1.1655502614236255
1.1578089770172193
1.1540855331385338
1.1545638710366048
1.1599324003732152
1.1696809595104807
1.1838437022590902
1.2032006033638303
1.2281544744141615
1.259217197342282
1.2999627501598559
1.3509404666548173
1.4115014431397523
1.480922530239761
1.558587244517486
1.6437326097856397
1.7347527760514334
1.8283106572588523
1.9188355177748744
1.9991046601976712
2.062283754629614
2.104885256342044
2.138107704316387
2.114505606367325
1.9589501858825094
1.661978533551554
1.2819174670610967
1.2677283131995012
1.3059530566800073
1.343880347679155
1.386755276704547
1.4558696535256306
1.5066492229794644
1.527809648149437
1.5412618995067022
1.5474082770844317
1.5475986625878135
1.5428517322137199
1.5336423311764673
1.5200918417320854
1.502515272922753
1.4819484093007615
1.46000145638126
1.438019418208486
1.4162788319149608
1.3938623190300015
1.3692646699612212
1.3413436192923196
1.3101054247271084
1.2769580915903223
1.2443680497335667
1.2178387329942666
1.1979976585812662
1.18312326569395
1.173013949953721
1.166706545733067
1.1643790333872122
1.1661774344541966
1.172610040206483
1.1830184397566743
1.1975899206738856
1.2174617645060422
1.2387311296848953
1.2716240589143477
1.3156923616401048
1.3702955721373953
1.4346247606501952
1.5077559771029263
1.5886809722268935
1.6761231193270418
1.7680403637714048
1.8610091449906832
1.9499715027902285
2.0288831795710283
2.092426677081778
2.1381023818061826
2.18068542406528
2.1630917834982593
2.015179635733837
1.7180783213671504
1.2919414842507857
1.2931782459716052
1.3173076137762019
1.3375047658829897
1.3731593439303722
1.4417030826688275
1.495248249582603
1.5203928972166272
1.5401727002166756
1.5537272221215024
1.5610138465673618
1.5622928110697254
1.5575767541557544
1.5464465754489998
1.5286414503241958
1.505088106085937
1.478126338140461
1.4504024458888194
1.4234864148105937
1.39733804616587
1.3707775853056228
1.3425048475626247
1.3120836193441658
1.280431586219233
1.2496431266940498
1.2248140693000584
1.2064641974810848
1.1929384076781548
1.1839788092146037
1.1786463865490997
1.177003024717345
1.1790876250277254
1.1852226447405958
1.19476457780139
1.2078430993046858
1.224845255154812
1.2507612306350402
1.2876917732551998
1.3355152886094073
1.3937443783436974
1.461557321636306
1.5378101136520643
1.6210886648326435
1.7096278591843563
1.8010076653878864
1.8917973109166042
1.977538269387401
2.0534253339845807
2.1156379708276103
2.1625980242773237
2.21208162294288
2.2035273985483737
2.070122547983435
1.7861350423367572
1.3306837919168537
1.3200777115975186
1.3377015934188123
1.3399747257804837
1.3658639802590962
1.4345222199812486
1.492789628436903
1.5219569595288938
1.546670565244231
1.565615616328342
1.5781675236823012
1.5841591820203533
1.5832816208765992
1.574544576544249
1.5567042104935593
1.530011684349326
1.4973920120158963
1.4630559020935403
1.4301577215057317
1.3997302212416134
1.3710466484941708
1.3427047988932364
1.3137745250484374
1.284513713113345
1.256402922728829
1.2338523696248176
1.217241098411604
1.2050316880817757
1.1969504429772606
1.1920911085028179
1.1904275256371823
1.1918774483979075
1.1966744906123237
1.2044964422127271
1.2163077833709268
1.2356933738794094
1.265223473488085
1.305372264341655
1.3562304743371854
1.4174808839585211
1.4881869115175532
1.566819088616109
1.6514351265523812
1.7397612836871037
1.829075243086231
1.91605759626138
1.9969354725146515
2.0681256669994186
2.1271721153597
2.1733187112269072
2.226284791310772
2.2282019926427026
2.117084551981844
1.8607851779991669
1.394651898556184
1.3449305574218167
1.3624992458395417
1.3484521921811137
1.3642841214881036
1.4344249755671332
1.4988488178486874
1.5321235958717163
1.5609072848540797
1.5834849005676996
1.5989865813483513
1.6072729004365842
1.6082902185770855
1.6010856191954839
1.5834400123114358
1.5539494539889545
1.5155145893350679
1.474174485061547
1.4349285979015127
1.3999833441762353
1.3691458350409784
1.3409846520626088
1.3140801857772235
1.2879233810098614
1.263181007086769
1.2433297957314664
1.2285707585068726
1.217523557070174
1.2099467469509007
1.2049847820488415
1.2025856925500242
1.2025927117102189
1.2053591238440653
1.2114474238073951
1.2242640756769563
1.246504826279152
1.278225153639977
1.3200596018195387
1.372687874473562
1.4360445469217766
1.5089092777345279
1.5891291714377547
1.6740786970936086
1.7609591243063023
1.8468469462186363
1.9286729095267496
2.003414914856615
2.0686161213847627
2.1229544520970247
2.1663407119600917
2.2191022809950787
2.231223488489939
2.1488835538984783
1.933709545117857
1.4767634552519806
1.3664924912797136
1.3904225466680897
1.3615557555953837
1.3676496619906438
1.4415936659648105
1.5144769560602485
1.552607745521946
1.585332783503516
1.6102827405017957
1.6263429731847925
1.6336956700705232
1.6332102630952374
1.6251923536273403
1.6077197385440245
1.5762979561756
1.5315617742433856
1.4823346855700525
1.436028902826228
1.3961004245797748
1.3630026110733109
1.335391509011744
1.3113666392952241
1.2894915786927563
1.2693145581645324
1.2529678300259512
1.2403890341613186
1.2304082939302772
1.2228787829318073
1.2170269397723557
1.2128643977550089
1.2102162164327745
1.2097284863530549
1.2125521063746576
1.229915410223588
1.253718995762446
1.2850243683237557
1.3260935880269644
1.3790974695670468
1.4440469775525848
1.5187648672927747
1.599981463068737
1.684180666651775
1.7680557491005142
1.8486509603801196
1.9233671143614095
1.9900737116886873
2.047402578179381
2.094980835272009
2.1332652737741333
2.1816145334591726
2.2033120720133716
2.158423073116224
2.00267223660621
1.5804704385206243
1.3718787271679447
1.417677904091526
1.3802012063350393
1.3798171550586364
1.4633089410999505
1.5495899680565943
1.5943880727228645
1.631191946332608
1.656258320914096
1.6679464417561227
1.6670716054932546
1.6563026540499899
1.6387778259691537
1.6166385339088412
1.5902295121088188
1.5344135754464734
1.4757633039860347
1.4212960828285348
1.3755738337080812
1.3402749767951132
1.3146519968972872
1.2964587603005668
1.2829764747919972
1.271852854603724
1.2625822341018222
1.2544972172106859
1.246853191525441
1.2397931885764164
1.2329986457145912
1.2271329601450751
1.223221044477456
1.2242214872119632
1.231828520275977
1.2442936021591406
1.2591653894633363
1.2752622365472726
1.2929912705236435
1.3512238132158272
1.4202916243685113
1.496729038728351
1.5764216983516488
1.6554088687428745
1.730461835343478
1.7992660042586168
1.860298901535107
1.9126650534506662
1.9560662100049044
1.9908438058346007
2.017916185333448
2.0519463343756783
2.0803064340547865
2.090811170199049
2.0357743736424547
1.712972931512892
1.3113028745658122
1.3936541193293932
1.3814129199805094
1.3939462210202322
1.4807958345555317
1.5651014320843692
1.607202994925399
1.6395242988760779
1.6577797446282472
1.6602282450648778
1.6482523496058539
1.6255636602582142
1.5961828023913853
1.5619023110200243
1.5206057329636709
1.469937937148811
1.4141096235689903
1.3609451076823376
1.3166399295550368
1.2842913352822463
1.2641435012434448
1.2543718739071417
1.2520113781238589
1.2538626551214507
1.256916008464465
1.2596939776104688
1.2621130850024493
1.2643171841031071
1.26681914645895
1.2699478821272285
1.2741143519845533
1.2788615665392622
1.282527446092664
1.2843004615715832
1.2848168772702746
1.287073601094078
1.2974351998610774
1.3247756751951374
1.3709856123840944
1.427711045401882
1.4869325648569607
1.5439944823947578
1.5965792873439921
1.6437496579640098
1.6851561044212773
1.7204923545063648
1.749358433198618
1.771513916215309
1.787288825006152
1.804012483611359
1.823193066570325
1.8570993636592596
1.8654200617666734
1.6682906423819337
1.2235122099832982
1.323747690196186
1.3544651137471644
1.3868854142211446
1.4507374540424542
1.5023045228044085
1.5261568417611364
1.5427735197417707
1.5495325003407592
1.545561780752007
1.5319871271933236
1.5108338865373079
1.4830433482380843
1.4475431103570497
1.4036643472025456
1.3544685408968067
1.3060613663884717
1.2644334997157762
1.233259325830182
1.2133382471392764
1.203189423574579
1.200300468911458
1.2025861748069537
1.2093968859240842
1.2198307819899195
1.2327383848055988
1.247800432821383
1.2635453549645945
1.2797171698921324
1.2941610206273781
1.3048633105774374
1.307422470611455
1.299431881919872
1.282754905102813
1.2617759349735653
1.242823534706453
1.2335023002759427
1.2407313626479708
1.2639790951799807
1.2944295843334233
1.325216613968832
1.3541729321639917
1.3817708703320444
1.4093155756697253
1.4377288475562233
1.4668634752110226
1.4953530869983362
1.520950784522158
1.5412407588590435
1.5601912344295763
1.5614465935744648
1.5727169043027343
1.5680930169990206
1.4371532342879876
1.2674867697045242
1.2377638748911999
1.3006798538186861
1.3394233367472705
1.360279094326207
1.3714583299404126
1.3794368983998522
1.382803554951336
1.3827191971096078
1.3815413693801104
1.3823498417623576
1.3637528167608248
1.333140453102432
1.2927540368264034
1.2478752677213036
1.205409384001512
1.171900935749668
1.1518345778959536
1.1466484012888942
1.1544354532590348
1.170225918596005
1.186916299933637
1.1969442145009555
1.17745139810402
1.1746335510770023
1.1824349305253072
1.196622089729628
1.2135062969793757
1.2312309652853344
1.2460128698498378
1.2539116936481298
1.2485048517545236
1.2282145598600673
1.1971743490300621
1.1623593524619884
1.1315751889030992
1.1116605023690584
1.107373978541115
1.1191465187848635
1.123816365360635
1.1241571133046642
1.1244679896710807
1.1292543157288444
1.1420342433912614
1.1645217755099808
1.1962145093427554
1.234361757535592
1.2743573972886872
1.3106256263364757
1.3511669623313705
1.3346483091122718
1.334488683039624
1.3106321022392382
1.2396581415533248
